"file","cell","group","major_cell_type","sc_cluster","PC1","PC2"
"GSM8121894_athero_human_1.txt.gz","Plate_730s_B07","asymptomatic","endothelial","C6",4.20007259012469,12.9329040197069
"GSM8121894_athero_human_1.txt.gz","Plate_730s_B08","asymptomatic","endothelial","C6",4.65314925177699,14.5595192667164
"GSM8121894_athero_human_1.txt.gz","Plate_730s_B10","asymptomatic","endothelial","C6",6.41412614642568,24.4999878645314
"GSM8121894_athero_human_1.txt.gz","Plate_730s_B11","asymptomatic","macrophage","C9",-12.1976428487452,-0.315263657631394
"GSM8121894_athero_human_1.txt.gz","Plate_730s_B13","asymptomatic","endothelial","C6",2.32557236375235,9.93802687641227
"GSM8121894_athero_human_1.txt.gz","Plate_730s_B14","asymptomatic","endothelial","C6",2.33028658571335,10.0058165700572
"GSM8121894_athero_human_1.txt.gz","Plate_730s_B15","asymptomatic","endothelial","C6",3.94803801837666,16.51704015802
"GSM8121894_athero_human_1.txt.gz","Plate_730s_B17","asymptomatic","endothelial","C6",1.33661723658099,13.3023303320235
"GSM8121894_athero_human_1.txt.gz","Plate_730s_B18","asymptomatic","endothelial","C6",3.13851240041958,14.278472097528
"GSM8121894_athero_human_1.txt.gz","Plate_730s_B19","asymptomatic","endothelial","C6",2.77310868679334,12.4509532792004
"GSM8121894_athero_human_1.txt.gz","Plate_730s_B24","asymptomatic","endothelial","C6",5.08883438823459,17.5661564441408
"GSM8121894_athero_human_1.txt.gz","Plate_730s_D01","asymptomatic","endothelial","C6",2.32098241628069,10.5249894198415
"GSM8121894_athero_human_1.txt.gz","Plate_730s_D02","asymptomatic","endothelial","C6",3.54076997825946,16.1327523890497
"GSM8121894_athero_human_1.txt.gz","Plate_730s_D03","asymptomatic","endothelial","C6",5.07350460422547,18.3671881777704
"GSM8121894_athero_human_1.txt.gz","Plate_730s_D04","asymptomatic","endothelial","C6",2.05421901014312,14.6370979435766
"GSM8121894_athero_human_1.txt.gz","Plate_730s_D05","asymptomatic","macrophage","C5",-15.6147279591369,9.82303832647419
"GSM8121894_athero_human_1.txt.gz","Plate_730s_D07","asymptomatic","macrophage","C3",-17.4221734769303,7.08330050432634
"GSM8121894_athero_human_1.txt.gz","Plate_730s_D08","asymptomatic","endothelial","C6",0.657553651002333,12.6954950072693
"GSM8121894_athero_human_1.txt.gz","Plate_730s_D09","asymptomatic","endothelial","C6",2.98942242907564,16.0005542037944
"GSM8121894_athero_human_1.txt.gz","Plate_730s_D13","asymptomatic","macrophage","C9",-14.8521161771267,-3.98263066165254
"GSM8121894_athero_human_1.txt.gz","Plate_730s_D16","asymptomatic","endothelial","C6",0.633010774713018,10.6776897666673
"GSM8121894_athero_human_1.txt.gz","Plate_730s_D17","asymptomatic","macrophage","C5",-9.05626837252422,3.43259146447703
"GSM8121894_athero_human_1.txt.gz","Plate_730s_D18","asymptomatic","macrophage","C5",-19.1344777102357,6.90854248291261
"GSM8121894_athero_human_1.txt.gz","Plate_730s_D22","asymptomatic","unassigned","C6",1.2660624705397,8.58393346706702
"GSM8121894_athero_human_1.txt.gz","Plate_730s_E03","asymptomatic","endothelial","C6",2.91969883823498,10.3036444342457
"GSM8121894_athero_human_1.txt.gz","Plate_730s_E05","asymptomatic","endothelial","C6",2.3222090658477,20.4797505787328
"GSM8121894_athero_human_1.txt.gz","Plate_730s_E06","asymptomatic","endothelial","C6",3.70319873125058,18.7829287483269
"GSM8121894_athero_human_1.txt.gz","Plate_730s_E07","asymptomatic","macrophage","C5",-17.316681743477,9.88569806920976
"GSM8121894_athero_human_1.txt.gz","Plate_730s_E08","asymptomatic","vsmc","C10",8.01911758517452,6.73382578295422
"GSM8121894_athero_human_1.txt.gz","Plate_730s_E09","asymptomatic","endothelial","C6",3.31638170870089,12.2804989215405
"GSM8121894_athero_human_1.txt.gz","Plate_730s_E11","asymptomatic","endothelial","C6",3.53068279252284,13.2190511503403
"GSM8121894_athero_human_1.txt.gz","Plate_730s_E15","asymptomatic","endothelial","C6",4.49100810238712,5.96654294179086
"GSM8121894_athero_human_1.txt.gz","Plate_730s_E16","asymptomatic","macrophage","C3",-16.0252980331831,1.97612111579902
"GSM8121894_athero_human_1.txt.gz","Plate_730s_E17","asymptomatic","macrophage","C9",-13.4261089100041,0.162238203875601
"GSM8121894_athero_human_1.txt.gz","Plate_730s_E18","asymptomatic","b_cell","C5",-16.1809180324587,7.02248700488609
"GSM8121894_athero_human_1.txt.gz","Plate_730s_E20","asymptomatic","endothelial","C6",2.47703653158746,21.2233539688288
"GSM8121894_athero_human_1.txt.gz","Plate_730s_E21","asymptomatic","endothelial","C6",4.98533607705791,24.4153295807892
"GSM8121894_athero_human_1.txt.gz","Plate_730s_E23","asymptomatic","endothelial","C6",1.61925356434625,12.8897986353266
"GSM8121894_athero_human_1.txt.gz","Plate_730s_E24","asymptomatic","endothelial","C6",3.63818538866222,11.2322099141541
"GSM8121894_athero_human_1.txt.gz","Plate_730s_F03","asymptomatic","macrophage","C5",-14.3484352534826,7.26069072492922
"GSM8121894_athero_human_1.txt.gz","Plate_730s_F04","asymptomatic","endothelial","C6",1.61024679344443,10.8626260250435
"GSM8121894_athero_human_1.txt.gz","Plate_730s_F06","asymptomatic","endothelial","C6",6.61554995955757,13.9465829559184
"GSM8121894_athero_human_1.txt.gz","Plate_730s_F07","asymptomatic","unassigned","C6",2.18379281432088,13.5420470150413
"GSM8121894_athero_human_1.txt.gz","Plate_730s_F08","asymptomatic","endothelial","C6",2.16917249069957,15.7948271122555
"GSM8121894_athero_human_1.txt.gz","Plate_730s_F11","asymptomatic","macrophage","C9",-20.6546490474932,0.335855843754696
"GSM8121894_athero_human_1.txt.gz","Plate_730s_F13","asymptomatic","endothelial","C6",3.72462088525998,16.4219292090167
"GSM8121894_athero_human_1.txt.gz","Plate_730s_F17","asymptomatic","endothelial","C6",-2.75765362600531,6.34245017816779
"GSM8121894_athero_human_1.txt.gz","Plate_730s_F18","asymptomatic","endothelial","C6",3.08358470785345,9.98407721166616
"GSM8121894_athero_human_1.txt.gz","Plate_730s_F19","asymptomatic","endothelial","C6",2.93673068465653,15.7182820932552
"GSM8121894_athero_human_1.txt.gz","Plate_730s_F20","asymptomatic","endothelial","C6",2.30456010403132,11.5602347044188
"GSM8121894_athero_human_1.txt.gz","Plate_730s_F21","asymptomatic","macrophage","C3",-19.3312663155817,4.40893428559486
"GSM8121894_athero_human_1.txt.gz","Plate_730s_F22","asymptomatic","endothelial","C6",3.31190069166496,13.682589566847
"GSM8121894_athero_human_1.txt.gz","Plate_730s_G01","asymptomatic","endothelial","C6",3.59718488598771,11.2523723080991
"GSM8121894_athero_human_1.txt.gz","Plate_730s_G02","asymptomatic","endothelial","C6",5.05790964421938,11.1890504787677
"GSM8121894_athero_human_1.txt.gz","Plate_730s_G06","asymptomatic","endothelial","C6",4.72968545317322,21.3557462018732
"GSM8121894_athero_human_1.txt.gz","Plate_730s_G09","asymptomatic","endothelial","C6",6.98137736340124,20.6404787853906
"GSM8121894_athero_human_1.txt.gz","Plate_730s_G10","asymptomatic","endothelial","C6",3.13582862573522,15.7220580624294
"GSM8121894_athero_human_1.txt.gz","Plate_730s_G11","asymptomatic","endothelial","C6",6.81447234084856,6.95108631294858
"GSM8121894_athero_human_1.txt.gz","Plate_730s_G13","asymptomatic","endothelial","C6",2.77522434070854,13.9918973339836
"GSM8121894_athero_human_1.txt.gz","Plate_730s_G14","asymptomatic","endothelial","C6",3.46028248882367,13.1138035952328
"GSM8121894_athero_human_1.txt.gz","Plate_730s_G16","asymptomatic","endothelial","C6",3.99185684685811,13.11093917903
"GSM8121894_athero_human_1.txt.gz","Plate_730s_G17","asymptomatic","endothelial","C6",2.27040026960327,14.9992785098016
"GSM8121894_athero_human_1.txt.gz","Plate_730s_G19","asymptomatic","endothelial","C6",2.89128267999666,19.9283039301128
"GSM8121894_athero_human_1.txt.gz","Plate_730s_G23","asymptomatic","macrophage","C3",-19.5463221036083,5.80673920462254
"GSM8121894_athero_human_1.txt.gz","Plate_730s_G24","asymptomatic","endothelial","C6",4.91009233088311,14.6898406808495
"GSM8121894_athero_human_1.txt.gz","Plate_730s_H01","asymptomatic","endothelial","C6",5.32479822681822,17.2806116947644
"GSM8121894_athero_human_1.txt.gz","Plate_730s_H02","asymptomatic","endothelial","C6",3.59408399561439,15.3785297078603
"GSM8121894_athero_human_1.txt.gz","Plate_730s_H05","asymptomatic","endothelial","C6",7.42973728027485,19.4173033832621
"GSM8121894_athero_human_1.txt.gz","Plate_730s_H08","asymptomatic","endothelial","C6",6.20922505025743,22.606183618693
"GSM8121894_athero_human_1.txt.gz","Plate_730s_H09","asymptomatic","endothelial","C6",2.39490301547638,9.11052000502398
"GSM8121894_athero_human_1.txt.gz","Plate_730s_H13","asymptomatic","endothelial","C6",2.64538761033945,13.0120209933416
"GSM8121894_athero_human_1.txt.gz","Plate_730s_H15","asymptomatic","endothelial","C6",2.44192839963428,1.86399911066195
"GSM8121894_athero_human_1.txt.gz","Plate_730s_H16","asymptomatic","endothelial","C6",0.661320292062556,10.3576922175711
"GSM8121894_athero_human_1.txt.gz","Plate_730s_H18","asymptomatic","endothelial","C6",2.89280883637095,14.6010574719393
"GSM8121894_athero_human_1.txt.gz","Plate_730s_H19","asymptomatic","fibroblast","C8",7.64065510613908,-2.42439094585534
"GSM8121894_athero_human_1.txt.gz","Plate_730s_H22","asymptomatic","b_cell","C6",1.15757322106933,8.79797183220638
"GSM8121894_athero_human_1.txt.gz","Plate_730s_H24","asymptomatic","endothelial","C6",5.83116707462396,20.5630149733226
"GSM8121894_athero_human_1.txt.gz","Plate_730s_J01","asymptomatic","endothelial","C6",1.52722649628089,12.6441643418729
"GSM8121894_athero_human_1.txt.gz","Plate_730s_J02","asymptomatic","endothelial","C6",1.18586217762492,17.1407730059012
"GSM8121894_athero_human_1.txt.gz","Plate_730s_J03","asymptomatic","endothelial","C6",1.74491932180215,14.2552518130054
"GSM8121894_athero_human_1.txt.gz","Plate_730s_J05","asymptomatic","endothelial","C6",3.58345159296218,17.5184313992683
"GSM8121894_athero_human_1.txt.gz","Plate_730s_J06","asymptomatic","endothelial","C6",1.42563555119219,4.44278912395009
"GSM8121894_athero_human_1.txt.gz","Plate_730s_J08","asymptomatic","endothelial","C6",3.39500091143315,14.3464958666249
"GSM8121894_athero_human_1.txt.gz","Plate_730s_J09","asymptomatic","endothelial","C6",3.49864822532161,19.4418975711479
"GSM8121894_athero_human_1.txt.gz","Plate_730s_J10","asymptomatic","endothelial","C6",1.50499686298885,13.6333539965549
"GSM8121894_athero_human_1.txt.gz","Plate_730s_J11","asymptomatic","macrophage","C5",-16.7815507168803,4.49559803629986
"GSM8121894_athero_human_1.txt.gz","Plate_730s_J13","asymptomatic","macrophage","C9",-15.5743797202093,-1.62059602097769
"GSM8121894_athero_human_1.txt.gz","Plate_730s_J17","asymptomatic","endothelial","C6",-4.97502433693951,10.0898965883282
"GSM8121894_athero_human_1.txt.gz","Plate_730s_J18","asymptomatic","endothelial","C6",2.24031800895439,14.1231948491697
"GSM8121894_athero_human_1.txt.gz","Plate_730s_J19","asymptomatic","macrophage","C5",-14.8027612153571,6.71634191589373
"GSM8121894_athero_human_1.txt.gz","Plate_730s_J20","asymptomatic","macrophage","C5",-16.7255606773803,9.63622117166965
"GSM8121894_athero_human_1.txt.gz","Plate_730s_J21","asymptomatic","unassigned","C6",4.69835368028845,19.3967689726735
"GSM8121894_athero_human_1.txt.gz","Plate_730s_J23","asymptomatic","endothelial","C6",0.306910223892616,7.39171711378091
"GSM8121894_athero_human_1.txt.gz","Plate_730s_J24","asymptomatic","endothelial","C6",2.70001402837137,9.17504883115912
"GSM8121894_athero_human_1.txt.gz","Plate_730s_L01","asymptomatic","endothelial","C6",6.44502426761364,12.2849901923949
"GSM8121894_athero_human_1.txt.gz","Plate_730s_L03","asymptomatic","endothelial","C6",3.13418018669168,1.50170210975564
"GSM8121894_athero_human_1.txt.gz","Plate_730s_L05","asymptomatic","endothelial","C6",3.60799091164491,20.1272829510984
"GSM8121894_athero_human_1.txt.gz","Plate_730s_L06","asymptomatic","endothelial","C6",5.29412217030258,14.6961314290502
"GSM8121894_athero_human_1.txt.gz","Plate_730s_L07","asymptomatic","macrophage","C5",-15.8942342870432,7.9866607667993
"GSM8121894_athero_human_1.txt.gz","Plate_730s_L08","asymptomatic","macrophage","C5",-21.5795433487028,5.88745263849608
"GSM8121894_athero_human_1.txt.gz","Plate_730s_L09","asymptomatic","endothelial","C6",3.85248707909313,14.60595689273
"GSM8121894_athero_human_1.txt.gz","Plate_730s_L10","asymptomatic","endothelial","C6",5.14892514167133,17.8631752636038
"GSM8121894_athero_human_1.txt.gz","Plate_730s_L11","asymptomatic","endothelial","C6",2.58426865237905,9.508629622044
"GSM8121894_athero_human_1.txt.gz","Plate_730s_L12","asymptomatic","endothelial","C6",3.61034540551308,22.3287794107606
"GSM8121894_athero_human_1.txt.gz","Plate_730s_L13","asymptomatic","endothelial","C6",2.29886623676016,12.5248486040278
"GSM8121894_athero_human_1.txt.gz","Plate_730s_L15","asymptomatic","endothelial","C6",5.3521930995382,9.34903969672305
"GSM8121894_athero_human_1.txt.gz","Plate_730s_L18","asymptomatic","endothelial","C6",4.17959619333053,17.9597928652835
"GSM8121894_athero_human_1.txt.gz","Plate_730s_L19","asymptomatic","endothelial","C6",6.16056274645487,26.5591319683449
"GSM8121894_athero_human_1.txt.gz","Plate_730s_L21","asymptomatic","endothelial","C6",3.01173836840798,10.1438122204264
"GSM8121894_athero_human_1.txt.gz","Plate_730s_L22","asymptomatic","endothelial","C6",4.83222909366112,13.179197909609
"GSM8121894_athero_human_1.txt.gz","Plate_730s_M01","asymptomatic","endothelial","C6",3.69346162767074,14.7052725971974
"GSM8121894_athero_human_1.txt.gz","Plate_730s_M02","asymptomatic","endothelial","C6",1.70661949439503,9.10356070087311
"GSM8121894_athero_human_1.txt.gz","Plate_730s_M03","asymptomatic","macrophage","C5",-16.132265971618,4.77169131752455
"GSM8121894_athero_human_1.txt.gz","Plate_730s_M05","asymptomatic","macrophage","C5",-20.4348184526273,2.81378567680002
"GSM8121894_athero_human_1.txt.gz","Plate_730s_M06","asymptomatic","endothelial","C6",7.82081441685485,9.49972389257688
"GSM8121894_athero_human_1.txt.gz","Plate_730s_M07","asymptomatic","endothelial","C6",4.67221787385631,2.5636875327731
"GSM8121894_athero_human_1.txt.gz","Plate_730s_M08","asymptomatic","endothelial","C6",0.477337286683286,6.2413478167112
"GSM8121894_athero_human_1.txt.gz","Plate_730s_M09","asymptomatic","macrophage","C3",-17.9399994894156,0.14536534577461
"GSM8121894_athero_human_1.txt.gz","Plate_730s_M10","asymptomatic","endothelial","C6",3.84898257725039,23.6021459409065
"GSM8121894_athero_human_1.txt.gz","Plate_730s_M11","asymptomatic","endothelial","C6",3.38689728973665,15.860726333963
"GSM8121894_athero_human_1.txt.gz","Plate_730s_M14","asymptomatic","endothelial","C6",4.64532085151843,12.0788728221837
"GSM8121894_athero_human_1.txt.gz","Plate_730s_M15","asymptomatic","endothelial","C6",6.06000295568459,19.3501421530159
"GSM8121894_athero_human_1.txt.gz","Plate_730s_M17","asymptomatic","macrophage","C5",-19.3652433120738,7.76886548403586
"GSM8121894_athero_human_1.txt.gz","Plate_730s_M20","asymptomatic","endothelial","C6",6.24028295436736,24.9040518856683
"GSM8121894_athero_human_1.txt.gz","Plate_730s_M22","asymptomatic","endothelial","C6",3.49208057623267,12.1659434813154
"GSM8121894_athero_human_1.txt.gz","Plate_730s_M23","asymptomatic","endothelial","C6",5.19829730084419,17.0603399156497
"GSM8121894_athero_human_1.txt.gz","Plate_730s_M24","asymptomatic","endothelial","C6",7.52192629845278,15.5515999669923
"GSM8121894_athero_human_1.txt.gz","Plate_730s_N03","asymptomatic","endothelial","C6",3.60898589721575,19.4694142625036
"GSM8121894_athero_human_1.txt.gz","Plate_730s_N05","asymptomatic","endothelial","C6",6.43379373097128,13.1498678554291
"GSM8121894_athero_human_1.txt.gz","Plate_730s_N06","asymptomatic","unassigned","C6",3.04202595284933,19.3823123845774
"GSM8121894_athero_human_1.txt.gz","Plate_730s_N07","asymptomatic","macrophage","C5",-16.256844977551,5.40654979284744
"GSM8121894_athero_human_1.txt.gz","Plate_730s_N08","asymptomatic","endothelial","C6",5.85299604847347,22.8137967480146
"GSM8121894_athero_human_1.txt.gz","Plate_730s_N09","asymptomatic","endothelial","C6",3.17630748511398,13.3046888596144
"GSM8121894_athero_human_1.txt.gz","Plate_730s_N10","asymptomatic","macrophage","C3",-16.3305837358653,2.56314375332253
"GSM8121894_athero_human_1.txt.gz","Plate_730s_N12","asymptomatic","endothelial","C6",4.0985655030628,18.1268333410327
"GSM8121894_athero_human_1.txt.gz","Plate_730s_N13","asymptomatic","endothelial","C6",4.98048927127609,22.0205562273314
"GSM8121894_athero_human_1.txt.gz","Plate_730s_N14","asymptomatic","macrophage","C5",-19.2542457743611,8.25926820729634
"GSM8121894_athero_human_1.txt.gz","Plate_730s_N16","asymptomatic","endothelial","C6",4.09105261001368,20.77684982175
"GSM8121894_athero_human_1.txt.gz","Plate_730s_N19","asymptomatic","endothelial","C6",4.17049028201161,14.7945821295377
"GSM8121894_athero_human_1.txt.gz","Plate_730s_N22","asymptomatic","b_cell","C6",1.78000702794357,10.0853279078329
"GSM8121894_athero_human_1.txt.gz","Plate_730s_N23","asymptomatic","endothelial","C6",3.27073857320097,17.155626523885
"GSM8121894_athero_human_1.txt.gz","Plate_730s_O01","asymptomatic","endothelial","C6",7.21147249347191,19.969946854813
"GSM8121894_athero_human_1.txt.gz","Plate_730s_O03","asymptomatic","endothelial","C6",3.93975576801924,13.9869687580084
"GSM8121894_athero_human_1.txt.gz","Plate_730s_O05","asymptomatic","endothelial","C6",7.01525799265469,22.3093183916967
"GSM8121894_athero_human_1.txt.gz","Plate_730s_O06","asymptomatic","macrophage","C3",-17.8064830221089,3.69151898767315
"GSM8121894_athero_human_1.txt.gz","Plate_730s_O07","asymptomatic","endothelial","C6",5.92218923427815,20.1856384151287
"GSM8121894_athero_human_1.txt.gz","Plate_730s_O10","asymptomatic","endothelial","C6",4.85308219222613,17.351399889009
"GSM8121894_athero_human_1.txt.gz","Plate_730s_O11","asymptomatic","endothelial","C6",4.77339767805691,16.3211971846958
"GSM8121894_athero_human_1.txt.gz","Plate_730s_O13","asymptomatic","endothelial","C6",1.88328665343466,8.49502474170947
"GSM8121894_athero_human_1.txt.gz","Plate_730s_O18","asymptomatic","endothelial","C6",4.35756927929969,12.2150908485366
"GSM8121894_athero_human_1.txt.gz","Plate_730s_O20","asymptomatic","endothelial","C6",4.80040000572216,25.2187307024006
"GSM8121894_athero_human_1.txt.gz","Plate_730s_O21","asymptomatic","endothelial","C6",4.37858916912404,21.3997811570588
"GSM8121894_athero_human_1.txt.gz","Plate_730s_O22","asymptomatic","endothelial","C6",5.13817483159495,16.9541937468496
"GSM8121894_athero_human_1.txt.gz","Plate_730s_P01","asymptomatic","endothelial","C6",1.92710297772753,14.5127142390428
"GSM8121894_athero_human_1.txt.gz","Plate_730s_P02","asymptomatic","endothelial","C6",1.70737324663627,12.9506136163375
"GSM8121894_athero_human_1.txt.gz","Plate_730s_P03","asymptomatic","endothelial","C6",0.890844996099266,3.53365563899073
"GSM8121894_athero_human_1.txt.gz","Plate_730s_P04","asymptomatic","macrophage","C5",-21.3466865483622,5.81076242385063
"GSM8121894_athero_human_1.txt.gz","Plate_730s_P05","asymptomatic","endothelial","C6",2.41635719557543,14.2434348183586
"GSM8121894_athero_human_1.txt.gz","Plate_730s_P07","asymptomatic","mast","C6",-0.553397631264817,6.33466032077019
"GSM8121894_athero_human_1.txt.gz","Plate_730s_P08","asymptomatic","endothelial","C6",-3.06206011086231,10.5782180097034
"GSM8121894_athero_human_1.txt.gz","Plate_730s_P09","asymptomatic","unassigned","C9",-8.27950582959585,0.744049527134057
"GSM8121894_athero_human_1.txt.gz","Plate_730s_P12","asymptomatic","endothelial","C6",2.59044175011161,12.1164138694394
"GSM8121894_athero_human_1.txt.gz","Plate_730s_P13","asymptomatic","macrophage","C9",-11.4701910079712,0.440769360999069
"GSM8121894_athero_human_1.txt.gz","Plate_730s_P16","asymptomatic","endothelial","C6",3.97891272615508,20.5208476942787
"GSM8121894_athero_human_1.txt.gz","Plate_730s_P18","asymptomatic","endothelial","C6",-0.619108099605501,5.82577992254254
"GSM8121894_athero_human_1.txt.gz","Plate_730s_P19","asymptomatic","macrophage","C9",-13.7897873494769,2.37589007089963
"GSM8121894_athero_human_1.txt.gz","Plate_730s_P20","asymptomatic","macrophage","C9",-18.7856900232255,-0.490036074493744
"GSM8121894_athero_human_1.txt.gz","Plate_732s_B02","asymptomatic","fibroblast","C7",15.3390587801199,-6.46189573311752
"GSM8121894_athero_human_1.txt.gz","Plate_732s_B03","asymptomatic","fibroblast","C10",16.3322105658547,1.01810812690266
"GSM8121894_athero_human_1.txt.gz","Plate_732s_B04","asymptomatic","fibroblast","C10",15.605321593569,-0.560130879773902
"GSM8121894_athero_human_1.txt.gz","Plate_732s_B05","asymptomatic","fibroblast","C8",12.4828670191215,1.71845379272044
"GSM8121894_athero_human_1.txt.gz","Plate_732s_B06","asymptomatic","fibroblast","C10",14.2473521320277,1.28634103266596
"GSM8121894_athero_human_1.txt.gz","Plate_732s_B07","asymptomatic","fibroblast","C10",16.4813229773351,5.65679040210448
"GSM8121894_athero_human_1.txt.gz","Plate_732s_B09","asymptomatic","macrophage","C3",-9.14421733931665,-2.73222575866376
"GSM8121894_athero_human_1.txt.gz","Plate_732s_B10","asymptomatic","vsmc","C2",17.8196410202121,-1.99448752441019
"GSM8121894_athero_human_1.txt.gz","Plate_732s_B11","asymptomatic","fibroblast","C7",14.3494590802509,-7.26706250488508
"GSM8121894_athero_human_1.txt.gz","Plate_732s_B12","asymptomatic","fibroblast","C7",12.7333316420144,-3.51093854772863
"GSM8121894_athero_human_1.txt.gz","Plate_732s_B13","asymptomatic","fibroblast","C10",15.0989972090004,-4.37797076342187
"GSM8121894_athero_human_1.txt.gz","Plate_732s_B14","asymptomatic","fibroblast","C7",10.352122388086,-10.1106582553338
"GSM8121894_athero_human_1.txt.gz","Plate_732s_B15","asymptomatic","fibroblast","C10",14.9162467794697,-3.50316769799345
"GSM8121894_athero_human_1.txt.gz","Plate_732s_B16","asymptomatic","vsmc","C7",16.907140468835,-7.94853981388485
"GSM8121894_athero_human_1.txt.gz","Plate_732s_B17","asymptomatic","fibroblast","C10",15.8810429607805,-0.216368363261061
"GSM8121894_athero_human_1.txt.gz","Plate_732s_B18","asymptomatic","fibroblast","C10",12.8432921166401,-0.0509723676961097
"GSM8121894_athero_human_1.txt.gz","Plate_732s_B19","asymptomatic","unassigned","C7",14.697618395902,-7.06153453511605
"GSM8121894_athero_human_1.txt.gz","Plate_732s_B21","asymptomatic","fibroblast","C7",13.3249390806361,-7.04881589854677
"GSM8121894_athero_human_1.txt.gz","Plate_732s_B22","asymptomatic","fibroblast","C7",10.3050491966273,-7.70043343845952
"GSM8121894_athero_human_1.txt.gz","Plate_732s_C01","asymptomatic","fibroblast","C10",13.5197594616776,-5.02190068982834
"GSM8121894_athero_human_1.txt.gz","Plate_732s_C02","asymptomatic","unassigned","C10",14.4634350843884,-0.439725906934282
"GSM8121894_athero_human_1.txt.gz","Plate_732s_C03","asymptomatic","macrophage","C9",-9.30892586549982,-8.42290674864935
"GSM8121894_athero_human_1.txt.gz","Plate_732s_C04","asymptomatic","vsmc","C2",17.4843982527647,-5.25781275525339
"GSM8121894_athero_human_1.txt.gz","Plate_732s_C05","asymptomatic","fibroblast","C10",13.4047095565865,-4.72803732414335
"GSM8121894_athero_human_1.txt.gz","Plate_732s_C06","asymptomatic","fibroblast","C10",14.9834645107609,0.238140220302809
"GSM8121894_athero_human_1.txt.gz","Plate_732s_C07","asymptomatic","fibroblast","C10",15.3407711879682,-1.36895297849833
"GSM8121894_athero_human_1.txt.gz","Plate_732s_C09","asymptomatic","fibroblast","C10",15.0261060724289,-3.7342264586686
"GSM8121894_athero_human_1.txt.gz","Plate_732s_C10","asymptomatic","vsmc","C2",16.3391848299701,-0.928519323833053
"GSM8121894_athero_human_1.txt.gz","Plate_732s_C11","asymptomatic","fibroblast","C7",11.6827560722226,-8.40163342602508
"GSM8121894_athero_human_1.txt.gz","Plate_732s_C12","asymptomatic","unassigned","C10",17.4706926304892,-2.28979494943908
"GSM8121894_athero_human_1.txt.gz","Plate_732s_C13","asymptomatic","fibroblast","C10",17.5276851004958,-0.368135391795876
"GSM8121894_athero_human_1.txt.gz","Plate_732s_C14","asymptomatic","fibroblast","C7",14.0781471509415,-10.1828630661594
"GSM8121894_athero_human_1.txt.gz","Plate_732s_C15","asymptomatic","vsmc","C7",15.0203826237156,-9.81118675678348
"GSM8121894_athero_human_1.txt.gz","Plate_732s_C16","asymptomatic","vsmc","C2",18.4734659050768,-5.71068537822754
"GSM8121894_athero_human_1.txt.gz","Plate_732s_C17","asymptomatic","fibroblast","C7",14.5524385148917,-4.83611566771623
"GSM8121894_athero_human_1.txt.gz","Plate_732s_C18","asymptomatic","fibroblast","C10",14.4373429829224,-4.88271943681788
"GSM8121894_athero_human_1.txt.gz","Plate_732s_C19","asymptomatic","fibroblast","C7",15.2255189466816,-6.79255884563914
"GSM8121894_athero_human_1.txt.gz","Plate_732s_C20","asymptomatic","fibroblast","C7",11.3337324569059,-6.13070560330898
"GSM8121894_athero_human_1.txt.gz","Plate_732s_C21","asymptomatic","fibroblast","C2",15.0879908786457,0.57983298571328
"GSM8121894_athero_human_1.txt.gz","Plate_732s_C22","asymptomatic","fibroblast","C10",15.6127211293277,-2.51975421515148
"GSM8121894_athero_human_1.txt.gz","Plate_732s_C23","asymptomatic","fibroblast","C10",15.31004790838,2.34352918346608
"GSM8121894_athero_human_1.txt.gz","Plate_732s_D01","asymptomatic","fibroblast","C7",11.7628889227193,-8.92103969617828
"GSM8121894_athero_human_1.txt.gz","Plate_732s_D02","asymptomatic","vsmc","C2",18.0144436316877,-5.24821983722712
"GSM8121894_athero_human_1.txt.gz","Plate_732s_D03","asymptomatic","fibroblast","C10",15.0606522299392,-1.0778912621678
"GSM8121894_athero_human_1.txt.gz","Plate_732s_D04","asymptomatic","fibroblast","C7",11.0980989994878,-4.69459606304503
"GSM8121894_athero_human_1.txt.gz","Plate_732s_D05","asymptomatic","vsmc","C2",18.6976976759119,-3.81227009866757
"GSM8121894_athero_human_1.txt.gz","Plate_732s_D06","asymptomatic","fibroblast","C8",12.2335196890081,-1.00626140545456
"GSM8121894_athero_human_1.txt.gz","Plate_732s_D07","asymptomatic","fibroblast","C10",16.2286378840649,2.39260835702789
"GSM8121894_athero_human_1.txt.gz","Plate_732s_D08","asymptomatic","fibroblast","C10",17.0680286690103,2.80360390046586
"GSM8121894_athero_human_1.txt.gz","Plate_732s_D09","asymptomatic","vsmc","C8",13.1714371142223,0.473152677929513
"GSM8121894_athero_human_1.txt.gz","Plate_732s_D10","asymptomatic","fibroblast","C10",15.061139799373,-3.15010454668103
"GSM8121894_athero_human_1.txt.gz","Plate_732s_D11","asymptomatic","fibroblast","C7",12.7244196204476,-10.5226317568572
"GSM8121894_athero_human_1.txt.gz","Plate_732s_D12","asymptomatic","vsmc","C2",16.4676242273999,-6.15830068270432
"GSM8121894_athero_human_1.txt.gz","Plate_732s_D14","asymptomatic","fibroblast","C10",15.3861312828054,-3.08521721318772
"GSM8121894_athero_human_1.txt.gz","Plate_732s_D15","asymptomatic","fibroblast","C7",14.1821443724599,-10.6659688331133
"GSM8121894_athero_human_1.txt.gz","Plate_732s_D16","asymptomatic","vsmc","C7",8.84035852819366,-9.12809623603579
"GSM8121894_athero_human_1.txt.gz","Plate_732s_D17","asymptomatic","fibroblast","C10",15.0306566266458,-5.29675991404196
"GSM8121894_athero_human_1.txt.gz","Plate_732s_D18","asymptomatic","fibroblast","C10",16.8096376044525,-3.331375001451
"GSM8121894_athero_human_1.txt.gz","Plate_732s_D21","asymptomatic","fibroblast","C10",16.3518622739054,-4.51503681021762
"GSM8121894_athero_human_1.txt.gz","Plate_732s_D22","asymptomatic","vsmc","C2",18.513490580285,-4.74539487515075
"GSM8121894_athero_human_1.txt.gz","Plate_732s_D23","asymptomatic","unassigned","C10",15.871687733725,-4.9703500504222
"GSM8121894_athero_human_1.txt.gz","Plate_732s_D24","asymptomatic","fibroblast","C7",10.2748322163799,-11.2539430880727
"GSM8121894_athero_human_1.txt.gz","Plate_732s_E01","asymptomatic","fibroblast","C10",15.2630653910282,-3.91499883603949
"GSM8121894_athero_human_1.txt.gz","Plate_732s_E02","asymptomatic","fibroblast","C10",14.8795231912234,-3.34428197325818
"GSM8121894_athero_human_1.txt.gz","Plate_732s_E03","asymptomatic","fibroblast","C10",16.6372795186531,-3.59172866910522
"GSM8121894_athero_human_1.txt.gz","Plate_732s_E04","asymptomatic","vsmc","C8",12.0465536543575,4.03205523484278
"GSM8121894_athero_human_1.txt.gz","Plate_732s_E05","asymptomatic","vsmc","C2",17.1012257279743,-5.69036033641653
"GSM8121894_athero_human_1.txt.gz","Plate_732s_E06","asymptomatic","unassigned","C10",17.0672588828555,-0.348155150263763
"GSM8121894_athero_human_1.txt.gz","Plate_732s_E07","asymptomatic","fibroblast","C10",14.4319746576445,-1.83947002784128
"GSM8121894_athero_human_1.txt.gz","Plate_732s_E08","asymptomatic","fibroblast","C7",14.3794604420613,-7.18077125169047
"GSM8121894_athero_human_1.txt.gz","Plate_732s_E09","asymptomatic","fibroblast","C7",15.0318955316405,-6.62604655044475
"GSM8121894_athero_human_1.txt.gz","Plate_732s_E10","asymptomatic","macrophage","C5",-8.81054756751417,1.54563313478375
"GSM8121894_athero_human_1.txt.gz","Plate_732s_E11","asymptomatic","fibroblast","C7",17.9185758292455,-5.70944561875829
"GSM8121894_athero_human_1.txt.gz","Plate_732s_E12","asymptomatic","fibroblast","C10",16.6525490401072,-2.09469724689457
"GSM8121894_athero_human_1.txt.gz","Plate_732s_E13","asymptomatic","fibroblast","C10",15.8819827968626,-1.88650774442114
"GSM8121894_athero_human_1.txt.gz","Plate_732s_E14","asymptomatic","fibroblast","C10",15.7534688428696,0.267260730104231
"GSM8121894_athero_human_1.txt.gz","Plate_732s_E15","asymptomatic","vsmc","C10",19.0617261348161,0.0474836038828452
"GSM8121894_athero_human_1.txt.gz","Plate_732s_E16","asymptomatic","fibroblast","C10",16.2808239251544,0.188211521195559
"GSM8121894_athero_human_1.txt.gz","Plate_732s_E17","asymptomatic","fibroblast","C10",17.3422953685362,-5.70939258259743
"GSM8121894_athero_human_1.txt.gz","Plate_732s_E18","asymptomatic","fibroblast","C10",14.1935116201663,1.29860116730623
"GSM8121894_athero_human_1.txt.gz","Plate_732s_E19","asymptomatic","vsmc","C2",18.9818215326638,-4.76740473928408
"GSM8121894_athero_human_1.txt.gz","Plate_732s_E20","asymptomatic","fibroblast","C10",12.8286368647898,2.11165804096455
"GSM8121894_athero_human_1.txt.gz","Plate_732s_E21","asymptomatic","fibroblast","C7",12.7044761857046,-4.76454717410464
"GSM8121894_athero_human_1.txt.gz","Plate_732s_E22","asymptomatic","vsmc","C2",19.1106417690122,-3.28312883365154
"GSM8121894_athero_human_1.txt.gz","Plate_732s_E23","asymptomatic","fibroblast","C10",16.4854520207074,-3.18590677045751
"GSM8121894_athero_human_1.txt.gz","Plate_732s_E24","asymptomatic","fibroblast","C7",9.94015100145875,-7.2870573673073
"GSM8121894_athero_human_1.txt.gz","Plate_732s_F01","asymptomatic","fibroblast","C7",9.37123627685578,-13.772628551756
"GSM8121894_athero_human_1.txt.gz","Plate_732s_F02","asymptomatic","fibroblast","C7",9.99910553040689,-9.27941147990248
"GSM8121894_athero_human_1.txt.gz","Plate_732s_F04","asymptomatic","fibroblast","C10",14.7527840854119,4.20836873810537
"GSM8121894_athero_human_1.txt.gz","Plate_732s_F05","asymptomatic","vsmc","C10",19.0053038492409,1.72677793061778
"GSM8121894_athero_human_1.txt.gz","Plate_732s_F06","asymptomatic","vsmc","C10",16.6841354044338,-3.98654133935881
"GSM8121894_athero_human_1.txt.gz","Plate_732s_F07","asymptomatic","vsmc","C8",15.4726923058377,-4.01613765663879
"GSM8121894_athero_human_1.txt.gz","Plate_732s_F08","asymptomatic","vsmc","C2",18.4013685461614,-5.68213844784441
"GSM8121894_athero_human_1.txt.gz","Plate_732s_F10","asymptomatic","fibroblast","C7",13.2131475868948,-6.00716379461231
"GSM8121894_athero_human_1.txt.gz","Plate_732s_F11","asymptomatic","vsmc","C2",16.9344644277453,-4.49126439917446
"GSM8121894_athero_human_1.txt.gz","Plate_732s_F12","asymptomatic","fibroblast","C7",12.0541730352155,-9.69772063600232
"GSM8121894_athero_human_1.txt.gz","Plate_732s_F13","asymptomatic","fibroblast","C7",14.3030525815522,-8.53200574992932
"GSM8121894_athero_human_1.txt.gz","Plate_732s_F14","asymptomatic","fibroblast","C10",16.48050035847,-0.103583846371395
"GSM8121894_athero_human_1.txt.gz","Plate_732s_F15","asymptomatic","unassigned","C10",15.0759280543817,0.297271656599599
"GSM8121894_athero_human_1.txt.gz","Plate_732s_F16","asymptomatic","fibroblast","C7",14.8713908208739,-7.7756365358926
"GSM8121894_athero_human_1.txt.gz","Plate_732s_F17","asymptomatic","macrophage","C5",-15.4372860921799,6.28216799259444
"GSM8121894_athero_human_1.txt.gz","Plate_732s_F19","asymptomatic","vsmc","C8",13.5748546563619,-4.57799787329488
"GSM8121894_athero_human_1.txt.gz","Plate_732s_F20","asymptomatic","fibroblast","C7",13.449679174159,-5.40663428977287
"GSM8121894_athero_human_1.txt.gz","Plate_732s_F21","asymptomatic","fibroblast","C10",14.9314300887788,1.23199487341021
"GSM8121894_athero_human_1.txt.gz","Plate_732s_G01","asymptomatic","fibroblast","C7",9.32753871883223,-12.41468444845
"GSM8121894_athero_human_1.txt.gz","Plate_732s_G03","asymptomatic","fibroblast","C7",13.3241577566959,-10.7145714601235
"GSM8121894_athero_human_1.txt.gz","Plate_732s_G04","asymptomatic","fibroblast","C10",14.0810191069215,-1.93426775159825
"GSM8121894_athero_human_1.txt.gz","Plate_732s_G05","asymptomatic","fibroblast","C10",14.2530899011666,-2.98015964768764
"GSM8121894_athero_human_1.txt.gz","Plate_732s_G06","asymptomatic","fibroblast","C7",15.1017119744637,-5.82575953333625
"GSM8121894_athero_human_1.txt.gz","Plate_732s_G07","asymptomatic","fibroblast","C10",16.3331631861006,4.42711993003184
"GSM8121894_athero_human_1.txt.gz","Plate_732s_G08","asymptomatic","fibroblast","C7",15.4077389249271,-6.82889189476766
"GSM8121894_athero_human_1.txt.gz","Plate_732s_G09","asymptomatic","vsmc","C2",17.5156525887635,-8.15813219425042
"GSM8121894_athero_human_1.txt.gz","Plate_732s_G10","asymptomatic","vsmc","C2",18.5943203257754,-1.05975213987255
"GSM8121894_athero_human_1.txt.gz","Plate_732s_G11","asymptomatic","fibroblast","C10",15.9049591331907,1.66299690294139
"GSM8121894_athero_human_1.txt.gz","Plate_732s_G12","asymptomatic","fibroblast","C10",15.7387676822494,-1.48298919638077
"GSM8121894_athero_human_1.txt.gz","Plate_732s_G13","asymptomatic","fibroblast","C10",17.8957143156536,-5.03586776279731
"GSM8121894_athero_human_1.txt.gz","Plate_732s_G14","asymptomatic","vsmc","C10",15.0355018327101,-5.6904901754748
"GSM8121894_athero_human_1.txt.gz","Plate_732s_G15","asymptomatic","fibroblast","C10",14.1560084080546,-1.39246048615866
"GSM8121894_athero_human_1.txt.gz","Plate_732s_G16","asymptomatic","vsmc","C8",14.9919872217225,-7.29542966309944
"GSM8121894_athero_human_1.txt.gz","Plate_732s_G18","asymptomatic","fibroblast","C10",16.6651529615178,1.2061289792507
"GSM8121894_athero_human_1.txt.gz","Plate_732s_G19","asymptomatic","fibroblast","C7",14.3318635707966,-8.5347232744293
"GSM8121894_athero_human_1.txt.gz","Plate_732s_G20","asymptomatic","fibroblast","C7",15.4120785582342,-6.20087716892276
"GSM8121894_athero_human_1.txt.gz","Plate_732s_G21","asymptomatic","fibroblast","C10",18.1922002507101,-4.28781729879805
"GSM8121894_athero_human_1.txt.gz","Plate_732s_G22","asymptomatic","unassigned","C7",16.5263348222407,-6.92482244013522
"GSM8121894_athero_human_1.txt.gz","Plate_732s_G23","asymptomatic","fibroblast","C10",15.2968150513811,0.878556865174191
"GSM8121894_athero_human_1.txt.gz","Plate_732s_G24","asymptomatic","fibroblast","C10",14.6040685679998,-2.12409946236655
"GSM8121894_athero_human_1.txt.gz","Plate_732s_H01","asymptomatic","fibroblast","C7",12.4170843326037,-11.2711687516247
"GSM8121894_athero_human_1.txt.gz","Plate_732s_H02","asymptomatic","fibroblast","C10",14.6147698741031,0.326574652474916
"GSM8121894_athero_human_1.txt.gz","Plate_732s_H03","asymptomatic","fibroblast","C10",16.9929357431585,-1.89314395438867
"GSM8121894_athero_human_1.txt.gz","Plate_732s_H04","asymptomatic","vsmc","C2",17.8329450658497,-1.99332174609941
"GSM8121894_athero_human_1.txt.gz","Plate_732s_H05","asymptomatic","fibroblast","C10",16.5596484346986,-0.261102635583784
"GSM8121894_athero_human_1.txt.gz","Plate_732s_H07","asymptomatic","fibroblast","C10",16.4135836277563,-4.35520228236281
"GSM8121894_athero_human_1.txt.gz","Plate_732s_H08","asymptomatic","fibroblast","C10",14.859781544658,-3.29751117144179
"GSM8121894_athero_human_1.txt.gz","Plate_732s_H09","asymptomatic","unassigned","C7",17.8408056031603,-7.32060315215533
"GSM8121894_athero_human_1.txt.gz","Plate_732s_H10","asymptomatic","fibroblast","C10",13.873758757726,-2.04720472954999
"GSM8121894_athero_human_1.txt.gz","Plate_732s_H11","asymptomatic","fibroblast","C10",15.3180062014202,-0.0201915627326157
"GSM8121894_athero_human_1.txt.gz","Plate_732s_H12","asymptomatic","fibroblast","C10",15.9533806650273,2.27230126276126
"GSM8121894_athero_human_1.txt.gz","Plate_732s_H13","asymptomatic","fibroblast","C10",15.0651460386713,-1.48244491986436
"GSM8121894_athero_human_1.txt.gz","Plate_732s_H14","asymptomatic","vsmc","C2",17.6643958991436,-6.47590703756231
"GSM8121894_athero_human_1.txt.gz","Plate_732s_H15","asymptomatic","vsmc","C2",13.7690363895149,-9.63075055291092
"GSM8121894_athero_human_1.txt.gz","Plate_732s_H16","asymptomatic","fibroblast","C7",14.4512148094442,-4.22373484739937
"GSM8121894_athero_human_1.txt.gz","Plate_732s_H17","asymptomatic","vsmc","C7",12.4052833585224,-7.9709911491271
"GSM8121894_athero_human_1.txt.gz","Plate_732s_H19","asymptomatic","fibroblast","C10",15.2534110680838,-2.90741712429083
"GSM8121894_athero_human_1.txt.gz","Plate_732s_H20","asymptomatic","fibroblast","C10",14.050126646244,-2.35384003325955
"GSM8121894_athero_human_1.txt.gz","Plate_732s_H21","asymptomatic","fibroblast","C7",12.687974996345,-6.8052508552046
"GSM8121894_athero_human_1.txt.gz","Plate_732s_H22","asymptomatic","fibroblast","C10",16.338672358565,-0.957963217657436
"GSM8121894_athero_human_1.txt.gz","Plate_732s_H23","asymptomatic","vsmc","C2",19.3923432998869,-0.955756688145878
"GSM8121894_athero_human_1.txt.gz","Plate_732s_H24","asymptomatic","fibroblast","C7",13.8681925564035,-4.89634912920845
"GSM8121894_athero_human_1.txt.gz","Plate_732s_J02","asymptomatic","fibroblast","C10",17.4234221448519,-0.265870439529751
"GSM8121894_athero_human_1.txt.gz","Plate_732s_J04","asymptomatic","vsmc","C7",14.1483629856003,-11.3905394116456
"GSM8121894_athero_human_1.txt.gz","Plate_732s_J05","asymptomatic","vsmc","C2",17.9961651892868,-2.04385003543838
"GSM8121894_athero_human_1.txt.gz","Plate_732s_J06","asymptomatic","macrophage","C5",-7.79892035974719,1.05913874769393
"GSM8121894_athero_human_1.txt.gz","Plate_732s_J07","asymptomatic","vsmc","C8",11.2322624979814,-6.32506002053391
"GSM8121894_athero_human_1.txt.gz","Plate_732s_J09","asymptomatic","fibroblast","C10",16.6823666462776,-1.82579631714574
"GSM8121894_athero_human_1.txt.gz","Plate_732s_J10","asymptomatic","fibroblast","C10",13.9274694015284,0.332671551693092
"GSM8121894_athero_human_1.txt.gz","Plate_732s_J11","asymptomatic","fibroblast","C8",12.5172032773989,-3.78418233985843
"GSM8121894_athero_human_1.txt.gz","Plate_732s_J12","asymptomatic","fibroblast","C10",14.1849832329909,-3.96340004186663
"GSM8121894_athero_human_1.txt.gz","Plate_732s_J13","asymptomatic","vsmc","C2",19.0392463540518,-5.31296218087585
"GSM8121894_athero_human_1.txt.gz","Plate_732s_J14","asymptomatic","fibroblast","C7",15.7198140410686,-9.64737656175312
"GSM8121894_athero_human_1.txt.gz","Plate_732s_J15","asymptomatic","unassigned","C7",12.4167030579171,-7.89428925984179
"GSM8121894_athero_human_1.txt.gz","Plate_732s_J16","asymptomatic","fibroblast","C7",11.7921436742704,-9.77887439765253
"GSM8121894_athero_human_1.txt.gz","Plate_732s_J17","asymptomatic","fibroblast","C10",15.5658914062798,1.78770342390808
"GSM8121894_athero_human_1.txt.gz","Plate_732s_J18","asymptomatic","vsmc","C2",15.3215721293376,-8.20943327325897
"GSM8121894_athero_human_1.txt.gz","Plate_732s_J19","asymptomatic","vsmc","C7",11.8319833244804,-8.35326876522518
"GSM8121894_athero_human_1.txt.gz","Plate_732s_J20","asymptomatic","fibroblast","C7",13.0362306053157,-5.70132996469262
"GSM8121894_athero_human_1.txt.gz","Plate_732s_J21","asymptomatic","vsmc","C7",13.8481222224118,-12.0835142246676
"GSM8121894_athero_human_1.txt.gz","Plate_732s_J23","asymptomatic","fibroblast","C7",11.7659394341505,-9.42807558042188
"GSM8121894_athero_human_1.txt.gz","Plate_732s_J24","asymptomatic","fibroblast","C10",14.4894281997057,0.377925782529979
"GSM8121894_athero_human_1.txt.gz","Plate_732s_K02","asymptomatic","macrophage","C9",-13.9885725023779,-1.96128031833922
"GSM8121894_athero_human_1.txt.gz","Plate_732s_K04","asymptomatic","fibroblast","C10",15.397567835959,0.19933450367078
"GSM8121894_athero_human_1.txt.gz","Plate_732s_K05","asymptomatic","vsmc","C2",17.8738862078988,1.96856690299736
"GSM8121894_athero_human_1.txt.gz","Plate_732s_K06","asymptomatic","vsmc","C2",15.6826002043452,-2.39563066614976
"GSM8121894_athero_human_1.txt.gz","Plate_732s_K07","asymptomatic","vsmc","C2",18.6094749432403,-4.36904085155449
"GSM8121894_athero_human_1.txt.gz","Plate_732s_K08","asymptomatic","fibroblast","C10",14.0680712788068,-4.55469906673101
"GSM8121894_athero_human_1.txt.gz","Plate_732s_K09","asymptomatic","fibroblast","C10",16.1416748218156,-1.55506642235548
"GSM8121894_athero_human_1.txt.gz","Plate_732s_K10","asymptomatic","fibroblast","C7",15.0124172837322,-6.86059759461519
"GSM8121894_athero_human_1.txt.gz","Plate_732s_K11","asymptomatic","fibroblast","C10",14.3970875958189,-4.17085530528961
"GSM8121894_athero_human_1.txt.gz","Plate_732s_K12","asymptomatic","vsmc","C2",15.9769424817659,-5.9159013860854
"GSM8121894_athero_human_1.txt.gz","Plate_732s_K13","asymptomatic","fibroblast","C10",17.2000934835867,4.10488825328678
"GSM8121894_athero_human_1.txt.gz","Plate_732s_K14","asymptomatic","fibroblast","C10",15.9352246641405,-0.351056732355104
"GSM8121894_athero_human_1.txt.gz","Plate_732s_K15","asymptomatic","fibroblast","C7",14.6680112383428,-6.64855851659359
"GSM8121894_athero_human_1.txt.gz","Plate_732s_K16","asymptomatic","fibroblast","C7",16.2716714581173,-5.60889409949921
"GSM8121894_athero_human_1.txt.gz","Plate_732s_K17","asymptomatic","fibroblast","C7",12.4503328067075,-5.9087004355144
"GSM8121894_athero_human_1.txt.gz","Plate_732s_K18","asymptomatic","vsmc","C10",15.3687341002791,-0.794601826080496
"GSM8121894_athero_human_1.txt.gz","Plate_732s_K19","asymptomatic","fibroblast","C7",12.5465517150782,-8.36026018085764
"GSM8121894_athero_human_1.txt.gz","Plate_732s_K20","asymptomatic","unassigned","C2",18.2137779022373,0.122107107659982
"GSM8121894_athero_human_1.txt.gz","Plate_732s_K21","asymptomatic","fibroblast","C10",13.5184133888147,-1.18327278206255
"GSM8121894_athero_human_1.txt.gz","Plate_732s_K22","asymptomatic","fibroblast","C8",12.3539409441674,2.66503260532985
"GSM8121894_athero_human_1.txt.gz","Plate_732s_K23","asymptomatic","fibroblast","C10",16.2555052679574,-3.19220559965314
"GSM8121894_athero_human_1.txt.gz","Plate_732s_L01","asymptomatic","fibroblast","C7",10.039538448863,-12.6024478823976
"GSM8121894_athero_human_1.txt.gz","Plate_732s_L02","asymptomatic","fibroblast","C7",14.3885872108083,-7.6905010137171
"GSM8121894_athero_human_1.txt.gz","Plate_732s_L05","asymptomatic","vsmc","C2",18.2258206036829,-6.43544498598815
"GSM8121894_athero_human_1.txt.gz","Plate_732s_L06","asymptomatic","fibroblast","C7",13.9699336753132,-7.45216509178697
"GSM8121894_athero_human_1.txt.gz","Plate_732s_L07","asymptomatic","vsmc","C2",16.843661694541,-6.41613609922965
"GSM8121894_athero_human_1.txt.gz","Plate_732s_L08","asymptomatic","fibroblast","C10",15.2216418846182,-4.87212058424852
"GSM8121894_athero_human_1.txt.gz","Plate_732s_L09","asymptomatic","fibroblast","C7",12.686082829345,-7.6260665104745
"GSM8121894_athero_human_1.txt.gz","Plate_732s_L10","asymptomatic","fibroblast","C7",13.5638553490015,-8.34890380787906
"GSM8121894_athero_human_1.txt.gz","Plate_732s_L11","asymptomatic","vsmc","C2",19.6716784233686,-0.224240285920591
"GSM8121894_athero_human_1.txt.gz","Plate_732s_L12","asymptomatic","unassigned","C7",13.1483445424477,-5.56490233153489
"GSM8121894_athero_human_1.txt.gz","Plate_732s_L13","asymptomatic","fibroblast","C10",16.5094527750866,4.47845072978477
"GSM8121894_athero_human_1.txt.gz","Plate_732s_L14","asymptomatic","fibroblast","C10",17.4766216141694,-0.227318378309099
"GSM8121894_athero_human_1.txt.gz","Plate_732s_L15","asymptomatic","fibroblast","C10",14.7867186222308,-1.53945963064113
"GSM8121894_athero_human_1.txt.gz","Plate_732s_L16","asymptomatic","fibroblast","C10",13.1259490655807,0.387443951594517
"GSM8121894_athero_human_1.txt.gz","Plate_732s_L17","asymptomatic","fibroblast","C10",15.4390026165716,0.581202873276312
"GSM8121894_athero_human_1.txt.gz","Plate_732s_L18","asymptomatic","vsmc","C2",19.6386101756267,0.806548834823304
"GSM8121894_athero_human_1.txt.gz","Plate_732s_L19","asymptomatic","fibroblast","C7",11.8897358988348,-11.8399925461994
"GSM8121894_athero_human_1.txt.gz","Plate_732s_L21","asymptomatic","unassigned","C10",15.6069952202098,-4.76328969209123
"GSM8121894_athero_human_1.txt.gz","Plate_732s_L22","asymptomatic","fibroblast","C10",13.3916002956896,-2.25119105143399
"GSM8121894_athero_human_1.txt.gz","Plate_732s_L23","asymptomatic","vsmc","C8",12.3394422346854,-0.959697289835421
"GSM8121894_athero_human_1.txt.gz","Plate_732s_L24","asymptomatic","fibroblast","C10",14.4329984757447,0.783688874910306
"GSM8121894_athero_human_1.txt.gz","Plate_732s_M02","asymptomatic","fibroblast","C10",15.3214744670143,-2.40533134777466
"GSM8121894_athero_human_1.txt.gz","Plate_732s_M03","asymptomatic","macrophage","C5",-15.7000308177001,4.19346331461021
"GSM8121894_athero_human_1.txt.gz","Plate_732s_M04","asymptomatic","unassigned","C7",11.8780865575857,-12.4986203914677
"GSM8121894_athero_human_1.txt.gz","Plate_732s_M05","asymptomatic","fibroblast","C10",15.0589338899863,-4.69521629361568
"GSM8121894_athero_human_1.txt.gz","Plate_732s_M07","asymptomatic","vsmc","C2",16.7684577262785,-2.66561097481609
"GSM8121894_athero_human_1.txt.gz","Plate_732s_M08","asymptomatic","vsmc","C2",19.2106034330663,-2.12903319786313
"GSM8121894_athero_human_1.txt.gz","Plate_732s_M09","asymptomatic","vsmc","C8",11.8941348159793,-0.582949730558538
"GSM8121894_athero_human_1.txt.gz","Plate_732s_M10","asymptomatic","fibroblast","C7",13.9260627079273,-10.0986141721117
"GSM8121894_athero_human_1.txt.gz","Plate_732s_M11","asymptomatic","vsmc","C2",17.8745810163514,-6.60777857306651
"GSM8121894_athero_human_1.txt.gz","Plate_732s_M12","asymptomatic","fibroblast","C10",16.2043803704115,1.7050893809408
"GSM8121894_athero_human_1.txt.gz","Plate_732s_M14","asymptomatic","vsmc","C2",16.9752801416979,-3.77562919524844
"GSM8121894_athero_human_1.txt.gz","Plate_732s_M15","asymptomatic","fibroblast","C10",13.5608550834099,6.1901070532135
"GSM8121894_athero_human_1.txt.gz","Plate_732s_M16","asymptomatic","fibroblast","C7",16.2008297563241,-7.42453704038816
"GSM8121894_athero_human_1.txt.gz","Plate_732s_M18","asymptomatic","fibroblast","C7",10.9397407789377,-10.8413634958606
"GSM8121894_athero_human_1.txt.gz","Plate_732s_M21","asymptomatic","fibroblast","C10",15.4093995285735,0.669099002484799
"GSM8121894_athero_human_1.txt.gz","Plate_732s_M22","asymptomatic","vsmc","C2",14.7655940740201,-4.98789873733313
"GSM8121894_athero_human_1.txt.gz","Plate_732s_M23","asymptomatic","fibroblast","C10",15.7391681102159,-1.94515221199462
"GSM8121894_athero_human_1.txt.gz","Plate_732s_M24","asymptomatic","fibroblast","C7",12.4758812700666,-8.78256631284003
"GSM8121894_athero_human_1.txt.gz","Plate_732s_N01","asymptomatic","fibroblast","C7",11.6968270236184,-10.5387278648027
"GSM8121894_athero_human_1.txt.gz","Plate_732s_N02","asymptomatic","fibroblast","C10",17.0394511518641,-0.772720005588868
"GSM8121894_athero_human_1.txt.gz","Plate_732s_N03","asymptomatic","vsmc","C2",14.4245969199367,-5.47151448634139
"GSM8121894_athero_human_1.txt.gz","Plate_732s_N04","asymptomatic","fibroblast","C7",14.3762691998339,-6.52326205637383
"GSM8121894_athero_human_1.txt.gz","Plate_732s_N05","asymptomatic","vsmc","C2",19.6353829695084,2.29868778953366
"GSM8121894_athero_human_1.txt.gz","Plate_732s_N06","asymptomatic","unassigned","C8",14.3713452185079,-0.651629605699515
"GSM8121894_athero_human_1.txt.gz","Plate_732s_N07","asymptomatic","vsmc","C2",15.1051575047158,-8.83289831617644
"GSM8121894_athero_human_1.txt.gz","Plate_732s_N08","asymptomatic","vsmc","C8",15.6062111364607,-1.02117315370264
"GSM8121894_athero_human_1.txt.gz","Plate_732s_N09","asymptomatic","fibroblast","C10",17.6710079761345,0.379253897313244
"GSM8121894_athero_human_1.txt.gz","Plate_732s_N10","asymptomatic","fibroblast","C10",15.020465990303,-4.37209164672861
"GSM8121894_athero_human_1.txt.gz","Plate_732s_N11","asymptomatic","fibroblast","C10",15.5027953597266,-2.15675554140269
"GSM8121894_athero_human_1.txt.gz","Plate_732s_N12","asymptomatic","vsmc","C2",19.9795540197823,-1.70210265729253
"GSM8121894_athero_human_1.txt.gz","Plate_732s_N14","asymptomatic","fibroblast","C10",15.2457374570115,2.92443829305189
"GSM8121894_athero_human_1.txt.gz","Plate_732s_N15","asymptomatic","fibroblast","C8",15.1101540586146,-4.28277357458434
"GSM8121894_athero_human_1.txt.gz","Plate_732s_N16","asymptomatic","vsmc","C2",17.8789558041052,-2.1758327304484
"GSM8121894_athero_human_1.txt.gz","Plate_732s_N17","asymptomatic","fibroblast","C10",17.5885776513317,-3.07340198224755
"GSM8121894_athero_human_1.txt.gz","Plate_732s_N18","asymptomatic","vsmc","C7",15.4229538676916,-8.10856038692231
"GSM8121894_athero_human_1.txt.gz","Plate_732s_N19","asymptomatic","fibroblast","C7",14.3576726728782,-6.32313173599769
"GSM8121894_athero_human_1.txt.gz","Plate_732s_N21","asymptomatic","fibroblast","C10",16.7711716715139,-3.81737205862844
"GSM8121894_athero_human_1.txt.gz","Plate_732s_N22","asymptomatic","fibroblast","C7",13.5332176544871,-8.04449709787351
"GSM8121894_athero_human_1.txt.gz","Plate_732s_N23","asymptomatic","fibroblast","C10",17.0711000841996,-2.49456540251217
"GSM8121894_athero_human_1.txt.gz","Plate_732s_N24","asymptomatic","vsmc","C7",13.0074587733807,-6.07490567348223
"GSM8121894_athero_human_1.txt.gz","Plate_732s_O02","asymptomatic","fibroblast","C10",16.39247345251,-3.43779398845415
"GSM8121894_athero_human_1.txt.gz","Plate_732s_O03","asymptomatic","fibroblast","C10",14.905240162153,-2.03248475419189
"GSM8121894_athero_human_1.txt.gz","Plate_732s_O04","asymptomatic","vsmc","C2",19.0460497864699,-6.80678186612631
"GSM8121894_athero_human_1.txt.gz","Plate_732s_O05","asymptomatic","vsmc","C10",16.8164944888786,1.44934790163859
"GSM8121894_athero_human_1.txt.gz","Plate_732s_O06","asymptomatic","vsmc","C2",15.4839652745409,-4.99579067690767
"GSM8121894_athero_human_1.txt.gz","Plate_732s_O07","asymptomatic","vsmc","C8",15.1312251403424,-4.8079561272528
"GSM8121894_athero_human_1.txt.gz","Plate_732s_O08","asymptomatic","fibroblast","C10",16.5062742941422,-2.80758075070355
"GSM8121894_athero_human_1.txt.gz","Plate_732s_O09","asymptomatic","fibroblast","C10",15.7308041370793,-2.49769584305717
"GSM8121894_athero_human_1.txt.gz","Plate_732s_O10","asymptomatic","fibroblast","C7",16.6575522444477,-5.8164455448997
"GSM8121894_athero_human_1.txt.gz","Plate_732s_O11","asymptomatic","fibroblast","C10",16.2321456893513,-0.00932173233765047
"GSM8121894_athero_human_1.txt.gz","Plate_732s_O12","asymptomatic","vsmc","C2",17.4827773621059,-5.21546707079122
"GSM8121894_athero_human_1.txt.gz","Plate_732s_O14","asymptomatic","fibroblast","C7",12.7294849783058,-12.2115340923047
"GSM8121894_athero_human_1.txt.gz","Plate_732s_O16","asymptomatic","fibroblast","C7",13.2291118403395,-11.4052202051301
"GSM8121894_athero_human_1.txt.gz","Plate_732s_O17","asymptomatic","fibroblast","C7",10.5327894240101,-10.9180343281688
"GSM8121894_athero_human_1.txt.gz","Plate_732s_O18","asymptomatic","fibroblast","C10",17.6187622160371,-2.83696137007956
"GSM8121894_athero_human_1.txt.gz","Plate_732s_O19","asymptomatic","vsmc","C2",18.101915913607,-4.95006979263882
"GSM8121894_athero_human_1.txt.gz","Plate_732s_O21","asymptomatic","fibroblast","C7",11.4553993472575,-12.8849875722611
"GSM8121894_athero_human_1.txt.gz","Plate_732s_O22","asymptomatic","fibroblast","C7",13.1270685261887,-10.6866075077686
"GSM8121894_athero_human_1.txt.gz","Plate_732s_O23","asymptomatic","fibroblast","C8",13.9044645447118,-2.07161174891267
"GSM8121894_athero_human_1.txt.gz","Plate_732s_O24","asymptomatic","vsmc","C7",13.5809405849061,-9.42373717205075
"GSM8121894_athero_human_1.txt.gz","Plate_732s_P01","asymptomatic","fibroblast","C7",12.9096668915062,-14.587653543977
"GSM8121894_athero_human_1.txt.gz","Plate_732s_P03","asymptomatic","fibroblast","C7",9.05696925514302,-11.0460011653657
"GSM8121894_athero_human_1.txt.gz","Plate_732s_P05","asymptomatic","vsmc","C7",12.4283627247898,-13.361764860193
"GSM8121894_athero_human_1.txt.gz","Plate_732s_P06","asymptomatic","vsmc","C7",11.009519250417,-11.4808650935378
"GSM8121894_athero_human_1.txt.gz","Plate_732s_P07","asymptomatic","vsmc","C7",12.0622318451491,-13.0532696670567
"GSM8121894_athero_human_1.txt.gz","Plate_732s_P10","asymptomatic","unassigned","C10",14.307286431789,-1.59500919187489
"GSM8121894_athero_human_1.txt.gz","Plate_732s_P11","asymptomatic","vsmc","C8",12.9285143337691,-1.16293979448389
"GSM8121894_athero_human_1.txt.gz","Plate_732s_P12","asymptomatic","fibroblast","C10",14.7780813491693,-1.88338486632971
"GSM8121894_athero_human_1.txt.gz","Plate_732s_P13","asymptomatic","vsmc","C7",12.8549581973985,-9.80315684106583
"GSM8121894_athero_human_1.txt.gz","Plate_732s_P14","asymptomatic","fibroblast","C7",6.48984372795953,-13.4725771364241
"GSM8121894_athero_human_1.txt.gz","Plate_732s_P16","asymptomatic","fibroblast","C7",8.78994119025737,-12.8933580579545
"GSM8121894_athero_human_1.txt.gz","Plate_732s_P17","asymptomatic","fibroblast","C7",10.0547605070328,-12.6991102867348
"GSM8121894_athero_human_1.txt.gz","Plate_732s_P18","asymptomatic","fibroblast","C7",11.4031650993009,-13.7755342488592
"GSM8121894_athero_human_1.txt.gz","Plate_732s_P20","asymptomatic","fibroblast","C7",11.8369844644001,-11.3347939635687
"GSM8121894_athero_human_1.txt.gz","Plate_732s_P21","asymptomatic","fibroblast","C7",11.2215950595103,-12.324515428617
"GSM8121894_athero_human_1.txt.gz","Plate_732s_P22","asymptomatic","fibroblast","C7",10.5953140480152,-12.234301924617
"GSM8121894_athero_human_1.txt.gz","Plate_732s_P24","asymptomatic","mast","C2",3.88785100533255,5.77694909782564
"GSM8121894_athero_human_1.txt.gz","Plate_733s_A02","asymptomatic","macrophage","C3",-20.5212329433849,-4.21346343666981
"GSM8121894_athero_human_1.txt.gz","Plate_733s_A04","asymptomatic","macrophage","C4",-17.0604954888022,-8.37223965060153
"GSM8121894_athero_human_1.txt.gz","Plate_733s_A05","asymptomatic","t_nk","C1",-8.45846288172797,-4.87684466435411
"GSM8121894_athero_human_1.txt.gz","Plate_733s_A06","asymptomatic","unassigned","C9",-14.9905106706282,-13.3998049980545
"GSM8121894_athero_human_1.txt.gz","Plate_733s_A07","asymptomatic","t_nk","C1",-8.90307789059303,-13.1040858895956
"GSM8121894_athero_human_1.txt.gz","Plate_733s_A08","asymptomatic","macrophage","C3",-19.7607184271217,-0.23727133712998
"GSM8121894_athero_human_1.txt.gz","Plate_733s_A09","asymptomatic","macrophage","C4",-13.9452016284897,-14.130572517893
"GSM8121894_athero_human_1.txt.gz","Plate_733s_A10","asymptomatic","macrophage","C4",-12.7598333270482,-13.4603985210973
"GSM8121894_athero_human_1.txt.gz","Plate_733s_A11","asymptomatic","vsmc","C7",-0.896492708789328,-16.3927832127064
"GSM8121894_athero_human_1.txt.gz","Plate_733s_A13","asymptomatic","macrophage","C4",-17.2554926503606,-4.14417364884983
"GSM8121894_athero_human_1.txt.gz","Plate_733s_A14","asymptomatic","macrophage","C4",-14.6924239735915,-14.5997150003879
"GSM8121894_athero_human_1.txt.gz","Plate_733s_A15","asymptomatic","macrophage","C3",-17.9190322157124,-2.23000351485391
"GSM8121894_athero_human_1.txt.gz","Plate_733s_A16","asymptomatic","macrophage","C4",-11.500030316927,-15.3220226991881
"GSM8121894_athero_human_1.txt.gz","Plate_733s_A19","asymptomatic","macrophage","C4",-19.4440116197536,-5.08653505850373
"GSM8121894_athero_human_1.txt.gz","Plate_733s_A22","asymptomatic","macrophage","C4",-19.3176534030136,-6.74390073629242
"GSM8121894_athero_human_1.txt.gz","Plate_733s_A23","asymptomatic","macrophage","C9",-20.041220572534,-9.37630431427984
"GSM8121894_athero_human_1.txt.gz","Plate_733s_B02","asymptomatic","macrophage","C4",-16.7772205299892,-4.35261529904647
"GSM8121894_athero_human_1.txt.gz","Plate_733s_B05","asymptomatic","macrophage","C3",-18.6992663936598,3.20778944613737
"GSM8121894_athero_human_1.txt.gz","Plate_733s_B07","asymptomatic","macrophage","C4",-15.7787000548316,-8.62177439329698
"GSM8121894_athero_human_1.txt.gz","Plate_733s_B08","asymptomatic","vsmc","C7",12.7629113755937,-8.77276208703017
"GSM8121894_athero_human_1.txt.gz","Plate_733s_B09","asymptomatic","macrophage","C9",-17.1138026838849,-1.79465585413294
"GSM8121894_athero_human_1.txt.gz","Plate_733s_B10","asymptomatic","macrophage","C4",-18.4172321239187,-7.60416149744767
"GSM8121894_athero_human_1.txt.gz","Plate_733s_B11","asymptomatic","macrophage","C4",-15.355137852124,-12.052016787227
"GSM8121894_athero_human_1.txt.gz","Plate_733s_B12","asymptomatic","macrophage","C4",-14.4905264984461,-12.8114916676379
"GSM8121894_athero_human_1.txt.gz","Plate_733s_B13","asymptomatic","vsmc","C2",11.6848971005603,-7.87055873450284
"GSM8121894_athero_human_1.txt.gz","Plate_733s_B15","asymptomatic","macrophage","C9",-14.3181919701986,-12.0676276898451
"GSM8121894_athero_human_1.txt.gz","Plate_733s_B16","asymptomatic","b_cell","C9",-17.0516380136759,-10.2805945257967
"GSM8121894_athero_human_1.txt.gz","Plate_733s_B19","asymptomatic","vsmc","C2",12.1738598638188,-10.558059132213
"GSM8121894_athero_human_1.txt.gz","Plate_733s_B20","asymptomatic","vsmc","C7",13.0745490007483,-12.6447405608409
"GSM8121894_athero_human_1.txt.gz","Plate_733s_B22","asymptomatic","macrophage","C9",-16.5364277366399,-3.62769104188165
"GSM8121894_athero_human_1.txt.gz","Plate_733s_B23","asymptomatic","t_nk","C1",-8.3717185834132,-9.37884576523243
"GSM8121894_athero_human_1.txt.gz","Plate_733s_C01","asymptomatic","macrophage","C5",-16.5268033802385,2.08628254234268
"GSM8121894_athero_human_1.txt.gz","Plate_733s_C02","asymptomatic","unassigned","C4",-12.6317510025313,-14.6508909493927
"GSM8121894_athero_human_1.txt.gz","Plate_733s_C04","asymptomatic","t_nk","C1",-6.17445471151393,-13.3065091733829
"GSM8121894_athero_human_1.txt.gz","Plate_733s_C05","asymptomatic","macrophage","C9",-17.852629037221,-9.37743237252389
"GSM8121894_athero_human_1.txt.gz","Plate_733s_C06","asymptomatic","t_nk","C1",-8.39607914522713,-10.4600112437449
"GSM8121894_athero_human_1.txt.gz","Plate_733s_C07","asymptomatic","macrophage","C4",-14.7324072643965,-10.7275487844551
"GSM8121894_athero_human_1.txt.gz","Plate_733s_C08","asymptomatic","macrophage","C4",-11.3151364070672,-14.6646497817314
"GSM8121894_athero_human_1.txt.gz","Plate_733s_C09","asymptomatic","macrophage","C9",-18.2194939981137,-7.62383566441222
"GSM8121894_athero_human_1.txt.gz","Plate_733s_C10","asymptomatic","macrophage","C4",-16.3223371946134,-8.90377340670446
"GSM8121894_athero_human_1.txt.gz","Plate_733s_C11","asymptomatic","macrophage","C4",-15.5343012555929,-10.7219741167272
"GSM8121894_athero_human_1.txt.gz","Plate_733s_C12","asymptomatic","macrophage","C9",-18.9920767296549,-5.18449916731041
"GSM8121894_athero_human_1.txt.gz","Plate_733s_C13","asymptomatic","macrophage","C9",-16.2600922613885,-13.6671867240817
"GSM8121894_athero_human_1.txt.gz","Plate_733s_C16","asymptomatic","macrophage","C3",-18.7154585913299,-2.69332641713287
"GSM8121894_athero_human_1.txt.gz","Plate_733s_C17","asymptomatic","t_nk","C1",-9.12303399380506,-8.01866067150176
"GSM8121894_athero_human_1.txt.gz","Plate_733s_C18","asymptomatic","macrophage","C4",-15.3385750482765,-12.7280779865865
"GSM8121894_athero_human_1.txt.gz","Plate_733s_C19","asymptomatic","macrophage","C3",-19.7426331820283,-1.28514807271671
"GSM8121894_athero_human_1.txt.gz","Plate_733s_C22","asymptomatic","t_nk","C1",-7.48897204512336,-12.4020760007664
"GSM8121894_athero_human_1.txt.gz","Plate_733s_C23","asymptomatic","macrophage","C4",-19.3764577891085,-8.01475943225354
"GSM8121894_athero_human_1.txt.gz","Plate_733s_C24","asymptomatic","macrophage","C9",-19.0673692745026,-8.46609553688746
"GSM8121894_athero_human_1.txt.gz","Plate_733s_D01","asymptomatic","macrophage","C4",-17.715554907701,-6.2255861506863
"GSM8121894_athero_human_1.txt.gz","Plate_733s_D02","asymptomatic","macrophage","C4",-17.301638285509,-0.329456955869671
"GSM8121894_athero_human_1.txt.gz","Plate_733s_D07","asymptomatic","macrophage","C4",-17.6342841024034,-6.12462916722929
"GSM8121894_athero_human_1.txt.gz","Plate_733s_D09","asymptomatic","macrophage","C3",-18.2793755148397,-1.51972774728039
"GSM8121894_athero_human_1.txt.gz","Plate_733s_D11","asymptomatic","macrophage","C5",-21.002897185451,1.60376732669743
"GSM8121894_athero_human_1.txt.gz","Plate_733s_D12","asymptomatic","macrophage","C4",-18.5869362208123,-4.9045854147086
"GSM8121894_athero_human_1.txt.gz","Plate_733s_D13","asymptomatic","macrophage","C9",-18.8666304714312,-10.0358850450484
"GSM8121894_athero_human_1.txt.gz","Plate_733s_D14","asymptomatic","t_nk","C1",-7.39902564543392,-9.85872493115757
"GSM8121894_athero_human_1.txt.gz","Plate_733s_D15","asymptomatic","macrophage","C4",-15.286619676194,-8.45801704565089
"GSM8121894_athero_human_1.txt.gz","Plate_733s_D17","asymptomatic","t_nk","C1",-7.50854688186806,-13.0222518825678
"GSM8121894_athero_human_1.txt.gz","Plate_733s_D18","asymptomatic","macrophage","C3",-20.2700294989038,3.64793314512649
"GSM8121894_athero_human_1.txt.gz","Plate_733s_D19","asymptomatic","macrophage","C4",-15.0054695627867,-10.3135912803506
"GSM8121894_athero_human_1.txt.gz","Plate_733s_D23","asymptomatic","macrophage","C4",-17.457444866934,-11.0035873189563
"GSM8121894_athero_human_1.txt.gz","Plate_733s_D24","asymptomatic","macrophage","C4",-14.0780618516386,-6.45596769388295
"GSM8121894_athero_human_1.txt.gz","Plate_733s_E01","asymptomatic","t_nk","C1",-7.41781493204308,-8.97910822127919
"GSM8121894_athero_human_1.txt.gz","Plate_733s_E02","asymptomatic","b_cell","C4",-18.9804348090552,-5.14710179253125
"GSM8121894_athero_human_1.txt.gz","Plate_733s_E03","asymptomatic","b_cell","C9",-15.61927374206,-11.1894090402772
"GSM8121894_athero_human_1.txt.gz","Plate_733s_E04","asymptomatic","t_nk","C1",-6.07695220374523,-1.69455380117601
"GSM8121894_athero_human_1.txt.gz","Plate_733s_E06","asymptomatic","macrophage","C5",-17.3472222339584,1.41307021630185
"GSM8121894_athero_human_1.txt.gz","Plate_733s_E07","asymptomatic","b_cell","C4",-15.2237181264707,-1.23618806536545
"GSM8121894_athero_human_1.txt.gz","Plate_733s_E08","asymptomatic","macrophage","C4",-17.994956686313,-8.79606594987461
"GSM8121894_athero_human_1.txt.gz","Plate_733s_E11","asymptomatic","macrophage","C5",-17.5614759256267,2.46760770152993
"GSM8121894_athero_human_1.txt.gz","Plate_733s_E12","asymptomatic","macrophage","C4",-16.6464539783738,-0.705648132278837
"GSM8121894_athero_human_1.txt.gz","Plate_733s_E15","asymptomatic","t_nk","C1",-7.60073744669372,-6.00224933108832
"GSM8121894_athero_human_1.txt.gz","Plate_733s_E16","asymptomatic","b_cell","C1",-6.88736190184063,-4.12232492077577
"GSM8121894_athero_human_1.txt.gz","Plate_733s_E17","asymptomatic","b_cell","C1",-7.05970224634083,3.26504769474666
"GSM8121894_athero_human_1.txt.gz","Plate_733s_E18","asymptomatic","unassigned","C4",-18.7156636106311,-2.42105746518406
"GSM8121894_athero_human_1.txt.gz","Plate_733s_E19","asymptomatic","macrophage","C4",-16.9210635603692,-3.68775371732578
"GSM8121894_athero_human_1.txt.gz","Plate_733s_E20","asymptomatic","macrophage","C3",-18.0472071628148,-1.31129409976656
"GSM8121894_athero_human_1.txt.gz","Plate_733s_E21","asymptomatic","t_nk","C1",-8.35465952157071,-7.77330558141941
"GSM8121894_athero_human_1.txt.gz","Plate_733s_E22","asymptomatic","unassigned","C3",-20.4203718185475,-3.74203834720812
"GSM8121894_athero_human_1.txt.gz","Plate_733s_E23","asymptomatic","b_cell","C4",-13.6570502064668,-8.86202120345984
"GSM8121894_athero_human_1.txt.gz","Plate_733s_E24","asymptomatic","macrophage","C4",-13.9135884795123,-10.6713104516793
"GSM8121894_athero_human_1.txt.gz","Plate_733s_F02","asymptomatic","macrophage","C9",-17.6314593155331,-10.9671742561219
"GSM8121894_athero_human_1.txt.gz","Plate_733s_F03","asymptomatic","macrophage","C4",-14.6487285893414,-10.2278949224059
"GSM8121894_athero_human_1.txt.gz","Plate_733s_F05","asymptomatic","macrophage","C4",-17.0968934029272,-8.48458418466583
"GSM8121894_athero_human_1.txt.gz","Plate_733s_F07","asymptomatic","t_nk","C1",-7.36230365952577,-13.452957081338
"GSM8121894_athero_human_1.txt.gz","Plate_733s_F08","asymptomatic","macrophage","C4",-13.687722516729,-12.365512398844
"GSM8121894_athero_human_1.txt.gz","Plate_733s_F09","asymptomatic","macrophage","C4",-16.7164894184437,-9.62673070315289
"GSM8121894_athero_human_1.txt.gz","Plate_733s_F11","asymptomatic","macrophage","C4",-16.1786356117683,-10.0184477096504
"GSM8121894_athero_human_1.txt.gz","Plate_733s_F13","asymptomatic","unassigned","C1",-8.21750966410114,-14.2507742067469
"GSM8121894_athero_human_1.txt.gz","Plate_733s_F15","asymptomatic","macrophage","C4",-17.4469490001923,-8.97048708368706
"GSM8121894_athero_human_1.txt.gz","Plate_733s_F18","asymptomatic","macrophage","C3",-13.6720894496308,0.933625903204844
"GSM8121894_athero_human_1.txt.gz","Plate_733s_F19","asymptomatic","t_nk","C1",-6.25822857466832,-4.89170214774898
"GSM8121894_athero_human_1.txt.gz","Plate_733s_F20","asymptomatic","macrophage","C4",-16.8262315982734,-7.52507650957542
"GSM8121894_athero_human_1.txt.gz","Plate_733s_F21","asymptomatic","macrophage","C4",-16.525019127354,-6.79439765193072
"GSM8121894_athero_human_1.txt.gz","Plate_733s_F22","asymptomatic","macrophage","C4",-19.60508213565,-5.04450594411699
"GSM8121894_athero_human_1.txt.gz","Plate_733s_F23","asymptomatic","macrophage","C4",-17.5722546687467,-7.06066860818305
"GSM8121894_athero_human_1.txt.gz","Plate_733s_F24","asymptomatic","macrophage","C4",-13.1864257718738,-12.5505450606697
"GSM8121894_athero_human_1.txt.gz","Plate_733s_G01","asymptomatic","macrophage","C3",-20.1721458400386,-1.1282183030125
"GSM8121894_athero_human_1.txt.gz","Plate_733s_G02","asymptomatic","macrophage","C4",-15.4940265893928,-8.09666673730526
"GSM8121894_athero_human_1.txt.gz","Plate_733s_G05","asymptomatic","t_nk","C1",-8.4556345331039,-11.3698990756209
"GSM8121894_athero_human_1.txt.gz","Plate_733s_G07","asymptomatic","t_nk","C1",-9.65254597537688,-0.972189982478268
"GSM8121894_athero_human_1.txt.gz","Plate_733s_G08","asymptomatic","macrophage","C4",-13.9666021591891,-13.2918210171217
"GSM8121894_athero_human_1.txt.gz","Plate_733s_G09","asymptomatic","macrophage","C4",-18.6234748799773,-6.66439774486133
"GSM8121894_athero_human_1.txt.gz","Plate_733s_G10","asymptomatic","unassigned","C9",-14.3411593001897,-11.6248599069975
"GSM8121894_athero_human_1.txt.gz","Plate_733s_G12","asymptomatic","macrophage","C4",-14.6519639587526,-9.88617640879635
"GSM8121894_athero_human_1.txt.gz","Plate_733s_G13","asymptomatic","macrophage","C4",-20.6948509684822,-3.44478861779884
"GSM8121894_athero_human_1.txt.gz","Plate_733s_G14","asymptomatic","vsmc","C7",11.8357249401814,-10.7666454573959
"GSM8121894_athero_human_1.txt.gz","Plate_733s_G15","asymptomatic","macrophage","C3",-22.0838676103397,-5.36998209031569
"GSM8121894_athero_human_1.txt.gz","Plate_733s_G16","asymptomatic","t_nk","C1",-8.18726355570816,-14.7984603450538
"GSM8121894_athero_human_1.txt.gz","Plate_733s_G17","asymptomatic","t_nk","C1",-8.84776041561342,-7.66979714475941
"GSM8121894_athero_human_1.txt.gz","Plate_733s_G18","asymptomatic","macrophage","C4",-20.8384700734063,-3.23019217607141
"GSM8121894_athero_human_1.txt.gz","Plate_733s_G19","asymptomatic","unassigned","C1",-11.0240657677559,-0.5398598475718
"GSM8121894_athero_human_1.txt.gz","Plate_733s_G20","asymptomatic","macrophage","C4",-17.1562199127401,-7.08087691648754
"GSM8121894_athero_human_1.txt.gz","Plate_733s_G21","asymptomatic","macrophage","C5",-15.3722863064595,7.48055899593389
"GSM8121894_athero_human_1.txt.gz","Plate_733s_G22","asymptomatic","t_nk","C1",-8.34237148057572,-9.40522770497682
"GSM8121894_athero_human_1.txt.gz","Plate_733s_H01","asymptomatic","macrophage","C4",-10.9193950632897,-14.8638341702749
"GSM8121894_athero_human_1.txt.gz","Plate_733s_H03","asymptomatic","macrophage","C4",-14.2177375168424,-14.1568578199841
"GSM8121894_athero_human_1.txt.gz","Plate_733s_H07","asymptomatic","macrophage","C4",-17.5499582299815,-7.2302934098653
"GSM8121894_athero_human_1.txt.gz","Plate_733s_H10","asymptomatic","macrophage","C4",-18.3555177400777,-7.93972834371371
"GSM8121894_athero_human_1.txt.gz","Plate_733s_H11","asymptomatic","macrophage","C4",-15.859997043243,-6.2436329056287
"GSM8121894_athero_human_1.txt.gz","Plate_733s_H12","asymptomatic","macrophage","C4",-16.6473827370263,-9.27796817459804
"GSM8121894_athero_human_1.txt.gz","Plate_733s_H14","asymptomatic","macrophage","C4",-17.0577396517638,-11.5674272952971
"GSM8121894_athero_human_1.txt.gz","Plate_733s_H15","asymptomatic","macrophage","C4",-18.1255954290998,-8.51254122535643
"GSM8121894_athero_human_1.txt.gz","Plate_733s_H18","asymptomatic","b_cell","C1",-12.8317372744206,-2.32305874092105
"GSM8121894_athero_human_1.txt.gz","Plate_733s_H19","asymptomatic","t_nk","C1",-7.61604910802501,-5.8521501371221
"GSM8121894_athero_human_1.txt.gz","Plate_733s_H21","asymptomatic","macrophage","C4",-14.5668576230809,-10.9084373790645
"GSM8121894_athero_human_1.txt.gz","Plate_733s_H23","asymptomatic","macrophage","C4",-17.2183362684213,-7.92883952808508
"GSM8121894_athero_human_1.txt.gz","Plate_733s_H24","asymptomatic","macrophage","C3",-18.4137141869031,-5.1380865376882
"GSM8121894_athero_human_1.txt.gz","Plate_733s_I01","asymptomatic","mast","C4",-15.0519913709576,-13.9967657410769
"GSM8121894_athero_human_1.txt.gz","Plate_733s_I02","asymptomatic","unassigned","C4",-13.5140942676426,-12.4182766769721
"GSM8121894_athero_human_1.txt.gz","Plate_733s_I05","asymptomatic","macrophage","C4",-19.0020577679451,-6.62337232058353
"GSM8121894_athero_human_1.txt.gz","Plate_733s_I06","asymptomatic","mast","C1",-6.69787701975145,-11.4102125735125
"GSM8121894_athero_human_1.txt.gz","Plate_733s_I07","asymptomatic","macrophage","C4",-19.2991696421047,-7.32179270818857
"GSM8121894_athero_human_1.txt.gz","Plate_733s_I08","asymptomatic","macrophage","C4",-19.0126195239716,-5.45592313367964
"GSM8121894_athero_human_1.txt.gz","Plate_733s_I09","asymptomatic","macrophage","C3",-18.2626565057395,0.682475743350158
"GSM8121894_athero_human_1.txt.gz","Plate_733s_I10","asymptomatic","t_nk","C1",-7.84773159733436,-10.7267274321777
"GSM8121894_athero_human_1.txt.gz","Plate_733s_I11","asymptomatic","t_nk","C1",-8.97869197471402,-5.02045430895986
"GSM8121894_athero_human_1.txt.gz","Plate_733s_I12","asymptomatic","mast","C4",-13.4241487615542,-14.3451278563458
"GSM8121894_athero_human_1.txt.gz","Plate_733s_I13","asymptomatic","mast","C4",-15.6437203381068,-7.7889178716946
"GSM8121894_athero_human_1.txt.gz","Plate_733s_I14","asymptomatic","macrophage","C4",-18.599781687521,-7.13324731152146
"GSM8121894_athero_human_1.txt.gz","Plate_733s_I15","asymptomatic","mast","C4",-18.7134187349895,-1.91794066957822
"GSM8121894_athero_human_1.txt.gz","Plate_733s_I16","asymptomatic","macrophage","C3",-17.5722116119538,1.11042891876973
"GSM8121894_athero_human_1.txt.gz","Plate_733s_I18","asymptomatic","macrophage","C3",-19.5434547325441,-3.74008969389244
"GSM8121894_athero_human_1.txt.gz","Plate_733s_I20","asymptomatic","macrophage","C5",-13.5231924837891,0.466281360478563
"GSM8121894_athero_human_1.txt.gz","Plate_733s_I21","asymptomatic","mast","C4",-17.2287113694047,-8.53676832512997
"GSM8121894_athero_human_1.txt.gz","Plate_733s_I22","asymptomatic","mast","C4",-15.0547090849607,-11.7738704218575
"GSM8121894_athero_human_1.txt.gz","Plate_733s_I23","asymptomatic","mast","C4",-14.3872332507642,-12.3094480802108
"GSM8121894_athero_human_1.txt.gz","Plate_733s_I24","asymptomatic","macrophage","C9",-17.7488029008578,-4.83897510967708
"GSM8121894_athero_human_1.txt.gz","Plate_733s_J03","asymptomatic","macrophage","C4",-14.5432487114882,-7.89408476048551
"GSM8121894_athero_human_1.txt.gz","Plate_733s_J07","asymptomatic","macrophage","C4",-13.5276131262341,-14.4544927789655
"GSM8121894_athero_human_1.txt.gz","Plate_733s_J09","asymptomatic","macrophage","C9",-18.8545919726767,-8.2583691505743
"GSM8121894_athero_human_1.txt.gz","Plate_733s_J11","asymptomatic","macrophage","C9",-20.5220005987115,-4.85854687425827
"GSM8121894_athero_human_1.txt.gz","Plate_733s_J12","asymptomatic","macrophage","C9",-20.1486835375189,-6.53099885276705
"GSM8121894_athero_human_1.txt.gz","Plate_733s_J13","asymptomatic","macrophage","C4",-15.083795519639,-1.24318706166803
"GSM8121894_athero_human_1.txt.gz","Plate_733s_J14","asymptomatic","t_nk","C1",-7.24192706721193,-5.56439381454051
"GSM8121894_athero_human_1.txt.gz","Plate_733s_J16","asymptomatic","b_cell","C5",-11.180164898679,1.10382806004158
"GSM8121894_athero_human_1.txt.gz","Plate_733s_J17","asymptomatic","macrophage","C4",-17.2148716539256,-7.28642536016165
"GSM8121894_athero_human_1.txt.gz","Plate_733s_J19","asymptomatic","macrophage","C9",-18.6925598231881,-6.28308989426029
"GSM8121894_athero_human_1.txt.gz","Plate_733s_J20","asymptomatic","macrophage","C3",-18.7546332894354,-2.88925387757709
"GSM8121894_athero_human_1.txt.gz","Plate_733s_J21","asymptomatic","b_cell","C1",-5.3475128128088,3.65872737233602
"GSM8121894_athero_human_1.txt.gz","Plate_733s_J23","asymptomatic","t_nk","C1",-8.98522856463297,-4.26601060806121
"GSM8121894_athero_human_1.txt.gz","Plate_733s_J24","asymptomatic","macrophage","C4",-19.8457099376379,-4.01570500740251
"GSM8121894_athero_human_1.txt.gz","Plate_733s_K01","asymptomatic","fibroblast","C7",3.94316564552472,-15.0804078682521
"GSM8121894_athero_human_1.txt.gz","Plate_733s_K02","asymptomatic","t_nk","C1",-9.61661593067689,-8.86125665604036
"GSM8121894_athero_human_1.txt.gz","Plate_733s_K03","asymptomatic","macrophage","C3",-21.0181013425003,-0.47917678910219
"GSM8121894_athero_human_1.txt.gz","Plate_733s_K04","asymptomatic","macrophage","C4",-10.5862348458863,-16.6896129668317
"GSM8121894_athero_human_1.txt.gz","Plate_733s_K05","asymptomatic","macrophage","C4",-17.6836914250132,-3.24634139837913
"GSM8121894_athero_human_1.txt.gz","Plate_733s_K06","asymptomatic","macrophage","C9",-15.5664722750149,-2.78280726430801
"GSM8121894_athero_human_1.txt.gz","Plate_733s_K07","asymptomatic","macrophage","C4",-16.3908875095353,-5.22434181134316
"GSM8121894_athero_human_1.txt.gz","Plate_733s_K08","asymptomatic","macrophage","C9",-19.2621449642512,-6.38362437523725
"GSM8121894_athero_human_1.txt.gz","Plate_733s_K09","asymptomatic","macrophage","C3",-20.2510637473901,-2.68533638029957
"GSM8121894_athero_human_1.txt.gz","Plate_733s_K10","asymptomatic","macrophage","C4",-14.7610066724272,-9.27714090474354
"GSM8121894_athero_human_1.txt.gz","Plate_733s_K11","asymptomatic","macrophage","C4",-17.1689849907395,-7.32046451756205
"GSM8121894_athero_human_1.txt.gz","Plate_733s_K12","asymptomatic","t_nk","C1",-7.02692830910316,-14.2532222386399
"GSM8121894_athero_human_1.txt.gz","Plate_733s_K13","asymptomatic","macrophage","C9",-17.5541353554717,-8.83057870851129
"GSM8121894_athero_human_1.txt.gz","Plate_733s_K14","asymptomatic","macrophage","C3",-21.1695824762999,-4.37777177465974
"GSM8121894_athero_human_1.txt.gz","Plate_733s_K15","asymptomatic","macrophage","C3",-19.9788238090105,1.30929420917892
"GSM8121894_athero_human_1.txt.gz","Plate_733s_K17","asymptomatic","macrophage","C4",-18.6693390005942,-5.10373602132052
"GSM8121894_athero_human_1.txt.gz","Plate_733s_K18","asymptomatic","macrophage","C9",-19.5584292912441,-5.26114172817304
"GSM8121894_athero_human_1.txt.gz","Plate_733s_K19","asymptomatic","t_nk","C1",-7.68363483307693,-7.20183054738667
"GSM8121894_athero_human_1.txt.gz","Plate_733s_K20","asymptomatic","macrophage","C4",-18.1986156252744,-7.25090418584916
"GSM8121894_athero_human_1.txt.gz","Plate_733s_K21","asymptomatic","macrophage","C3",-18.8839483964769,-1.30752358753867
"GSM8121894_athero_human_1.txt.gz","Plate_733s_K22","asymptomatic","t_nk","C1",-10.2847687054577,-8.42974870828816
"GSM8121894_athero_human_1.txt.gz","Plate_733s_K23","asymptomatic","macrophage","C3",-20.3975913508965,-1.4203652763697
"GSM8121894_athero_human_1.txt.gz","Plate_733s_K24","asymptomatic","t_nk","C1",-7.85611612971111,-9.24942480344727
"GSM8121894_athero_human_1.txt.gz","Plate_733s_L09","asymptomatic","macrophage","C4",-17.2656762094272,-1.89997153797061
"GSM8121894_athero_human_1.txt.gz","Plate_733s_L11","asymptomatic","unassigned","C4",-10.1549609685359,-14.6880722187226
"GSM8121894_athero_human_1.txt.gz","Plate_733s_L13","asymptomatic","macrophage","C4",-12.6725739216613,-11.431934218964
"GSM8121894_athero_human_1.txt.gz","Plate_733s_L15","asymptomatic","macrophage","C4",-17.8084048943978,-7.84305810782704
"GSM8121894_athero_human_1.txt.gz","Plate_733s_L16","asymptomatic","macrophage","C4",-15.9218135116085,-2.28695253512754
"GSM8121894_athero_human_1.txt.gz","Plate_733s_L17","asymptomatic","macrophage","C3",-20.4114031684016,1.34031939426345
"GSM8121894_athero_human_1.txt.gz","Plate_733s_L19","asymptomatic","macrophage","C4",-17.8389905611438,-9.40580816617664
"GSM8121894_athero_human_1.txt.gz","Plate_733s_L20","asymptomatic","macrophage","C4",-16.3792026224581,-9.25325304282078
"GSM8121894_athero_human_1.txt.gz","Plate_733s_L21","asymptomatic","macrophage","C4",-15.4776567444241,-7.96278667107394
"GSM8121894_athero_human_1.txt.gz","Plate_733s_L22","asymptomatic","macrophage","C5",-17.1654992480672,4.1387021485076
"GSM8121894_athero_human_1.txt.gz","Plate_733s_M02","asymptomatic","vsmc","C7",3.87362362287099,-16.7190481028055
"GSM8121894_athero_human_1.txt.gz","Plate_733s_M03","asymptomatic","macrophage","C9",-20.3068522970336,-6.89080257223894
"GSM8121894_athero_human_1.txt.gz","Plate_733s_M04","asymptomatic","macrophage","C4",-16.2339562293075,-11.2905360775971
"GSM8121894_athero_human_1.txt.gz","Plate_733s_M05","asymptomatic","t_nk","C1",-8.23172397762655,-6.6604706854015
"GSM8121894_athero_human_1.txt.gz","Plate_733s_M06","asymptomatic","macrophage","C4",-16.1923972020725,-9.26493020621814
"GSM8121894_athero_human_1.txt.gz","Plate_733s_M07","asymptomatic","macrophage","C4",-18.4196462192044,-4.03762765263997
"GSM8121894_athero_human_1.txt.gz","Plate_733s_M08","asymptomatic","unassigned","C9",-15.2625174740014,-13.462100376711
"GSM8121894_athero_human_1.txt.gz","Plate_733s_M10","asymptomatic","macrophage","C9",-16.691363198656,-9.81760125306585
"GSM8121894_athero_human_1.txt.gz","Plate_733s_M11","asymptomatic","macrophage","C4",-17.0099455273669,-8.05757407422072
"GSM8121894_athero_human_1.txt.gz","Plate_733s_M12","asymptomatic","macrophage","C5",-17.1438414551132,0.515957986026808
"GSM8121894_athero_human_1.txt.gz","Plate_733s_M13","asymptomatic","macrophage","C9",-18.5383098621897,-7.38887549157373
"GSM8121894_athero_human_1.txt.gz","Plate_733s_M14","asymptomatic","t_nk","C1",-8.49273299168352,-12.1951263209772
"GSM8121894_athero_human_1.txt.gz","Plate_733s_M15","asymptomatic","macrophage","C4",-17.8299171218836,-10.5416807683856
"GSM8121894_athero_human_1.txt.gz","Plate_733s_M16","asymptomatic","macrophage","C4",-17.3920900172232,-10.7527319155031
"GSM8121894_athero_human_1.txt.gz","Plate_733s_M17","asymptomatic","macrophage","C3",-21.4338156419596,2.62592260183507
"GSM8121894_athero_human_1.txt.gz","Plate_733s_M20","asymptomatic","macrophage","C4",-14.2090781302647,-8.39113101811031
"GSM8121894_athero_human_1.txt.gz","Plate_733s_M21","asymptomatic","macrophage","C4",-17.4727720658744,-8.28256247353919
"GSM8121894_athero_human_1.txt.gz","Plate_733s_M22","asymptomatic","macrophage","C4",-17.5277609761541,-7.98561917277688
"GSM8121894_athero_human_1.txt.gz","Plate_733s_M23","asymptomatic","macrophage","C4",-17.6729320827623,-0.881167037311078
"GSM8121894_athero_human_1.txt.gz","Plate_733s_M24","asymptomatic","fibroblast","C7",10.3304193555161,-11.7592524929741
"GSM8121894_athero_human_1.txt.gz","Plate_733s_N01","asymptomatic","macrophage","C4",-12.7263213411816,-14.7833405499447
"GSM8121894_athero_human_1.txt.gz","Plate_733s_N05","asymptomatic","b_cell","C4",-11.6869100788941,-13.9177827721932
"GSM8121894_athero_human_1.txt.gz","Plate_733s_N07","asymptomatic","macrophage","C4",-13.6098094621685,-12.4161831063834
"GSM8121894_athero_human_1.txt.gz","Plate_733s_N09","asymptomatic","t_nk","C1",-8.79584831788726,-6.38935546936017
"GSM8121894_athero_human_1.txt.gz","Plate_733s_N12","asymptomatic","macrophage","C9",-19.2381845768373,-6.22331071042559
"GSM8121894_athero_human_1.txt.gz","Plate_733s_N13","asymptomatic","t_nk","C1",-8.13585784917551,-13.5468164097579
"GSM8121894_athero_human_1.txt.gz","Plate_733s_N15","asymptomatic","macrophage","C4",-14.8263496470477,-13.1705662828634
"GSM8121894_athero_human_1.txt.gz","Plate_733s_N17","asymptomatic","macrophage","C4",-14.5077927264023,-11.0639538240955
"GSM8121894_athero_human_1.txt.gz","Plate_733s_N18","asymptomatic","b_cell","C1",-4.95103018794594,-6.90761054663555
"GSM8121894_athero_human_1.txt.gz","Plate_733s_N19","asymptomatic","t_nk","C1",-7.01639668723536,-10.546499172544
"GSM8121894_athero_human_1.txt.gz","Plate_733s_N20","asymptomatic","macrophage","C4",-16.0552308529307,-9.72425167200531
"GSM8121894_athero_human_1.txt.gz","Plate_733s_N21","asymptomatic","unassigned","C4",-15.0931043332529,-4.14250994692967
"GSM8121894_athero_human_1.txt.gz","Plate_733s_N22","asymptomatic","b_cell","C9",-16.5394495554336,-11.659164001609
"GSM8121894_athero_human_1.txt.gz","Plate_733s_N23","asymptomatic","macrophage","C3",-17.9266109250708,-1.11003516487386
"GSM8121894_athero_human_1.txt.gz","Plate_733s_N24","asymptomatic","macrophage","C4",-18.0008782295955,-8.4310749105625
"GSM8121894_athero_human_1.txt.gz","Plate_733s_O01","asymptomatic","macrophage","C4",-12.4767869908963,-11.5756545459001
"GSM8121894_athero_human_1.txt.gz","Plate_733s_O02","asymptomatic","macrophage","C5",-15.6527213941123,4.92414281774442
"GSM8121894_athero_human_1.txt.gz","Plate_733s_O03","asymptomatic","fibroblast","C7",3.53580315368862,-14.2421417629401
"GSM8121894_athero_human_1.txt.gz","Plate_733s_O05","asymptomatic","macrophage","C4",-15.6556541988659,-7.23243834440667
"GSM8121894_athero_human_1.txt.gz","Plate_733s_O06","asymptomatic","t_nk","C1",-7.54530446064004,-9.06926523612982
"GSM8121894_athero_human_1.txt.gz","Plate_733s_O08","asymptomatic","macrophage","C4",-15.1130263580585,-11.9534619222413
"GSM8121894_athero_human_1.txt.gz","Plate_733s_O09","asymptomatic","t_nk","C1",-9.12365217906854,-10.3480066112047
"GSM8121894_athero_human_1.txt.gz","Plate_733s_O11","asymptomatic","macrophage","C9",-17.3588807742367,-10.8248376998492
"GSM8121894_athero_human_1.txt.gz","Plate_733s_O12","asymptomatic","macrophage","C4",-18.4188925551806,-7.06415705104051
"GSM8121894_athero_human_1.txt.gz","Plate_733s_O13","asymptomatic","t_nk","C1",-8.36756194297036,-9.851873280006
"GSM8121894_athero_human_1.txt.gz","Plate_733s_O15","asymptomatic","vsmc","C2",8.55256171427247,-1.70258573876159
"GSM8121894_athero_human_1.txt.gz","Plate_733s_O16","asymptomatic","macrophage","C4",-16.5390053077042,-8.38484151190502
"GSM8121894_athero_human_1.txt.gz","Plate_733s_O17","asymptomatic","macrophage","C4",-15.6278692487028,-7.855445464421
"GSM8121894_athero_human_1.txt.gz","Plate_733s_O18","asymptomatic","macrophage","C4",-13.6168321924868,-4.9173632830122
"GSM8121894_athero_human_1.txt.gz","Plate_733s_O19","asymptomatic","macrophage","C9",-17.3321346135739,-0.820980278529806
"GSM8121894_athero_human_1.txt.gz","Plate_733s_O20","asymptomatic","fibroblast","C7",14.5898103769283,-10.207753230908
"GSM8121894_athero_human_1.txt.gz","Plate_733s_O21","asymptomatic","macrophage","C4",-17.0233911018246,-1.70222262994517
"GSM8121894_athero_human_1.txt.gz","Plate_733s_O22","asymptomatic","macrophage","C9",-18.3374399826202,-7.63605294756731
"GSM8121894_athero_human_1.txt.gz","Plate_733s_P01","asymptomatic","macrophage","C4",-15.1212947621873,-9.47775001403074
"GSM8121894_athero_human_1.txt.gz","Plate_733s_P03","asymptomatic","macrophage","C4",-12.2810878026345,-10.5281192185524
"GSM8121894_athero_human_1.txt.gz","Plate_733s_P05","asymptomatic","t_nk","C1",-9.30941306666108,-8.19760458144995
"GSM8121894_athero_human_1.txt.gz","Plate_733s_P06","asymptomatic","macrophage","C9",-19.4264319995798,-6.28649399118486
"GSM8121894_athero_human_1.txt.gz","Plate_733s_P07","asymptomatic","macrophage","C9",-19.1188503444536,1.0139209602496
"GSM8121894_athero_human_1.txt.gz","Plate_733s_P08","asymptomatic","macrophage","C4",-16.7267149456138,-7.65058154008976
"GSM8121894_athero_human_1.txt.gz","Plate_733s_P09","asymptomatic","macrophage","C4",-14.511146132287,-9.54817751261176
"GSM8121894_athero_human_1.txt.gz","Plate_733s_P10","asymptomatic","fibroblast","C10",14.5660363453509,-4.21525522860343
"GSM8121894_athero_human_1.txt.gz","Plate_733s_P11","asymptomatic","macrophage","C4",-16.9062933894892,-9.32796805993715
"GSM8121894_athero_human_1.txt.gz","Plate_733s_P13","asymptomatic","macrophage","C4",-13.9661785962304,-6.12729815048242
"GSM8121894_athero_human_1.txt.gz","Plate_733s_P14","asymptomatic","vsmc","C7",12.6638289938196,-8.64346151368418
"GSM8121894_athero_human_1.txt.gz","Plate_733s_P15","asymptomatic","macrophage","C4",-14.8387080249411,-10.8145276958625
"GSM8121894_athero_human_1.txt.gz","Plate_733s_P17","asymptomatic","macrophage","C4",-19.0377330564924,-8.12450534264939
"GSM8121894_athero_human_1.txt.gz","Plate_733s_P18","asymptomatic","macrophage","C4",-18.1693086993374,-2.69226155677277
"GSM8121894_athero_human_1.txt.gz","Plate_733s_P19","asymptomatic","macrophage","C9",-20.8638175395873,-5.91287985537909
"GSM8121894_athero_human_1.txt.gz","Plate_733s_P21","asymptomatic","macrophage","C4",-19.1616437535273,-4.98571451699665
"GSM8121894_athero_human_1.txt.gz","Plate_733s_P22","asymptomatic","macrophage","C4",-14.8536959157449,-8.79655944133907
"GSM8121895_athero_human_2.txt.gz","Plate_170s_A01","asymptomatic","endothelial","C6",3.79137112866532,15.611929207617
"GSM8121895_athero_human_2.txt.gz","Plate_170s_A02","asymptomatic","endothelial","C6",4.21373356304515,22.8996131221122
"GSM8121895_athero_human_2.txt.gz","Plate_170s_A03","asymptomatic","b_cell","C3",-21.2954682265866,-2.13509161758846
"GSM8121895_athero_human_2.txt.gz","Plate_170s_A04","asymptomatic","endothelial","C6",9.64605517391468,13.9045657788207
"GSM8121895_athero_human_2.txt.gz","Plate_170s_A05","asymptomatic","endothelial","C6",8.37430757876888,15.2459453850758
"GSM8121895_athero_human_2.txt.gz","Plate_170s_A06","asymptomatic","endothelial","C6",4.41660301084524,16.9062571897681
"GSM8121895_athero_human_2.txt.gz","Plate_170s_A07","asymptomatic","endothelial","C6",9.05167472322507,19.6354369242781
"GSM8121895_athero_human_2.txt.gz","Plate_170s_A08","asymptomatic","endothelial","C6",3.44399392256124,21.8668564131339
"GSM8121895_athero_human_2.txt.gz","Plate_170s_A11","asymptomatic","endothelial","C6",5.54937756022878,23.422635906758
"GSM8121895_athero_human_2.txt.gz","Plate_170s_A12","asymptomatic","endothelial","C6",6.23954250784504,16.1001631573033
"GSM8121895_athero_human_2.txt.gz","Plate_170s_B01","asymptomatic","endothelial","C6",7.12829191995845,23.8829087031255
"GSM8121895_athero_human_2.txt.gz","Plate_170s_B03","asymptomatic","endothelial","C6",4.15928184638507,6.43681894292605
"GSM8121895_athero_human_2.txt.gz","Plate_170s_B04","asymptomatic","endothelial","C6",4.20597811452743,21.7765585243024
"GSM8121895_athero_human_2.txt.gz","Plate_170s_B05","asymptomatic","endothelial","C6",9.16976599919533,17.9162007791348
"GSM8121895_athero_human_2.txt.gz","Plate_170s_B06","asymptomatic","endothelial","C6",6.22558477297425,13.1330574390842
"GSM8121895_athero_human_2.txt.gz","Plate_170s_B07","asymptomatic","endothelial","C6",4.96015539963069,15.1208009970892
"GSM8121895_athero_human_2.txt.gz","Plate_170s_B11","asymptomatic","endothelial","C6",7.01779184991489,21.4185441231513
"GSM8121895_athero_human_2.txt.gz","Plate_170s_C01","asymptomatic","endothelial","C6",3.63484520506564,17.2264497939993
"GSM8121895_athero_human_2.txt.gz","Plate_170s_C03","asymptomatic","macrophage","C5",-18.7298579669218,4.85590133425408
"GSM8121895_athero_human_2.txt.gz","Plate_170s_C04","asymptomatic","endothelial","C6",1.8987383985769,9.47131535235273
"GSM8121895_athero_human_2.txt.gz","Plate_170s_C05","asymptomatic","macrophage","C5",-19.9147476212395,6.53041461731899
"GSM8121895_athero_human_2.txt.gz","Plate_170s_C06","asymptomatic","endothelial","C6",8.50019635161772,17.0908070224311
"GSM8121895_athero_human_2.txt.gz","Plate_170s_C07","asymptomatic","endothelial","C6",6.48324791072498,18.9631079896775
"GSM8121895_athero_human_2.txt.gz","Plate_170s_C08","asymptomatic","endothelial","C6",4.16731105577954,14.9107129969836
"GSM8121895_athero_human_2.txt.gz","Plate_170s_C09","asymptomatic","unassigned","C6",1.24187976798746,4.32784529759593
"GSM8121895_athero_human_2.txt.gz","Plate_170s_C10","asymptomatic","macrophage","C9",-18.2282497051648,-1.96109560253753
"GSM8121895_athero_human_2.txt.gz","Plate_170s_C12","asymptomatic","unassigned","C6",4.01404831784366,1.82968611269379
"GSM8121895_athero_human_2.txt.gz","Plate_170s_D01","asymptomatic","endothelial","C6",4.9379278847287,16.9060881108068
"GSM8121895_athero_human_2.txt.gz","Plate_170s_D03","asymptomatic","endothelial","C6",6.60966616142747,4.8705675063382
"GSM8121895_athero_human_2.txt.gz","Plate_170s_D04","asymptomatic","endothelial","C6",4.41784207427621,18.3003421734049
"GSM8121895_athero_human_2.txt.gz","Plate_170s_D05","asymptomatic","endothelial","C6",1.97026284861093,21.6249349739135
"GSM8121895_athero_human_2.txt.gz","Plate_170s_D06","asymptomatic","endothelial","C6",10.233363818893,14.391687483573
"GSM8121895_athero_human_2.txt.gz","Plate_170s_D07","asymptomatic","endothelial","C6",2.51080702942643,6.06559285575314
"GSM8121895_athero_human_2.txt.gz","Plate_170s_D08","asymptomatic","endothelial","C6",3.00153574881962,7.48210174855916
"GSM8121895_athero_human_2.txt.gz","Plate_170s_D09","asymptomatic","endothelial","C6",8.63851994730141,19.6477795162741
"GSM8121895_athero_human_2.txt.gz","Plate_170s_D10","asymptomatic","endothelial","C6",5.41897858481531,18.861818871878
"GSM8121895_athero_human_2.txt.gz","Plate_170s_D11","asymptomatic","endothelial","C6",4.97073457272756,9.46579733791166
"GSM8121895_athero_human_2.txt.gz","Plate_170s_D12","asymptomatic","endothelial","C6",5.7202080084961,14.7973928713819
"GSM8121895_athero_human_2.txt.gz","Plate_170s_E02","asymptomatic","macrophage","C3",-20.4752744443056,0.914157115807156
"GSM8121895_athero_human_2.txt.gz","Plate_170s_E05","asymptomatic","endothelial","C6",3.97310890554599,20.4277091048234
"GSM8121895_athero_human_2.txt.gz","Plate_170s_E06","asymptomatic","endothelial","C6",6.25657313640346,23.6061147503869
"GSM8121895_athero_human_2.txt.gz","Plate_170s_E07","asymptomatic","macrophage","C5",-18.0884011421391,-0.255570376865
"GSM8121895_athero_human_2.txt.gz","Plate_170s_E08","asymptomatic","macrophage","C3",-21.2233266839577,-2.91472954409177
"GSM8121895_athero_human_2.txt.gz","Plate_170s_E09","asymptomatic","endothelial","C6",7.59678633500457,12.8751949211098
"GSM8121895_athero_human_2.txt.gz","Plate_170s_E10","asymptomatic","endothelial","C6",2.39814439999206,11.5083852678246
"GSM8121895_athero_human_2.txt.gz","Plate_170s_E11","asymptomatic","endothelial","C6",5.44336151060203,20.6570881721757
"GSM8121895_athero_human_2.txt.gz","Plate_170s_E12","asymptomatic","endothelial","C6",0.554663580676146,8.90154343798641
"GSM8121895_athero_human_2.txt.gz","Plate_170s_E16","asymptomatic","mast","C4",-2.21441970391236,0.02376691298783
"GSM8121895_athero_human_2.txt.gz","Plate_170s_F01","asymptomatic","endothelial","C6",6.88187587933907,23.6524490465461
"GSM8121895_athero_human_2.txt.gz","Plate_170s_F02","asymptomatic","macrophage","C9",-21.2474832803072,-1.39838611107565
"GSM8121895_athero_human_2.txt.gz","Plate_170s_F03","asymptomatic","endothelial","C6",4.34706795539978,5.96330146416953
"GSM8121895_athero_human_2.txt.gz","Plate_170s_F05","asymptomatic","endothelial","C6",5.70144352333836,12.9691009704398
"GSM8121895_athero_human_2.txt.gz","Plate_170s_F07","asymptomatic","endothelial","C6",6.25739154717519,22.0679660006282
"GSM8121895_athero_human_2.txt.gz","Plate_170s_F09","asymptomatic","endothelial","C6",6.81016562814136,14.3628320029331
"GSM8121895_athero_human_2.txt.gz","Plate_170s_F10","asymptomatic","endothelial","C6",8.5079016999997,18.9064129866285
"GSM8121895_athero_human_2.txt.gz","Plate_170s_F11","asymptomatic","endothelial","C7",2.87405507271753,-2.99068308179217
"GSM8121895_athero_human_2.txt.gz","Plate_170s_F12","asymptomatic","endothelial","C6",7.7205071422113,13.3735208409478
"GSM8121895_athero_human_2.txt.gz","Plate_170s_G02","asymptomatic","endothelial","C6",7.81952333742644,18.5349685403795
"GSM8121895_athero_human_2.txt.gz","Plate_170s_G03","asymptomatic","endothelial","C6",5.84097725319234,20.8497716663499
"GSM8121895_athero_human_2.txt.gz","Plate_170s_G05","asymptomatic","endothelial","C6",7.28247016469508,14.1578515002453
"GSM8121895_athero_human_2.txt.gz","Plate_170s_G06","asymptomatic","endothelial","C6",6.84787994217641,25.0870471946439
"GSM8121895_athero_human_2.txt.gz","Plate_170s_G08","asymptomatic","mast","C5",-20.2415512348323,4.64450076457263
"GSM8121895_athero_human_2.txt.gz","Plate_170s_G09","asymptomatic","unassigned","C6",5.82060563486937,11.567371638111
"GSM8121895_athero_human_2.txt.gz","Plate_170s_G10","asymptomatic","endothelial","C6",3.88829190757936,12.8183070622585
"GSM8121895_athero_human_2.txt.gz","Plate_170s_G11","asymptomatic","endothelial","C6",8.40662138304353,13.2292001850865
"GSM8121895_athero_human_2.txt.gz","Plate_170s_G12","asymptomatic","endothelial","C6",2.41809084373838,2.80240199632432
"GSM8121895_athero_human_2.txt.gz","Plate_170s_H01","asymptomatic","endothelial","C6",7.52275030816296,19.1470780840629
"GSM8121895_athero_human_2.txt.gz","Plate_170s_H03","asymptomatic","endothelial","C6",4.37708862630721,14.0875808593606
"GSM8121895_athero_human_2.txt.gz","Plate_170s_H05","asymptomatic","endothelial","C6",6.70322835627979,11.7067336506207
"GSM8121895_athero_human_2.txt.gz","Plate_170s_H07","asymptomatic","endothelial","C6",4.93038375131946,8.44612673855873
"GSM8121895_athero_human_2.txt.gz","Plate_170s_H08","asymptomatic","endothelial","C6",8.81517186777778,14.8165337758778
"GSM8121895_athero_human_2.txt.gz","Plate_170s_H09","asymptomatic","endothelial","C6",2.21909714210225,15.2423651115092
"GSM8121895_athero_human_2.txt.gz","Plate_170s_H10","asymptomatic","endothelial","C6",-0.265150528016531,12.7721243824601
"GSM8121895_athero_human_2.txt.gz","Plate_170s_H11","asymptomatic","endothelial","C6",2.67786343821852,19.8165905312475
"GSM8121895_athero_human_2.txt.gz","Plate_170s_H12","asymptomatic","endothelial","C6",7.53498923338612,11.3917163395448
"GSM8121895_athero_human_2.txt.gz","Plate_170s_I01","asymptomatic","endothelial","C6",9.04386378741159,17.9751474235934
"GSM8121895_athero_human_2.txt.gz","Plate_170s_I02","asymptomatic","endothelial","C6",9.29898521379433,17.1399753023081
"GSM8121895_athero_human_2.txt.gz","Plate_170s_I03","asymptomatic","endothelial","C6",3.85195553550241,5.55674780016076
"GSM8121895_athero_human_2.txt.gz","Plate_170s_I06","asymptomatic","endothelial","C6",4.97766159300254,19.0143401245715
"GSM8121895_athero_human_2.txt.gz","Plate_170s_I07","asymptomatic","endothelial","C6",8.33261654107433,11.6969381347949
"GSM8121895_athero_human_2.txt.gz","Plate_170s_I08","asymptomatic","endothelial","C6",2.45042119782417,12.6595571002029
"GSM8121895_athero_human_2.txt.gz","Plate_170s_I09","asymptomatic","macrophage","C5",-15.9507323895981,7.36547727457359
"GSM8121895_athero_human_2.txt.gz","Plate_170s_I10","asymptomatic","endothelial","C6",6.72068777633775,21.975407065668
"GSM8121895_athero_human_2.txt.gz","Plate_170s_I11","asymptomatic","endothelial","C6",6.22218262675068,14.9864919706406
"GSM8121895_athero_human_2.txt.gz","Plate_170s_I12","asymptomatic","endothelial","C6",9.1201327676808,19.767518026857
"GSM8121895_athero_human_2.txt.gz","Plate_170s_J01","asymptomatic","endothelial","C7",11.7224565848395,1.51138843738485
"GSM8121895_athero_human_2.txt.gz","Plate_170s_J02","asymptomatic","endothelial","C6",3.81477770758437,14.0769422337631
"GSM8121895_athero_human_2.txt.gz","Plate_170s_J04","asymptomatic","endothelial","C6",1.33330808106597,4.05008583798328
"GSM8121895_athero_human_2.txt.gz","Plate_170s_J05","asymptomatic","endothelial","C6",5.9442153354235,16.7476903620252
"GSM8121895_athero_human_2.txt.gz","Plate_170s_J06","asymptomatic","endothelial","C6",5.82561655325666,15.3460596156358
"GSM8121895_athero_human_2.txt.gz","Plate_170s_J08","asymptomatic","endothelial","C6",3.60701476906579,7.3950038211959
"GSM8121895_athero_human_2.txt.gz","Plate_170s_J09","asymptomatic","endothelial","C6",3.68020025820681,17.5614469496331
"GSM8121895_athero_human_2.txt.gz","Plate_170s_J11","asymptomatic","endothelial","C6",7.00030421490934,14.7863615806275
"GSM8121895_athero_human_2.txt.gz","Plate_170s_K01","asymptomatic","endothelial","C6",0.731519260575749,2.37379665546457
"GSM8121895_athero_human_2.txt.gz","Plate_170s_K02","asymptomatic","endothelial","C6",2.23842451510329,19.6165395108223
"GSM8121895_athero_human_2.txt.gz","Plate_170s_K03","asymptomatic","endothelial","C6",0.069901514427375,8.56254371373144
"GSM8121895_athero_human_2.txt.gz","Plate_170s_K04","asymptomatic","endothelial","C6",7.97428437403948,18.3021358903074
"GSM8121895_athero_human_2.txt.gz","Plate_170s_K05","asymptomatic","endothelial","C6",3.57968921508803,9.88151410676672
"GSM8121895_athero_human_2.txt.gz","Plate_170s_K06","asymptomatic","endothelial","C6",4.33570279359146,10.8212327122292
"GSM8121895_athero_human_2.txt.gz","Plate_170s_K07","asymptomatic","endothelial","C6",2.93611745804023,10.3548521197874
"GSM8121895_athero_human_2.txt.gz","Plate_170s_K11","asymptomatic","endothelial","C6",7.09300189522883,13.3154625670718
"GSM8121895_athero_human_2.txt.gz","Plate_170s_L01","asymptomatic","endothelial","C6",6.52029655857381,23.4955910936708
"GSM8121895_athero_human_2.txt.gz","Plate_170s_L02","asymptomatic","endothelial","C6",8.56719770698573,14.4678949904789
"GSM8121895_athero_human_2.txt.gz","Plate_170s_L03","asymptomatic","endothelial","C6",8.96775318472445,17.9873863572524
"GSM8121895_athero_human_2.txt.gz","Plate_170s_L04","asymptomatic","endothelial","C6",0.00834624369021686,5.18508382287142
"GSM8121895_athero_human_2.txt.gz","Plate_170s_L05","asymptomatic","endothelial","C6",6.8207640619706,6.61262504112301
"GSM8121895_athero_human_2.txt.gz","Plate_170s_L09","asymptomatic","endothelial","C6",2.08655889873863,6.32398672757075
"GSM8121895_athero_human_2.txt.gz","Plate_170s_L10","asymptomatic","mast","C6",4.16092955194885,8.16898688031781
"GSM8121895_athero_human_2.txt.gz","Plate_170s_L11","asymptomatic","endothelial","C6",5.41442507020531,14.3294246616894
"GSM8121895_athero_human_2.txt.gz","Plate_170s_M01","asymptomatic","endothelial","C6",8.72794328330863,17.6195991420442
"GSM8121895_athero_human_2.txt.gz","Plate_170s_M02","asymptomatic","endothelial","C6",3.61146015677379,16.2710694373793
"GSM8121895_athero_human_2.txt.gz","Plate_170s_M03","asymptomatic","endothelial","C6",6.67876688628029,16.3342377342211
"GSM8121895_athero_human_2.txt.gz","Plate_170s_M04","asymptomatic","t_nk","C9",-14.2754275931329,-4.29967933713169
"GSM8121895_athero_human_2.txt.gz","Plate_170s_M05","asymptomatic","endothelial","C6",5.38632421278762,18.6674248313464
"GSM8121895_athero_human_2.txt.gz","Plate_170s_M07","asymptomatic","endothelial","C6",4.14878793278799,15.2759222271881
"GSM8121895_athero_human_2.txt.gz","Plate_170s_M09","asymptomatic","endothelial","C6",6.4492549297339,8.28924032987414
"GSM8121895_athero_human_2.txt.gz","Plate_170s_M10","asymptomatic","endothelial","C6",4.5277202868539,7.42411969784742
"GSM8121895_athero_human_2.txt.gz","Plate_170s_N01","asymptomatic","endothelial","C6",7.87710981878231,12.1171166181944
"GSM8121895_athero_human_2.txt.gz","Plate_170s_N02","asymptomatic","endothelial","C6",5.6335361765405,15.5701251145953
"GSM8121895_athero_human_2.txt.gz","Plate_170s_N04","asymptomatic","endothelial","C6",3.2598986110193,2.62869458796697
"GSM8121895_athero_human_2.txt.gz","Plate_170s_N05","asymptomatic","endothelial","C6",6.83086800373666,14.5237347755652
"GSM8121895_athero_human_2.txt.gz","Plate_170s_N07","asymptomatic","endothelial","C6",2.54125696144032,6.21633935770518
"GSM8121895_athero_human_2.txt.gz","Plate_170s_N08","asymptomatic","vsmc","C7",7.03629018786703,-13.9941669748145
"GSM8121895_athero_human_2.txt.gz","Plate_170s_N10","asymptomatic","b_cell","C7",1.99915564923124,-3.07073800055987
"GSM8121895_athero_human_2.txt.gz","Plate_170s_N11","asymptomatic","endothelial","C6",8.84967137917166,9.23627589456369
"GSM8121895_athero_human_2.txt.gz","Plate_170s_N12","asymptomatic","endothelial","C6",8.33514287151478,11.6138393307088
"GSM8121895_athero_human_2.txt.gz","Plate_170s_O01","asymptomatic","endothelial","C6",7.60681799167615,11.9855228305359
"GSM8121895_athero_human_2.txt.gz","Plate_170s_O02","asymptomatic","endothelial","C6",3.9689702184138,8.80791553472699
"GSM8121895_athero_human_2.txt.gz","Plate_170s_O03","asymptomatic","endothelial","C7",1.91196454085637,-1.36442820936442
"GSM8121895_athero_human_2.txt.gz","Plate_170s_O04","asymptomatic","endothelial","C6",4.84574530395138,5.26145251727839
"GSM8121895_athero_human_2.txt.gz","Plate_170s_O05","asymptomatic","endothelial","C6",8.49379896547698,16.2197016644996
"GSM8121895_athero_human_2.txt.gz","Plate_170s_O06","asymptomatic","endothelial","C6",5.37354178592064,14.7477152188242
"GSM8121895_athero_human_2.txt.gz","Plate_170s_O07","asymptomatic","endothelial","C6",8.84362966500253,13.1481915033073
"GSM8121895_athero_human_2.txt.gz","Plate_170s_O08","asymptomatic","endothelial","C6",7.54425364189581,16.2944161960279
"GSM8121895_athero_human_2.txt.gz","Plate_170s_O09","asymptomatic","endothelial","C6",5.21085862407209,8.44270147228208
"GSM8121895_athero_human_2.txt.gz","Plate_170s_O10","asymptomatic","endothelial","C6",5.16645398560074,8.43835717489794
"GSM8121895_athero_human_2.txt.gz","Plate_170s_O11","asymptomatic","endothelial","C6",5.01625797985903,19.780672348486
"GSM8121895_athero_human_2.txt.gz","Plate_170s_O12","asymptomatic","endothelial","C6",9.02335522441255,18.1244555199877
"GSM8121895_athero_human_2.txt.gz","Plate_170s_P01","asymptomatic","endothelial","C6",5.62421479788648,3.19996907604281
"GSM8121895_athero_human_2.txt.gz","Plate_170s_P02","asymptomatic","endothelial","C6",5.8265119145015,18.1807627390545
"GSM8121895_athero_human_2.txt.gz","Plate_170s_P03","asymptomatic","endothelial","C6",5.81117001251298,5.04123549095936
"GSM8121895_athero_human_2.txt.gz","Plate_170s_P05","asymptomatic","mast","C6",2.43268742540221,9.83954516319477
"GSM8121895_athero_human_2.txt.gz","Plate_170s_P06","asymptomatic","endothelial","C6",7.87462871796903,8.82871940729525
"GSM8121895_athero_human_2.txt.gz","Plate_170s_P08","asymptomatic","endothelial","C6",5.03424522552845,13.5207974346793
"GSM8121895_athero_human_2.txt.gz","Plate_170s_P09","asymptomatic","endothelial","C6",2.89942269967218,5.6353446900919
"GSM8121895_athero_human_2.txt.gz","Plate_170s_P10","asymptomatic","endothelial","C6",2.43248958156807,3.53122209752276
"GSM8121895_athero_human_2.txt.gz","Plate_171s_A02","asymptomatic","fibroblast","C10",17.294331660835,4.29510493031621
"GSM8121895_athero_human_2.txt.gz","Plate_171s_A03","asymptomatic","fibroblast","C10",16.8399670324081,-5.11746767633494
"GSM8121895_athero_human_2.txt.gz","Plate_171s_A04","asymptomatic","fibroblast","C7",15.3105327869619,-8.63153330771453
"GSM8121895_athero_human_2.txt.gz","Plate_171s_A05","asymptomatic","vsmc","C7",6.65604490224298,-17.9131213342398
"GSM8121895_athero_human_2.txt.gz","Plate_171s_A06","asymptomatic","fibroblast","C10",16.8690887812944,-3.07790207743255
"GSM8121895_athero_human_2.txt.gz","Plate_171s_A07","asymptomatic","vsmc","C2",19.4892520314443,-0.849352430202862
"GSM8121895_athero_human_2.txt.gz","Plate_171s_A08","asymptomatic","vsmc","C10",17.8526017862026,-0.782987537034831
"GSM8121895_athero_human_2.txt.gz","Plate_171s_A09","asymptomatic","vsmc","C2",15.5893675637303,-7.25556637682349
"GSM8121895_athero_human_2.txt.gz","Plate_171s_A10","asymptomatic","vsmc","C2",19.1856323782222,-4.63695958271131
"GSM8121895_athero_human_2.txt.gz","Plate_171s_A11","asymptomatic","fibroblast","C10",17.4964522334297,-6.57968490339288
"GSM8121895_athero_human_2.txt.gz","Plate_171s_A12","asymptomatic","fibroblast","C10",17.1709747459946,3.11393687306798
"GSM8121895_athero_human_2.txt.gz","Plate_171s_A13","asymptomatic","fibroblast","C7",13.7057196980911,-7.16747192830872
"GSM8121895_athero_human_2.txt.gz","Plate_171s_A14","asymptomatic","fibroblast","C10",14.9852576245914,-2.77210994580584
"GSM8121895_athero_human_2.txt.gz","Plate_171s_A15","asymptomatic","fibroblast","C10",19.1848250400506,-2.16094884462131
"GSM8121895_athero_human_2.txt.gz","Plate_171s_A17","asymptomatic","unassigned","C10",17.0679468509755,-1.69631067759291
"GSM8121895_athero_human_2.txt.gz","Plate_171s_A18","asymptomatic","fibroblast","C10",19.4727877146253,0.666917822800114
"GSM8121895_athero_human_2.txt.gz","Plate_171s_A19","asymptomatic","fibroblast","C7",12.3974140314721,-16.0510036821487
"GSM8121895_athero_human_2.txt.gz","Plate_171s_A20","asymptomatic","unassigned","C10",16.4576622342372,-3.05081403797016
"GSM8121895_athero_human_2.txt.gz","Plate_171s_A21","asymptomatic","fibroblast","C7",16.0513718010575,-6.28426284816489
"GSM8121895_athero_human_2.txt.gz","Plate_171s_A22","asymptomatic","fibroblast","C7",15.6806609457887,-9.64208553671902
"GSM8121895_athero_human_2.txt.gz","Plate_171s_A24","asymptomatic","fibroblast","C10",18.1882561113916,-2.83953283722773
"GSM8121895_athero_human_2.txt.gz","Plate_171s_B01","asymptomatic","fibroblast","C7",7.22224524454229,-18.5948517111846
"GSM8121895_athero_human_2.txt.gz","Plate_171s_B03","asymptomatic","vsmc","C2",17.138112691379,0.231279385008782
"GSM8121895_athero_human_2.txt.gz","Plate_171s_B05","asymptomatic","vsmc","C2",14.0050741519057,-2.49369604644758
"GSM8121895_athero_human_2.txt.gz","Plate_171s_B06","asymptomatic","unassigned","C2",18.2846372337938,-8.0723356552967
"GSM8121895_athero_human_2.txt.gz","Plate_171s_B07","asymptomatic","fibroblast","C7",14.3444902000408,-3.73548836640894
"GSM8121895_athero_human_2.txt.gz","Plate_171s_B08","asymptomatic","fibroblast","C10",18.8408507251589,-2.46091528851918
"GSM8121895_athero_human_2.txt.gz","Plate_171s_B09","asymptomatic","vsmc","C2",18.905101150368,-2.33965607531921
"GSM8121895_athero_human_2.txt.gz","Plate_171s_B10","asymptomatic","vsmc","C2",15.3040624995621,-5.86377332841431
"GSM8121895_athero_human_2.txt.gz","Plate_171s_B11","asymptomatic","unassigned","C10",16.8082963973881,-4.88684324715759
"GSM8121895_athero_human_2.txt.gz","Plate_171s_B12","asymptomatic","fibroblast","C7",12.6894721087641,-5.27782174886384
"GSM8121895_athero_human_2.txt.gz","Plate_171s_B14","asymptomatic","unassigned","C10",18.0088961456694,-1.23636700558306
"GSM8121895_athero_human_2.txt.gz","Plate_171s_B15","asymptomatic","fibroblast","C7",15.3759015807973,-6.48787039585618
"GSM8121895_athero_human_2.txt.gz","Plate_171s_B16","asymptomatic","unassigned","C10",18.2674477848355,-3.5901394056428
"GSM8121895_athero_human_2.txt.gz","Plate_171s_B17","asymptomatic","fibroblast","C10",15.5851300449196,0.867955922957526
"GSM8121895_athero_human_2.txt.gz","Plate_171s_B18","asymptomatic","vsmc","C2",16.7808621969114,-2.48052915055814
"GSM8121895_athero_human_2.txt.gz","Plate_171s_B19","asymptomatic","vsmc","C2",16.6860103208404,-8.16895576403531
"GSM8121895_athero_human_2.txt.gz","Plate_171s_B20","asymptomatic","fibroblast","C10",17.2398500237535,-1.94022314029308
"GSM8121895_athero_human_2.txt.gz","Plate_171s_B22","asymptomatic","vsmc","C7",16.4636132699091,-9.97805434370996
"GSM8121895_athero_human_2.txt.gz","Plate_171s_B23","asymptomatic","vsmc","C2",17.5100301163825,-5.96169364840694
"GSM8121895_athero_human_2.txt.gz","Plate_171s_C05","asymptomatic","unassigned","C10",19.6424530095196,0.846304721929987
"GSM8121895_athero_human_2.txt.gz","Plate_171s_C06","asymptomatic","vsmc","C7",6.63682444341158,-16.6529778007701
"GSM8121895_athero_human_2.txt.gz","Plate_171s_C07","asymptomatic","fibroblast","C7",15.4183100934877,-5.50365496377816
"GSM8121895_athero_human_2.txt.gz","Plate_171s_C08","asymptomatic","vsmc","C2",17.6787949203489,-4.26733132986908
"GSM8121895_athero_human_2.txt.gz","Plate_171s_C09","asymptomatic","vsmc","C7",12.9747314678956,-12.930899635666
"GSM8121895_athero_human_2.txt.gz","Plate_171s_C10","asymptomatic","vsmc","C2",18.4550343601936,-3.41412086411677
"GSM8121895_athero_human_2.txt.gz","Plate_171s_C11","asymptomatic","vsmc","C2",18.7689858638126,-3.21111870995681
"GSM8121895_athero_human_2.txt.gz","Plate_171s_C12","asymptomatic","vsmc","C10",19.0633347934207,3.86320698169129
"GSM8121895_athero_human_2.txt.gz","Plate_171s_C13","asymptomatic","vsmc","C2",16.2488353010262,-8.67812944439749
"GSM8121895_athero_human_2.txt.gz","Plate_171s_C14","asymptomatic","vsmc","C7",14.0065286291777,-12.6492593919647
"GSM8121895_athero_human_2.txt.gz","Plate_171s_C15","asymptomatic","vsmc","C7",12.1251309760751,-12.1210240110536
"GSM8121895_athero_human_2.txt.gz","Plate_171s_C17","asymptomatic","vsmc","C2",16.7988733644201,-3.4061277680792
"GSM8121895_athero_human_2.txt.gz","Plate_171s_C18","asymptomatic","t_nk","C3",-5.81051841438669,-1.70048972404686
"GSM8121895_athero_human_2.txt.gz","Plate_171s_C19","asymptomatic","unassigned","C2",17.3476569551976,-4.62636205472356
"GSM8121895_athero_human_2.txt.gz","Plate_171s_C20","asymptomatic","fibroblast","C2",18.2177638417725,-4.9780865075842
"GSM8121895_athero_human_2.txt.gz","Plate_171s_C21","asymptomatic","fibroblast","C10",16.3156700657524,-1.12019727721943
"GSM8121895_athero_human_2.txt.gz","Plate_171s_C22","asymptomatic","vsmc","C2",14.3889245004348,-7.43538356302959
"GSM8121895_athero_human_2.txt.gz","Plate_171s_D03","asymptomatic","fibroblast","C10",15.3328764734162,-0.107973488188232
"GSM8121895_athero_human_2.txt.gz","Plate_171s_D04","asymptomatic","vsmc","C2",19.7093859644377,-1.13735420375543
"GSM8121895_athero_human_2.txt.gz","Plate_171s_D05","asymptomatic","vsmc","C2",15.7030581732004,-6.99743348139082
"GSM8121895_athero_human_2.txt.gz","Plate_171s_D06","asymptomatic","vsmc","C2",19.3125250227502,-4.63889948271923
"GSM8121895_athero_human_2.txt.gz","Plate_171s_D07","asymptomatic","vsmc","C2",17.2881100340942,-4.03356191132931
"GSM8121895_athero_human_2.txt.gz","Plate_171s_D09","asymptomatic","vsmc","C7",8.0964669385408,-12.0876255509337
"GSM8121895_athero_human_2.txt.gz","Plate_171s_D10","asymptomatic","unassigned","C7",15.6451364658662,-10.6271082826106
"GSM8121895_athero_human_2.txt.gz","Plate_171s_D11","asymptomatic","vsmc","C7",7.78811961715104,-17.7376810731393
"GSM8121895_athero_human_2.txt.gz","Plate_171s_D13","asymptomatic","fibroblast","C10",18.5527587289834,-1.87024753243556
"GSM8121895_athero_human_2.txt.gz","Plate_171s_D14","asymptomatic","vsmc","C10",19.028316666226,-1.4705684258042
"GSM8121895_athero_human_2.txt.gz","Plate_171s_D15","asymptomatic","vsmc","C2",16.9309061579267,-3.33289750394788
"GSM8121895_athero_human_2.txt.gz","Plate_171s_D16","asymptomatic","b_cell","C7",9.68813473093133,-10.2212299042353
"GSM8121895_athero_human_2.txt.gz","Plate_171s_D17","asymptomatic","fibroblast","C8",13.610297797748,-5.06980361439315
"GSM8121895_athero_human_2.txt.gz","Plate_171s_D18","asymptomatic","unassigned","C7",11.0811134631597,-11.4616878100189
"GSM8121895_athero_human_2.txt.gz","Plate_171s_D20","asymptomatic","vsmc","C7",14.8120804692793,-7.16617830092316
"GSM8121895_athero_human_2.txt.gz","Plate_171s_D21","asymptomatic","fibroblast","C10",18.7501541523121,-0.0996396464162434
"GSM8121895_athero_human_2.txt.gz","Plate_171s_D22","asymptomatic","fibroblast","C7",15.9230198709471,-5.21055384624273
"GSM8121895_athero_human_2.txt.gz","Plate_171s_D23","asymptomatic","vsmc","C7",12.7492877049451,-12.6539068025124
"GSM8121895_athero_human_2.txt.gz","Plate_171s_D24","asymptomatic","fibroblast","C7",9.70164704783572,-17.0880321804268
"GSM8121895_athero_human_2.txt.gz","Plate_171s_E02","asymptomatic","vsmc","C2",18.3692517684604,-1.73773321569152
"GSM8121895_athero_human_2.txt.gz","Plate_171s_E03","asymptomatic","unassigned","C7",16.3100790980371,-5.21417606807753
"GSM8121895_athero_human_2.txt.gz","Plate_171s_E04","asymptomatic","fibroblast","C2",16.9038872611179,-5.63570676125802
"GSM8121895_athero_human_2.txt.gz","Plate_171s_E05","asymptomatic","unassigned","C7",11.6165266376654,-12.0538889047383
"GSM8121895_athero_human_2.txt.gz","Plate_171s_E07","asymptomatic","vsmc","C2",17.3893118553249,-4.35331551131851
"GSM8121895_athero_human_2.txt.gz","Plate_171s_E10","asymptomatic","vsmc","C2",16.5162671585005,-2.70017476518277
"GSM8121895_athero_human_2.txt.gz","Plate_171s_E11","asymptomatic","fibroblast","C10",16.855106857589,-0.366067883024107
"GSM8121895_athero_human_2.txt.gz","Plate_171s_E12","asymptomatic","vsmc","C2",16.6394294074892,-8.16085696232821
"GSM8121895_athero_human_2.txt.gz","Plate_171s_E14","asymptomatic","vsmc","C2",18.5640462211155,-5.39584833570069
"GSM8121895_athero_human_2.txt.gz","Plate_171s_E16","asymptomatic","vsmc","C2",18.4694305882611,-1.6658924213031
"GSM8121895_athero_human_2.txt.gz","Plate_171s_E17","asymptomatic","fibroblast","C10",18.5984514602947,-2.91106543919462
"GSM8121895_athero_human_2.txt.gz","Plate_171s_E18","asymptomatic","vsmc","C7",13.2724034872657,-11.4843084209899
"GSM8121895_athero_human_2.txt.gz","Plate_171s_E19","asymptomatic","fibroblast","C10",18.483397817006,0.481276780521528
"GSM8121895_athero_human_2.txt.gz","Plate_171s_E20","asymptomatic","vsmc","C7",14.4260883922803,-8.31565175341959
"GSM8121895_athero_human_2.txt.gz","Plate_171s_E23","asymptomatic","unassigned","C10",18.9423112238446,-0.957857286438813
"GSM8121895_athero_human_2.txt.gz","Plate_171s_E24","asymptomatic","fibroblast","C10",19.4004588005386,-0.892764017845017
"GSM8121895_athero_human_2.txt.gz","Plate_171s_F01","asymptomatic","fibroblast","C7",16.3138017040828,-10.1653015002607
"GSM8121895_athero_human_2.txt.gz","Plate_171s_F02","asymptomatic","fibroblast","C10",18.8057345057238,-0.670547649240505
"GSM8121895_athero_human_2.txt.gz","Plate_171s_F04","asymptomatic","fibroblast","C10",13.2386986004148,-2.91552260027647
"GSM8121895_athero_human_2.txt.gz","Plate_171s_F05","asymptomatic","vsmc","C7",14.8181092083828,-7.67891226827865
"GSM8121895_athero_human_2.txt.gz","Plate_171s_F06","asymptomatic","vsmc","C2",15.5358502743893,-5.39460081822058
"GSM8121895_athero_human_2.txt.gz","Plate_171s_F08","asymptomatic","unassigned","C10",16.3271544030403,-3.25809634281111
"GSM8121895_athero_human_2.txt.gz","Plate_171s_F09","asymptomatic","vsmc","C7",14.8630829907733,-14.317344345888
"GSM8121895_athero_human_2.txt.gz","Plate_171s_F10","asymptomatic","fibroblast","C10",15.9248887903066,1.11457454177758
"GSM8121895_athero_human_2.txt.gz","Plate_171s_F11","asymptomatic","unassigned","C7",15.9792513787964,-5.86126563492315
"GSM8121895_athero_human_2.txt.gz","Plate_171s_F12","asymptomatic","vsmc","C2",18.116691256029,-6.58962348996102
"GSM8121895_athero_human_2.txt.gz","Plate_171s_F14","asymptomatic","vsmc","C2",17.2659459867932,0.482682326418205
"GSM8121895_athero_human_2.txt.gz","Plate_171s_F15","asymptomatic","fibroblast","C10",15.7359214399455,3.50611482252391
"GSM8121895_athero_human_2.txt.gz","Plate_171s_F16","asymptomatic","fibroblast","C10",15.8746131203486,-3.22713727178563
"GSM8121895_athero_human_2.txt.gz","Plate_171s_F19","asymptomatic","unassigned","C10",17.0744081772075,-2.57746411026937
"GSM8121895_athero_human_2.txt.gz","Plate_171s_F20","asymptomatic","vsmc","C2",14.9830123112126,-6.12322977383262
"GSM8121895_athero_human_2.txt.gz","Plate_171s_F21","asymptomatic","unassigned","C7",14.5295025154445,-12.1760793692232
"GSM8121895_athero_human_2.txt.gz","Plate_171s_F22","asymptomatic","fibroblast","C10",17.2011828217723,1.48484695535796
"GSM8121895_athero_human_2.txt.gz","Plate_171s_F24","asymptomatic","vsmc","C2",18.4927017886106,-7.2233307210416
"GSM8121895_athero_human_2.txt.gz","Plate_171s_G01","asymptomatic","fibroblast","C7",15.4533139715291,-5.95631249044526
"GSM8121895_athero_human_2.txt.gz","Plate_171s_G03","asymptomatic","vsmc","C7",10.5229623486104,-8.50046797642186
"GSM8121895_athero_human_2.txt.gz","Plate_171s_G04","asymptomatic","fibroblast","C7",17.9494674161083,-8.76853064779313
"GSM8121895_athero_human_2.txt.gz","Plate_171s_G07","asymptomatic","fibroblast","C10",15.3386434385965,-0.398403290212376
"GSM8121895_athero_human_2.txt.gz","Plate_171s_G08","asymptomatic","vsmc","C2",18.1291894269255,-3.59635247790791
"GSM8121895_athero_human_2.txt.gz","Plate_171s_G09","asymptomatic","unassigned","C10",17.7408439772632,-0.174134077100503
"GSM8121895_athero_human_2.txt.gz","Plate_171s_G10","asymptomatic","fibroblast","C7",11.6059645798676,-11.7647905414134
"GSM8121895_athero_human_2.txt.gz","Plate_171s_G12","asymptomatic","fibroblast","C8",11.1993560849414,-2.90430255984648
"GSM8121895_athero_human_2.txt.gz","Plate_171s_G13","asymptomatic","fibroblast","C10",18.6147774358571,-3.75670165823593
"GSM8121895_athero_human_2.txt.gz","Plate_171s_G14","asymptomatic","vsmc","C2",18.4452180072923,-1.49442081120157
"GSM8121895_athero_human_2.txt.gz","Plate_171s_G17","asymptomatic","fibroblast","C7",13.9720714966305,-7.39784009303954
"GSM8121895_athero_human_2.txt.gz","Plate_171s_G18","asymptomatic","fibroblast","C10",15.2579301360262,-2.86979192617023
"GSM8121895_athero_human_2.txt.gz","Plate_171s_G19","asymptomatic","b_cell","C2",18.3788419517525,-3.55800611020377
"GSM8121895_athero_human_2.txt.gz","Plate_171s_G20","asymptomatic","fibroblast","C8",15.480509572609,-5.22185767619204
"GSM8121895_athero_human_2.txt.gz","Plate_171s_G21","asymptomatic","vsmc","C7",8.96326658736133,-14.0521225708281
"GSM8121895_athero_human_2.txt.gz","Plate_171s_G22","asymptomatic","vsmc","C2",19.1053102100515,-5.6029930788938
"GSM8121895_athero_human_2.txt.gz","Plate_171s_G23","asymptomatic","vsmc","C2",18.3680477692886,-6.81523060025919
"GSM8121895_athero_human_2.txt.gz","Plate_171s_H01","asymptomatic","fibroblast","C7",16.2021922094274,-7.95704398117163
"GSM8121895_athero_human_2.txt.gz","Plate_171s_H02","asymptomatic","vsmc","C2",17.2839988161488,-6.13113464228783
"GSM8121895_athero_human_2.txt.gz","Plate_171s_H04","asymptomatic","fibroblast","C7",14.7157058410589,-4.93645972138276
"GSM8121895_athero_human_2.txt.gz","Plate_171s_H05","asymptomatic","vsmc","C2",19.5142030229124,-2.94500583247336
"GSM8121895_athero_human_2.txt.gz","Plate_171s_H06","asymptomatic","vsmc","C2",14.5270687942692,-9.18843786932285
"GSM8121895_athero_human_2.txt.gz","Plate_171s_H08","asymptomatic","vsmc","C10",17.4081510910307,-4.95584645664337
"GSM8121895_athero_human_2.txt.gz","Plate_171s_H09","asymptomatic","fibroblast","C10",16.3033951295382,-3.0376196110477
"GSM8121895_athero_human_2.txt.gz","Plate_171s_H10","asymptomatic","macrophage","C5",-19.1139812156587,0.312184099399454
"GSM8121895_athero_human_2.txt.gz","Plate_171s_H11","asymptomatic","vsmc","C2",19.035034216189,-5.84116462749834
"GSM8121895_athero_human_2.txt.gz","Plate_171s_H14","asymptomatic","unassigned","C7",15.2376394882732,-7.80726557344565
"GSM8121895_athero_human_2.txt.gz","Plate_171s_H15","asymptomatic","vsmc","C7",11.675591389315,-10.8287953593287
"GSM8121895_athero_human_2.txt.gz","Plate_171s_H16","asymptomatic","vsmc","C7",11.501200052385,-16.7074108440968
"GSM8121895_athero_human_2.txt.gz","Plate_171s_H17","asymptomatic","fibroblast","C10",16.1676335912434,-5.50091446299119
"GSM8121895_athero_human_2.txt.gz","Plate_171s_H19","asymptomatic","fibroblast","C10",16.3994181300764,-4.12828648754521
"GSM8121895_athero_human_2.txt.gz","Plate_171s_H20","asymptomatic","vsmc","C2",18.7344455948979,-6.70144222369466
"GSM8121895_athero_human_2.txt.gz","Plate_171s_H21","asymptomatic","unassigned","C2",18.3095065603051,-3.0179301423487
"GSM8121895_athero_human_2.txt.gz","Plate_171s_H23","asymptomatic","vsmc","C7",14.0760290242622,-15.0554771970379
"GSM8121895_athero_human_2.txt.gz","Plate_171s_H24","asymptomatic","vsmc","C10",16.6486103694252,-3.68227925415476
"GSM8121895_athero_human_2.txt.gz","Plate_171s_I02","asymptomatic","vsmc","C10",18.6800444907593,-0.165494024529994
"GSM8121895_athero_human_2.txt.gz","Plate_171s_I03","asymptomatic","vsmc","C2",15.614486844787,-2.54688496818746
"GSM8121895_athero_human_2.txt.gz","Plate_171s_I04","asymptomatic","unassigned","C2",16.9520448630065,-5.0274553650063
"GSM8121895_athero_human_2.txt.gz","Plate_171s_I05","asymptomatic","unassigned","C7",12.7105393778915,-3.32760630814234
"GSM8121895_athero_human_2.txt.gz","Plate_171s_I06","asymptomatic","vsmc","C2",17.4787073514903,-3.82022802944999
"GSM8121895_athero_human_2.txt.gz","Plate_171s_I07","asymptomatic","vsmc","C2",17.7421147474829,-4.483713016855
"GSM8121895_athero_human_2.txt.gz","Plate_171s_I08","asymptomatic","vsmc","C2",19.3311472767495,-1.5514036088335
"GSM8121895_athero_human_2.txt.gz","Plate_171s_I09","asymptomatic","vsmc","C2",18.3707695148924,-0.686211251886282
"GSM8121895_athero_human_2.txt.gz","Plate_171s_I12","asymptomatic","fibroblast","C10",15.244326111563,3.43400812321502
"GSM8121895_athero_human_2.txt.gz","Plate_171s_I14","asymptomatic","vsmc","C2",17.9437805538034,-5.46243266436332
"GSM8121895_athero_human_2.txt.gz","Plate_171s_I16","asymptomatic","fibroblast","C2",18.8953612744981,-4.43274573113292
"GSM8121895_athero_human_2.txt.gz","Plate_171s_I17","asymptomatic","vsmc","C2",16.6242320569887,-9.48903555496609
"GSM8121895_athero_human_2.txt.gz","Plate_171s_I18","asymptomatic","vsmc","C2",18.3438078135561,-3.93663775890599
"GSM8121895_athero_human_2.txt.gz","Plate_171s_I19","asymptomatic","unassigned","C7",14.604042819711,-9.65726655269842
"GSM8121895_athero_human_2.txt.gz","Plate_171s_I20","asymptomatic","vsmc","C2",18.1523918307096,-7.78144301415133
"GSM8121895_athero_human_2.txt.gz","Plate_171s_I21","asymptomatic","vsmc","C2",15.7725849869291,-9.45719926131815
"GSM8121895_athero_human_2.txt.gz","Plate_171s_I22","asymptomatic","vsmc","C7",12.7974903751408,-11.3240805361711
"GSM8121895_athero_human_2.txt.gz","Plate_171s_I23","asymptomatic","vsmc","C2",15.1416319186566,1.90889610557614
"GSM8121895_athero_human_2.txt.gz","Plate_171s_I24","asymptomatic","fibroblast","C10",17.8811341821898,1.37880214121768
"GSM8121895_athero_human_2.txt.gz","Plate_171s_J01","asymptomatic","vsmc","C2",16.6031724136154,-6.77777227192781
"GSM8121895_athero_human_2.txt.gz","Plate_171s_J02","asymptomatic","vsmc","C2",17.0025396195482,-7.20088301493335
"GSM8121895_athero_human_2.txt.gz","Plate_171s_J03","asymptomatic","vsmc","C2",16.2434013993303,-6.57018274423327
"GSM8121895_athero_human_2.txt.gz","Plate_171s_J04","asymptomatic","vsmc","C7",12.0128633598778,-13.8265407444297
"GSM8121895_athero_human_2.txt.gz","Plate_171s_J06","asymptomatic","fibroblast","C10",18.2839166259321,-3.64779912030285
"GSM8121895_athero_human_2.txt.gz","Plate_171s_J07","asymptomatic","b_cell","C10",14.8671856332864,-3.58927800968242
"GSM8121895_athero_human_2.txt.gz","Plate_171s_J08","asymptomatic","vsmc","C8",9.26904227269645,-5.66363231107459
"GSM8121895_athero_human_2.txt.gz","Plate_171s_J09","asymptomatic","fibroblast","C7",12.0548031852687,-11.2331660272972
"GSM8121895_athero_human_2.txt.gz","Plate_171s_J10","asymptomatic","unassigned","C2",17.7908753322981,-4.2276145088742
"GSM8121895_athero_human_2.txt.gz","Plate_171s_J11","asymptomatic","unassigned","C7",15.4906762839307,-11.9066106560081
"GSM8121895_athero_human_2.txt.gz","Plate_171s_J14","asymptomatic","fibroblast","C7",16.5663544551517,-11.3601317592109
"GSM8121895_athero_human_2.txt.gz","Plate_171s_J15","asymptomatic","macrophage","C4",-8.57427105621761,-13.6381494852653
"GSM8121895_athero_human_2.txt.gz","Plate_171s_J16","asymptomatic","fibroblast","C10",15.9674312066167,-2.69830293935364
"GSM8121895_athero_human_2.txt.gz","Plate_171s_J17","asymptomatic","fibroblast","C10",19.1411615779712,-5.37081254593034
"GSM8121895_athero_human_2.txt.gz","Plate_171s_J18","asymptomatic","vsmc","C2",19.2074504240821,-1.73986571413788
"GSM8121895_athero_human_2.txt.gz","Plate_171s_J19","asymptomatic","fibroblast","C2",18.140164677037,-7.05468918161583
"GSM8121895_athero_human_2.txt.gz","Plate_171s_J20","asymptomatic","fibroblast","C7",11.9218262047835,-10.1957737479325
"GSM8121895_athero_human_2.txt.gz","Plate_171s_J21","asymptomatic","unassigned","C7",9.35722467794317,-13.8528468620598
"GSM8121895_athero_human_2.txt.gz","Plate_171s_J22","asymptomatic","vsmc","C7",14.6291138556341,-12.1913416216539
"GSM8121895_athero_human_2.txt.gz","Plate_171s_J23","asymptomatic","vsmc","C2",19.0211101978785,-5.0688718453506
"GSM8121895_athero_human_2.txt.gz","Plate_171s_J24","asymptomatic","fibroblast","C10",16.1007414136673,-3.66872298322558
"GSM8121895_athero_human_2.txt.gz","Plate_171s_K02","asymptomatic","vsmc","C2",14.980494566693,-7.63562711492101
"GSM8121895_athero_human_2.txt.gz","Plate_171s_K04","asymptomatic","fibroblast","C7",11.9669885174239,-6.79773197146432
"GSM8121895_athero_human_2.txt.gz","Plate_171s_K05","asymptomatic","vsmc","C8",12.3687503803264,-3.2841479089096
"GSM8121895_athero_human_2.txt.gz","Plate_171s_K09","asymptomatic","vsmc","C2",18.5037464227718,-4.54099136421084
"GSM8121895_athero_human_2.txt.gz","Plate_171s_K11","asymptomatic","fibroblast","C7",10.6683346861151,-14.0681529428052
"GSM8121895_athero_human_2.txt.gz","Plate_171s_K12","asymptomatic","fibroblast","C7",13.2599140605897,-7.26804602346842
"GSM8121895_athero_human_2.txt.gz","Plate_171s_K14","asymptomatic","fibroblast","C7",18.0627191279079,-8.57392141796713
"GSM8121895_athero_human_2.txt.gz","Plate_171s_K15","asymptomatic","fibroblast","C10",16.2089345722908,-2.84526777747732
"GSM8121895_athero_human_2.txt.gz","Plate_171s_K16","asymptomatic","fibroblast","C7",16.2693720441529,-5.86096454278755
"GSM8121895_athero_human_2.txt.gz","Plate_171s_K17","asymptomatic","vsmc","C2",18.6716886870457,-1.74185853922063
"GSM8121895_athero_human_2.txt.gz","Plate_171s_K18","asymptomatic","fibroblast","C7",11.5229121559312,-11.3758300026773
"GSM8121895_athero_human_2.txt.gz","Plate_171s_K20","asymptomatic","fibroblast","C10",16.664095660756,-4.04398513214168
"GSM8121895_athero_human_2.txt.gz","Plate_171s_K23","asymptomatic","vsmc","C7",15.5833295992622,-9.99542593565039
"GSM8121895_athero_human_2.txt.gz","Plate_171s_L01","asymptomatic","fibroblast","C7",17.3272535990283,-5.27574210235201
"GSM8121895_athero_human_2.txt.gz","Plate_171s_L03","asymptomatic","vsmc","C10",20.5421037999219,-2.36616172916818
"GSM8121895_athero_human_2.txt.gz","Plate_171s_L04","asymptomatic","fibroblast","C2",16.9140055896306,-2.93064723198321
"GSM8121895_athero_human_2.txt.gz","Plate_171s_L05","asymptomatic","fibroblast","C10",14.7854418741362,-1.09351561089625
"GSM8121895_athero_human_2.txt.gz","Plate_171s_L06","asymptomatic","fibroblast","C10",16.8660153129385,2.13695793714921
"GSM8121895_athero_human_2.txt.gz","Plate_171s_L07","asymptomatic","vsmc","C7",9.22734489323246,-17.2185335033237
"GSM8121895_athero_human_2.txt.gz","Plate_171s_L08","asymptomatic","fibroblast","C7",14.0177164042971,-10.3268672180377
"GSM8121895_athero_human_2.txt.gz","Plate_171s_L09","asymptomatic","vsmc","C2",17.1141084072099,-2.62966921167387
"GSM8121895_athero_human_2.txt.gz","Plate_171s_L10","asymptomatic","unassigned","C10",18.2657916156202,-0.444588277139841
"GSM8121895_athero_human_2.txt.gz","Plate_171s_L11","asymptomatic","vsmc","C2",18.6907869697991,-2.7382508463659
"GSM8121895_athero_human_2.txt.gz","Plate_171s_L12","asymptomatic","vsmc","C2",17.3921920703268,-4.11193920918422
"GSM8121895_athero_human_2.txt.gz","Plate_171s_L14","asymptomatic","fibroblast","C10",16.2158998111747,-5.40681095632419
"GSM8121895_athero_human_2.txt.gz","Plate_171s_L15","asymptomatic","fibroblast","C7",13.6099572229614,-10.6666773881238
"GSM8121895_athero_human_2.txt.gz","Plate_171s_L17","asymptomatic","fibroblast","C10",18.4974611079025,-0.20915636991905
"GSM8121895_athero_human_2.txt.gz","Plate_171s_L18","asymptomatic","unassigned","C10",14.7355940740711,3.00971045552749
"GSM8121895_athero_human_2.txt.gz","Plate_171s_L19","asymptomatic","unassigned","C7",10.2916739804767,-13.1083775796942
"GSM8121895_athero_human_2.txt.gz","Plate_171s_L20","asymptomatic","vsmc","C2",17.7164119890627,-6.49100024329212
"GSM8121895_athero_human_2.txt.gz","Plate_171s_L21","asymptomatic","vsmc","C2",17.901201423754,-7.67838312721873
"GSM8121895_athero_human_2.txt.gz","Plate_171s_L23","asymptomatic","vsmc","C7",13.8370200660605,-13.0735000076699
"GSM8121895_athero_human_2.txt.gz","Plate_171s_L24","asymptomatic","vsmc","C8",15.6813628492991,-6.72819877821737
"GSM8121895_athero_human_2.txt.gz","Plate_171s_M01","asymptomatic","unassigned","C7",13.6310147140519,-10.75567889883
"GSM8121895_athero_human_2.txt.gz","Plate_171s_M02","asymptomatic","vsmc","C2",20.0075344345433,-3.57519457594309
"GSM8121895_athero_human_2.txt.gz","Plate_171s_M03","asymptomatic","unassigned","C2",18.7466333482916,-2.87267793731303
"GSM8121895_athero_human_2.txt.gz","Plate_171s_M04","asymptomatic","fibroblast","C7",16.6521880673131,-8.30086236705893
"GSM8121895_athero_human_2.txt.gz","Plate_171s_M05","asymptomatic","fibroblast","C10",13.4480603039846,0.448064756380891
"GSM8121895_athero_human_2.txt.gz","Plate_171s_M07","asymptomatic","vsmc","C7",14.8297795588369,-10.9063724959365
"GSM8121895_athero_human_2.txt.gz","Plate_171s_M08","asymptomatic","vsmc","C7",17.4230099598915,-9.59689180694091
"GSM8121895_athero_human_2.txt.gz","Plate_171s_M10","asymptomatic","vsmc","C2",19.5188544743552,-4.88965626263649
"GSM8121895_athero_human_2.txt.gz","Plate_171s_M11","asymptomatic","vsmc","C2",19.4267304758314,-1.3126624666894
"GSM8121895_athero_human_2.txt.gz","Plate_171s_M12","asymptomatic","fibroblast","C10",16.0552747824389,-2.45946651886887
"GSM8121895_athero_human_2.txt.gz","Plate_171s_M13","asymptomatic","fibroblast","C7",13.7061357665625,-11.4105287042424
"GSM8121895_athero_human_2.txt.gz","Plate_171s_M14","asymptomatic","fibroblast","C10",13.7060416575323,1.1303139974814
"GSM8121895_athero_human_2.txt.gz","Plate_171s_M15","asymptomatic","fibroblast","C7",14.7997577088551,-7.29919909325068
"GSM8121895_athero_human_2.txt.gz","Plate_171s_M16","asymptomatic","fibroblast","C10",16.4425331402378,-3.21925033682091
"GSM8121895_athero_human_2.txt.gz","Plate_171s_M17","asymptomatic","fibroblast","C7",12.6760224881462,-8.63058438910747
"GSM8121895_athero_human_2.txt.gz","Plate_171s_M19","asymptomatic","vsmc","C8",13.4273721844143,-4.21590095932308
"GSM8121895_athero_human_2.txt.gz","Plate_171s_M20","asymptomatic","fibroblast","C10",18.7816085120257,-6.63729380299238
"GSM8121895_athero_human_2.txt.gz","Plate_171s_M21","asymptomatic","fibroblast","C10",17.8443839843563,-4.93197538897158
"GSM8121895_athero_human_2.txt.gz","Plate_171s_M22","asymptomatic","fibroblast","C10",19.096756107466,-2.06691931510098
"GSM8121895_athero_human_2.txt.gz","Plate_171s_M23","asymptomatic","fibroblast","C7",15.1650962539997,-5.5510754720448
"GSM8121895_athero_human_2.txt.gz","Plate_171s_N01","asymptomatic","fibroblast","C2",17.0512786988482,-3.36935639214313
"GSM8121895_athero_human_2.txt.gz","Plate_171s_N02","asymptomatic","fibroblast","C7",14.6087757227777,-6.13694884208906
"GSM8121895_athero_human_2.txt.gz","Plate_171s_N03","asymptomatic","vsmc","C7",15.7943979890653,-7.10677676833008
"GSM8121895_athero_human_2.txt.gz","Plate_171s_N04","asymptomatic","mast","C7",9.1199225676629,-10.4712067673039
"GSM8121895_athero_human_2.txt.gz","Plate_171s_N05","asymptomatic","vsmc","C2",16.9624426343411,-2.52889945863279
"GSM8121895_athero_human_2.txt.gz","Plate_171s_N06","asymptomatic","vsmc","C2",19.2259553694365,-2.22283041116395
"GSM8121895_athero_human_2.txt.gz","Plate_171s_N07","asymptomatic","fibroblast","C10",13.7979715467248,-3.52311065090482
"GSM8121895_athero_human_2.txt.gz","Plate_171s_N08","asymptomatic","vsmc","C7",16.7337815066726,-9.38294206622265
"GSM8121895_athero_human_2.txt.gz","Plate_171s_N09","asymptomatic","vsmc","C2",17.3258632224416,-8.31093897724914
"GSM8121895_athero_human_2.txt.gz","Plate_171s_N10","asymptomatic","mast","C7",15.3197776347772,-7.43022853676851
"GSM8121895_athero_human_2.txt.gz","Plate_171s_N11","asymptomatic","vsmc","C7",12.4277688697771,-15.9931835123686
"GSM8121895_athero_human_2.txt.gz","Plate_171s_N12","asymptomatic","unassigned","C7",15.2659136865432,-9.14218753966138
"GSM8121895_athero_human_2.txt.gz","Plate_171s_N14","asymptomatic","fibroblast","C10",17.3198790029825,1.95362101100291
"GSM8121895_athero_human_2.txt.gz","Plate_171s_N16","asymptomatic","vsmc","C2",15.2028134165029,-6.47382268064493
"GSM8121895_athero_human_2.txt.gz","Plate_171s_N17","asymptomatic","vsmc","C2",18.3843910848224,-0.701031691248384
"GSM8121895_athero_human_2.txt.gz","Plate_171s_N20","asymptomatic","vsmc","C2",18.8776014027299,0.528214403462839
"GSM8121895_athero_human_2.txt.gz","Plate_171s_N21","asymptomatic","vsmc","C7",13.0690425647548,-9.82435345805901
"GSM8121895_athero_human_2.txt.gz","Plate_171s_N23","asymptomatic","fibroblast","C10",18.2250741627145,-4.01084998744446
"GSM8121895_athero_human_2.txt.gz","Plate_171s_O01","asymptomatic","vsmc","C2",15.8836684772815,-7.89662072458304
"GSM8121895_athero_human_2.txt.gz","Plate_171s_O02","asymptomatic","fibroblast","C10",19.1297667213656,-1.89111530859484
"GSM8121895_athero_human_2.txt.gz","Plate_171s_O03","asymptomatic","vsmc","C2",19.5302479965464,-1.11714060923081
"GSM8121895_athero_human_2.txt.gz","Plate_171s_O04","asymptomatic","unassigned","C10",19.4736045673077,-2.93395703775209
"GSM8121895_athero_human_2.txt.gz","Plate_171s_O05","asymptomatic","fibroblast","C10",17.3374282411189,-0.0663870454226743
"GSM8121895_athero_human_2.txt.gz","Plate_171s_O06","asymptomatic","vsmc","C2",17.7344799491476,-3.53898615197756
"GSM8121895_athero_human_2.txt.gz","Plate_171s_O07","asymptomatic","vsmc","C2",19.22224329749,-3.55404985956904
"GSM8121895_athero_human_2.txt.gz","Plate_171s_O08","asymptomatic","fibroblast","C10",17.1557375604766,1.8900911838925
"GSM8121895_athero_human_2.txt.gz","Plate_171s_O09","asymptomatic","unassigned","C7",11.1047743358963,-11.6265485411438
"GSM8121895_athero_human_2.txt.gz","Plate_171s_O10","asymptomatic","fibroblast","C7",17.5589216563346,-7.74806435867143
"GSM8121895_athero_human_2.txt.gz","Plate_171s_O11","asymptomatic","fibroblast","C10",16.1538781982188,0.530155602032387
"GSM8121895_athero_human_2.txt.gz","Plate_171s_O12","asymptomatic","fibroblast","C10",16.3871638583183,-5.35232067874079
"GSM8121895_athero_human_2.txt.gz","Plate_171s_O13","asymptomatic","vsmc","C2",17.5585567787439,-2.4410647287405
"GSM8121895_athero_human_2.txt.gz","Plate_171s_O15","asymptomatic","unassigned","C10",16.4212131697367,-4.22780888457288
"GSM8121895_athero_human_2.txt.gz","Plate_171s_O16","asymptomatic","vsmc","C2",19.0839144613484,-2.06785859006791
"GSM8121895_athero_human_2.txt.gz","Plate_171s_O18","asymptomatic","fibroblast","C7",15.2980755181704,-6.64578203974947
"GSM8121895_athero_human_2.txt.gz","Plate_171s_O19","asymptomatic","vsmc","C2",19.8656118955093,0.883112379843065
"GSM8121895_athero_human_2.txt.gz","Plate_171s_O20","asymptomatic","unassigned","C7",6.29161346241615,-17.1818455011213
"GSM8121895_athero_human_2.txt.gz","Plate_171s_O21","asymptomatic","vsmc","C2",19.2088751660875,-2.23111873292497
"GSM8121895_athero_human_2.txt.gz","Plate_171s_O22","asymptomatic","fibroblast","C2",17.8860751313324,-2.01102977584776
"GSM8121895_athero_human_2.txt.gz","Plate_171s_O23","asymptomatic","unassigned","C8",10.5750156798133,-6.12197602119041
"GSM8121895_athero_human_2.txt.gz","Plate_171s_P01","asymptomatic","fibroblast","C7",17.8947896481005,-7.18221496829034
"GSM8121895_athero_human_2.txt.gz","Plate_171s_P02","asymptomatic","unassigned","C2",16.3425240303044,-6.33806367336825
"GSM8121895_athero_human_2.txt.gz","Plate_171s_P04","asymptomatic","unassigned","C7",11.6071517681436,-12.211018262628
"GSM8121895_athero_human_2.txt.gz","Plate_171s_P06","asymptomatic","vsmc","C2",16.0985522102237,-8.41173585982911
"GSM8121895_athero_human_2.txt.gz","Plate_171s_P07","asymptomatic","fibroblast","C7",8.53166417843033,-12.5780186531178
"GSM8121895_athero_human_2.txt.gz","Plate_171s_P08","asymptomatic","vsmc","C2",17.862633528035,-0.838330485696413
"GSM8121895_athero_human_2.txt.gz","Plate_171s_P09","asymptomatic","vsmc","C7",13.5140096345376,-9.96302321550703
"GSM8121895_athero_human_2.txt.gz","Plate_171s_P10","asymptomatic","vsmc","C7",15.8068324736385,-7.29841452110922
"GSM8121895_athero_human_2.txt.gz","Plate_171s_P11","asymptomatic","vsmc","C2",18.187288543642,-5.48689274620354
"GSM8121895_athero_human_2.txt.gz","Plate_171s_P12","asymptomatic","vsmc","C7",10.0565180005196,-15.7173858024326
"GSM8121895_athero_human_2.txt.gz","Plate_171s_P13","asymptomatic","vsmc","C2",18.018190622385,-6.62475513959651
"GSM8121895_athero_human_2.txt.gz","Plate_171s_P14","asymptomatic","vsmc","C2",17.4698699289666,-7.41444393851907
"GSM8121895_athero_human_2.txt.gz","Plate_171s_P16","asymptomatic","vsmc","C2",18.3362959429461,-3.26069031209782
"GSM8121895_athero_human_2.txt.gz","Plate_171s_P18","asymptomatic","fibroblast","C2",17.4627165411886,-6.96751479947785
"GSM8121895_athero_human_2.txt.gz","Plate_171s_P19","asymptomatic","fibroblast","C10",20.2976016047057,-0.680663669841012
"GSM8121895_athero_human_2.txt.gz","Plate_171s_P20","asymptomatic","vsmc","C10",17.7510746810527,-3.26239855901001
"GSM8121895_athero_human_2.txt.gz","Plate_171s_P21","asymptomatic","vsmc","C2",18.0335922619111,-8.08687384534039
"GSM8121895_athero_human_2.txt.gz","Plate_171s_P22","asymptomatic","vsmc","C2",17.2920325535836,-2.9237513748002
"GSM8121896_athero_human_3.txt.gz","Plate_545s_A13","asymptomatic","endothelial","C6",3.929755559208,18.6495367325039
"GSM8121896_athero_human_3.txt.gz","Plate_545s_A24","asymptomatic","endothelial","C6",4.26155057002961,21.6299213839029
"GSM8121896_athero_human_3.txt.gz","Plate_545s_B01","asymptomatic","endothelial","C6",3.12901668823849,14.6042287168403
"GSM8121896_athero_human_3.txt.gz","Plate_545s_B08","asymptomatic","endothelial","C6",2.65824610808817,12.6586515837778
"GSM8121896_athero_human_3.txt.gz","Plate_545s_B24","asymptomatic","endothelial","C6",8.50842393057438,17.0469077305061
"GSM8121896_athero_human_3.txt.gz","Plate_545s_C01","asymptomatic","macrophage","C5",-9.98277047463056,4.01232786478168
"GSM8121896_athero_human_3.txt.gz","Plate_545s_C06","asymptomatic","endothelial","C6",3.4806130080464,21.6077995991391
"GSM8121896_athero_human_3.txt.gz","Plate_545s_C16","asymptomatic","endothelial","C6",3.59792085202842,22.9735308661683
"GSM8121896_athero_human_3.txt.gz","Plate_545s_D03","asymptomatic","endothelial","C6",3.49849437225851,16.1238899935433
"GSM8121896_athero_human_3.txt.gz","Plate_545s_D21","asymptomatic","endothelial","C6",2.61724503406996,13.3037425257343
"GSM8121896_athero_human_3.txt.gz","Plate_545s_E09","asymptomatic","endothelial","C6",3.62332819884655,20.3142262777488
"GSM8121896_athero_human_3.txt.gz","Plate_545s_E19","asymptomatic","endothelial","C6",3.95655869661022,19.0289760637602
"GSM8121896_athero_human_3.txt.gz","Plate_545s_E21","asymptomatic","macrophage","C4",-11.7730336925066,-8.74968335259844
"GSM8121896_athero_human_3.txt.gz","Plate_545s_E24","asymptomatic","endothelial","C6",2.44813535279607,19.6607435575103
"GSM8121896_athero_human_3.txt.gz","Plate_545s_F18","asymptomatic","macrophage","C9",-19.0432815002467,-0.37430413633867
"GSM8121896_athero_human_3.txt.gz","Plate_545s_G01","asymptomatic","endothelial","C6",-1.51474763168777,7.7875119374638
"GSM8121896_athero_human_3.txt.gz","Plate_545s_G04","asymptomatic","endothelial","C6",1.23384506515029,11.3112559036074
"GSM8121896_athero_human_3.txt.gz","Plate_545s_G05","asymptomatic","endothelial","C6",3.79143314854536,17.4133475847915
"GSM8121896_athero_human_3.txt.gz","Plate_545s_G23","asymptomatic","endothelial","C6",5.06585480454342,22.8661395178981
"GSM8121896_athero_human_3.txt.gz","Plate_545s_G24","asymptomatic","macrophage","C5",-20.2724506183554,2.9091708486334
"GSM8121896_athero_human_3.txt.gz","Plate_545s_H03","asymptomatic","endothelial","C6",6.55327523160516,8.93395120013707
"GSM8121896_athero_human_3.txt.gz","Plate_545s_H11","asymptomatic","endothelial","C6",4.32849076626094,23.7019472061187
"GSM8121896_athero_human_3.txt.gz","Plate_545s_H16","asymptomatic","endothelial","C6",8.37847964937626,13.6398953253595
"GSM8121896_athero_human_3.txt.gz","Plate_545s_I04","asymptomatic","endothelial","C6",3.97630620022961,16.3802957259268
"GSM8121896_athero_human_3.txt.gz","Plate_545s_I05","asymptomatic","endothelial","C6",3.28052026257725,21.8535118867627
"GSM8121896_athero_human_3.txt.gz","Plate_545s_I07","asymptomatic","macrophage","C3",-19.4802119549329,1.61506181255718
"GSM8121896_athero_human_3.txt.gz","Plate_545s_I23","asymptomatic","endothelial","C6",3.46085593187849,19.8401829792728
"GSM8121896_athero_human_3.txt.gz","Plate_545s_J09","asymptomatic","endothelial","C6",2.41389940849637,15.5879421457525
"GSM8121896_athero_human_3.txt.gz","Plate_545s_J12","asymptomatic","endothelial","C6",1.70101464479025,5.46359078824463
"GSM8121896_athero_human_3.txt.gz","Plate_545s_K07","asymptomatic","endothelial","C6",4.21452837078048,8.86881184272153
"GSM8121896_athero_human_3.txt.gz","Plate_545s_K15","asymptomatic","macrophage","C9",-17.858789359437,1.09703534366454
"GSM8121896_athero_human_3.txt.gz","Plate_545s_K22","asymptomatic","endothelial","C6",3.21015206405303,17.9031623933392
"GSM8121896_athero_human_3.txt.gz","Plate_545s_L01","asymptomatic","macrophage","C3",-19.4736750783908,3.58330249959704
"GSM8121896_athero_human_3.txt.gz","Plate_545s_L03","asymptomatic","endothelial","C8",10.7144839644994,11.2808108882973
"GSM8121896_athero_human_3.txt.gz","Plate_545s_L07","asymptomatic","endothelial","C6",0.15052153542597,9.71882780600802
"GSM8121896_athero_human_3.txt.gz","Plate_545s_L09","asymptomatic","endothelial","C6",0.529701937610765,13.3215517029077
"GSM8121896_athero_human_3.txt.gz","Plate_545s_M01","asymptomatic","endothelial","C6",2.15681845286143,19.3556209582977
"GSM8121896_athero_human_3.txt.gz","Plate_545s_M24","asymptomatic","endothelial","C6",2.94412548220972,16.5081598687452
"GSM8121896_athero_human_3.txt.gz","Plate_545s_N04","asymptomatic","endothelial","C6",4.30026139663233,15.415020112856
"GSM8121896_athero_human_3.txt.gz","Plate_545s_N10","asymptomatic","macrophage","C9",-18.1038746894037,-3.27708643939823
"GSM8121896_athero_human_3.txt.gz","Plate_545s_N16","asymptomatic","endothelial","C6",3.50671894592877,19.7183990328483
"GSM8121896_athero_human_3.txt.gz","Plate_545s_N22","asymptomatic","endothelial","C6",6.14128130908744,13.3165867461737
"GSM8121896_athero_human_3.txt.gz","Plate_545s_N23","asymptomatic","endothelial","C6",4.40054398291039,16.5185606381943
"GSM8121896_athero_human_3.txt.gz","Plate_545s_O02","asymptomatic","endothelial","C6",3.30378641756745,17.1669587562297
"GSM8121896_athero_human_3.txt.gz","Plate_545s_O07","asymptomatic","endothelial","C6",3.16161811985658,12.5142189142018
"GSM8121896_athero_human_3.txt.gz","Plate_545s_O10","asymptomatic","endothelial","C6",2.05022036436455,9.98745488986167
"GSM8121896_athero_human_3.txt.gz","Plate_545s_P02","asymptomatic","endothelial","C6",3.11536363257745,14.4757462852574
"GSM8121896_athero_human_3.txt.gz","Plate_545s_P04","asymptomatic","endothelial","C6",3.52707625110074,20.2260947062756
"GSM8121896_athero_human_3.txt.gz","Plate_545s_P07","asymptomatic","endothelial","C6",1.92529542121036,16.1835544108709
"GSM8121896_athero_human_3.txt.gz","Plate_545s_P12","asymptomatic","endothelial","C5",-13.621070471607,12.4037332783054
"GSM8121896_athero_human_3.txt.gz","Plate_545s_P19","asymptomatic","endothelial","C6",4.00311571110366,19.3157292057244
"GSM8121896_athero_human_3.txt.gz","Plate_545s_P20","asymptomatic","endothelial","C6",2.39865666720427,8.37341347004313
"GSM8121896_athero_human_3.txt.gz","Plate_545s_P22","asymptomatic","endothelial","C6",8.11026878314511,8.45846316891782
"GSM8121896_athero_human_3.txt.gz","Plate_546s_A03","asymptomatic","vsmc","C2",16.0710805929549,-3.55602490863592
"GSM8121896_athero_human_3.txt.gz","Plate_546s_A08","asymptomatic","fibroblast","C7",10.8465543552739,-9.90158701966875
"GSM8121896_athero_human_3.txt.gz","Plate_546s_A12","asymptomatic","fibroblast","C10",12.8938594919085,2.3823516335806
"GSM8121896_athero_human_3.txt.gz","Plate_546s_A15","asymptomatic","fibroblast","C10",15.4883185098269,-1.00690877493442
"GSM8121896_athero_human_3.txt.gz","Plate_546s_B01","asymptomatic","vsmc","C2",14.1534143937286,-6.49688176115212
"GSM8121896_athero_human_3.txt.gz","Plate_546s_B03","asymptomatic","fibroblast","C10",16.0645579150017,-4.77103389239576
"GSM8121896_athero_human_3.txt.gz","Plate_546s_B08","asymptomatic","vsmc","C7",12.3043581098318,-2.37844247365404
"GSM8121896_athero_human_3.txt.gz","Plate_546s_B12","asymptomatic","vsmc","C2",16.7199244787401,-3.74491499329306
"GSM8121896_athero_human_3.txt.gz","Plate_546s_B16","asymptomatic","fibroblast","C10",13.7277184824494,-1.45991196703651
"GSM8121896_athero_human_3.txt.gz","Plate_546s_B20","asymptomatic","fibroblast","C10",14.4316299703281,-0.0184050865012809
"GSM8121896_athero_human_3.txt.gz","Plate_546s_C01","asymptomatic","fibroblast","C8",11.5417703157067,-2.78371318464751
"GSM8121896_athero_human_3.txt.gz","Plate_546s_C03","asymptomatic","fibroblast","C10",14.246408142567,-2.13616748527831
"GSM8121896_athero_human_3.txt.gz","Plate_546s_C08","asymptomatic","vsmc","C2",14.5518008102943,-4.61454214836044
"GSM8121896_athero_human_3.txt.gz","Plate_546s_C15","asymptomatic","fibroblast","C7",11.4529493982262,-5.41567879086873
"GSM8121896_athero_human_3.txt.gz","Plate_546s_C16","asymptomatic","fibroblast","C10",12.8069355112883,2.04434781782028
"GSM8121896_athero_human_3.txt.gz","Plate_546s_C22","asymptomatic","fibroblast","C10",12.8275818065977,-0.3459131246638
"GSM8121896_athero_human_3.txt.gz","Plate_546s_D01","asymptomatic","vsmc","C2",15.3976213903818,-1.85037033451782
"GSM8121896_athero_human_3.txt.gz","Plate_546s_D03","asymptomatic","fibroblast","C10",15.4834561736057,-1.45940044189729
"GSM8121896_athero_human_3.txt.gz","Plate_546s_D15","asymptomatic","vsmc","C8",13.8828597471804,-5.93042129323335
"GSM8121896_athero_human_3.txt.gz","Plate_546s_D18","asymptomatic","fibroblast","C10",14.771059344688,0.549451160264597
"GSM8121896_athero_human_3.txt.gz","Plate_546s_D21","asymptomatic","vsmc","C2",18.2959929464625,0.105687456351822
"GSM8121896_athero_human_3.txt.gz","Plate_546s_D24","asymptomatic","vsmc","C2",14.9356374131044,-3.54259070356043
"GSM8121896_athero_human_3.txt.gz","Plate_546s_E04","asymptomatic","vsmc","C2",13.6071729900994,-5.9845547016657
"GSM8121896_athero_human_3.txt.gz","Plate_546s_E05","asymptomatic","vsmc","C2",16.2439757267399,-8.33559387285283
"GSM8121896_athero_human_3.txt.gz","Plate_546s_E07","asymptomatic","fibroblast","C7",12.2857771026363,-8.9389325619783
"GSM8121896_athero_human_3.txt.gz","Plate_546s_E08","asymptomatic","fibroblast","C7",5.02220464771853,-6.35138509524037
"GSM8121896_athero_human_3.txt.gz","Plate_546s_E10","asymptomatic","fibroblast","C10",13.0075054055322,3.90730013727041
"GSM8121896_athero_human_3.txt.gz","Plate_546s_E12","asymptomatic","fibroblast","C10",17.1397824902455,-0.911478550034659
"GSM8121896_athero_human_3.txt.gz","Plate_546s_E15","asymptomatic","fibroblast","C10",11.6026602843951,-2.77672704625208
"GSM8121896_athero_human_3.txt.gz","Plate_546s_E21","asymptomatic","fibroblast","C10",14.8547455696407,0.109839158914326
"GSM8121896_athero_human_3.txt.gz","Plate_546s_F07","asymptomatic","vsmc","C2",16.3706178365718,-5.02153300150521
"GSM8121896_athero_human_3.txt.gz","Plate_546s_F08","asymptomatic","fibroblast","C10",14.8641295235952,2.75717847818234
"GSM8121896_athero_human_3.txt.gz","Plate_546s_F09","asymptomatic","fibroblast","C10",14.3341485338751,2.20682332625596
"GSM8121896_athero_human_3.txt.gz","Plate_546s_F11","asymptomatic","fibroblast","C10",13.4259598650774,-4.18265608431775
"GSM8121896_athero_human_3.txt.gz","Plate_546s_F12","asymptomatic","fibroblast","C10",14.1278824228168,-1.16994362075242
"GSM8121896_athero_human_3.txt.gz","Plate_546s_F15","asymptomatic","fibroblast","C10",13.1558205354018,1.54266007408675
"GSM8121896_athero_human_3.txt.gz","Plate_546s_G01","asymptomatic","vsmc","C2",15.5726508679731,2.88173251065479
"GSM8121896_athero_human_3.txt.gz","Plate_546s_G07","asymptomatic","fibroblast","C10",15.0378469498496,-1.48251240944359
"GSM8121896_athero_human_3.txt.gz","Plate_546s_G13","asymptomatic","vsmc","C2",14.1681093452578,-7.97118713480429
"GSM8121896_athero_human_3.txt.gz","Plate_546s_G23","asymptomatic","vsmc","C7",9.63902826523635,-8.34019091887095
"GSM8121896_athero_human_3.txt.gz","Plate_546s_H07","asymptomatic","fibroblast","C10",14.3264905949736,3.80976154800624
"GSM8121896_athero_human_3.txt.gz","Plate_546s_H08","asymptomatic","fibroblast","C10",13.0346614658089,1.36438612215552
"GSM8121896_athero_human_3.txt.gz","Plate_546s_H09","asymptomatic","vsmc","C2",16.6913638208979,-4.02563424993549
"GSM8121896_athero_human_3.txt.gz","Plate_546s_H10","asymptomatic","fibroblast","C10",13.4393300599583,-0.872275565287488
"GSM8121896_athero_human_3.txt.gz","Plate_546s_H15","asymptomatic","fibroblast","C8",13.2109756834102,-0.915442321715234
"GSM8121896_athero_human_3.txt.gz","Plate_546s_H18","asymptomatic","fibroblast","C10",13.6818838162566,2.04579401145892
"GSM8121896_athero_human_3.txt.gz","Plate_546s_H19","asymptomatic","fibroblast","C7",12.0174874934174,-3.34811632822207
"GSM8121896_athero_human_3.txt.gz","Plate_546s_I03","asymptomatic","vsmc","C2",18.4045003104102,-6.54473892156032
"GSM8121896_athero_human_3.txt.gz","Plate_546s_I07","asymptomatic","vsmc","C2",16.7155291696629,-4.75427559397621
"GSM8121896_athero_human_3.txt.gz","Plate_546s_I15","asymptomatic","fibroblast","C10",15.2253754222578,-0.538531634713469
"GSM8121896_athero_human_3.txt.gz","Plate_546s_I17","asymptomatic","vsmc","C2",16.7280608197421,-5.14470070026621
"GSM8121896_athero_human_3.txt.gz","Plate_546s_I19","asymptomatic","vsmc","C2",13.4421343535442,-5.87784220920768
"GSM8121896_athero_human_3.txt.gz","Plate_546s_J07","asymptomatic","fibroblast","C10",14.4865733850827,-1.68304381935087
"GSM8121896_athero_human_3.txt.gz","Plate_546s_J08","asymptomatic","fibroblast","C7",13.2500712444543,-5.41345320617622
"GSM8121896_athero_human_3.txt.gz","Plate_546s_J09","asymptomatic","fibroblast","C10",13.3566692875016,-0.178766083255784
"GSM8121896_athero_human_3.txt.gz","Plate_546s_J10","asymptomatic","fibroblast","C7",13.6698574795325,-7.85921276566008
"GSM8121896_athero_human_3.txt.gz","Plate_546s_J18","asymptomatic","fibroblast","C10",15.250436638664,-4.1622217646941
"GSM8121896_athero_human_3.txt.gz","Plate_546s_K12","asymptomatic","fibroblast","C7",13.2674987518899,-4.98009584855954
"GSM8121896_athero_human_3.txt.gz","Plate_546s_K15","asymptomatic","vsmc","C8",11.235028341334,0.834040584043196
"GSM8121896_athero_human_3.txt.gz","Plate_546s_K16","asymptomatic","vsmc","C2",15.2228130269802,-7.64311119333083
"GSM8121896_athero_human_3.txt.gz","Plate_546s_K22","asymptomatic","fibroblast","C10",14.2934060545959,0.873637399134704
"GSM8121896_athero_human_3.txt.gz","Plate_546s_L04","asymptomatic","fibroblast","C7",12.0157632200664,-6.08824083172992
"GSM8121896_athero_human_3.txt.gz","Plate_546s_L07","asymptomatic","vsmc","C2",14.6475571303415,-4.34300231358579
"GSM8121896_athero_human_3.txt.gz","Plate_546s_L09","asymptomatic","fibroblast","C10",16.1616966770379,2.70113121608139
"GSM8121896_athero_human_3.txt.gz","Plate_546s_L12","asymptomatic","fibroblast","C10",13.9608473481967,-0.113579429895347
"GSM8121896_athero_human_3.txt.gz","Plate_546s_L14","asymptomatic","vsmc","C7",14.6683627668796,-6.36390297052098
"GSM8121896_athero_human_3.txt.gz","Plate_546s_L15","asymptomatic","fibroblast","C10",13.8400787601175,2.47921251076792
"GSM8121896_athero_human_3.txt.gz","Plate_546s_L17","asymptomatic","fibroblast","C10",15.2759638042384,-1.52782012781148
"GSM8121896_athero_human_3.txt.gz","Plate_546s_L18","asymptomatic","fibroblast","C10",16.1566508142394,-0.546010656402259
"GSM8121896_athero_human_3.txt.gz","Plate_546s_L19","asymptomatic","vsmc","C2",15.2478645551935,-9.44852066799558
"GSM8121896_athero_human_3.txt.gz","Plate_546s_L21","asymptomatic","fibroblast","C10",12.30413838508,-1.93792822116022
"GSM8121896_athero_human_3.txt.gz","Plate_546s_M01","asymptomatic","fibroblast","C10",15.5704897120162,-2.00823379922475
"GSM8121896_athero_human_3.txt.gz","Plate_546s_M04","asymptomatic","fibroblast","C10",14.0176490716958,0.345481724781467
"GSM8121896_athero_human_3.txt.gz","Plate_546s_M07","asymptomatic","fibroblast","C7",11.7719323367319,-6.98064086630375
"GSM8121896_athero_human_3.txt.gz","Plate_546s_M10","asymptomatic","fibroblast","C10",13.9245889662698,-1.69773907101544
"GSM8121896_athero_human_3.txt.gz","Plate_546s_M11","asymptomatic","vsmc","C2",15.2904578963689,-7.45847815573762
"GSM8121896_athero_human_3.txt.gz","Plate_546s_M12","asymptomatic","fibroblast","C10",14.1468931132711,4.54921012257484
"GSM8121896_athero_human_3.txt.gz","Plate_546s_M15","asymptomatic","vsmc","C2",16.5723822044141,-5.48247430741552
"GSM8121896_athero_human_3.txt.gz","Plate_546s_M16","asymptomatic","vsmc","C2",14.6799907767971,-3.51046305840358
"GSM8121896_athero_human_3.txt.gz","Plate_546s_M19","asymptomatic","fibroblast","C7",12.7325763514303,-5.62189402496276
"GSM8121896_athero_human_3.txt.gz","Plate_546s_M24","asymptomatic","fibroblast","C7",12.5060857669336,-4.96522062003187
"GSM8121896_athero_human_3.txt.gz","Plate_546s_N07","asymptomatic","fibroblast","C10",14.8998898573978,-1.38768610763516
"GSM8121896_athero_human_3.txt.gz","Plate_546s_N14","asymptomatic","fibroblast","C10",12.8991254662434,-1.91457249105283
"GSM8121896_athero_human_3.txt.gz","Plate_546s_N15","asymptomatic","vsmc","C10",17.0958984589613,-2.74554334100557
"GSM8121896_athero_human_3.txt.gz","Plate_546s_N17","asymptomatic","fibroblast","C7",13.6250825610163,-4.9585538944095
"GSM8121896_athero_human_3.txt.gz","Plate_546s_N19","asymptomatic","fibroblast","C10",13.9522769899702,-2.47663422339574
"GSM8121896_athero_human_3.txt.gz","Plate_546s_O02","asymptomatic","vsmc","C2",17.1504634057873,-4.19022590817357
"GSM8121896_athero_human_3.txt.gz","Plate_546s_O12","asymptomatic","fibroblast","C10",13.7276322284328,2.77492095138419
"GSM8121896_athero_human_3.txt.gz","Plate_546s_O17","asymptomatic","vsmc","C2",18.5781095432113,-4.25493991769747
"GSM8121896_athero_human_3.txt.gz","Plate_546s_O18","asymptomatic","fibroblast","C10",13.8937965825262,0.524747719879407
"GSM8121896_athero_human_3.txt.gz","Plate_546s_O19","asymptomatic","fibroblast","C10",4.07542482253755,0.321304025040501
"GSM8121896_athero_human_3.txt.gz","Plate_546s_P04","asymptomatic","fibroblast","C10",13.4976340515975,-0.724900486398146
"GSM8121896_athero_human_3.txt.gz","Plate_546s_P10","asymptomatic","fibroblast","C10",12.7758419881489,0.926730944751227
"GSM8121896_athero_human_3.txt.gz","Plate_546s_P15","asymptomatic","fibroblast","C10",15.4793200425275,3.04336053918866
"GSM8121896_athero_human_3.txt.gz","Plate_546s_P17","asymptomatic","vsmc","C2",14.2633562001872,-7.87367431456772
"GSM8121896_athero_human_3.txt.gz","Plate_546s_P19","asymptomatic","fibroblast","C10",14.7204273423535,1.03430278280269
"GSM8121896_athero_human_3.txt.gz","Plate_546s_P22","asymptomatic","vsmc","C2",17.3347119745851,-3.28023559004259
"GSM8121896_athero_human_3.txt.gz","Plate_547s_A01","asymptomatic","unassigned","C9",-17.3822550705822,-0.88007686824379
"GSM8121896_athero_human_3.txt.gz","Plate_547s_A02","asymptomatic","vsmc","C10",15.5236721260817,4.44818362682616
"GSM8121896_athero_human_3.txt.gz","Plate_547s_A03","asymptomatic","macrophage","C4",-17.7343953820417,-6.91524531657315
"GSM8121896_athero_human_3.txt.gz","Plate_547s_A04","asymptomatic","macrophage","C3",-22.0522375253275,1.88490352826714
"GSM8121896_athero_human_3.txt.gz","Plate_547s_A05","asymptomatic","macrophage","C3",-18.1175513921726,-1.02892693810901
"GSM8121896_athero_human_3.txt.gz","Plate_547s_A06","asymptomatic","macrophage","C3",-20.3283292205998,2.70413147870788
"GSM8121896_athero_human_3.txt.gz","Plate_547s_A07","asymptomatic","macrophage","C5",-15.0657811310839,4.76187864890025
"GSM8121896_athero_human_3.txt.gz","Plate_547s_A08","asymptomatic","macrophage","C3",-19.7045045552086,-1.30752372816017
"GSM8121896_athero_human_3.txt.gz","Plate_547s_A09","asymptomatic","fibroblast","C10",15.7692783628785,6.17746792701222
"GSM8121896_athero_human_3.txt.gz","Plate_547s_A10","asymptomatic","macrophage","C3",-16.4515763350018,-2.12955725579663
"GSM8121896_athero_human_3.txt.gz","Plate_547s_A12","asymptomatic","unassigned","C4",-14.3777808634122,-5.52739400434425
"GSM8121896_athero_human_3.txt.gz","Plate_547s_A13","asymptomatic","macrophage","C5",-13.4700435271436,1.21489076684188
"GSM8121896_athero_human_3.txt.gz","Plate_547s_A14","asymptomatic","macrophage","C3",-18.5094098731259,-1.2083457769453
"GSM8121896_athero_human_3.txt.gz","Plate_547s_A17","asymptomatic","macrophage","C4",-16.6730297554076,-4.53821566773195
"GSM8121896_athero_human_3.txt.gz","Plate_547s_A18","asymptomatic","fibroblast","C10",11.6609426338363,3.15776365551006
"GSM8121896_athero_human_3.txt.gz","Plate_547s_A19","asymptomatic","macrophage","C5",-18.3542311892665,6.81247213083705
"GSM8121896_athero_human_3.txt.gz","Plate_547s_A20","asymptomatic","macrophage","C4",-18.3696927716334,-4.9383021520331
"GSM8121896_athero_human_3.txt.gz","Plate_547s_A21","asymptomatic","fibroblast","C10",12.6899907928676,4.41685138731236
"GSM8121896_athero_human_3.txt.gz","Plate_547s_A22","asymptomatic","macrophage","C9",-20.2464471630408,-3.02143428209386
"GSM8121896_athero_human_3.txt.gz","Plate_547s_A23","asymptomatic","macrophage","C3",-20.7503461631259,-1.80733464045916
"GSM8121896_athero_human_3.txt.gz","Plate_547s_A24","asymptomatic","fibroblast","C10",13.2172700318822,6.02817619714036
"GSM8121896_athero_human_3.txt.gz","Plate_547s_B01","asymptomatic","vsmc","C2",3.705825059484,1.30468775074635
"GSM8121896_athero_human_3.txt.gz","Plate_547s_B02","asymptomatic","macrophage","C3",-17.8456336284328,0.168266530311477
"GSM8121896_athero_human_3.txt.gz","Plate_547s_B03","asymptomatic","macrophage","C4",-16.5040279013601,-3.04227052734671
"GSM8121896_athero_human_3.txt.gz","Plate_547s_B04","asymptomatic","macrophage","C5",-22.4936607142807,5.19544237803005
"GSM8121896_athero_human_3.txt.gz","Plate_547s_B06","asymptomatic","fibroblast","C10",14.8106451850697,4.02290145651417
"GSM8121896_athero_human_3.txt.gz","Plate_547s_B07","asymptomatic","macrophage","C3",-17.1197359232144,-3.17799113725303
"GSM8121896_athero_human_3.txt.gz","Plate_547s_B08","asymptomatic","macrophage","C3",-21.1911725195758,-0.915196071219391
"GSM8121896_athero_human_3.txt.gz","Plate_547s_B09","asymptomatic","macrophage","C4",-17.2721637263795,-4.10402208850051
"GSM8121896_athero_human_3.txt.gz","Plate_547s_B10","asymptomatic","macrophage","C5",-14.9046800862138,6.25027650553718
"GSM8121896_athero_human_3.txt.gz","Plate_547s_B11","asymptomatic","macrophage","C4",-15.7379988539395,-2.84692104918175
"GSM8121896_athero_human_3.txt.gz","Plate_547s_B12","asymptomatic","macrophage","C9",-16.7395429723095,-6.15336788696192
"GSM8121896_athero_human_3.txt.gz","Plate_547s_B13","asymptomatic","fibroblast","C10",10.9409561175272,-5.147063146494
"GSM8121896_athero_human_3.txt.gz","Plate_547s_B14","asymptomatic","macrophage","C3",-18.512177202834,-1.04184228852715
"GSM8121896_athero_human_3.txt.gz","Plate_547s_B16","asymptomatic","vsmc","C2",13.6499163041482,-5.32976773589927
"GSM8121896_athero_human_3.txt.gz","Plate_547s_B17","asymptomatic","fibroblast","C7",5.26764899496928,-7.50919168579132
"GSM8121896_athero_human_3.txt.gz","Plate_547s_B19","asymptomatic","macrophage","C3",-17.4146601604981,0.093115237115654
"GSM8121896_athero_human_3.txt.gz","Plate_547s_B20","asymptomatic","fibroblast","C7",9.50808311550257,-5.48278005723255
"GSM8121896_athero_human_3.txt.gz","Plate_547s_B21","asymptomatic","macrophage","C3",-16.2409961174883,-1.01122105367478
"GSM8121896_athero_human_3.txt.gz","Plate_547s_B22","asymptomatic","macrophage","C3",-20.413407245655,1.37198007773906
"GSM8121896_athero_human_3.txt.gz","Plate_547s_B23","asymptomatic","fibroblast","C10",12.5461891495672,2.47405656312611
"GSM8121896_athero_human_3.txt.gz","Plate_547s_B24","asymptomatic","macrophage","C3",-19.7693337474194,3.32002460435758
"GSM8121896_athero_human_3.txt.gz","Plate_547s_C01","asymptomatic","endothelial","C6",3.41722032964774,19.80346146802
"GSM8121896_athero_human_3.txt.gz","Plate_547s_C02","asymptomatic","macrophage","C4",-17.1046290867296,-3.50687721213722
"GSM8121896_athero_human_3.txt.gz","Plate_547s_C03","asymptomatic","unassigned","C4",-18.0142342489731,-3.00415696841145
"GSM8121896_athero_human_3.txt.gz","Plate_547s_C04","asymptomatic","fibroblast","C10",11.0587378462105,5.94420398327524
"GSM8121896_athero_human_3.txt.gz","Plate_547s_C05","asymptomatic","unassigned","C5",-17.5509860610507,8.6142134897017
"GSM8121896_athero_human_3.txt.gz","Plate_547s_C06","asymptomatic","macrophage","C3",-15.7447540823183,2.94717416282095
"GSM8121896_athero_human_3.txt.gz","Plate_547s_C07","asymptomatic","endothelial","C6",3.69916065260096,22.3751589829966
"GSM8121896_athero_human_3.txt.gz","Plate_547s_C08","asymptomatic","unassigned","C9",-16.4646033187135,-3.56736112548525
"GSM8121896_athero_human_3.txt.gz","Plate_547s_C09","asymptomatic","macrophage","C9",-17.551482550772,-2.92178023618533
"GSM8121896_athero_human_3.txt.gz","Plate_547s_C10","asymptomatic","fibroblast","C10",15.8464306399198,0.493314596679963
"GSM8121896_athero_human_3.txt.gz","Plate_547s_C11","asymptomatic","vsmc","C8",8.65170510350559,4.98451094835298
"GSM8121896_athero_human_3.txt.gz","Plate_547s_C12","asymptomatic","unassigned","C3",-19.518220693649,0.75053238603465
"GSM8121896_athero_human_3.txt.gz","Plate_547s_C13","asymptomatic","vsmc","C2",10.7543249773873,-6.65774908825535
"GSM8121896_athero_human_3.txt.gz","Plate_547s_C14","asymptomatic","macrophage","C5",-20.5343600003081,-0.328178208996363
"GSM8121896_athero_human_3.txt.gz","Plate_547s_C15","asymptomatic","mast","C4",-9.87824442673437,-3.8644345374565
"GSM8121896_athero_human_3.txt.gz","Plate_547s_C16","asymptomatic","macrophage","C3",-19.8491235975846,-3.74250016379126
"GSM8121896_athero_human_3.txt.gz","Plate_547s_C17","asymptomatic","vsmc","C2",10.1241513939151,-4.8909601465163
"GSM8121896_athero_human_3.txt.gz","Plate_547s_C18","asymptomatic","macrophage","C4",-15.9930835182059,-3.32467632396679
"GSM8121896_athero_human_3.txt.gz","Plate_547s_C20","asymptomatic","fibroblast","C10",5.99870482549776,-2.86074201968047
"GSM8121896_athero_human_3.txt.gz","Plate_547s_C21","asymptomatic","macrophage","C5",-17.0772799331005,5.3016190828739
"GSM8121896_athero_human_3.txt.gz","Plate_547s_C22","asymptomatic","macrophage","C3",-19.3755817760823,-2.10933074239146
"GSM8121896_athero_human_3.txt.gz","Plate_547s_C23","asymptomatic","t_nk","C4",-18.4571599077277,-3.02043239233817
"GSM8121896_athero_human_3.txt.gz","Plate_547s_C24","asymptomatic","macrophage","C3",-19.8899933205584,2.81876720014358
"GSM8121896_athero_human_3.txt.gz","Plate_547s_D01","asymptomatic","macrophage","C9",-14.1109624108688,-0.516294534542805
"GSM8121896_athero_human_3.txt.gz","Plate_547s_D02","asymptomatic","macrophage","C3",-18.3769378345719,-3.71402504849106
"GSM8121896_athero_human_3.txt.gz","Plate_547s_D03","asymptomatic","vsmc","C2",16.8586929197206,1.15569342504027
"GSM8121896_athero_human_3.txt.gz","Plate_547s_D04","asymptomatic","macrophage","C5",-18.0243208562449,6.71228473070435
"GSM8121896_athero_human_3.txt.gz","Plate_547s_D05","asymptomatic","fibroblast","C10",13.5175090204019,4.55468844479264
"GSM8121896_athero_human_3.txt.gz","Plate_547s_D07","asymptomatic","macrophage","C9",-17.5004920629923,-3.95497668314402
"GSM8121896_athero_human_3.txt.gz","Plate_547s_D08","asymptomatic","macrophage","C4",-19.2182234752369,-5.3411087865803
"GSM8121896_athero_human_3.txt.gz","Plate_547s_D09","asymptomatic","macrophage","C9",-17.6720571368443,-3.8084724763895
"GSM8121896_athero_human_3.txt.gz","Plate_547s_D11","asymptomatic","fibroblast","C10",15.3487452706,-1.0714092497837
"GSM8121896_athero_human_3.txt.gz","Plate_547s_D16","asymptomatic","vsmc","C2",12.7823792056512,-7.55842032174459
"GSM8121896_athero_human_3.txt.gz","Plate_547s_D17","asymptomatic","fibroblast","C10",9.49756326486431,-2.49331677335466
"GSM8121896_athero_human_3.txt.gz","Plate_547s_D18","asymptomatic","endothelial","C6",9.69483998367834,12.002268022204
"GSM8121896_athero_human_3.txt.gz","Plate_547s_D20","asymptomatic","macrophage","C3",-18.2827885345278,-1.67519146440474
"GSM8121896_athero_human_3.txt.gz","Plate_547s_D21","asymptomatic","macrophage","C4",-14.5064108320751,-4.36378854994286
"GSM8121896_athero_human_3.txt.gz","Plate_547s_D22","asymptomatic","endothelial","C6",4.45739968139883,21.9842522917007
"GSM8121896_athero_human_3.txt.gz","Plate_547s_D24","asymptomatic","macrophage","C3",-19.1873250201557,-1.81969382128841
"GSM8121896_athero_human_3.txt.gz","Plate_547s_E01","asymptomatic","fibroblast","C10",10.5244492013355,0.706026773433802
"GSM8121896_athero_human_3.txt.gz","Plate_547s_E02","asymptomatic","macrophage","C3",-21.9141036464304,-1.01142672376296
"GSM8121896_athero_human_3.txt.gz","Plate_547s_E03","asymptomatic","t_nk","C4",-17.7372013762274,-4.03856099618317
"GSM8121896_athero_human_3.txt.gz","Plate_547s_E04","asymptomatic","macrophage","C5",-20.7419480221909,3.53507709376211
"GSM8121896_athero_human_3.txt.gz","Plate_547s_E06","asymptomatic","macrophage","C4",-16.7385703634894,-7.1766002807319
"GSM8121896_athero_human_3.txt.gz","Plate_547s_E08","asymptomatic","macrophage","C3",-20.7127509612387,-1.20581703780316
"GSM8121896_athero_human_3.txt.gz","Plate_547s_E10","asymptomatic","fibroblast","C10",13.791173238984,1.26072664070468
"GSM8121896_athero_human_3.txt.gz","Plate_547s_E11","asymptomatic","unassigned","C5",-8.80860119171883,0.694139466526742
"GSM8121896_athero_human_3.txt.gz","Plate_547s_E16","asymptomatic","macrophage","C5",-17.5799629136607,2.16567859095576
"GSM8121896_athero_human_3.txt.gz","Plate_547s_E17","asymptomatic","macrophage","C4",-16.2777815793999,-4.51651304644693
"GSM8121896_athero_human_3.txt.gz","Plate_547s_E18","asymptomatic","unassigned","C9",-21.6568635868701,-4.72457764372094
"GSM8121896_athero_human_3.txt.gz","Plate_547s_E23","asymptomatic","fibroblast","C8",11.6820094054766,-3.18405163330136
"GSM8121896_athero_human_3.txt.gz","Plate_547s_E24","asymptomatic","unassigned","C9",-15.9883856239842,-6.66598273506668
"GSM8121896_athero_human_3.txt.gz","Plate_547s_F01","asymptomatic","unassigned","C4",-4.91098815755961,-5.07974680164453
"GSM8121896_athero_human_3.txt.gz","Plate_547s_F02","asymptomatic","vsmc","C2",17.8331167821034,-1.73759893770124
"GSM8121896_athero_human_3.txt.gz","Plate_547s_F03","asymptomatic","unassigned","C3",-17.9500327129392,-3.25772197903259
"GSM8121896_athero_human_3.txt.gz","Plate_547s_F04","asymptomatic","macrophage","C4",-16.317449345789,-5.69750360785588
"GSM8121896_athero_human_3.txt.gz","Plate_547s_F05","asymptomatic","b_cell","C5",-15.226202548161,5.15914123245809
"GSM8121896_athero_human_3.txt.gz","Plate_547s_F06","asymptomatic","vsmc","C10",11.3885981936183,3.31068850580467
"GSM8121896_athero_human_3.txt.gz","Plate_547s_F08","asymptomatic","unassigned","C4",-16.1611292445675,-5.5533255756299
"GSM8121896_athero_human_3.txt.gz","Plate_547s_F09","asymptomatic","vsmc","C2",15.8892128108132,-2.48521208256072
"GSM8121896_athero_human_3.txt.gz","Plate_547s_F10","asymptomatic","fibroblast","C10",14.0149934408057,3.9734473583637
"GSM8121896_athero_human_3.txt.gz","Plate_547s_F11","asymptomatic","vsmc","C2",14.8881618816642,-3.71623744574607
"GSM8121896_athero_human_3.txt.gz","Plate_547s_F12","asymptomatic","macrophage","C5",-17.1095827090453,6.26746971459808
"GSM8121896_athero_human_3.txt.gz","Plate_547s_F13","asymptomatic","b_cell","C3",-19.0572859553683,-2.65726082808161
"GSM8121896_athero_human_3.txt.gz","Plate_547s_F14","asymptomatic","macrophage","C5",-18.3048760411196,0.150896181679926
"GSM8121896_athero_human_3.txt.gz","Plate_547s_F18","asymptomatic","b_cell","C1",-3.75937581691571,-0.16879886357025
"GSM8121896_athero_human_3.txt.gz","Plate_547s_F19","asymptomatic","fibroblast","C10",11.5292384122177,3.34696092820741
"GSM8121896_athero_human_3.txt.gz","Plate_547s_F21","asymptomatic","vsmc","C2",15.5241890713756,-5.31294983649452
"GSM8121896_athero_human_3.txt.gz","Plate_547s_F22","asymptomatic","unassigned","C9",-16.7483446458566,-2.33039328674456
"GSM8121896_athero_human_3.txt.gz","Plate_547s_F23","asymptomatic","macrophage","C3",-17.8431839143788,-0.343894201125956
"GSM8121896_athero_human_3.txt.gz","Plate_547s_F24","asymptomatic","b_cell","C9",-12.0603880504949,-7.68575255536087
"GSM8121896_athero_human_3.txt.gz","Plate_547s_G01","asymptomatic","unassigned","C9",-12.785385164833,-9.31359079988539
"GSM8121896_athero_human_3.txt.gz","Plate_547s_G02","asymptomatic","macrophage","C3",-19.9578364143851,-3.57153201998728
"GSM8121896_athero_human_3.txt.gz","Plate_547s_G03","asymptomatic","unassigned","C9",-13.1084895299621,-10.6758222427887
"GSM8121896_athero_human_3.txt.gz","Plate_547s_G04","asymptomatic","macrophage","C5",-18.8952746815254,5.922084953588
"GSM8121896_athero_human_3.txt.gz","Plate_547s_G06","asymptomatic","macrophage","C3",-19.1198243067991,-2.19688499291029
"GSM8121896_athero_human_3.txt.gz","Plate_547s_G09","asymptomatic","macrophage","C3",-18.1954513404532,-1.88033014716745
"GSM8121896_athero_human_3.txt.gz","Plate_547s_G12","asymptomatic","macrophage","C5",-15.361074039042,-2.68077444739862
"GSM8121896_athero_human_3.txt.gz","Plate_547s_G14","asymptomatic","fibroblast","C10",11.4547030034821,-0.235696465075144
"GSM8121896_athero_human_3.txt.gz","Plate_547s_G15","asymptomatic","macrophage","C3",-19.313481354469,-3.33349751891998
"GSM8121896_athero_human_3.txt.gz","Plate_547s_G17","asymptomatic","fibroblast","C10",13.9169738263452,3.31079414069636
"GSM8121896_athero_human_3.txt.gz","Plate_547s_G18","asymptomatic","macrophage","C4",-19.4332773138765,-4.70176952794959
"GSM8121896_athero_human_3.txt.gz","Plate_547s_G19","asymptomatic","macrophage","C4",-19.6148465252706,-4.36407002748691
"GSM8121896_athero_human_3.txt.gz","Plate_547s_G20","asymptomatic","macrophage","C3",-19.1078965404425,-0.899056880105071
"GSM8121896_athero_human_3.txt.gz","Plate_547s_G21","asymptomatic","vsmc","C2",14.2951069650669,-1.35584054098099
"GSM8121896_athero_human_3.txt.gz","Plate_547s_G22","asymptomatic","macrophage","C5",-14.3677314911681,7.34749109594233
"GSM8121896_athero_human_3.txt.gz","Plate_547s_G23","asymptomatic","fibroblast","C10",13.0571813535227,5.17018774980897
"GSM8121896_athero_human_3.txt.gz","Plate_547s_G24","asymptomatic","fibroblast","C10",13.4391236710252,1.15004440447911
"GSM8121896_athero_human_3.txt.gz","Plate_547s_H01","asymptomatic","macrophage","C4",-16.9300886325,-3.86353839946647
"GSM8121896_athero_human_3.txt.gz","Plate_547s_H02","asymptomatic","macrophage","C3",-18.4739206523224,3.51634781582597
"GSM8121896_athero_human_3.txt.gz","Plate_547s_H03","asymptomatic","macrophage","C3",-18.7027714370603,-1.33494652484331
"GSM8121896_athero_human_3.txt.gz","Plate_547s_H05","asymptomatic","fibroblast","C10",14.7653878317472,7.09800051373716
"GSM8121896_athero_human_3.txt.gz","Plate_547s_H07","asymptomatic","macrophage","C9",-13.8629903783965,-2.50747094190996
"GSM8121896_athero_human_3.txt.gz","Plate_547s_H08","asymptomatic","fibroblast","C10",14.2433657730148,-4.33983185350781
"GSM8121896_athero_human_3.txt.gz","Plate_547s_H11","asymptomatic","macrophage","C5",-16.6201672580866,8.70817878968932
"GSM8121896_athero_human_3.txt.gz","Plate_547s_H13","asymptomatic","endothelial","C6",3.52099427415498,15.1176858110628
"GSM8121896_athero_human_3.txt.gz","Plate_547s_H14","asymptomatic","macrophage","C3",-20.9696556338076,1.19816103041501
"GSM8121896_athero_human_3.txt.gz","Plate_547s_H15","asymptomatic","vsmc","C8",13.995220346553,-0.0840943290666231
"GSM8121896_athero_human_3.txt.gz","Plate_547s_H16","asymptomatic","macrophage","C5",-20.5898371837966,1.46032745856854
"GSM8121896_athero_human_3.txt.gz","Plate_547s_H17","asymptomatic","macrophage","C4",-13.6809720543477,-3.99149308878537
"GSM8121896_athero_human_3.txt.gz","Plate_547s_H19","asymptomatic","macrophage","C9",-20.9186016678061,-5.56794439939962
"GSM8121896_athero_human_3.txt.gz","Plate_547s_H21","asymptomatic","unassigned","C9",-15.1475842909656,-8.85104306656806
"GSM8121896_athero_human_3.txt.gz","Plate_547s_H23","asymptomatic","macrophage","C4",-13.4986110625522,-5.42916965027237
"GSM8121896_athero_human_3.txt.gz","Plate_547s_H24","asymptomatic","macrophage","C4",-18.5051052847286,-2.02470868619468
"GSM8121896_athero_human_3.txt.gz","Plate_547s_I01","asymptomatic","endothelial","C6",4.35641712447259,22.2852842671606
"GSM8121896_athero_human_3.txt.gz","Plate_547s_I02","asymptomatic","macrophage","C5",-19.9626922201451,3.21004495950413
"GSM8121896_athero_human_3.txt.gz","Plate_547s_I03","asymptomatic","unassigned","C5",-17.6108386096666,4.90155033936927
"GSM8121896_athero_human_3.txt.gz","Plate_547s_I04","asymptomatic","b_cell","C9",-20.6655085678352,-4.23770414983822
"GSM8121896_athero_human_3.txt.gz","Plate_547s_I05","asymptomatic","macrophage","C3",-20.0919212662515,0.223729560899894
"GSM8121896_athero_human_3.txt.gz","Plate_547s_I06","asymptomatic","unassigned","C5",-15.373158076483,7.34836117742562
"GSM8121896_athero_human_3.txt.gz","Plate_547s_I07","asymptomatic","macrophage","C4",-18.9837893191067,-6.96411666056472
"GSM8121896_athero_human_3.txt.gz","Plate_547s_I08","asymptomatic","unassigned","C3",-20.1026819148697,-3.56061992312984
"GSM8121896_athero_human_3.txt.gz","Plate_547s_I09","asymptomatic","fibroblast","C10",16.3524152132785,-1.49820774047996
"GSM8121896_athero_human_3.txt.gz","Plate_547s_I10","asymptomatic","vsmc","C2",12.9436264566473,-8.14678442519839
"GSM8121896_athero_human_3.txt.gz","Plate_547s_I12","asymptomatic","unassigned","C4",-17.1142453297384,-4.6419887463279
"GSM8121896_athero_human_3.txt.gz","Plate_547s_I14","asymptomatic","unassigned","C5",-15.295854671759,5.01731776125079
"GSM8121896_athero_human_3.txt.gz","Plate_547s_I15","asymptomatic","b_cell","C9",-18.7756003337841,-7.07923657656485
"GSM8121896_athero_human_3.txt.gz","Plate_547s_I18","asymptomatic","b_cell","C3",-18.462895983652,-1.37683992590127
"GSM8121896_athero_human_3.txt.gz","Plate_547s_I20","asymptomatic","b_cell","C1",-7.04374735933155,3.36068564594835
"GSM8121896_athero_human_3.txt.gz","Plate_547s_I21","asymptomatic","fibroblast","C10",14.6117314814795,-0.606059770634928
"GSM8121896_athero_human_3.txt.gz","Plate_547s_I22","asymptomatic","endothelial","C6",4.05501505168839,20.3353532839535
"GSM8121896_athero_human_3.txt.gz","Plate_547s_I23","asymptomatic","b_cell","C3",-18.9687469239278,-0.899929385816895
"GSM8121896_athero_human_3.txt.gz","Plate_547s_I24","asymptomatic","macrophage","C5",-18.6756310256954,4.16904282824618
"GSM8121896_athero_human_3.txt.gz","Plate_547s_J01","asymptomatic","macrophage","C3",-20.057044555132,-2.64900478979591
"GSM8121896_athero_human_3.txt.gz","Plate_547s_J03","asymptomatic","macrophage","C9",-21.1308839027147,-4.49595391467365
"GSM8121896_athero_human_3.txt.gz","Plate_547s_J04","asymptomatic","macrophage","C9",-18.8895904211552,-1.8824761290455
"GSM8121896_athero_human_3.txt.gz","Plate_547s_J05","asymptomatic","fibroblast","C7",7.05695522792977,-6.41123102123439
"GSM8121896_athero_human_3.txt.gz","Plate_547s_J06","asymptomatic","t_nk","C4",-16.098659655292,-5.97089745362333
"GSM8121896_athero_human_3.txt.gz","Plate_547s_J07","asymptomatic","macrophage","C3",-20.5786960812331,-2.82459344309607
"GSM8121896_athero_human_3.txt.gz","Plate_547s_J08","asymptomatic","macrophage","C9",-19.4287791197833,-7.88099748466808
"GSM8121896_athero_human_3.txt.gz","Plate_547s_J09","asymptomatic","macrophage","C5",-19.7931527887682,4.9127727134918
"GSM8121896_athero_human_3.txt.gz","Plate_547s_J11","asymptomatic","macrophage","C3",-19.9699713551705,-4.19379520934905
"GSM8121896_athero_human_3.txt.gz","Plate_547s_J12","asymptomatic","macrophage","C4",-18.3102401338495,-7.46119274489117
"GSM8121896_athero_human_3.txt.gz","Plate_547s_J13","asymptomatic","macrophage","C4",-18.8882693963003,-2.20170477627175
"GSM8121896_athero_human_3.txt.gz","Plate_547s_J15","asymptomatic","endothelial","C6",2.19012549028458,16.9283121966195
"GSM8121896_athero_human_3.txt.gz","Plate_547s_J17","asymptomatic","vsmc","C2",14.4436976321628,-0.0440724442705411
"GSM8121896_athero_human_3.txt.gz","Plate_547s_J19","asymptomatic","macrophage","C3",-19.2056546356439,-1.57750640331341
"GSM8121896_athero_human_3.txt.gz","Plate_547s_J22","asymptomatic","endothelial","C6",2.49861589869736,21.1008258025682
"GSM8121896_athero_human_3.txt.gz","Plate_547s_J23","asymptomatic","macrophage","C5",-12.8899693332847,-0.117600471967591
"GSM8121896_athero_human_3.txt.gz","Plate_547s_J24","asymptomatic","macrophage","C3",-22.2646381861743,2.7530832380127
"GSM8121896_athero_human_3.txt.gz","Plate_547s_K02","asymptomatic","vsmc","C2",14.6645024552296,-2.80284691793248
"GSM8121896_athero_human_3.txt.gz","Plate_547s_K03","asymptomatic","macrophage","C4",-17.662864071917,-8.18477588770329
"GSM8121896_athero_human_3.txt.gz","Plate_547s_K04","asymptomatic","macrophage","C9",-19.6607312790911,-3.5774153693396
"GSM8121896_athero_human_3.txt.gz","Plate_547s_K05","asymptomatic","endothelial","C6",1.73944722559994,10.2194244577385
"GSM8121896_athero_human_3.txt.gz","Plate_547s_K06","asymptomatic","macrophage","C5",-17.3325887042471,6.17980165885754
"GSM8121896_athero_human_3.txt.gz","Plate_547s_K07","asymptomatic","vsmc","C8",13.0899303563676,5.57412182490675
"GSM8121896_athero_human_3.txt.gz","Plate_547s_K09","asymptomatic","b_cell","C4",-15.1426282085489,-8.60319980275334
"GSM8121896_athero_human_3.txt.gz","Plate_547s_K11","asymptomatic","macrophage","C5",-18.7621222806639,0.974672336169545
"GSM8121896_athero_human_3.txt.gz","Plate_547s_K12","asymptomatic","t_nk","C4",-14.7609951328553,-2.91691305607945
"GSM8121896_athero_human_3.txt.gz","Plate_547s_K13","asymptomatic","macrophage","C4",-17.706097853874,-6.14998342882868
"GSM8121896_athero_human_3.txt.gz","Plate_547s_K15","asymptomatic","unassigned","C4",-18.160949596833,-7.87384902246058
"GSM8121896_athero_human_3.txt.gz","Plate_547s_K16","asymptomatic","b_cell","C1",-4.30525511808309,0.492494671865726
"GSM8121896_athero_human_3.txt.gz","Plate_547s_K18","asymptomatic","vsmc","C2",14.2344129332311,-6.24965845332806
"GSM8121896_athero_human_3.txt.gz","Plate_547s_K20","asymptomatic","b_cell","C9",-15.0412761864077,-5.87068250591243
"GSM8121896_athero_human_3.txt.gz","Plate_547s_K21","asymptomatic","fibroblast","C10",12.3470046453859,-0.0516065457744109
"GSM8121896_athero_human_3.txt.gz","Plate_547s_K22","asymptomatic","fibroblast","C7",10.1141955503337,-4.3651166622132
"GSM8121896_athero_human_3.txt.gz","Plate_547s_K23","asymptomatic","macrophage","C3",-17.208015910855,1.54973794447635
"GSM8121896_athero_human_3.txt.gz","Plate_547s_K24","asymptomatic","endothelial","C6",3.23131222843546,19.3620207985937
"GSM8121896_athero_human_3.txt.gz","Plate_547s_L01","asymptomatic","macrophage","C3",-18.616791657549,2.74327899845988
"GSM8121896_athero_human_3.txt.gz","Plate_547s_L02","asymptomatic","fibroblast","C10",13.4276060618588,6.3455580886033
"GSM8121896_athero_human_3.txt.gz","Plate_547s_L03","asymptomatic","t_nk","C9",-20.2292154718231,-5.34167383204567
"GSM8121896_athero_human_3.txt.gz","Plate_547s_L04","asymptomatic","macrophage","C9",-16.8414415380109,-0.375399995925375
"GSM8121896_athero_human_3.txt.gz","Plate_547s_L05","asymptomatic","macrophage","C3",-15.1460513667148,6.32953015615959
"GSM8121896_athero_human_3.txt.gz","Plate_547s_L06","asymptomatic","unassigned","C5",-15.2612470587381,7.08020488268636
"GSM8121896_athero_human_3.txt.gz","Plate_547s_L07","asymptomatic","macrophage","C4",-16.8020486275067,-6.8963248544883
"GSM8121896_athero_human_3.txt.gz","Plate_547s_L08","asymptomatic","macrophage","C9",-18.345127563734,-4.51553746133288
"GSM8121896_athero_human_3.txt.gz","Plate_547s_L09","asymptomatic","macrophage","C4",-13.906020232345,-7.50472046167001
"GSM8121896_athero_human_3.txt.gz","Plate_547s_L10","asymptomatic","unassigned","C5",-9.7968358642375,5.40672533583541
"GSM8121896_athero_human_3.txt.gz","Plate_547s_L11","asymptomatic","macrophage","C9",-18.3822407249108,-5.44068665677275
"GSM8121896_athero_human_3.txt.gz","Plate_547s_L12","asymptomatic","vsmc","C10",15.4369051473084,8.17175205122602
"GSM8121896_athero_human_3.txt.gz","Plate_547s_L13","asymptomatic","vsmc","C10",15.0244408675637,4.12269594244387
"GSM8121896_athero_human_3.txt.gz","Plate_547s_L14","asymptomatic","fibroblast","C10",14.0109230095349,2.14081428039719
"GSM8121896_athero_human_3.txt.gz","Plate_547s_L16","asymptomatic","mast","C4",-14.080016947664,-4.90193996495571
"GSM8121896_athero_human_3.txt.gz","Plate_547s_L17","asymptomatic","macrophage","C4",-14.778548530266,-7.9746593389784
"GSM8121896_athero_human_3.txt.gz","Plate_547s_L19","asymptomatic","macrophage","C3",-20.1482889127584,2.70587514174505
"GSM8121896_athero_human_3.txt.gz","Plate_547s_L21","asymptomatic","fibroblast","C10",15.4565013526132,2.36679458829821
"GSM8121896_athero_human_3.txt.gz","Plate_547s_L23","asymptomatic","macrophage","C3",-17.2239583174746,-0.731932062402747
"GSM8121896_athero_human_3.txt.gz","Plate_547s_L24","asymptomatic","macrophage","C9",-17.2026255194896,-2.26886526196678
"GSM8121896_athero_human_3.txt.gz","Plate_547s_M01","asymptomatic","macrophage","C4",-18.8550841353295,-4.92808982898699
"GSM8121896_athero_human_3.txt.gz","Plate_547s_M02","asymptomatic","macrophage","C4",-17.4577626898534,-7.12222948739879
"GSM8121896_athero_human_3.txt.gz","Plate_547s_M03","asymptomatic","macrophage","C9",-21.5790619549794,-2.02023512459883
"GSM8121896_athero_human_3.txt.gz","Plate_547s_M05","asymptomatic","macrophage","C4",-19.3065292149077,-4.94822247585419
"GSM8121896_athero_human_3.txt.gz","Plate_547s_M06","asymptomatic","macrophage","C4",-17.2045959905506,-6.25739999411571
"GSM8121896_athero_human_3.txt.gz","Plate_547s_M07","asymptomatic","macrophage","C3",-22.9292916900379,3.24781036439533
"GSM8121896_athero_human_3.txt.gz","Plate_547s_M08","asymptomatic","macrophage","C3",-20.853420926206,4.61936600672971
"GSM8121896_athero_human_3.txt.gz","Plate_547s_M09","asymptomatic","macrophage","C4",-14.7161934879792,-8.49759547285232
"GSM8121896_athero_human_3.txt.gz","Plate_547s_M11","asymptomatic","macrophage","C4",-15.4169325323462,-4.5895113458266
"GSM8121896_athero_human_3.txt.gz","Plate_547s_M12","asymptomatic","vsmc","C8",13.5803442998207,-0.671153793122962
"GSM8121896_athero_human_3.txt.gz","Plate_547s_M13","asymptomatic","unassigned","C4",-12.1487691484789,-0.940339648503698
"GSM8121896_athero_human_3.txt.gz","Plate_547s_M14","asymptomatic","macrophage","C5",-19.1767022379563,6.69488043826
"GSM8121896_athero_human_3.txt.gz","Plate_547s_M16","asymptomatic","macrophage","C3",-19.0299025331486,-0.880405849478859
"GSM8121896_athero_human_3.txt.gz","Plate_547s_M17","asymptomatic","macrophage","C5",-17.446061550619,3.43400448064702
"GSM8121896_athero_human_3.txt.gz","Plate_547s_M18","asymptomatic","macrophage","C3",-20.4677004016588,-2.97361466126094
"GSM8121896_athero_human_3.txt.gz","Plate_547s_M19","asymptomatic","macrophage","C4",-20.2045020024369,-4.63656805591259
"GSM8121896_athero_human_3.txt.gz","Plate_547s_M21","asymptomatic","fibroblast","C10",15.1727960750849,3.01018344341845
"GSM8121896_athero_human_3.txt.gz","Plate_547s_M23","asymptomatic","macrophage","C3",-18.6298071196676,-1.52054682318225
"GSM8121896_athero_human_3.txt.gz","Plate_547s_M24","asymptomatic","macrophage","C3",-21.0700773304369,1.61979324575637
"GSM8121896_athero_human_3.txt.gz","Plate_547s_N01","asymptomatic","macrophage","C4",-18.800528460622,-4.62466401850292
"GSM8121896_athero_human_3.txt.gz","Plate_547s_N02","asymptomatic","macrophage","C3",-19.7865407579116,2.91088298062998
"GSM8121896_athero_human_3.txt.gz","Plate_547s_N03","asymptomatic","vsmc","C5",-1.63519068025395,-0.662133774742313
"GSM8121896_athero_human_3.txt.gz","Plate_547s_N04","asymptomatic","macrophage","C5",-20.1113911886449,3.07843729228662
"GSM8121896_athero_human_3.txt.gz","Plate_547s_N07","asymptomatic","b_cell","C4",-19.1965374112339,-5.23208169355579
"GSM8121896_athero_human_3.txt.gz","Plate_547s_N08","asymptomatic","unassigned","C9",-14.622404607937,-7.09735886661066
"GSM8121896_athero_human_3.txt.gz","Plate_547s_N09","asymptomatic","macrophage","C4",-17.5317232858968,-4.99925616492678
"GSM8121896_athero_human_3.txt.gz","Plate_547s_N10","asymptomatic","macrophage","C4",-12.9361974684148,-8.0539761477955
"GSM8121896_athero_human_3.txt.gz","Plate_547s_N11","asymptomatic","vsmc","C2",16.5353311637746,-0.3113810590857
"GSM8121896_athero_human_3.txt.gz","Plate_547s_N12","asymptomatic","macrophage","C4",-16.5425643987171,-5.28166978177604
"GSM8121896_athero_human_3.txt.gz","Plate_547s_N13","asymptomatic","macrophage","C9",-18.8316310832357,-3.32165214092782
"GSM8121896_athero_human_3.txt.gz","Plate_547s_N14","asymptomatic","macrophage","C3",-18.7670511761753,1.1013066436271
"GSM8121896_athero_human_3.txt.gz","Plate_547s_N15","asymptomatic","macrophage","C4",-17.4267390892374,-4.59395202185608
"GSM8121896_athero_human_3.txt.gz","Plate_547s_N16","asymptomatic","vsmc","C2",15.9081454907884,-0.257206036061954
"GSM8121896_athero_human_3.txt.gz","Plate_547s_N17","asymptomatic","macrophage","C9",-20.7457504463714,-1.45976358697425
"GSM8121896_athero_human_3.txt.gz","Plate_547s_N18","asymptomatic","macrophage","C9",-17.6529778236266,-4.80809588321688
"GSM8121896_athero_human_3.txt.gz","Plate_547s_N19","asymptomatic","macrophage","C3",-19.7422185070106,-2.87636850234283
"GSM8121896_athero_human_3.txt.gz","Plate_547s_N20","asymptomatic","macrophage","C5",-19.3335731014248,5.96285101282043
"GSM8121896_athero_human_3.txt.gz","Plate_547s_N23","asymptomatic","fibroblast","C10",15.4278987003867,3.65388508197161
"GSM8121896_athero_human_3.txt.gz","Plate_547s_N24","asymptomatic","macrophage","C5",-16.4827065394637,4.29793370733446
"GSM8121896_athero_human_3.txt.gz","Plate_547s_O02","asymptomatic","macrophage","C3",-21.5162560605781,-1.6581943504615
"GSM8121896_athero_human_3.txt.gz","Plate_547s_O03","asymptomatic","macrophage","C4",-17.5732176058264,-3.98053254180088
"GSM8121896_athero_human_3.txt.gz","Plate_547s_O04","asymptomatic","macrophage","C3",-20.5478925798113,1.76334997814175
"GSM8121896_athero_human_3.txt.gz","Plate_547s_O05","asymptomatic","macrophage","C4",-15.9786820673831,-4.28999647333062
"GSM8121896_athero_human_3.txt.gz","Plate_547s_O06","asymptomatic","unassigned","C4",-17.468272925069,-7.44569339006716
"GSM8121896_athero_human_3.txt.gz","Plate_547s_O07","asymptomatic","macrophage","C3",-22.4187365993947,3.70765703269694
"GSM8121896_athero_human_3.txt.gz","Plate_547s_O08","asymptomatic","macrophage","C3",-20.6778108084063,-2.68910768332255
"GSM8121896_athero_human_3.txt.gz","Plate_547s_O09","asymptomatic","macrophage","C3",-20.3647389091998,-0.297132911309706
"GSM8121896_athero_human_3.txt.gz","Plate_547s_O10","asymptomatic","macrophage","C5",-18.0010244366073,5.50282169808401
"GSM8121896_athero_human_3.txt.gz","Plate_547s_O11","asymptomatic","macrophage","C9",-15.5957261781184,-3.24859013313187
"GSM8121896_athero_human_3.txt.gz","Plate_547s_O12","asymptomatic","macrophage","C3",-21.1375232798598,1.76234421273954
"GSM8121896_athero_human_3.txt.gz","Plate_547s_O14","asymptomatic","macrophage","C3",-19.4760895004494,-1.16415079872554
"GSM8121896_athero_human_3.txt.gz","Plate_547s_O15","asymptomatic","macrophage","C3",-21.2521141525345,-2.14802352907575
"GSM8121896_athero_human_3.txt.gz","Plate_547s_O16","asymptomatic","vsmc","C2",13.2173510967105,-4.42203937832057
"GSM8121896_athero_human_3.txt.gz","Plate_547s_O17","asymptomatic","macrophage","C3",-20.1255875789862,-1.28636629295153
"GSM8121896_athero_human_3.txt.gz","Plate_547s_O18","asymptomatic","unassigned","C9",-20.615145073817,-6.44996003054779
"GSM8121896_athero_human_3.txt.gz","Plate_547s_O20","asymptomatic","b_cell","C9",-22.2241617761585,-6.76863283910578
"GSM8121896_athero_human_3.txt.gz","Plate_547s_O21","asymptomatic","t_nk","C4",-12.7388687138958,-3.64655769104184
"GSM8121896_athero_human_3.txt.gz","Plate_547s_O22","asymptomatic","macrophage","C3",-20.1616605182095,-2.09781523458766
"GSM8121896_athero_human_3.txt.gz","Plate_547s_O24","asymptomatic","unassigned","C5",-16.3546977428196,4.84881634583168
"GSM8121896_athero_human_3.txt.gz","Plate_547s_P01","asymptomatic","macrophage","C5",-17.3652831525994,1.87498534323396
"GSM8121896_athero_human_3.txt.gz","Plate_547s_P02","asymptomatic","mast","C4",-17.1275323201299,-5.75170974035905
"GSM8121896_athero_human_3.txt.gz","Plate_547s_P03","asymptomatic","macrophage","C5",-19.9710613599433,3.13506380429049
"GSM8121896_athero_human_3.txt.gz","Plate_547s_P04","asymptomatic","endothelial","C6",5.02575779449821,20.5759576671632
"GSM8121896_athero_human_3.txt.gz","Plate_547s_P05","asymptomatic","macrophage","C3",-17.8799995378766,-1.01573772589294
"GSM8121896_athero_human_3.txt.gz","Plate_547s_P06","asymptomatic","macrophage","C3",-21.4327855322145,1.83040814069356
"GSM8121896_athero_human_3.txt.gz","Plate_547s_P07","asymptomatic","fibroblast","C7",7.0317603288636,-3.92091922153933
"GSM8121896_athero_human_3.txt.gz","Plate_547s_P08","asymptomatic","unassigned","C9",-19.1223745313668,-5.73869898472842
"GSM8121896_athero_human_3.txt.gz","Plate_547s_P09","asymptomatic","macrophage","C3",-21.3566886349234,1.63903940699247
"GSM8121896_athero_human_3.txt.gz","Plate_547s_P10","asymptomatic","unassigned","C9",-16.8692684638885,-7.04088592703827
"GSM8121896_athero_human_3.txt.gz","Plate_547s_P11","asymptomatic","vsmc","C2",18.4336595513083,0.881286104577932
"GSM8121896_athero_human_3.txt.gz","Plate_547s_P13","asymptomatic","macrophage","C3",-17.002679168187,-2.09190546941762
"GSM8121896_athero_human_3.txt.gz","Plate_547s_P14","asymptomatic","macrophage","C4",-18.9845535667739,-4.64372382717302
"GSM8121896_athero_human_3.txt.gz","Plate_547s_P15","asymptomatic","macrophage","C5",-18.257898504357,7.35057707886557
"GSM8121896_athero_human_3.txt.gz","Plate_547s_P16","asymptomatic","mast","C1",-10.3243942624717,-1.76965359656789
"GSM8121896_athero_human_3.txt.gz","Plate_547s_P17","asymptomatic","endothelial","C6",1.93529646966862,15.2865919908172
"GSM8121896_athero_human_3.txt.gz","Plate_547s_P18","asymptomatic","unassigned","C5",-16.8785964400474,6.46161225872989
"GSM8121896_athero_human_3.txt.gz","Plate_547s_P19","asymptomatic","mast","C4",-16.3378199881015,-6.49708939389402
"GSM8121896_athero_human_3.txt.gz","Plate_547s_P20","asymptomatic","unassigned","C4",-19.1822314787006,-8.79375725601958
"GSM8121896_athero_human_3.txt.gz","Plate_547s_P22","asymptomatic","endothelial","C6",1.88669392294042,16.8634611042846
"GSM8121897_athero_human_4.txt.gz","Plate_552s_A01","symptomatic","vsmc","C10",18.3144278187554,5.49591958903254
"GSM8121897_athero_human_4.txt.gz","Plate_552s_A02","symptomatic","vsmc","C10",18.3771391225163,5.51086193829048
"GSM8121897_athero_human_4.txt.gz","Plate_552s_A03","symptomatic","vsmc","C10",18.4598265835209,5.23716739383801
"GSM8121897_athero_human_4.txt.gz","Plate_552s_A04","symptomatic","vsmc","C10",18.1321713268672,3.74079952545812
"GSM8121897_athero_human_4.txt.gz","Plate_552s_A05","symptomatic","vsmc","C10",18.2512294236778,3.74146182034356
"GSM8121897_athero_human_4.txt.gz","Plate_552s_A06","symptomatic","vsmc","C10",18.4358848854656,2.72185485146028
"GSM8121897_athero_human_4.txt.gz","Plate_552s_A07","symptomatic","vsmc","C10",18.9021591994079,1.49438406168911
"GSM8121897_athero_human_4.txt.gz","Plate_552s_A09","symptomatic","fibroblast","C10",19.5711316262844,0.0234472433420984
"GSM8121897_athero_human_4.txt.gz","Plate_552s_A10","symptomatic","fibroblast","C10",16.5000156692831,-1.45386898041772
"GSM8121897_athero_human_4.txt.gz","Plate_552s_A11","symptomatic","fibroblast","C10",16.002861010644,-0.672315404743859
"GSM8121897_athero_human_4.txt.gz","Plate_552s_A12","symptomatic","fibroblast","C10",14.5375337203875,-4.22106621979294
"GSM8121897_athero_human_4.txt.gz","Plate_552s_A13","symptomatic","vsmc","C10",14.1618905258428,-0.813795594134678
"GSM8121897_athero_human_4.txt.gz","Plate_552s_A14","symptomatic","t_nk","C7",8.74157278614311,-8.19325553139714
"GSM8121897_athero_human_4.txt.gz","Plate_552s_A15","symptomatic","vsmc","C7",18.3196560718251,-7.14104398095836
"GSM8121897_athero_human_4.txt.gz","Plate_552s_A16","symptomatic","fibroblast","C10",14.3869494249922,-1.66782570086737
"GSM8121897_athero_human_4.txt.gz","Plate_552s_A17","symptomatic","vsmc","C8",11.4451307850649,-3.25600013789186
"GSM8121897_athero_human_4.txt.gz","Plate_552s_A18","symptomatic","unassigned","C7",13.0384820737333,-5.43748725508354
"GSM8121897_athero_human_4.txt.gz","Plate_552s_A19","symptomatic","mast","C10",14.0977027122956,2.88430773062851
"GSM8121897_athero_human_4.txt.gz","Plate_552s_A20","symptomatic","fibroblast","C7",13.9206351337092,-8.16956240455049
"GSM8121897_athero_human_4.txt.gz","Plate_552s_A21","symptomatic","unassigned","C10",16.2555292621172,-0.577752228224858
"GSM8121897_athero_human_4.txt.gz","Plate_552s_A22","symptomatic","unassigned","C7",12.8320588048548,-6.10476662886126
"GSM8121897_athero_human_4.txt.gz","Plate_552s_A23","symptomatic","unassigned","C8",11.8963933737622,-3.09914757378531
"GSM8121897_athero_human_4.txt.gz","Plate_552s_A24","symptomatic","unassigned","C10",13.0216151789243,0.0602667958212784
"GSM8121897_athero_human_4.txt.gz","Plate_552s_B01","symptomatic","vsmc","C10",18.236383735639,6.27292696221466
"GSM8121897_athero_human_4.txt.gz","Plate_552s_B02","symptomatic","vsmc","C10",18.3236423163597,5.6460545517002
"GSM8121897_athero_human_4.txt.gz","Plate_552s_B03","symptomatic","vsmc","C10",18.3550842153851,5.02125763369348
"GSM8121897_athero_human_4.txt.gz","Plate_552s_B04","symptomatic","vsmc","C10",18.0951736804427,2.96922419253658
"GSM8121897_athero_human_4.txt.gz","Plate_552s_B05","symptomatic","vsmc","C10",18.0179740176815,2.4645865150175
"GSM8121897_athero_human_4.txt.gz","Plate_552s_B06","symptomatic","vsmc","C10",18.3202662435594,2.7467342590167
"GSM8121897_athero_human_4.txt.gz","Plate_552s_B07","symptomatic","unassigned","C10",18.4302220311142,2.80566641392169
"GSM8121897_athero_human_4.txt.gz","Plate_552s_B08","symptomatic","fibroblast","C10",17.1498278392192,2.8605264424468
"GSM8121897_athero_human_4.txt.gz","Plate_552s_B09","symptomatic","fibroblast","C10",14.2839716031222,-1.58090252276225
"GSM8121897_athero_human_4.txt.gz","Plate_552s_B10","symptomatic","fibroblast","C10",16.4294176772904,1.09171327709097
"GSM8121897_athero_human_4.txt.gz","Plate_552s_B11","symptomatic","fibroblast","C10",16.342195349321,3.84240193020131
"GSM8121897_athero_human_4.txt.gz","Plate_552s_B12","symptomatic","fibroblast","C10",15.5635031275303,3.23493568550154
"GSM8121897_athero_human_4.txt.gz","Plate_552s_B13","symptomatic","fibroblast","C10",13.7912172441644,0.697176426986005
"GSM8121897_athero_human_4.txt.gz","Plate_552s_B15","symptomatic","unassigned","C10",13.6702813054353,0.0241523352825058
"GSM8121897_athero_human_4.txt.gz","Plate_552s_B16","symptomatic","fibroblast","C10",15.7594988203367,-1.76389480020292
"GSM8121897_athero_human_4.txt.gz","Plate_552s_B17","symptomatic","vsmc","C10",14.557383984929,-5.57992322548292
"GSM8121897_athero_human_4.txt.gz","Plate_552s_B18","symptomatic","vsmc","C7",14.665673845695,-5.87583590185573
"GSM8121897_athero_human_4.txt.gz","Plate_552s_B19","symptomatic","vsmc","C2",16.639010605306,-5.16716617386188
"GSM8121897_athero_human_4.txt.gz","Plate_552s_B20","symptomatic","unassigned","C10",13.9101695685057,-0.891092853041281
"GSM8121897_athero_human_4.txt.gz","Plate_552s_B21","symptomatic","endothelial","C10",17.007711526429,-1.37622111713617
"GSM8121897_athero_human_4.txt.gz","Plate_552s_B22","symptomatic","fibroblast","C7",12.7266843305471,-6.43427740509638
"GSM8121897_athero_human_4.txt.gz","Plate_552s_B23","symptomatic","unassigned","C7",8.92694022719575,-8.89492687271126
"GSM8121897_athero_human_4.txt.gz","Plate_552s_B24","symptomatic","vsmc","C2",18.3940174289468,-4.81482055233278
"GSM8121897_athero_human_4.txt.gz","Plate_552s_C02","symptomatic","vsmc","C10",18.1455496597155,5.62375434469712
"GSM8121897_athero_human_4.txt.gz","Plate_552s_C03","symptomatic","vsmc","C10",18.2133176338811,5.26474184001065
"GSM8121897_athero_human_4.txt.gz","Plate_552s_C04","symptomatic","vsmc","C10",18.0438440778993,4.51668594648287
"GSM8121897_athero_human_4.txt.gz","Plate_552s_C05","symptomatic","vsmc","C10",16.8606034654667,3.89689024594209
"GSM8121897_athero_human_4.txt.gz","Plate_552s_C06","symptomatic","vsmc","C10",17.5811726124714,3.53659312399784
"GSM8121897_athero_human_4.txt.gz","Plate_552s_C07","symptomatic","fibroblast","C10",17.2525039507777,3.19022773071347
"GSM8121897_athero_human_4.txt.gz","Plate_552s_C08","symptomatic","fibroblast","C10",17.3621326570524,3.62633747783518
"GSM8121897_athero_human_4.txt.gz","Plate_552s_C09","symptomatic","fibroblast","C10",17.5631122199963,-1.3125034573921
"GSM8121897_athero_human_4.txt.gz","Plate_552s_C10","symptomatic","fibroblast","C10",16.0915906771636,1.06243715867421
"GSM8121897_athero_human_4.txt.gz","Plate_552s_C11","symptomatic","unassigned","C10",15.4383412035353,4.76045359991708
"GSM8121897_athero_human_4.txt.gz","Plate_552s_C12","symptomatic","fibroblast","C10",16.9423317244975,-1.01983839437042
"GSM8121897_athero_human_4.txt.gz","Plate_552s_C13","symptomatic","fibroblast","C10",15.7727258256633,-0.616789558639763
"GSM8121897_athero_human_4.txt.gz","Plate_552s_C14","symptomatic","fibroblast","C10",13.6253871147103,-4.16409317646089
"GSM8121897_athero_human_4.txt.gz","Plate_552s_C16","symptomatic","unassigned","C8",6.7138857280296,-4.64029100005461
"GSM8121897_athero_human_4.txt.gz","Plate_552s_C18","symptomatic","vsmc","C2",15.5772269203153,-9.41248467057479
"GSM8121897_athero_human_4.txt.gz","Plate_552s_C19","symptomatic","fibroblast","C10",13.8702291173879,-3.98984865488715
"GSM8121897_athero_human_4.txt.gz","Plate_552s_C20","symptomatic","vsmc","C2",14.3160031100708,-6.56526975823887
"GSM8121897_athero_human_4.txt.gz","Plate_552s_C22","symptomatic","fibroblast","C7",16.5198650953065,-5.77535353472434
"GSM8121897_athero_human_4.txt.gz","Plate_552s_C23","symptomatic","fibroblast","C10",13.9292768552778,-1.07359854026193
"GSM8121897_athero_human_4.txt.gz","Plate_552s_C24","symptomatic","fibroblast","C7",12.7523934368519,-7.186290874504
"GSM8121897_athero_human_4.txt.gz","Plate_552s_D02","symptomatic","vsmc","C10",18.191102255186,5.87618067056765
"GSM8121897_athero_human_4.txt.gz","Plate_552s_D03","symptomatic","vsmc","C10",18.0131130741765,4.63661405959741
"GSM8121897_athero_human_4.txt.gz","Plate_552s_D04","symptomatic","vsmc","C10",17.4543263636428,4.25054333460278
"GSM8121897_athero_human_4.txt.gz","Plate_552s_D05","symptomatic","vsmc","C10",14.401252539335,4.33700737838623
"GSM8121897_athero_human_4.txt.gz","Plate_552s_D06","symptomatic","vsmc","C10",16.9645222563628,3.28831084289137
"GSM8121897_athero_human_4.txt.gz","Plate_552s_D07","symptomatic","fibroblast","C10",17.0848206847601,4.71161259413447
"GSM8121897_athero_human_4.txt.gz","Plate_552s_D08","symptomatic","fibroblast","C10",15.4336039754938,4.06287660556073
"GSM8121897_athero_human_4.txt.gz","Plate_552s_D09","symptomatic","vsmc","C10",16.3946393483213,-2.71371290516023
"GSM8121897_athero_human_4.txt.gz","Plate_552s_D10","symptomatic","unassigned","C10",15.8266836398176,0.947129603656759
"GSM8121897_athero_human_4.txt.gz","Plate_552s_D11","symptomatic","fibroblast","C10",16.4904488711252,-1.75824634055738
"GSM8121897_athero_human_4.txt.gz","Plate_552s_D12","symptomatic","fibroblast","C10",16.6299359905053,-2.63080480292785
"GSM8121897_athero_human_4.txt.gz","Plate_552s_D14","symptomatic","fibroblast","C10",13.3303336144271,1.46154344366425
"GSM8121897_athero_human_4.txt.gz","Plate_552s_D16","symptomatic","vsmc","C7",15.2489386939206,-4.42840189311823
"GSM8121897_athero_human_4.txt.gz","Plate_552s_D17","symptomatic","fibroblast","C10",12.8626710161137,3.34968857565706
"GSM8121897_athero_human_4.txt.gz","Plate_552s_D18","symptomatic","vsmc","C8",12.7367085025367,-1.92650194984155
"GSM8121897_athero_human_4.txt.gz","Plate_552s_D19","symptomatic","b_cell","C7",12.3939004555205,-5.74425637919651
"GSM8121897_athero_human_4.txt.gz","Plate_552s_D21","symptomatic","fibroblast","C10",18.0516372617602,-1.66881860250756
"GSM8121897_athero_human_4.txt.gz","Plate_552s_D22","symptomatic","unassigned","C7",12.502592873925,-6.53282395271033
"GSM8121897_athero_human_4.txt.gz","Plate_552s_D23","symptomatic","fibroblast","C7",13.0867020226937,-6.67126204036544
"GSM8121897_athero_human_4.txt.gz","Plate_552s_D24","symptomatic","vsmc","C7",14.1644840065909,-7.04561945618754
"GSM8121897_athero_human_4.txt.gz","Plate_552s_E01","symptomatic","vsmc","C10",18.1500355769448,5.76797817037506
"GSM8121897_athero_human_4.txt.gz","Plate_552s_E02","symptomatic","vsmc","C10",17.9316269253847,5.50437099365939
"GSM8121897_athero_human_4.txt.gz","Plate_552s_E03","symptomatic","vsmc","C10",17.7012822698633,5.22402675974525
"GSM8121897_athero_human_4.txt.gz","Plate_552s_E04","symptomatic","vsmc","C10",17.3284653375807,3.10313966045631
"GSM8121897_athero_human_4.txt.gz","Plate_552s_E05","symptomatic","vsmc","C10",15.0639357098281,3.29218592029005
"GSM8121897_athero_human_4.txt.gz","Plate_552s_E06","symptomatic","mast","C10",16.7181889200486,2.43230902400461
"GSM8121897_athero_human_4.txt.gz","Plate_552s_E07","symptomatic","fibroblast","C10",17.1641958370586,2.29309554309188
"GSM8121897_athero_human_4.txt.gz","Plate_552s_E08","symptomatic","fibroblast","C10",15.6679381066831,3.55338788308012
"GSM8121897_athero_human_4.txt.gz","Plate_552s_E09","symptomatic","fibroblast","C10",17.8575844100455,-1.53055242399656
"GSM8121897_athero_human_4.txt.gz","Plate_552s_E10","symptomatic","endothelial","C2",15.2456201345567,-7.44543101953237
"GSM8121897_athero_human_4.txt.gz","Plate_552s_E11","symptomatic","unassigned","C8",9.83106995855443,-6.50401657877459
"GSM8121897_athero_human_4.txt.gz","Plate_552s_E12","symptomatic","fibroblast","C10",14.4486211542579,-4.03099439004289
"GSM8121897_athero_human_4.txt.gz","Plate_552s_E13","symptomatic","fibroblast","C10",12.1996318122463,2.15430861428914
"GSM8121897_athero_human_4.txt.gz","Plate_552s_E14","symptomatic","vsmc","C7",11.454876802889,-7.98257452580644
"GSM8121897_athero_human_4.txt.gz","Plate_552s_E15","symptomatic","vsmc","C7",12.9886192515302,-8.60608567289313
"GSM8121897_athero_human_4.txt.gz","Plate_552s_E16","symptomatic","fibroblast","C7",11.7000899914811,-3.65607686182674
"GSM8121897_athero_human_4.txt.gz","Plate_552s_E18","symptomatic","unassigned","C10",15.2811662980783,-2.39443104813332
"GSM8121897_athero_human_4.txt.gz","Plate_552s_E21","symptomatic","unassigned","C7",13.3016516480601,-4.35467568476551
"GSM8121897_athero_human_4.txt.gz","Plate_552s_E22","symptomatic","fibroblast","C7",14.6471432925144,-5.94408706548883
"GSM8121897_athero_human_4.txt.gz","Plate_552s_E23","symptomatic","unassigned","C7",9.35483912535782,-1.60525433587227
"GSM8121897_athero_human_4.txt.gz","Plate_552s_E24","symptomatic","fibroblast","C10",12.2625619855126,-2.40660685036163
"GSM8121897_athero_human_4.txt.gz","Plate_552s_F01","symptomatic","vsmc","C10",18.1790718237407,5.63548312473385
"GSM8121897_athero_human_4.txt.gz","Plate_552s_F02","symptomatic","vsmc","C10",17.7966482681136,6.24978015214168
"GSM8121897_athero_human_4.txt.gz","Plate_552s_F03","symptomatic","unassigned","C10",17.695523528981,4.82712932050484
"GSM8121897_athero_human_4.txt.gz","Plate_552s_F04","symptomatic","unassigned","C10",17.4935365755891,3.21042318690214
"GSM8121897_athero_human_4.txt.gz","Plate_552s_F05","symptomatic","vsmc","C10",15.7304259326486,4.17176653378489
"GSM8121897_athero_human_4.txt.gz","Plate_552s_F06","symptomatic","vsmc","C10",16.7022039030434,4.36241770386365
"GSM8121897_athero_human_4.txt.gz","Plate_552s_F07","symptomatic","unassigned","C8",15.8764048234825,1.52024553497514
"GSM8121897_athero_human_4.txt.gz","Plate_552s_F08","symptomatic","fibroblast","C10",16.1966233391297,3.89830368810435
"GSM8121897_athero_human_4.txt.gz","Plate_552s_F09","symptomatic","vsmc","C2",16.4943704484382,-2.51758328246782
"GSM8121897_athero_human_4.txt.gz","Plate_552s_F10","symptomatic","fibroblast","C7",17.6901461759459,-7.41209533911803
"GSM8121897_athero_human_4.txt.gz","Plate_552s_F11","symptomatic","vsmc","C7",11.0958934326303,-4.62723877765157
"GSM8121897_athero_human_4.txt.gz","Plate_552s_F12","symptomatic","fibroblast","C10",15.5146192966838,-2.92739216172119
"GSM8121897_athero_human_4.txt.gz","Plate_552s_F13","symptomatic","vsmc","C2",13.6474733975155,-3.49951985937478
"GSM8121897_athero_human_4.txt.gz","Plate_552s_F14","symptomatic","fibroblast","C10",13.3156101368543,-1.85668921702909
"GSM8121897_athero_human_4.txt.gz","Plate_552s_F15","symptomatic","fibroblast","C10",16.1741770386594,-1.2048429321698
"GSM8121897_athero_human_4.txt.gz","Plate_552s_F16","symptomatic","unassigned","C8",11.3688083587609,1.99006850748903
"GSM8121897_athero_human_4.txt.gz","Plate_552s_F19","symptomatic","fibroblast","C10",15.1129792994003,-1.67411861383168
"GSM8121897_athero_human_4.txt.gz","Plate_552s_F20","symptomatic","mast","C10",15.1231786956138,-4.17816176875151
"GSM8121897_athero_human_4.txt.gz","Plate_552s_F22","symptomatic","vsmc","C7",12.45163436264,-6.5023993055169
"GSM8121897_athero_human_4.txt.gz","Plate_552s_F23","symptomatic","unassigned","C10",12.9480875930442,-1.89680692986359
"GSM8121897_athero_human_4.txt.gz","Plate_552s_F24","symptomatic","unassigned","C10",13.5192000248758,-1.39152506966687
"GSM8121897_athero_human_4.txt.gz","Plate_552s_G01","symptomatic","vsmc","C10",18.1378545273334,4.79734815202724
"GSM8121897_athero_human_4.txt.gz","Plate_552s_G02","symptomatic","unassigned","C10",17.4561206762742,6.14640526107041
"GSM8121897_athero_human_4.txt.gz","Plate_552s_G03","symptomatic","fibroblast","C10",17.0369569802021,3.89492219859952
"GSM8121897_athero_human_4.txt.gz","Plate_552s_G04","symptomatic","vsmc","C10",18.3843699492101,2.96977496228674
"GSM8121897_athero_human_4.txt.gz","Plate_552s_G05","symptomatic","vsmc","C10",17.7636715030246,4.54809192159151
"GSM8121897_athero_human_4.txt.gz","Plate_552s_G06","symptomatic","unassigned","C10",16.7954858391926,3.79595890619282
"GSM8121897_athero_human_4.txt.gz","Plate_552s_G07","symptomatic","fibroblast","C8",15.0289270107027,-0.624376194320545
"GSM8121897_athero_human_4.txt.gz","Plate_552s_G08","symptomatic","vsmc","C10",17.7380653610751,1.94821532244654
"GSM8121897_athero_human_4.txt.gz","Plate_552s_G09","symptomatic","mast","C7",12.9427120405359,-5.31179010891094
"GSM8121897_athero_human_4.txt.gz","Plate_552s_G10","symptomatic","fibroblast","C8",10.3416316365739,-2.75698878061598
"GSM8121897_athero_human_4.txt.gz","Plate_552s_G11","symptomatic","fibroblast","C10",14.8210772743368,-3.25460542482713
"GSM8121897_athero_human_4.txt.gz","Plate_552s_G13","symptomatic","unassigned","C2",16.6599773160212,-3.85652296582809
"GSM8121897_athero_human_4.txt.gz","Plate_552s_G14","symptomatic","fibroblast","C10",16.1233860746176,-0.40036591924394
"GSM8121897_athero_human_4.txt.gz","Plate_552s_G15","symptomatic","fibroblast","C10",14.8526242487283,-3.22166586310029
"GSM8121897_athero_human_4.txt.gz","Plate_552s_G17","symptomatic","fibroblast","C7",12.130675301415,-6.82282228432059
"GSM8121897_athero_human_4.txt.gz","Plate_552s_G18","symptomatic","fibroblast","C10",15.3082938702714,-2.819474650826
"GSM8121897_athero_human_4.txt.gz","Plate_552s_G19","symptomatic","fibroblast","C10",15.6347566699643,-4.76805899244367
"GSM8121897_athero_human_4.txt.gz","Plate_552s_G20","symptomatic","fibroblast","C10",15.6381390392929,0.289292468084828
"GSM8121897_athero_human_4.txt.gz","Plate_552s_G21","symptomatic","unassigned","C7",13.8094193271462,-9.23226531586279
"GSM8121897_athero_human_4.txt.gz","Plate_552s_G22","symptomatic","fibroblast","C10",15.4615053456158,-2.47882211060738
"GSM8121897_athero_human_4.txt.gz","Plate_552s_G23","symptomatic","fibroblast","C10",16.1143688245002,-0.94115022817802
"GSM8121897_athero_human_4.txt.gz","Plate_552s_H01","symptomatic","mast","C10",18.1229058548844,4.85547238339348
"GSM8121897_athero_human_4.txt.gz","Plate_552s_H02","symptomatic","mast","C10",17.4735498215007,5.15195910928744
"GSM8121897_athero_human_4.txt.gz","Plate_552s_H03","symptomatic","fibroblast","C10",16.3052552308104,4.12316951998728
"GSM8121897_athero_human_4.txt.gz","Plate_552s_H04","symptomatic","vsmc","C10",19.6836542075141,1.62223358329075
"GSM8121897_athero_human_4.txt.gz","Plate_552s_H05","symptomatic","vsmc","C10",18.4085673640414,2.17257064890008
"GSM8121897_athero_human_4.txt.gz","Plate_552s_H06","symptomatic","unassigned","C10",16.4053237474958,3.55874362683287
"GSM8121897_athero_human_4.txt.gz","Plate_552s_H07","symptomatic","fibroblast","C8",11.2976949766696,-1.87920452701281
"GSM8121897_athero_human_4.txt.gz","Plate_552s_H08","symptomatic","b_cell","C7",14.0086377820685,-3.15177534285408
"GSM8121897_athero_human_4.txt.gz","Plate_552s_H09","symptomatic","unassigned","C7",12.0859503339754,-5.35630520443828
"GSM8121897_athero_human_4.txt.gz","Plate_552s_H10","symptomatic","fibroblast","C10",13.7326011735293,2.15075733087352
"GSM8121897_athero_human_4.txt.gz","Plate_552s_H11","symptomatic","vsmc","C10",15.8057322165685,-2.67798357254878
"GSM8121897_athero_human_4.txt.gz","Plate_552s_H12","symptomatic","fibroblast","C10",16.8024877226685,-1.08434797460929
"GSM8121897_athero_human_4.txt.gz","Plate_552s_H13","symptomatic","fibroblast","C7",15.6799168698891,-6.18444678397953
"GSM8121897_athero_human_4.txt.gz","Plate_552s_H14","symptomatic","unassigned","C7",13.876029265099,-7.25470464194338
"GSM8121897_athero_human_4.txt.gz","Plate_552s_H15","symptomatic","mast","C10",15.4357158065087,-1.36805863130949
"GSM8121897_athero_human_4.txt.gz","Plate_552s_H16","symptomatic","fibroblast","C10",12.3032420762556,-0.511383953438872
"GSM8121897_athero_human_4.txt.gz","Plate_552s_H17","symptomatic","vsmc","C10",16.5300793443842,-3.66365841334533
"GSM8121897_athero_human_4.txt.gz","Plate_552s_H18","symptomatic","vsmc","C7",10.8042874172852,-9.97142796457736
"GSM8121897_athero_human_4.txt.gz","Plate_552s_H19","symptomatic","fibroblast","C10",15.6271772058934,-1.51614550660942
"GSM8121897_athero_human_4.txt.gz","Plate_552s_H21","symptomatic","unassigned","C10",14.795975926033,0.186004133387378
"GSM8121897_athero_human_4.txt.gz","Plate_552s_H22","symptomatic","fibroblast","C7",16.3620475908776,-8.27214297792841
"GSM8121897_athero_human_4.txt.gz","Plate_552s_H23","symptomatic","vsmc","C7",14.9988225144024,-7.63961393930012
"GSM8121897_athero_human_4.txt.gz","Plate_552s_H24","symptomatic","unassigned","C8",8.16170104661555,-4.95753702845812
"GSM8121897_athero_human_4.txt.gz","Plate_552s_I01","symptomatic","mast","C10",17.8191271949294,3.915750051524
"GSM8121897_athero_human_4.txt.gz","Plate_552s_I02","symptomatic","mast","C10",17.4169583952364,5.7375400248848
"GSM8121897_athero_human_4.txt.gz","Plate_552s_I03","symptomatic","fibroblast","C10",16.9573815359759,3.19865202794332
"GSM8121897_athero_human_4.txt.gz","Plate_552s_I04","symptomatic","vsmc","C2",20.0220757667704,1.49628508534656
"GSM8121897_athero_human_4.txt.gz","Plate_552s_I05","symptomatic","fibroblast","C10",18.3066246770788,2.79357304833451
"GSM8121897_athero_human_4.txt.gz","Plate_552s_I06","symptomatic","unassigned","C10",16.1468131366909,3.74614026235031
"GSM8121897_athero_human_4.txt.gz","Plate_552s_I07","symptomatic","fibroblast","C10",14.0783843563421,-4.11827015147033
"GSM8121897_athero_human_4.txt.gz","Plate_552s_I08","symptomatic","fibroblast","C10",11.3235688519555,3.03447847273321
"GSM8121897_athero_human_4.txt.gz","Plate_552s_I10","symptomatic","unassigned","C10",16.1577468642407,-0.27558911668416
"GSM8121897_athero_human_4.txt.gz","Plate_552s_I11","symptomatic","fibroblast","C10",15.0284504493292,-0.325566626473376
"GSM8121897_athero_human_4.txt.gz","Plate_552s_I12","symptomatic","fibroblast","C10",16.4178444200305,-2.38223659283875
"GSM8121897_athero_human_4.txt.gz","Plate_552s_I13","symptomatic","fibroblast","C7",14.1183845010598,-6.29503068941936
"GSM8121897_athero_human_4.txt.gz","Plate_552s_I14","symptomatic","vsmc","C2",15.3909148657907,-4.88241255558769
"GSM8121897_athero_human_4.txt.gz","Plate_552s_I15","symptomatic","t_nk","C7",12.8561455966801,-9.88683966183818
"GSM8121897_athero_human_4.txt.gz","Plate_552s_I17","symptomatic","unassigned","C7",12.4551654056303,-3.71999442695127
"GSM8121897_athero_human_4.txt.gz","Plate_552s_I18","symptomatic","fibroblast","C10",15.6065585203198,-1.86671298248035
"GSM8121897_athero_human_4.txt.gz","Plate_552s_I19","symptomatic","vsmc","C2",12.7125457504333,-7.53941864653653
"GSM8121897_athero_human_4.txt.gz","Plate_552s_I20","symptomatic","fibroblast","C10",14.7008626522552,-2.47908586421923
"GSM8121897_athero_human_4.txt.gz","Plate_552s_I21","symptomatic","vsmc","C8",12.2581756607533,-1.49982610526595
"GSM8121897_athero_human_4.txt.gz","Plate_552s_I22","symptomatic","fibroblast","C10",14.7340755891956,-4.84693805414744
"GSM8121897_athero_human_4.txt.gz","Plate_552s_I23","symptomatic","fibroblast","C10",14.5765282937894,-5.32891278130535
"GSM8121897_athero_human_4.txt.gz","Plate_552s_J01","symptomatic","vsmc","C10",17.8645342525222,5.35395357228703
"GSM8121897_athero_human_4.txt.gz","Plate_552s_J02","symptomatic","fibroblast","C10",17.3635259760056,5.59670061633544
"GSM8121897_athero_human_4.txt.gz","Plate_552s_J03","symptomatic","fibroblast","C10",16.9285794845796,4.13312554305999
"GSM8121897_athero_human_4.txt.gz","Plate_552s_J04","symptomatic","vsmc","C10",19.2949526960821,3.0852165391014
"GSM8121897_athero_human_4.txt.gz","Plate_552s_J05","symptomatic","fibroblast","C10",17.3684204584392,4.09005820047646
"GSM8121897_athero_human_4.txt.gz","Plate_552s_J06","symptomatic","unassigned","C10",16.4145754142938,4.33810935135684
"GSM8121897_athero_human_4.txt.gz","Plate_552s_J07","symptomatic","vsmc","C10",15.763174450334,2.08674600850966
"GSM8121897_athero_human_4.txt.gz","Plate_552s_J09","symptomatic","fibroblast","C10",13.4502965690592,1.47261914003211
"GSM8121897_athero_human_4.txt.gz","Plate_552s_J10","symptomatic","vsmc","C8",15.8572604547256,1.47357852442336
"GSM8121897_athero_human_4.txt.gz","Plate_552s_J11","symptomatic","fibroblast","C10",15.890303672142,1.37023891108332
"GSM8121897_athero_human_4.txt.gz","Plate_552s_J12","symptomatic","fibroblast","C10",17.0923331122008,-2.69661236842901
"GSM8121897_athero_human_4.txt.gz","Plate_552s_J13","symptomatic","t_nk","C7",14.0273219220506,-6.61836374360514
"GSM8121897_athero_human_4.txt.gz","Plate_552s_J15","symptomatic","fibroblast","C10",13.988368248596,-0.959841643508236
"GSM8121897_athero_human_4.txt.gz","Plate_552s_J16","symptomatic","vsmc","C10",17.2695053512895,0.245747300419694
"GSM8121897_athero_human_4.txt.gz","Plate_552s_J17","symptomatic","vsmc","C2",15.3531553820736,-5.71341765708073
"GSM8121897_athero_human_4.txt.gz","Plate_552s_J18","symptomatic","fibroblast","C10",13.7520638614186,-3.24262688632337
"GSM8121897_athero_human_4.txt.gz","Plate_552s_J19","symptomatic","unassigned","C10",16.8980906333479,-5.64430639542775
"GSM8121897_athero_human_4.txt.gz","Plate_552s_J20","symptomatic","fibroblast","C10",12.4324229475357,-4.78046850682232
"GSM8121897_athero_human_4.txt.gz","Plate_552s_J21","symptomatic","fibroblast","C10",15.4532960346328,-5.33018431597476
"GSM8121897_athero_human_4.txt.gz","Plate_552s_J22","symptomatic","fibroblast","C7",12.5307436862034,-12.3724029790267
"GSM8121897_athero_human_4.txt.gz","Plate_552s_J23","symptomatic","endothelial","C10",14.0141602686656,1.7067574624186
"GSM8121897_athero_human_4.txt.gz","Plate_552s_J24","symptomatic","vsmc","C2",15.0186734205168,-4.29941433692754
"GSM8121897_athero_human_4.txt.gz","Plate_552s_K01","symptomatic","vsmc","C10",18.0422802401088,4.15284239602127
"GSM8121897_athero_human_4.txt.gz","Plate_552s_K02","symptomatic","fibroblast","C10",17.2795948179535,5.58313677723113
"GSM8121897_athero_human_4.txt.gz","Plate_552s_K03","symptomatic","fibroblast","C10",17.1720509802248,4.28763152372559
"GSM8121897_athero_human_4.txt.gz","Plate_552s_K04","symptomatic","vsmc","C10",18.1445299495993,3.22593198286857
"GSM8121897_athero_human_4.txt.gz","Plate_552s_K05","symptomatic","fibroblast","C10",15.7937561128439,4.52817790971424
"GSM8121897_athero_human_4.txt.gz","Plate_552s_K06","symptomatic","fibroblast","C10",16.2709532194796,4.73810942611136
"GSM8121897_athero_human_4.txt.gz","Plate_552s_K07","symptomatic","fibroblast","C10",14.7555314623807,4.07321554426641
"GSM8121897_athero_human_4.txt.gz","Plate_552s_K08","symptomatic","fibroblast","C10",13.4175545594308,3.02368625973938
"GSM8121897_athero_human_4.txt.gz","Plate_552s_K09","symptomatic","fibroblast","C10",16.0767532861523,-0.565825286495934
"GSM8121897_athero_human_4.txt.gz","Plate_552s_K10","symptomatic","fibroblast","C10",15.4562067541652,-5.57785526829898
"GSM8121897_athero_human_4.txt.gz","Plate_552s_K11","symptomatic","fibroblast","C10",15.1324478792103,-2.0061866906818
"GSM8121897_athero_human_4.txt.gz","Plate_552s_K12","symptomatic","fibroblast","C10",14.5569697921817,-0.988358709571452
"GSM8121897_athero_human_4.txt.gz","Plate_552s_K13","symptomatic","fibroblast","C7",10.2889752666091,-10.9168387843089
"GSM8121897_athero_human_4.txt.gz","Plate_552s_K14","symptomatic","fibroblast","C10",12.5015491826522,-1.2921485850786
"GSM8121897_athero_human_4.txt.gz","Plate_552s_K15","symptomatic","vsmc","C10",14.9031181661894,-1.47768328026314
"GSM8121897_athero_human_4.txt.gz","Plate_552s_K16","symptomatic","fibroblast","C7",13.717956784689,-6.98755569278714
"GSM8121897_athero_human_4.txt.gz","Plate_552s_K17","symptomatic","fibroblast","C10",14.524620571496,1.96221431617895
"GSM8121897_athero_human_4.txt.gz","Plate_552s_K18","symptomatic","vsmc","C7",12.1522953139284,-6.85253796593627
"GSM8121897_athero_human_4.txt.gz","Plate_552s_K19","symptomatic","fibroblast","C10",15.6283933289431,-1.95914971080617
"GSM8121897_athero_human_4.txt.gz","Plate_552s_K20","symptomatic","vsmc","C7",11.4449112586761,-11.3108765161259
"GSM8121897_athero_human_4.txt.gz","Plate_552s_K21","symptomatic","fibroblast","C7",14.565068387593,-8.00939468462211
"GSM8121897_athero_human_4.txt.gz","Plate_552s_K22","symptomatic","b_cell","C10",14.4555555633501,-5.23994806436022
"GSM8121897_athero_human_4.txt.gz","Plate_552s_K23","symptomatic","unassigned","C7",9.1047752537367,-11.7261492354935
"GSM8121897_athero_human_4.txt.gz","Plate_552s_L01","symptomatic","endothelial","C10",17.7215968902941,3.92606174246324
"GSM8121897_athero_human_4.txt.gz","Plate_552s_L02","symptomatic","fibroblast","C10",17.202206022577,5.02481043678425
"GSM8121897_athero_human_4.txt.gz","Plate_552s_L03","symptomatic","unassigned","C10",17.3760965714208,5.2600902653836
"GSM8121897_athero_human_4.txt.gz","Plate_552s_L04","symptomatic","unassigned","C10",18.3436915808855,1.16280441602286
"GSM8121897_athero_human_4.txt.gz","Plate_552s_L05","symptomatic","fibroblast","C10",16.396283773943,2.93565523731708
"GSM8121897_athero_human_4.txt.gz","Plate_552s_L06","symptomatic","unassigned","C10",15.0540866487231,6.7844077952978
"GSM8121897_athero_human_4.txt.gz","Plate_552s_L07","symptomatic","vsmc","C10",14.8879541272843,1.54067575408172
"GSM8121897_athero_human_4.txt.gz","Plate_552s_L08","symptomatic","endothelial","C10",13.9216692860613,-2.85023874934125
"GSM8121897_athero_human_4.txt.gz","Plate_552s_L09","symptomatic","fibroblast","C10",12.049088826259,3.74964685857168
"GSM8121897_athero_human_4.txt.gz","Plate_552s_L10","symptomatic","t_nk","C10",14.7478106757595,1.20022344394889
"GSM8121897_athero_human_4.txt.gz","Plate_552s_L11","symptomatic","vsmc","C10",18.2538867869205,-0.154433441658992
"GSM8121897_athero_human_4.txt.gz","Plate_552s_L12","symptomatic","vsmc","C2",16.0637765112885,-2.75418659845024
"GSM8121897_athero_human_4.txt.gz","Plate_552s_L13","symptomatic","fibroblast","C10",16.0228000888931,-1.15482321883776
"GSM8121897_athero_human_4.txt.gz","Plate_552s_L14","symptomatic","unassigned","C2",11.8332024574364,-3.85325304720805
"GSM8121897_athero_human_4.txt.gz","Plate_552s_L16","symptomatic","unassigned","C7",16.264236385738,-7.54855077403383
"GSM8121897_athero_human_4.txt.gz","Plate_552s_L18","symptomatic","fibroblast","C10",15.413287307848,-0.0742725380393948
"GSM8121897_athero_human_4.txt.gz","Plate_552s_L19","symptomatic","fibroblast","C7",12.3365245325091,-5.75294206945353
"GSM8121897_athero_human_4.txt.gz","Plate_552s_L20","symptomatic","fibroblast","C10",15.7552048164871,0.0399978708531962
"GSM8121897_athero_human_4.txt.gz","Plate_552s_L21","symptomatic","endothelial","C10",15.3510311671694,0.461340190211527
"GSM8121897_athero_human_4.txt.gz","Plate_552s_L22","symptomatic","vsmc","C7",16.4418779440152,-6.75781299593288
"GSM8121897_athero_human_4.txt.gz","Plate_552s_L23","symptomatic","fibroblast","C10",15.1388924585034,-0.88957724532394
"GSM8121897_athero_human_4.txt.gz","Plate_552s_L24","symptomatic","unassigned","C10",12.3383431146764,0.664667495464647
"GSM8121897_athero_human_4.txt.gz","Plate_552s_M01","symptomatic","endothelial","C10",17.2724368267859,3.02586123489492
"GSM8121897_athero_human_4.txt.gz","Plate_552s_M02","symptomatic","fibroblast","C10",17.645115896974,4.63358912234055
"GSM8121897_athero_human_4.txt.gz","Plate_552s_M03","symptomatic","vsmc","C10",16.5186628123181,5.16317407664124
"GSM8121897_athero_human_4.txt.gz","Plate_552s_M04","symptomatic","fibroblast","C10",17.8944016699137,2.00150840093203
"GSM8121897_athero_human_4.txt.gz","Plate_552s_M05","symptomatic","vsmc","C10",17.7473949315951,3.12865092457972
"GSM8121897_athero_human_4.txt.gz","Plate_552s_M06","symptomatic","fibroblast","C10",14.8593580280956,5.3000756414494
"GSM8121897_athero_human_4.txt.gz","Plate_552s_M08","symptomatic","fibroblast","C10",15.5900135174695,1.28379307236572
"GSM8121897_athero_human_4.txt.gz","Plate_552s_M09","symptomatic","fibroblast","C10",16.2407371290072,0.975759773693624
"GSM8121897_athero_human_4.txt.gz","Plate_552s_M10","symptomatic","fibroblast","C10",14.3797768177607,-0.719317635120963
"GSM8121897_athero_human_4.txt.gz","Plate_552s_M11","symptomatic","vsmc","C2",15.5559736520185,-7.91571479349736
"GSM8121897_athero_human_4.txt.gz","Plate_552s_M12","symptomatic","mast","C7",10.8273650014198,-12.373004071444
"GSM8121897_athero_human_4.txt.gz","Plate_552s_M13","symptomatic","vsmc","C2",14.6738950557677,-3.15869763334194
"GSM8121897_athero_human_4.txt.gz","Plate_552s_M14","symptomatic","endothelial","C7",13.8437003507351,-7.10784815694857
"GSM8121897_athero_human_4.txt.gz","Plate_552s_M15","symptomatic","fibroblast","C10",14.0625762067767,1.15485678845783
"GSM8121897_athero_human_4.txt.gz","Plate_552s_M16","symptomatic","vsmc","C7",13.3338068733361,-7.88369385208652
"GSM8121897_athero_human_4.txt.gz","Plate_552s_M17","symptomatic","fibroblast","C10",14.7969981890625,-4.33210145794697
"GSM8121897_athero_human_4.txt.gz","Plate_552s_M18","symptomatic","vsmc","C2",13.3921698080114,-1.68894576810414
"GSM8121897_athero_human_4.txt.gz","Plate_552s_M19","symptomatic","fibroblast","C7",11.3989483450113,-9.30721072558128
"GSM8121897_athero_human_4.txt.gz","Plate_552s_M21","symptomatic","vsmc","C7",10.9782309182497,-9.57966713810541
"GSM8121897_athero_human_4.txt.gz","Plate_552s_M22","symptomatic","unassigned","C7",14.896076195711,-6.16652380177567
"GSM8121897_athero_human_4.txt.gz","Plate_552s_M23","symptomatic","unassigned","C10",13.8770157205681,-3.40464476394282
"GSM8121897_athero_human_4.txt.gz","Plate_552s_M24","symptomatic","vsmc","C10",15.6380102589288,-0.385810837831757
"GSM8121897_athero_human_4.txt.gz","Plate_552s_N01","symptomatic","endothelial","C10",16.3221276487334,0.413054862579305
"GSM8121897_athero_human_4.txt.gz","Plate_552s_N02","symptomatic","fibroblast","C10",17.3587093476003,5.75754969949744
"GSM8121897_athero_human_4.txt.gz","Plate_552s_N03","symptomatic","vsmc","C10",15.7154723593074,6.45700842973876
"GSM8121897_athero_human_4.txt.gz","Plate_552s_N04","symptomatic","unassigned","C10",17.1765912577821,2.76322408479843
"GSM8121897_athero_human_4.txt.gz","Plate_552s_N05","symptomatic","vsmc","C10",17.4694541367988,2.94638121500124
"GSM8121897_athero_human_4.txt.gz","Plate_552s_N06","symptomatic","fibroblast","C10",14.6183090529648,3.3046372547863
"GSM8121897_athero_human_4.txt.gz","Plate_552s_N07","symptomatic","vsmc","C7",11.7061658268479,-5.30091927303944
"GSM8121897_athero_human_4.txt.gz","Plate_552s_N08","symptomatic","endothelial","C7",14.5204747659262,-8.41138241232164
"GSM8121897_athero_human_4.txt.gz","Plate_552s_N09","symptomatic","unassigned","C2",11.3053355427202,-1.00535453172659
"GSM8121897_athero_human_4.txt.gz","Plate_552s_N10","symptomatic","endothelial","C10",11.869630245141,2.56335190396167
"GSM8121897_athero_human_4.txt.gz","Plate_552s_N11","symptomatic","fibroblast","C10",16.4280076424121,0.936566701568856
"GSM8121897_athero_human_4.txt.gz","Plate_552s_N12","symptomatic","fibroblast","C10",14.9728584411029,3.33439617157793
"GSM8121897_athero_human_4.txt.gz","Plate_552s_N13","symptomatic","fibroblast","C7",11.3428609374138,-8.88790821745333
"GSM8121897_athero_human_4.txt.gz","Plate_552s_N14","symptomatic","fibroblast","C7",11.6743515061365,-12.3622351059113
"GSM8121897_athero_human_4.txt.gz","Plate_552s_N15","symptomatic","vsmc","C8",10.9011730816965,-2.03182238753558
"GSM8121897_athero_human_4.txt.gz","Plate_552s_N18","symptomatic","mast","C7",10.9087945244681,-11.1228623899275
"GSM8121897_athero_human_4.txt.gz","Plate_552s_N19","symptomatic","unassigned","C10",14.2982208065109,3.18997147488972
"GSM8121897_athero_human_4.txt.gz","Plate_552s_N20","symptomatic","vsmc","C7",12.8414265642475,-7.30824970948406
"GSM8121897_athero_human_4.txt.gz","Plate_552s_N21","symptomatic","mast","C10",13.1975708836122,-1.02500368890154
"GSM8121897_athero_human_4.txt.gz","Plate_552s_N22","symptomatic","unassigned","C10",14.9393570657939,-1.00128573297004
"GSM8121897_athero_human_4.txt.gz","Plate_552s_N23","symptomatic","fibroblast","C10",14.677080362524,-3.50282772971944
"GSM8121897_athero_human_4.txt.gz","Plate_552s_N24","symptomatic","fibroblast","C10",15.4239946349616,-4.58854288360802
"GSM8121897_athero_human_4.txt.gz","Plate_552s_O01","symptomatic","unassigned","C10",15.3676269968262,-2.09412509215713
"GSM8121897_athero_human_4.txt.gz","Plate_552s_O02","symptomatic","fibroblast","C10",17.3754081928811,4.68719214293286
"GSM8121897_athero_human_4.txt.gz","Plate_552s_O03","symptomatic","unassigned","C10",16.0255179006513,6.3310187195868
"GSM8121897_athero_human_4.txt.gz","Plate_552s_O04","symptomatic","vsmc","C10",17.6998346319145,3.19296242750941
"GSM8121897_athero_human_4.txt.gz","Plate_552s_O05","symptomatic","vsmc","C10",16.8431810626413,1.11092256066378
"GSM8121897_athero_human_4.txt.gz","Plate_552s_O06","symptomatic","vsmc","C10",16.1914428250869,0.589347269882272
"GSM8121897_athero_human_4.txt.gz","Plate_552s_O08","symptomatic","fibroblast","C10",17.3313395348138,1.71355489173188
"GSM8121897_athero_human_4.txt.gz","Plate_552s_O09","symptomatic","vsmc","C7",16.9444524371324,-7.0618587245271
"GSM8121897_athero_human_4.txt.gz","Plate_552s_O10","symptomatic","endothelial","C7",13.7735911350426,-8.32407003387011
"GSM8121897_athero_human_4.txt.gz","Plate_552s_O11","symptomatic","fibroblast","C10",15.0324820167404,4.0711520293697
"GSM8121897_athero_human_4.txt.gz","Plate_552s_O12","symptomatic","vsmc","C8",10.4591792316284,-8.76364445346023
"GSM8121897_athero_human_4.txt.gz","Plate_552s_O13","symptomatic","unassigned","C10",15.8976945050077,0.0357938648172399
"GSM8121897_athero_human_4.txt.gz","Plate_552s_O14","symptomatic","unassigned","C10",13.5496651056479,-1.10336030592611
"GSM8121897_athero_human_4.txt.gz","Plate_552s_O15","symptomatic","unassigned","C7",6.79222814571534,-9.91964829693472
"GSM8121897_athero_human_4.txt.gz","Plate_552s_O16","symptomatic","vsmc","C2",16.7479323996367,-4.18471002549865
"GSM8121897_athero_human_4.txt.gz","Plate_552s_O17","symptomatic","vsmc","C2",16.1585658682163,-1.15448431204841
"GSM8121897_athero_human_4.txt.gz","Plate_552s_O18","symptomatic","fibroblast","C10",16.6112914106876,1.1868563827032
"GSM8121897_athero_human_4.txt.gz","Plate_552s_O19","symptomatic","fibroblast","C10",16.3959837663476,1.02192753911592
"GSM8121897_athero_human_4.txt.gz","Plate_552s_O20","symptomatic","fibroblast","C10",14.5862671315513,-1.4954014792798
"GSM8121897_athero_human_4.txt.gz","Plate_552s_O21","symptomatic","vsmc","C10",18.0683505337817,-4.15025106064264
"GSM8121897_athero_human_4.txt.gz","Plate_552s_O22","symptomatic","vsmc","C7",14.0118751868081,-6.94618647401201
"GSM8121897_athero_human_4.txt.gz","Plate_552s_O23","symptomatic","endothelial","C8",8.09561793632859,-0.51138064312789
"GSM8121897_athero_human_4.txt.gz","Plate_552s_O24","symptomatic","unassigned","C10",14.3850153870465,0.0207137305226598
"GSM8121897_athero_human_4.txt.gz","Plate_552s_P01","symptomatic","unassigned","C10",15.2211993356772,-2.45679373810506
"GSM8121897_athero_human_4.txt.gz","Plate_552s_P02","symptomatic","fibroblast","C10",16.777360098652,3.29449693592713
"GSM8121897_athero_human_4.txt.gz","Plate_552s_P03","symptomatic","fibroblast","C10",15.9562422106755,5.32752763894467
"GSM8121897_athero_human_4.txt.gz","Plate_552s_P04","symptomatic","vsmc","C10",17.73372028886,0.245745277978567
"GSM8121897_athero_human_4.txt.gz","Plate_552s_P05","symptomatic","vsmc","C10",17.2702205351455,0.776182674768543
"GSM8121897_athero_human_4.txt.gz","Plate_552s_P06","symptomatic","vsmc","C10",19.1565943169791,-2.73404963671039
"GSM8121897_athero_human_4.txt.gz","Plate_552s_P07","symptomatic","fibroblast","C7",14.2610026127883,-4.82681400131121
"GSM8121897_athero_human_4.txt.gz","Plate_552s_P08","symptomatic","vsmc","C8",11.1285759747128,-5.07717980247439
"GSM8121897_athero_human_4.txt.gz","Plate_552s_P09","symptomatic","b_cell","C2",15.4123062154569,-3.22559350474702
"GSM8121897_athero_human_4.txt.gz","Plate_552s_P10","symptomatic","endothelial","C8",9.98686721698437,3.93058602806245
"GSM8121897_athero_human_4.txt.gz","Plate_552s_P11","symptomatic","vsmc","C10",16.6286159620161,1.03490329912729
"GSM8121897_athero_human_4.txt.gz","Plate_552s_P12","symptomatic","unassigned","C8",10.7333596781303,-0.722255993828916
"GSM8121897_athero_human_4.txt.gz","Plate_552s_P14","symptomatic","fibroblast","C10",16.1105742092429,3.45512260235694
"GSM8121897_athero_human_4.txt.gz","Plate_552s_P15","symptomatic","vsmc","C10",16.2057917490146,0.435056244863998
"GSM8121897_athero_human_4.txt.gz","Plate_552s_P16","symptomatic","fibroblast","C10",16.416857397268,2.55145063190037
"GSM8121897_athero_human_4.txt.gz","Plate_552s_P17","symptomatic","fibroblast","C10",16.5286739712811,0.871467225312552
"GSM8121897_athero_human_4.txt.gz","Plate_552s_P18","symptomatic","vsmc","C10",16.5126431157187,-0.722456202239636
"GSM8121897_athero_human_4.txt.gz","Plate_552s_P19","symptomatic","vsmc","C2",14.6097247980326,-4.18090709721159
"GSM8121897_athero_human_4.txt.gz","Plate_552s_P20","symptomatic","fibroblast","C10",13.6383792324881,2.25674862174727
"GSM8121897_athero_human_4.txt.gz","Plate_552s_P21","symptomatic","fibroblast","C10",17.7527505562837,2.8287692360401
"GSM8121897_athero_human_4.txt.gz","Plate_552s_P22","symptomatic","unassigned","C7",12.5638479160819,-3.90073562329203
"GSM8121897_athero_human_4.txt.gz","Plate_553s_A08","symptomatic","macrophage","C3",-20.451987005798,-3.38948762685322
"GSM8121897_athero_human_4.txt.gz","Plate_553s_C03","symptomatic","endothelial","C3",-14.0441983344144,0.936125509420062
"GSM8121897_athero_human_4.txt.gz","Plate_553s_C10","symptomatic","macrophage","C5",-15.3931166204455,4.01093988112459
"GSM8121897_athero_human_4.txt.gz","Plate_553s_C18","symptomatic","vsmc","C10",11.4327048947157,-1.3906009020377
"GSM8121897_athero_human_4.txt.gz","Plate_553s_D14","symptomatic","macrophage","C3",-20.2242644520462,4.91486198851527
"GSM8121897_athero_human_4.txt.gz","Plate_553s_D16","symptomatic","macrophage","C3",-17.7334822941871,-0.304733325326385
"GSM8121897_athero_human_4.txt.gz","Plate_553s_E08","symptomatic","macrophage","C5",-18.6076320632234,2.82177125367933
"GSM8121897_athero_human_4.txt.gz","Plate_553s_E21","symptomatic","macrophage","C3",-19.5710091880002,-1.63381455471852
"GSM8121897_athero_human_4.txt.gz","Plate_553s_F06","symptomatic","macrophage","C3",-20.868633100593,0.151332066237046
"GSM8121897_athero_human_4.txt.gz","Plate_553s_F10","symptomatic","macrophage","C5",-17.2767715684465,3.53012095229906
"GSM8121897_athero_human_4.txt.gz","Plate_553s_F13","symptomatic","macrophage","C5",-17.2684020748261,2.73207275637525
"GSM8121897_athero_human_4.txt.gz","Plate_553s_F14","symptomatic","macrophage","C3",-18.717654095569,2.73832140879585
"GSM8121897_athero_human_4.txt.gz","Plate_553s_F16","symptomatic","mast","C5",-19.2737540965042,5.4860300923077
"GSM8121897_athero_human_4.txt.gz","Plate_553s_F22","symptomatic","t_nk","C3",-17.7068693025667,2.30259007004975
"GSM8121897_athero_human_4.txt.gz","Plate_553s_F23","symptomatic","macrophage","C3",-19.5646867072757,-0.196662781155988
"GSM8121897_athero_human_4.txt.gz","Plate_553s_F24","symptomatic","macrophage","C3",-19.1731748344389,2.88316031849518
"GSM8121897_athero_human_4.txt.gz","Plate_553s_G01","symptomatic","macrophage","C3",-17.702481486569,-1.95314519246941
"GSM8121897_athero_human_4.txt.gz","Plate_553s_G02","symptomatic","macrophage","C4",-13.6612790751382,-5.9406516082471
"GSM8121897_athero_human_4.txt.gz","Plate_553s_G03","symptomatic","macrophage","C9",-17.9444977013284,-4.68005596328935
"GSM8121897_athero_human_4.txt.gz","Plate_553s_G04","symptomatic","macrophage","C3",-19.4556826956286,-1.71083747191973
"GSM8121897_athero_human_4.txt.gz","Plate_553s_G07","symptomatic","macrophage","C3",-19.5988459134536,1.09563236573462
"GSM8121897_athero_human_4.txt.gz","Plate_553s_G10","symptomatic","endothelial","C5",-14.6663900370851,2.61449149940651
"GSM8121897_athero_human_4.txt.gz","Plate_553s_G16","symptomatic","endothelial","C10",0.520048042320635,0.587717554578985
"GSM8121897_athero_human_4.txt.gz","Plate_553s_H01","symptomatic","b_cell","C5",-17.9390860988612,3.4177880947128
"GSM8121897_athero_human_4.txt.gz","Plate_553s_H03","symptomatic","macrophage","C5",-19.5371268472379,5.73915709869764
"GSM8121897_athero_human_4.txt.gz","Plate_553s_H04","symptomatic","macrophage","C9",-18.0253366082203,-2.52918353328918
"GSM8121897_athero_human_4.txt.gz","Plate_553s_H10","symptomatic","macrophage","C5",-17.2153433634686,2.21314634105596
"GSM8121897_athero_human_4.txt.gz","Plate_553s_H16","symptomatic","macrophage","C3",-16.5648488706535,0.0735045746465543
"GSM8121897_athero_human_4.txt.gz","Plate_553s_H22","symptomatic","unassigned","C4",-19.5558926416176,-2.30077097025736
"GSM8121897_athero_human_4.txt.gz","Plate_553s_H23","symptomatic","mast","C5",-15.4652861131049,3.89977177415561
"GSM8121897_athero_human_4.txt.gz","Plate_553s_I01","symptomatic","macrophage","C5",-17.9721041349447,3.30562028914152
"GSM8121897_athero_human_4.txt.gz","Plate_553s_I02","symptomatic","macrophage","C5",-14.3799560972007,2.09189515361588
"GSM8121897_athero_human_4.txt.gz","Plate_553s_I03","symptomatic","macrophage","C5",-19.9130791731166,5.33201546911676
"GSM8121897_athero_human_4.txt.gz","Plate_553s_I04","symptomatic","macrophage","C5",-17.916507512603,3.11313229359574
"GSM8121897_athero_human_4.txt.gz","Plate_553s_I05","symptomatic","macrophage","C3",-18.1584499065643,-2.78979871741675
"GSM8121897_athero_human_4.txt.gz","Plate_553s_I06","symptomatic","macrophage","C5",-20.5034285667756,3.59070232963576
"GSM8121897_athero_human_4.txt.gz","Plate_553s_I07","symptomatic","mast","C5",-20.4913193822355,3.48054601263735
"GSM8121897_athero_human_4.txt.gz","Plate_553s_I08","symptomatic","endothelial","C5",-20.2115116250343,4.65833574845676
"GSM8121897_athero_human_4.txt.gz","Plate_553s_I09","symptomatic","macrophage","C3",-19.9912483938449,0.218441836546367
"GSM8121897_athero_human_4.txt.gz","Plate_553s_I14","symptomatic","macrophage","C5",-17.6124298137719,4.09438717708956
"GSM8121897_athero_human_4.txt.gz","Plate_553s_I16","symptomatic","macrophage","C5",-14.7618499650812,3.12612103444349
"GSM8121897_athero_human_4.txt.gz","Plate_553s_I22","symptomatic","macrophage","C5",-20.7926252927567,3.16801392779168
"GSM8121897_athero_human_4.txt.gz","Plate_553s_I23","symptomatic","macrophage","C5",-19.191389502571,5.7457377434076
"GSM8121897_athero_human_4.txt.gz","Plate_553s_I24","symptomatic","macrophage","C5",-19.6677677902998,6.65076612912592
"GSM8121897_athero_human_4.txt.gz","Plate_553s_J03","symptomatic","macrophage","C5",-16.4036409356382,6.16603134288907
"GSM8121897_athero_human_4.txt.gz","Plate_553s_J04","symptomatic","t_nk","C4",-17.2357318306726,-6.38435864653294
"GSM8121897_athero_human_4.txt.gz","Plate_553s_J06","symptomatic","macrophage","C4",-19.1698783635006,-5.51876112686249
"GSM8121897_athero_human_4.txt.gz","Plate_553s_J09","symptomatic","macrophage","C9",-16.8315239489301,-6.26135414661535
"GSM8121897_athero_human_4.txt.gz","Plate_553s_J10","symptomatic","macrophage","C9",-16.8045909111639,-1.97315536191615
"GSM8121897_athero_human_4.txt.gz","Plate_553s_J14","symptomatic","macrophage","C5",-16.1041230844612,0.941195970814639
"GSM8121897_athero_human_4.txt.gz","Plate_553s_J16","symptomatic","macrophage","C3",-14.9747754815773,-1.33518807075457
"GSM8121897_athero_human_4.txt.gz","Plate_553s_J24","symptomatic","macrophage","C5",-17.7756436382771,2.20734734824289
"GSM8121897_athero_human_4.txt.gz","Plate_553s_K04","symptomatic","macrophage","C3",-19.4335082189618,-1.18420681519395
"GSM8121897_athero_human_4.txt.gz","Plate_553s_K05","symptomatic","fibroblast","C10",11.4323800185523,4.01952760106485
"GSM8121897_athero_human_4.txt.gz","Plate_553s_L01","symptomatic","macrophage","C3",-19.0500473368461,-2.90635995449502
"GSM8121897_athero_human_4.txt.gz","Plate_553s_L02","symptomatic","fibroblast","C10",10.5535617701597,2.21768981131181
"GSM8121897_athero_human_4.txt.gz","Plate_553s_L06","symptomatic","macrophage","C5",-14.6911972821269,7.70267009974659
"GSM8121897_athero_human_4.txt.gz","Plate_553s_L07","symptomatic","macrophage","C3",-17.3741884806588,3.42185355848091
"GSM8121897_athero_human_4.txt.gz","Plate_553s_L09","symptomatic","macrophage","C3",-16.3617605398194,0.90564827637024
"GSM8121897_athero_human_4.txt.gz","Plate_553s_L10","symptomatic","macrophage","C5",-15.6036784310222,3.11688408613762
"GSM8121897_athero_human_4.txt.gz","Plate_553s_L14","symptomatic","macrophage","C5",-16.6412316005493,2.38395228524758
"GSM8121897_athero_human_4.txt.gz","Plate_553s_L18","symptomatic","macrophage","C3",-20.1898411804295,1.50353507567002
"GSM8121897_athero_human_4.txt.gz","Plate_553s_M01","symptomatic","b_cell","C3",-20.8564677428871,-1.01676656706069
"GSM8121897_athero_human_4.txt.gz","Plate_553s_M10","symptomatic","macrophage","C5",-15.931068509418,1.81434849700351
"GSM8121897_athero_human_4.txt.gz","Plate_553s_N07","symptomatic","macrophage","C4",-18.7133605214551,-6.22428931385891
"GSM8121897_athero_human_4.txt.gz","Plate_553s_N14","symptomatic","macrophage","C8",4.64101073859607,4.61519854888257
"GSM8121897_athero_human_4.txt.gz","Plate_553s_O01","symptomatic","mast","C3",-17.7238623203138,-1.11671811646366
"GSM8121897_athero_human_4.txt.gz","Plate_553s_O07","symptomatic","macrophage","C9",-16.0611515421327,-3.75975706697944
"GSM8121897_athero_human_4.txt.gz","Plate_553s_P07","symptomatic","macrophage","C9",-20.4945572399941,-2.40838962362376
"GSM8121898_athero_human_5.txt.gz","Plate_555s_A03","asymptomatic","vsmc","C2",17.4268904867682,-3.5371207115745
"GSM8121898_athero_human_5.txt.gz","Plate_555s_A06","asymptomatic","fibroblast","C7",11.0018687997881,-7.97160078035879
"GSM8121898_athero_human_5.txt.gz","Plate_555s_A10","asymptomatic","fibroblast","C10",16.4239088304649,2.29291620972852
"GSM8121898_athero_human_5.txt.gz","Plate_555s_A13","asymptomatic","vsmc","C2",16.6998437612578,-4.28614782765293
"GSM8121898_athero_human_5.txt.gz","Plate_555s_A14","asymptomatic","fibroblast","C10",16.1211102833857,2.44568355066013
"GSM8121898_athero_human_5.txt.gz","Plate_555s_A18","asymptomatic","unassigned","C2",16.9472452990347,1.79382483227255
"GSM8121898_athero_human_5.txt.gz","Plate_555s_A22","asymptomatic","fibroblast","C10",16.2553846574085,0.30688298351313
"GSM8121898_athero_human_5.txt.gz","Plate_555s_B03","asymptomatic","vsmc","C2",16.769297990067,-4.54884927870756
"GSM8121898_athero_human_5.txt.gz","Plate_555s_B05","asymptomatic","vsmc","C2",15.8206690196826,-2.58589294115515
"GSM8121898_athero_human_5.txt.gz","Plate_555s_B11","asymptomatic","vsmc","C8",11.0437997009436,2.84303656180024
"GSM8121898_athero_human_5.txt.gz","Plate_555s_B12","asymptomatic","fibroblast","C10",18.4224000618589,-0.448008703903145
"GSM8121898_athero_human_5.txt.gz","Plate_555s_B16","asymptomatic","fibroblast","C7",7.68828920904035,-13.8999380193861
"GSM8121898_athero_human_5.txt.gz","Plate_555s_B18","asymptomatic","mast","C7",12.1614321996126,-5.35696290955811
"GSM8121898_athero_human_5.txt.gz","Plate_555s_C01","asymptomatic","fibroblast","C10",17.8622466608367,-1.11744425282145
"GSM8121898_athero_human_5.txt.gz","Plate_555s_C03","asymptomatic","b_cell","C2",17.1159819577014,-0.471796618298537
"GSM8121898_athero_human_5.txt.gz","Plate_555s_C08","asymptomatic","vsmc","C2",18.2347073550018,-1.21602804095978
"GSM8121898_athero_human_5.txt.gz","Plate_555s_C14","asymptomatic","vsmc","C2",16.5335278543232,-2.35973371497314
"GSM8121898_athero_human_5.txt.gz","Plate_555s_C22","asymptomatic","fibroblast","C10",11.4154784571479,0.860392206999122
"GSM8121898_athero_human_5.txt.gz","Plate_555s_D01","asymptomatic","fibroblast","C7",12.4465909121226,-6.38246816879799
"GSM8121898_athero_human_5.txt.gz","Plate_555s_D22","asymptomatic","vsmc","C2",16.3800102066136,-0.417457438585671
"GSM8121898_athero_human_5.txt.gz","Plate_555s_E04","asymptomatic","fibroblast","C7",16.0961022560336,-7.40830396075965
"GSM8121898_athero_human_5.txt.gz","Plate_555s_E14","asymptomatic","fibroblast","C10",15.5979906725643,-2.91310538244108
"GSM8121898_athero_human_5.txt.gz","Plate_555s_E18","asymptomatic","fibroblast","C10",16.6139489891278,2.58071271974723
"GSM8121898_athero_human_5.txt.gz","Plate_555s_F01","asymptomatic","vsmc","C2",16.0645002766847,-0.105891223672093
"GSM8121898_athero_human_5.txt.gz","Plate_555s_F03","asymptomatic","fibroblast","C8",10.7312519430548,4.52622674992408
"GSM8121898_athero_human_5.txt.gz","Plate_555s_F05","asymptomatic","vsmc","C2",12.9538229268234,-5.98072598540698
"GSM8121898_athero_human_5.txt.gz","Plate_555s_F10","asymptomatic","vsmc","C7",10.842699120243,-9.78215664018103
"GSM8121898_athero_human_5.txt.gz","Plate_555s_F15","asymptomatic","fibroblast","C10",15.4765903253887,-0.638923156444534
"GSM8121898_athero_human_5.txt.gz","Plate_555s_F18","asymptomatic","mast","C7",10.9663591715756,-8.3977821967226
"GSM8121898_athero_human_5.txt.gz","Plate_555s_F21","asymptomatic","t_nk","C10",17.2293431546938,2.25045836864343
"GSM8121898_athero_human_5.txt.gz","Plate_555s_F23","asymptomatic","unassigned","C10",17.2063518292245,3.58994653154035
"GSM8121898_athero_human_5.txt.gz","Plate_555s_F24","asymptomatic","fibroblast","C7",16.2136638882224,-8.25178036357175
"GSM8121898_athero_human_5.txt.gz","Plate_555s_G04","asymptomatic","vsmc","C2",15.3020234155758,-4.99052270118564
"GSM8121898_athero_human_5.txt.gz","Plate_555s_G06","asymptomatic","fibroblast","C8",12.8107099195338,-3.64300374338884
"GSM8121898_athero_human_5.txt.gz","Plate_555s_G08","asymptomatic","mast","C7",14.5498625288589,-6.75074038646371
"GSM8121898_athero_human_5.txt.gz","Plate_555s_G14","asymptomatic","vsmc","C7",15.189220165477,-9.39603625630749
"GSM8121898_athero_human_5.txt.gz","Plate_555s_G19","asymptomatic","fibroblast","C10",13.3924770666744,2.68628238419276
"GSM8121898_athero_human_5.txt.gz","Plate_555s_G24","asymptomatic","vsmc","C2",14.3302629295502,-6.37664987445137
"GSM8121898_athero_human_5.txt.gz","Plate_555s_H13","asymptomatic","fibroblast","C7",13.7061598024858,-7.47575301068881
"GSM8121898_athero_human_5.txt.gz","Plate_555s_H15","asymptomatic","unassigned","C7",11.0272444931924,-9.64892819558176
"GSM8121898_athero_human_5.txt.gz","Plate_555s_H19","asymptomatic","fibroblast","C10",18.431806057701,-1.5825942774353
"GSM8121898_athero_human_5.txt.gz","Plate_555s_H21","asymptomatic","fibroblast","C7",14.1989462353511,-5.45669691648694
"GSM8121898_athero_human_5.txt.gz","Plate_555s_H23","asymptomatic","vsmc","C2",16.1749685653045,-3.12539753889544
"GSM8121898_athero_human_5.txt.gz","Plate_555s_I01","asymptomatic","vsmc","C2",17.3739191750693,-4.11003274752303
"GSM8121898_athero_human_5.txt.gz","Plate_555s_I03","asymptomatic","unassigned","C7",13.9281049282073,-5.73278864441749
"GSM8121898_athero_human_5.txt.gz","Plate_555s_I06","asymptomatic","fibroblast","C10",17.416278650813,2.72368717580097
"GSM8121898_athero_human_5.txt.gz","Plate_555s_I10","asymptomatic","fibroblast","C10",17.5819943006599,2.79466923800614
"GSM8121898_athero_human_5.txt.gz","Plate_555s_I20","asymptomatic","fibroblast","C7",15.691024729948,-4.49267196096506
"GSM8121898_athero_human_5.txt.gz","Plate_555s_I24","asymptomatic","fibroblast","C10",15.6540969082257,-3.5313200251039
"GSM8121898_athero_human_5.txt.gz","Plate_555s_J09","asymptomatic","vsmc","C2",16.2221768429864,-0.931528888855629
"GSM8121898_athero_human_5.txt.gz","Plate_555s_J10","asymptomatic","fibroblast","C7",12.9699717725941,-3.73347116778916
"GSM8121898_athero_human_5.txt.gz","Plate_555s_J18","asymptomatic","fibroblast","C7",6.86371861521341,-10.6326438455873
"GSM8121898_athero_human_5.txt.gz","Plate_555s_J19","asymptomatic","fibroblast","C7",13.8901979085793,-8.18470551326757
"GSM8121898_athero_human_5.txt.gz","Plate_555s_J21","asymptomatic","vsmc","C7",11.8611368305869,-8.5814560061599
"GSM8121898_athero_human_5.txt.gz","Plate_555s_K01","asymptomatic","vsmc","C2",17.3550343585749,1.22831447893658
"GSM8121898_athero_human_5.txt.gz","Plate_555s_K02","asymptomatic","fibroblast","C10",16.102344188008,3.01420909936042
"GSM8121898_athero_human_5.txt.gz","Plate_555s_K10","asymptomatic","vsmc","C10",17.6269971798996,-3.57147259084586
"GSM8121898_athero_human_5.txt.gz","Plate_555s_K12","asymptomatic","vsmc","C2",17.3669358168954,-2.83108940233196
"GSM8121898_athero_human_5.txt.gz","Plate_555s_K15","asymptomatic","fibroblast","C10",19.4226259610116,-1.00955874330565
"GSM8121898_athero_human_5.txt.gz","Plate_555s_K18","asymptomatic","fibroblast","C10",17.5060804941873,1.80042906466443
"GSM8121898_athero_human_5.txt.gz","Plate_555s_K20","asymptomatic","vsmc","C8",13.2944747918629,-4.66651778933755
"GSM8121898_athero_human_5.txt.gz","Plate_555s_K24","asymptomatic","vsmc","C2",18.3465241007513,-1.45631030346149
"GSM8121898_athero_human_5.txt.gz","Plate_555s_L01","asymptomatic","vsmc","C7",14.134029584677,-6.71034764834061
"GSM8121898_athero_human_5.txt.gz","Plate_555s_L08","asymptomatic","mast","C7",6.74402954030698,-15.58748259906
"GSM8121898_athero_human_5.txt.gz","Plate_555s_L10","asymptomatic","fibroblast","C7",9.62474273140938,-11.4727308600875
"GSM8121898_athero_human_5.txt.gz","Plate_555s_L18","asymptomatic","fibroblast","C7",10.2623630427113,-12.2950813972042
"GSM8121898_athero_human_5.txt.gz","Plate_555s_L21","asymptomatic","unassigned","C8",14.4536442107292,0.197264492402062
"GSM8121898_athero_human_5.txt.gz","Plate_555s_L22","asymptomatic","vsmc","C7",11.3136327376925,-10.4556564145215
"GSM8121898_athero_human_5.txt.gz","Plate_555s_L23","asymptomatic","vsmc","C2",13.4512729519252,-3.94994085497515
"GSM8121898_athero_human_5.txt.gz","Plate_555s_L24","asymptomatic","fibroblast","C8",13.6577801186839,-4.09604361713234
"GSM8121898_athero_human_5.txt.gz","Plate_555s_M03","asymptomatic","fibroblast","C10",17.5515464296598,3.26400786569509
"GSM8121898_athero_human_5.txt.gz","Plate_555s_M12","asymptomatic","fibroblast","C7",14.0593507457281,-7.73826270011254
"GSM8121898_athero_human_5.txt.gz","Plate_555s_M14","asymptomatic","vsmc","C2",18.1463294886514,-2.02011977315066
"GSM8121898_athero_human_5.txt.gz","Plate_555s_M17","asymptomatic","vsmc","C2",15.1680728452057,-8.44250145962987
"GSM8121898_athero_human_5.txt.gz","Plate_555s_M18","asymptomatic","vsmc","C2",13.5762731053679,-1.23210566897637
"GSM8121898_athero_human_5.txt.gz","Plate_555s_M22","asymptomatic","mast","C7",13.0219331621998,-9.02895155950149
"GSM8121898_athero_human_5.txt.gz","Plate_555s_M24","asymptomatic","vsmc","C2",15.7342663633681,-1.16971334047336
"GSM8121898_athero_human_5.txt.gz","Plate_555s_N02","asymptomatic","vsmc","C2",14.1753019013424,-3.27449242183108
"GSM8121898_athero_human_5.txt.gz","Plate_555s_N03","asymptomatic","vsmc","C2",13.1226832830716,-5.40013122865834
"GSM8121898_athero_human_5.txt.gz","Plate_555s_N04","asymptomatic","unassigned","C7",6.60520477963134,-10.8496723601839
"GSM8121898_athero_human_5.txt.gz","Plate_555s_N05","asymptomatic","vsmc","C2",14.6640989606363,-1.56058473743786
"GSM8121898_athero_human_5.txt.gz","Plate_555s_N08","asymptomatic","fibroblast","C7",9.98129013315348,-6.82242014544352
"GSM8121898_athero_human_5.txt.gz","Plate_555s_N09","asymptomatic","vsmc","C2",14.9906240961456,-0.950354854785699
"GSM8121898_athero_human_5.txt.gz","Plate_555s_N16","asymptomatic","vsmc","C7",10.2232638330986,-13.6784614832837
"GSM8121898_athero_human_5.txt.gz","Plate_555s_O03","asymptomatic","vsmc","C8",14.7918169278389,-0.11975148051583
"GSM8121898_athero_human_5.txt.gz","Plate_555s_O09","asymptomatic","vsmc","C2",13.6293848519525,-9.93340099892013
"GSM8121898_athero_human_5.txt.gz","Plate_555s_O10","asymptomatic","vsmc","C8",12.2711396425382,0.324960194486825
"GSM8121898_athero_human_5.txt.gz","Plate_555s_O14","asymptomatic","vsmc","C2",16.1356697785821,-5.4388421127445
"GSM8121898_athero_human_5.txt.gz","Plate_555s_O22","asymptomatic","vsmc","C8",11.468524388828,-2.69565211439662
"GSM8121898_athero_human_5.txt.gz","Plate_555s_P02","asymptomatic","fibroblast","C10",16.0414626927442,-1.18442749995743
"GSM8121898_athero_human_5.txt.gz","Plate_555s_P05","asymptomatic","vsmc","C8",14.3245102630705,-0.293378210581928
"GSM8121898_athero_human_5.txt.gz","Plate_555s_P12","asymptomatic","fibroblast","C7",12.4476624210966,-6.94826994842562
"GSM8121898_athero_human_5.txt.gz","Plate_555s_P15","asymptomatic","fibroblast","C10",13.0226768646278,0.358293542398228
"GSM8121898_athero_human_5.txt.gz","Plate_555s_P18","asymptomatic","macrophage","C4",-8.17788522400676,-8.95423513140415
"GSM8121898_athero_human_5.txt.gz","Plate_554s_A04","asymptomatic","endothelial","C6",6.11632295673724,22.2011933748326
"GSM8121898_athero_human_5.txt.gz","Plate_554s_A06","asymptomatic","macrophage","C3",-20.2272925428625,2.15177493845422
"GSM8121898_athero_human_5.txt.gz","Plate_554s_A07","asymptomatic","endothelial","C6",3.76540640342655,19.7098820567426
"GSM8121898_athero_human_5.txt.gz","Plate_554s_A09","asymptomatic","endothelial","C6",3.79223834608713,16.7886702240519
"GSM8121898_athero_human_5.txt.gz","Plate_554s_A11","asymptomatic","endothelial","C6",4.55412367990177,18.5487832337831
"GSM8121898_athero_human_5.txt.gz","Plate_554s_B01","asymptomatic","endothelial","C6",5.90777985738103,21.7911178271288
"GSM8121898_athero_human_5.txt.gz","Plate_554s_B04","asymptomatic","macrophage","C6",4.34858914918816,10.8215827872988
"GSM8121898_athero_human_5.txt.gz","Plate_554s_B05","asymptomatic","endothelial","C6",6.2634375734446,22.9649887349188
"GSM8121898_athero_human_5.txt.gz","Plate_554s_B07","asymptomatic","unassigned","C6",5.5252478846493,16.2680462419188
"GSM8121898_athero_human_5.txt.gz","Plate_554s_B08","asymptomatic","endothelial","C6",5.09079723367755,12.575536794567
"GSM8121898_athero_human_5.txt.gz","Plate_554s_B09","asymptomatic","endothelial","C6",1.78842566987589,19.6159427908966
"GSM8121898_athero_human_5.txt.gz","Plate_554s_B10","asymptomatic","endothelial","C6",5.27203762981544,15.7716583652799
"GSM8121898_athero_human_5.txt.gz","Plate_554s_B11","asymptomatic","endothelial","C6",8.33925632810532,15.0902365274928
"GSM8121898_athero_human_5.txt.gz","Plate_554s_C01","asymptomatic","endothelial","C6",4.6996663683445,14.5956788860921
"GSM8121898_athero_human_5.txt.gz","Plate_554s_C02","asymptomatic","endothelial","C6",4.86175496138743,19.2249952580986
"GSM8121898_athero_human_5.txt.gz","Plate_554s_C04","asymptomatic","endothelial","C6",4.0772305380829,15.8891934523465
"GSM8121898_athero_human_5.txt.gz","Plate_554s_C05","asymptomatic","endothelial","C6",4.03522646130608,12.325447741494
"GSM8121898_athero_human_5.txt.gz","Plate_554s_C06","asymptomatic","endothelial","C6",4.15593990149006,17.3098921703223
"GSM8121898_athero_human_5.txt.gz","Plate_554s_C07","asymptomatic","endothelial","C6",8.78633917937619,12.5401100278663
"GSM8121898_athero_human_5.txt.gz","Plate_554s_C10","asymptomatic","endothelial","C6",4.01198203583716,16.5206771776921
"GSM8121898_athero_human_5.txt.gz","Plate_554s_C11","asymptomatic","unassigned","C6",8.52068242587674,8.38714839282301
"GSM8121898_athero_human_5.txt.gz","Plate_554s_D03","asymptomatic","endothelial","C6",7.78591956109507,16.852499794638
"GSM8121898_athero_human_5.txt.gz","Plate_554s_D04","asymptomatic","endothelial","C6",4.98054161770695,19.6153208394906
"GSM8121898_athero_human_5.txt.gz","Plate_554s_D07","asymptomatic","endothelial","C6",4.60834715090483,16.4172087076619
"GSM8121898_athero_human_5.txt.gz","Plate_554s_D08","asymptomatic","endothelial","C6",8.39663885727845,13.4887731553167
"GSM8121898_athero_human_5.txt.gz","Plate_554s_D09","asymptomatic","endothelial","C6",5.10158601107365,17.3118442328993
"GSM8121898_athero_human_5.txt.gz","Plate_554s_D10","asymptomatic","endothelial","C6",4.54916575366958,14.6276843103655
"GSM8121898_athero_human_5.txt.gz","Plate_554s_D11","asymptomatic","endothelial","C6",4.99856728496855,22.8065062477109
"GSM8121898_athero_human_5.txt.gz","Plate_554s_D12","asymptomatic","endothelial","C6",5.96443961071822,19.7777978373009
"GSM8121898_athero_human_5.txt.gz","Plate_554s_E02","asymptomatic","endothelial","C6",3.30648595216403,14.7518048804414
"GSM8121898_athero_human_5.txt.gz","Plate_554s_E04","asymptomatic","endothelial","C6",10.7168200851614,12.6230040311214
"GSM8121898_athero_human_5.txt.gz","Plate_554s_E05","asymptomatic","unassigned","C6",1.30351544585686,8.11191920821731
"GSM8121898_athero_human_5.txt.gz","Plate_554s_E06","asymptomatic","endothelial","C6",3.14371793026177,17.1574703475113
"GSM8121898_athero_human_5.txt.gz","Plate_554s_E07","asymptomatic","mast","C6",9.27778479937906,11.4761870695424
"GSM8121898_athero_human_5.txt.gz","Plate_554s_E09","asymptomatic","macrophage","C3",-15.0837372936065,5.71731360419268
"GSM8121898_athero_human_5.txt.gz","Plate_554s_E11","asymptomatic","fibroblast","C6",10.5917813864038,9.13038999630403
"GSM8121898_athero_human_5.txt.gz","Plate_554s_E12","asymptomatic","endothelial","C6",7.43632721379167,13.4823543594801
"GSM8121898_athero_human_5.txt.gz","Plate_554s_F01","asymptomatic","endothelial","C6",5.17426636270138,19.2543734068843
"GSM8121898_athero_human_5.txt.gz","Plate_554s_F02","asymptomatic","endothelial","C6",5.76458659619437,18.3225380853348
"GSM8121898_athero_human_5.txt.gz","Plate_554s_F03","asymptomatic","endothelial","C6",4.33396256975397,18.1036740999897
"GSM8121898_athero_human_5.txt.gz","Plate_554s_F04","asymptomatic","endothelial","C6",5.11597140752169,22.9320988791637
"GSM8121898_athero_human_5.txt.gz","Plate_554s_F05","asymptomatic","endothelial","C6",6.49498196609205,10.862522927766
"GSM8121898_athero_human_5.txt.gz","Plate_554s_F08","asymptomatic","endothelial","C6",3.03958950500137,11.2426414024219
"GSM8121898_athero_human_5.txt.gz","Plate_554s_F09","asymptomatic","unassigned","C6",8.6746577176264,18.2636884392186
"GSM8121898_athero_human_5.txt.gz","Plate_554s_F10","asymptomatic","endothelial","C6",7.2168002867273,12.614446427108
"GSM8121898_athero_human_5.txt.gz","Plate_554s_F12","asymptomatic","endothelial","C6",5.79439048110607,16.7326140025987
"GSM8121898_athero_human_5.txt.gz","Plate_554s_G02","asymptomatic","macrophage","C9",-16.2467793118479,3.63862239657342
"GSM8121898_athero_human_5.txt.gz","Plate_554s_G03","asymptomatic","endothelial","C6",4.76138710727262,16.2081048586522
"GSM8121898_athero_human_5.txt.gz","Plate_554s_G05","asymptomatic","endothelial","C6",5.80648832359255,22.9753418244375
"GSM8121898_athero_human_5.txt.gz","Plate_554s_G06","asymptomatic","endothelial","C6",7.52438761660264,17.4242705340182
"GSM8121898_athero_human_5.txt.gz","Plate_554s_G09","asymptomatic","endothelial","C6",5.49120906429847,22.4324352376258
"GSM8121898_athero_human_5.txt.gz","Plate_554s_G10","asymptomatic","unassigned","C6",3.43938581822847,10.7279153906717
"GSM8121898_athero_human_5.txt.gz","Plate_554s_G11","asymptomatic","endothelial","C6",3.20756644728908,18.3794386897351
"GSM8121898_athero_human_5.txt.gz","Plate_554s_G12","asymptomatic","unassigned","C6",8.59267232958649,20.9174209346871
"GSM8121898_athero_human_5.txt.gz","Plate_554s_H02","asymptomatic","endothelial","C6",3.13354759903998,17.4707651214264
"GSM8121898_athero_human_5.txt.gz","Plate_554s_H03","asymptomatic","unassigned","C6",8.60726464282865,19.7010998388272
"GSM8121898_athero_human_5.txt.gz","Plate_554s_H05","asymptomatic","b_cell","C6",2.99371886927485,19.2990686887697
"GSM8121898_athero_human_5.txt.gz","Plate_554s_H10","asymptomatic","endothelial","C6",2.52116750500042,15.7633678298584
"GSM8121898_athero_human_5.txt.gz","Plate_554s_H11","asymptomatic","t_nk","C6",3.05747500471021,11.5726983195147
"GSM8121898_athero_human_5.txt.gz","Plate_554s_H12","asymptomatic","unassigned","C6",5.06781017420866,22.783772413264
"GSM8121898_athero_human_5.txt.gz","Plate_554s_I01","asymptomatic","endothelial","C6",9.6323150354532,17.0185053515176
"GSM8121898_athero_human_5.txt.gz","Plate_554s_I02","asymptomatic","b_cell","C6",4.20389148713836,20.8576400420049
"GSM8121898_athero_human_5.txt.gz","Plate_554s_I03","asymptomatic","endothelial","C6",5.17002662632459,19.6100759920757
"GSM8121898_athero_human_5.txt.gz","Plate_554s_I05","asymptomatic","unassigned","C6",7.14913696687557,7.84194407904882
"GSM8121898_athero_human_5.txt.gz","Plate_554s_I06","asymptomatic","endothelial","C6",4.99583632889488,16.5291070355942
"GSM8121898_athero_human_5.txt.gz","Plate_554s_I07","asymptomatic","endothelial","C6",5.96533507129792,19.0156999243294
"GSM8121898_athero_human_5.txt.gz","Plate_554s_I08","asymptomatic","endothelial","C6",7.51368966399714,15.0031924096393
"GSM8121898_athero_human_5.txt.gz","Plate_554s_I09","asymptomatic","endothelial","C6",3.75545206593993,10.1022959776157
"GSM8121898_athero_human_5.txt.gz","Plate_554s_I10","asymptomatic","b_cell","C6",5.4867890165982,19.4340962059565
"GSM8121898_athero_human_5.txt.gz","Plate_554s_I11","asymptomatic","endothelial","C6",9.02087512701812,17.9464589999478
"GSM8121898_athero_human_5.txt.gz","Plate_554s_J01","asymptomatic","endothelial","C6",4.75168706273158,12.959443039216
"GSM8121898_athero_human_5.txt.gz","Plate_554s_J02","asymptomatic","b_cell","C6",6.13576125872945,21.9340590107494
"GSM8121898_athero_human_5.txt.gz","Plate_554s_J05","asymptomatic","unassigned","C6",6.15967535457788,8.48834857999461
"GSM8121898_athero_human_5.txt.gz","Plate_554s_J06","asymptomatic","endothelial","C6",5.55111673649186,17.6853649235885
"GSM8121898_athero_human_5.txt.gz","Plate_554s_J09","asymptomatic","t_nk","C6",8.99102717797078,18.7141081190697
"GSM8121898_athero_human_5.txt.gz","Plate_554s_J10","asymptomatic","endothelial","C6",8.51933851830384,12.963605213311
"GSM8121898_athero_human_5.txt.gz","Plate_554s_J11","asymptomatic","endothelial","C6",7.27166743070085,10.2309607788621
"GSM8121898_athero_human_5.txt.gz","Plate_554s_J12","asymptomatic","fibroblast","C10",15.9165603187674,2.80960127853211
"GSM8121898_athero_human_5.txt.gz","Plate_554s_K03","asymptomatic","endothelial","C6",7.95546903602354,19.2528065057546
"GSM8121898_athero_human_5.txt.gz","Plate_554s_K07","asymptomatic","unassigned","C6",8.63956312356119,10.305138634366
"GSM8121898_athero_human_5.txt.gz","Plate_554s_K08","asymptomatic","unassigned","C6",7.57406541031741,5.03335409113928
"GSM8121898_athero_human_5.txt.gz","Plate_554s_K09","asymptomatic","t_nk","C6",6.3450675028208,9.02297441737148
"GSM8121898_athero_human_5.txt.gz","Plate_554s_K10","asymptomatic","endothelial","C6",7.09139319281496,16.0882682535159
"GSM8121898_athero_human_5.txt.gz","Plate_554s_K11","asymptomatic","endothelial","C6",5.75987859993292,20.5229087677559
"GSM8121898_athero_human_5.txt.gz","Plate_554s_L03","asymptomatic","endothelial","C6",6.49983408110069,20.8671008791554
"GSM8121898_athero_human_5.txt.gz","Plate_554s_L05","asymptomatic","endothelial","C6",4.55581702345791,11.4298073688835
"GSM8121898_athero_human_5.txt.gz","Plate_554s_L06","asymptomatic","unassigned","C6",6.26508961749864,8.05874109691709
"GSM8121898_athero_human_5.txt.gz","Plate_554s_L07","asymptomatic","endothelial","C6",6.2820344675083,14.5190640932727
"GSM8121898_athero_human_5.txt.gz","Plate_554s_L08","asymptomatic","unassigned","C6",8.78009484963242,11.6302731921578
"GSM8121898_athero_human_5.txt.gz","Plate_554s_L10","asymptomatic","endothelial","C6",9.49613807274756,18.4373228475114
"GSM8121898_athero_human_5.txt.gz","Plate_554s_L11","asymptomatic","mast","C6",4.88277728947646,14.7359555051909
"GSM8121898_athero_human_5.txt.gz","Plate_554s_L12","asymptomatic","mast","C6",2.63542051975545,2.0472739653518
"GSM8121898_athero_human_5.txt.gz","Plate_554s_M01","asymptomatic","b_cell","C6",4.44566639978746,12.5746940017846
"GSM8121898_athero_human_5.txt.gz","Plate_554s_M03","asymptomatic","endothelial","C6",3.7031672502702,14.8815202852392
"GSM8121898_athero_human_5.txt.gz","Plate_554s_M04","asymptomatic","endothelial","C6",9.92317861888176,21.1735830005584
"GSM8121898_athero_human_5.txt.gz","Plate_554s_M05","asymptomatic","endothelial","C6",6.35631538293971,20.0159435378797
"GSM8121898_athero_human_5.txt.gz","Plate_554s_M06","asymptomatic","endothelial","C6",3.73283733279986,14.4634128957667
"GSM8121898_athero_human_5.txt.gz","Plate_554s_M07","asymptomatic","endothelial","C6",8.67032335349854,11.9707116527541
"GSM8121898_athero_human_5.txt.gz","Plate_554s_M08","asymptomatic","endothelial","C6",7.51690110422548,6.5513133701558
"GSM8121898_athero_human_5.txt.gz","Plate_554s_M09","asymptomatic","endothelial","C6",9.61021588264166,17.6802834787896
"GSM8121898_athero_human_5.txt.gz","Plate_554s_M11","asymptomatic","macrophage","C5",-14.9576352355833,5.75739403622978
"GSM8121898_athero_human_5.txt.gz","Plate_554s_M12","asymptomatic","endothelial","C6",7.12284170489377,8.50740466818896
"GSM8121898_athero_human_5.txt.gz","Plate_554s_N01","asymptomatic","endothelial","C6",4.36125732388034,21.9633863657318
"GSM8121898_athero_human_5.txt.gz","Plate_554s_N02","asymptomatic","endothelial","C6",4.1239387239474,17.3870730657984
"GSM8121898_athero_human_5.txt.gz","Plate_554s_N03","asymptomatic","endothelial","C6",5.64417566628192,23.2804268289932
"GSM8121898_athero_human_5.txt.gz","Plate_554s_N06","asymptomatic","endothelial","C6",4.82963223942915,23.7050697130283
"GSM8121898_athero_human_5.txt.gz","Plate_554s_N07","asymptomatic","endothelial","C6",4.78697878439588,17.8642845253219
"GSM8121898_athero_human_5.txt.gz","Plate_554s_N09","asymptomatic","endothelial","C6",5.26061170373134,13.2707850817752
"GSM8121898_athero_human_5.txt.gz","Plate_554s_N11","asymptomatic","unassigned","C6",4.14021156639954,16.5646039716352
"GSM8121898_athero_human_5.txt.gz","Plate_554s_O01","asymptomatic","endothelial","C6",6.11512728844206,15.947288965344
"GSM8121898_athero_human_5.txt.gz","Plate_554s_O02","asymptomatic","endothelial","C6",4.57116342892859,16.9367105668912
"GSM8121898_athero_human_5.txt.gz","Plate_554s_O03","asymptomatic","mast","C6",11.2691071989772,13.8505988921844
"GSM8121898_athero_human_5.txt.gz","Plate_554s_O05","asymptomatic","b_cell","C6",5.47576468218732,15.0416844987282
"GSM8121898_athero_human_5.txt.gz","Plate_554s_O06","asymptomatic","endothelial","C6",3.13443914494394,12.1716263766853
"GSM8121898_athero_human_5.txt.gz","Plate_554s_O09","asymptomatic","endothelial","C6",6.38061984528039,13.7514482947388
"GSM8121898_athero_human_5.txt.gz","Plate_554s_O10","asymptomatic","endothelial","C6",2.78884017936343,16.9778571482671
"GSM8121898_athero_human_5.txt.gz","Plate_554s_O11","asymptomatic","endothelial","C6",4.51221152859852,15.5820326858349
"GSM8121898_athero_human_5.txt.gz","Plate_554s_O12","asymptomatic","endothelial","C6",4.98452715440447,16.4678109951841
"GSM8121898_athero_human_5.txt.gz","Plate_554s_P01","asymptomatic","endothelial","C6",5.68472197780327,19.8533533374766
"GSM8121898_athero_human_5.txt.gz","Plate_554s_P02","asymptomatic","endothelial","C6",7.71694589819298,18.1371596231334
"GSM8121898_athero_human_5.txt.gz","Plate_554s_P03","asymptomatic","endothelial","C6",4.65575792362906,12.1804180404495
"GSM8121898_athero_human_5.txt.gz","Plate_554s_P04","asymptomatic","endothelial","C6",4.01988092422522,16.2701747762246
"GSM8121898_athero_human_5.txt.gz","Plate_554s_P06","asymptomatic","endothelial","C6",6.66249467100331,14.1848335697193
"GSM8121898_athero_human_5.txt.gz","Plate_554s_P07","asymptomatic","mast","C6",4.82273217470403,21.1483573152112
"GSM8121898_athero_human_5.txt.gz","Plate_554s_P08","asymptomatic","unassigned","C6",3.3368547848394,21.7275093812272
"GSM8121898_athero_human_5.txt.gz","Plate_554s_P09","asymptomatic","endothelial","C6",8.33549620373434,13.5298450848767
"GSM8121898_athero_human_5.txt.gz","Plate_554s_P10","asymptomatic","mast","C6",7.28798568308966,16.0000061412901
"GSM8121898_athero_human_5.txt.gz","Plate_554s_P12","asymptomatic","endothelial","C6",7.13777350207597,15.1998695231347
"GSM8121898_athero_human_5.txt.gz","Plate_554s_P24","asymptomatic","macrophage","C6",1.26345056127518,10.1141795822825
"GSM8121899_athero_human_6.txt.gz","Plate_096_A01","symptomatic","unassigned","C6",3.37134313568668,11.6603874091055
"GSM8121899_athero_human_6.txt.gz","Plate_096_A02","symptomatic","macrophage","C3",-17.5004598562263,3.54653225613953
"GSM8121899_athero_human_6.txt.gz","Plate_096_A03","symptomatic","mast","C6",3.79844971646252,19.716067955168
"GSM8121899_athero_human_6.txt.gz","Plate_096_A04","symptomatic","unassigned","C6",4.97725147109901,21.9891569249085
"GSM8121899_athero_human_6.txt.gz","Plate_096_A05","symptomatic","unassigned","C6",3.198753842668,22.6780814018025
"GSM8121899_athero_human_6.txt.gz","Plate_096_A09","symptomatic","fibroblast","C6",4.78439153984869,17.4925323522688
"GSM8121899_athero_human_6.txt.gz","Plate_096_A11","symptomatic","endothelial","C6",4.82761428743314,13.4751529556899
"GSM8121899_athero_human_6.txt.gz","Plate_096_A13","symptomatic","fibroblast","C6",5.77211174161349,19.3398879423064
"GSM8121899_athero_human_6.txt.gz","Plate_096_A14","symptomatic","fibroblast","C6",4.91535391896958,11.4122425930758
"GSM8121899_athero_human_6.txt.gz","Plate_096_A15","symptomatic","unassigned","C6",6.41519525053123,19.5293315920361
"GSM8121899_athero_human_6.txt.gz","Plate_096_A16","symptomatic","endothelial","C6",3.29192647272469,15.7343288769261
"GSM8121899_athero_human_6.txt.gz","Plate_096_A17","symptomatic","unassigned","C6",2.9708747370799,13.2565524562591
"GSM8121899_athero_human_6.txt.gz","Plate_096_A18","symptomatic","endothelial","C6",3.99352479006956,24.2277138465552
"GSM8121899_athero_human_6.txt.gz","Plate_096_A19","symptomatic","endothelial","C6",4.28553149376841,19.3855330351244
"GSM8121899_athero_human_6.txt.gz","Plate_096_A20","symptomatic","vsmc","C6",4.53944712953506,23.8486382424164
"GSM8121899_athero_human_6.txt.gz","Plate_096_A21","symptomatic","fibroblast","C6",8.13359699843139,19.5526431514519
"GSM8121899_athero_human_6.txt.gz","Plate_096_A22","symptomatic","vsmc","C6",5.51679895200675,22.6867782014218
"GSM8121899_athero_human_6.txt.gz","Plate_096_A23","symptomatic","t_nk","C6",4.44498866714222,21.5021809405981
"GSM8121899_athero_human_6.txt.gz","Plate_096_A24","symptomatic","endothelial","C6",4.28550365235264,24.6912382570945
"GSM8121899_athero_human_6.txt.gz","Plate_096_B04","symptomatic","b_cell","C6",4.39530673581024,16.8115353072119
"GSM8121899_athero_human_6.txt.gz","Plate_096_B05","symptomatic","unassigned","C6",2.88724291087401,21.8667651735827
"GSM8121899_athero_human_6.txt.gz","Plate_096_B08","symptomatic","vsmc","C6",6.19950644189097,22.1745640716793
"GSM8121899_athero_human_6.txt.gz","Plate_096_B09","symptomatic","b_cell","C6",4.3143144773428,21.5872929540105
"GSM8121899_athero_human_6.txt.gz","Plate_096_B10","symptomatic","endothelial","C6",5.43107404565518,21.1946756307439
"GSM8121899_athero_human_6.txt.gz","Plate_096_B11","symptomatic","unassigned","C6",5.04510877363328,21.1933938919591
"GSM8121899_athero_human_6.txt.gz","Plate_096_B12","symptomatic","unassigned","C6",5.41438550915605,16.4261047249717
"GSM8121899_athero_human_6.txt.gz","Plate_096_B13","symptomatic","unassigned","C6",5.7223862043754,14.3226960342343
"GSM8121899_athero_human_6.txt.gz","Plate_096_B14","symptomatic","endothelial","C6",4.24424044774666,21.5303169133314
"GSM8121899_athero_human_6.txt.gz","Plate_096_B16","symptomatic","endothelial","C6",4.45258649579557,22.1590336288235
"GSM8121899_athero_human_6.txt.gz","Plate_096_B17","symptomatic","t_nk","C6",4.14348264632773,20.2676904431464
"GSM8121899_athero_human_6.txt.gz","Plate_096_B19","symptomatic","b_cell","C6",4.78765260283998,17.998649559113
"GSM8121899_athero_human_6.txt.gz","Plate_096_B20","symptomatic","t_nk","C6",5.59951435370187,13.0354781327944
"GSM8121899_athero_human_6.txt.gz","Plate_096_B21","symptomatic","vsmc","C6",5.41747490732098,14.9415971830664
"GSM8121899_athero_human_6.txt.gz","Plate_096_B22","symptomatic","fibroblast","C6",7.41253722051942,17.0513404010002
"GSM8121899_athero_human_6.txt.gz","Plate_096_B23","symptomatic","fibroblast","C6",5.55575889048064,16.1130270072922
"GSM8121899_athero_human_6.txt.gz","Plate_096_C03","symptomatic","fibroblast","C6",8.09208596720517,14.1373091570805
"GSM8121899_athero_human_6.txt.gz","Plate_096_C05","symptomatic","endothelial","C6",7.32475255603748,25.3377621814765
"GSM8121899_athero_human_6.txt.gz","Plate_096_C06","symptomatic","unassigned","C6",3.90112383539032,20.8407114800045
"GSM8121899_athero_human_6.txt.gz","Plate_096_C09","symptomatic","vsmc","C6",3.83456527796393,19.3396875552279
"GSM8121899_athero_human_6.txt.gz","Plate_096_C10","symptomatic","b_cell","C6",4.40699492006602,24.1093123086374
"GSM8121899_athero_human_6.txt.gz","Plate_096_C11","symptomatic","unassigned","C6",5.16976275972694,24.1726628455067
"GSM8121899_athero_human_6.txt.gz","Plate_096_C12","symptomatic","endothelial","C6",4.65223469544243,20.3950752274562
"GSM8121899_athero_human_6.txt.gz","Plate_096_C13","symptomatic","fibroblast","C6",6.41489137979804,19.0106492698817
"GSM8121899_athero_human_6.txt.gz","Plate_096_C15","symptomatic","unassigned","C6",5.02474850056282,21.5249211721058
"GSM8121899_athero_human_6.txt.gz","Plate_096_C17","symptomatic","mast","C6",4.13698192849919,24.1299512800722
"GSM8121899_athero_human_6.txt.gz","Plate_096_C18","symptomatic","unassigned","C6",3.06121897180116,16.8056341538938
"GSM8121899_athero_human_6.txt.gz","Plate_096_C19","symptomatic","endothelial","C6",3.82187522390333,18.8518054548429
"GSM8121899_athero_human_6.txt.gz","Plate_096_C21","symptomatic","unassigned","C6",3.16681639205953,19.0037008403411
"GSM8121899_athero_human_6.txt.gz","Plate_096_C23","symptomatic","endothelial","C6",3.92139977037179,24.023549031103
"GSM8121899_athero_human_6.txt.gz","Plate_096_D01","symptomatic","t_nk","C6",1.70173886847026,8.54148333276523
"GSM8121899_athero_human_6.txt.gz","Plate_096_D02","symptomatic","endothelial","C6",4.36551291083525,15.8311430347349
"GSM8121899_athero_human_6.txt.gz","Plate_096_D04","symptomatic","unassigned","C6",5.00843876183498,14.5410132117233
"GSM8121899_athero_human_6.txt.gz","Plate_096_D07","symptomatic","endothelial","C6",3.68571407493818,17.3061664764925
"GSM8121899_athero_human_6.txt.gz","Plate_096_D08","symptomatic","endothelial","C6",6.11094466332373,20.3087679791292
"GSM8121899_athero_human_6.txt.gz","Plate_096_D10","symptomatic","b_cell","C6",5.93878717276949,21.2798910394831
"GSM8121899_athero_human_6.txt.gz","Plate_096_D12","symptomatic","unassigned","C6",4.57713252184484,18.9174323818446
"GSM8121899_athero_human_6.txt.gz","Plate_096_D13","symptomatic","unassigned","C6",3.59708649643837,17.1264291622083
"GSM8121899_athero_human_6.txt.gz","Plate_096_D15","symptomatic","fibroblast","C6",6.3517098330142,18.631628389366
"GSM8121899_athero_human_6.txt.gz","Plate_096_D16","symptomatic","endothelial","C6",3.34926881667692,16.4219678683295
"GSM8121899_athero_human_6.txt.gz","Plate_096_D17","symptomatic","unassigned","C6",3.95196617048978,17.7367405728472
"GSM8121899_athero_human_6.txt.gz","Plate_096_D18","symptomatic","endothelial","C6",4.49252795310321,17.9623759693691
"GSM8121899_athero_human_6.txt.gz","Plate_096_D19","symptomatic","endothelial","C6",4.65656445094485,24.5879903141688
"GSM8121899_athero_human_6.txt.gz","Plate_096_D20","symptomatic","mast","C6",5.14963301715575,12.6842542712605
"GSM8121899_athero_human_6.txt.gz","Plate_096_D22","symptomatic","unassigned","C6",5.24351430071162,18.0608980428057
"GSM8121899_athero_human_6.txt.gz","Plate_096_E01","symptomatic","endothelial","C6",3.36613925034983,14.3031233028742
"GSM8121899_athero_human_6.txt.gz","Plate_096_E02","symptomatic","unassigned","C6",5.4711840007441,23.3950397009633
"GSM8121899_athero_human_6.txt.gz","Plate_096_E04","symptomatic","endothelial","C6",4.32384791101902,16.526470717687
"GSM8121899_athero_human_6.txt.gz","Plate_096_E05","symptomatic","fibroblast","C10",13.7992086899426,12.811256729667
"GSM8121899_athero_human_6.txt.gz","Plate_096_E06","symptomatic","unassigned","C6",4.97019934812276,15.8657651872238
"GSM8121899_athero_human_6.txt.gz","Plate_096_E08","symptomatic","fibroblast","C6",6.44673114245145,21.85112629555
"GSM8121899_athero_human_6.txt.gz","Plate_096_E10","symptomatic","unassigned","C6",4.06648453480104,16.8066431453354
"GSM8121899_athero_human_6.txt.gz","Plate_096_E14","symptomatic","endothelial","C6",3.48627856364328,16.5696444948351
"GSM8121899_athero_human_6.txt.gz","Plate_096_E16","symptomatic","fibroblast","C6",4.53237576544275,20.1825968794742
"GSM8121899_athero_human_6.txt.gz","Plate_096_E17","symptomatic","unassigned","C6",3.37988761761211,13.8542419876696
"GSM8121899_athero_human_6.txt.gz","Plate_096_E19","symptomatic","fibroblast","C6",8.90342283945821,18.1372868778311
"GSM8121899_athero_human_6.txt.gz","Plate_096_E21","symptomatic","unassigned","C6",3.3212276442593,19.6856692053541
"GSM8121899_athero_human_6.txt.gz","Plate_096_E22","symptomatic","endothelial","C6",4.312712145438,20.2426684227466
"GSM8121899_athero_human_6.txt.gz","Plate_096_E23","symptomatic","fibroblast","C6",8.89633458271087,14.5870120047586
"GSM8121899_athero_human_6.txt.gz","Plate_096_F01","symptomatic","vsmc","C6",3.5449116166269,13.0024788829157
"GSM8121899_athero_human_6.txt.gz","Plate_096_F02","symptomatic","endothelial","C6",2.64251798710416,18.273420309768
"GSM8121899_athero_human_6.txt.gz","Plate_096_F04","symptomatic","unassigned","C6",5.42139383699769,21.3337527515069
"GSM8121899_athero_human_6.txt.gz","Plate_096_F06","symptomatic","b_cell","C6",3.2083532039489,16.8187284093646
"GSM8121899_athero_human_6.txt.gz","Plate_096_F07","symptomatic","endothelial","C6",3.30956276090063,16.2069386932691
"GSM8121899_athero_human_6.txt.gz","Plate_096_F09","symptomatic","endothelial","C6",6.14780880221669,26.0016823932474
"GSM8121899_athero_human_6.txt.gz","Plate_096_F10","symptomatic","unassigned","C6",4.84715073995378,24.4244437390341
"GSM8121899_athero_human_6.txt.gz","Plate_096_F11","symptomatic","endothelial","C6",4.97263499797099,20.2134842867655
"GSM8121899_athero_human_6.txt.gz","Plate_096_F12","symptomatic","unassigned","C6",4.22018753416235,15.8545914687983
"GSM8121899_athero_human_6.txt.gz","Plate_096_F13","symptomatic","endothelial","C6",3.66072759567082,15.1354805085959
"GSM8121899_athero_human_6.txt.gz","Plate_096_F14","symptomatic","fibroblast","C6",5.23645247133403,17.4569025594506
"GSM8121899_athero_human_6.txt.gz","Plate_096_F16","symptomatic","endothelial","C6",4.09564823361638,21.1496289562883
"GSM8121899_athero_human_6.txt.gz","Plate_096_F17","symptomatic","unassigned","C6",3.20763862381001,13.6549364033945
"GSM8121899_athero_human_6.txt.gz","Plate_096_F18","symptomatic","mast","C6",4.18250200513199,16.9845308462703
"GSM8121899_athero_human_6.txt.gz","Plate_096_F19","symptomatic","endothelial","C6",3.21043442015276,14.8071602902865
"GSM8121899_athero_human_6.txt.gz","Plate_096_F21","symptomatic","mast","C6",2.81396640755815,13.4755288780079
"GSM8121899_athero_human_6.txt.gz","Plate_096_F22","symptomatic","unassigned","C6",4.52013618093501,21.8215955255385
"GSM8121899_athero_human_6.txt.gz","Plate_096_F23","symptomatic","unassigned","C6",4.21868942556452,19.3162032515682
"GSM8121899_athero_human_6.txt.gz","Plate_096_G02","symptomatic","unassigned","C6",7.0995131993948,20.4865976405625
"GSM8121899_athero_human_6.txt.gz","Plate_096_G03","symptomatic","unassigned","C6",5.41915585973124,23.565494977482
"GSM8121899_athero_human_6.txt.gz","Plate_096_G04","symptomatic","unassigned","C6",4.87007630100752,17.9877582618421
"GSM8121899_athero_human_6.txt.gz","Plate_096_G05","symptomatic","mast","C6",4.92795845872238,17.3418992631216
"GSM8121899_athero_human_6.txt.gz","Plate_096_G07","symptomatic","endothelial","C6",5.03124295248187,21.3765392145419
"GSM8121899_athero_human_6.txt.gz","Plate_096_G09","symptomatic","macrophage","C6",5.25248374534554,15.6394809541973
"GSM8121899_athero_human_6.txt.gz","Plate_096_G10","symptomatic","b_cell","C6",7.21994071980801,23.102425837765
"GSM8121899_athero_human_6.txt.gz","Plate_096_G12","symptomatic","fibroblast","C6",8.01346255354242,21.6257891022901
"GSM8121899_athero_human_6.txt.gz","Plate_096_G13","symptomatic","endothelial","C6",2.74282151077416,18.8876201654737
"GSM8121899_athero_human_6.txt.gz","Plate_096_G15","symptomatic","endothelial","C6",5.29209825373345,20.2939881706353
"GSM8121899_athero_human_6.txt.gz","Plate_096_G16","symptomatic","unassigned","C6",6.60337720159528,19.131626637456
"GSM8121899_athero_human_6.txt.gz","Plate_096_G18","symptomatic","endothelial","C6",3.91073012060502,16.318619240298
"GSM8121899_athero_human_6.txt.gz","Plate_096_G19","symptomatic","endothelial","C6",4.6215651776924,18.7269951680624
"GSM8121899_athero_human_6.txt.gz","Plate_096_G20","symptomatic","unassigned","C6",4.88132155388336,14.4022442362674
"GSM8121899_athero_human_6.txt.gz","Plate_096_G21","symptomatic","endothelial","C6",4.04712605934105,19.7306332395753
"GSM8121899_athero_human_6.txt.gz","Plate_096_G22","symptomatic","unassigned","C6",5.88523628383799,24.2264259360301
"GSM8121899_athero_human_6.txt.gz","Plate_096_G23","symptomatic","endothelial","C6",4.80336485292644,23.5931221631249
"GSM8121899_athero_human_6.txt.gz","Plate_096_G24","symptomatic","unassigned","C6",5.37294307681888,10.7878024959982
"GSM8121899_athero_human_6.txt.gz","Plate_096_H01","symptomatic","unassigned","C6",1.4193030651577,3.70884932725169
"GSM8121899_athero_human_6.txt.gz","Plate_096_H02","symptomatic","mast","C6",2.64298769107318,15.8868700632008
"GSM8121899_athero_human_6.txt.gz","Plate_096_H03","symptomatic","unassigned","C6",6.32355777589857,23.2014460560672
"GSM8121899_athero_human_6.txt.gz","Plate_096_H04","symptomatic","unassigned","C6",5.69455905020781,24.0739389659723
"GSM8121899_athero_human_6.txt.gz","Plate_096_H07","symptomatic","fibroblast","C6",4.33940701070623,15.5004497752172
"GSM8121899_athero_human_6.txt.gz","Plate_096_H08","symptomatic","unassigned","C6",4.81883693612468,18.3243510326463
"GSM8121899_athero_human_6.txt.gz","Plate_096_H12","symptomatic","mast","C6",5.19705741132682,18.826833261323
"GSM8121899_athero_human_6.txt.gz","Plate_096_H15","symptomatic","unassigned","C6",4.78259864312303,18.9328373916766
"GSM8121899_athero_human_6.txt.gz","Plate_096_H18","symptomatic","endothelial","C6",5.39491825919317,22.8645974035475
"GSM8121899_athero_human_6.txt.gz","Plate_096_H19","symptomatic","b_cell","C6",3.70622062397071,18.2087970704431
"GSM8121899_athero_human_6.txt.gz","Plate_096_H20","symptomatic","endothelial","C6",3.79372896259837,17.6640781676125
"GSM8121899_athero_human_6.txt.gz","Plate_096_H22","symptomatic","mast","C6",4.1336711588341,10.7160691133697
"GSM8121899_athero_human_6.txt.gz","Plate_096_H23","symptomatic","endothelial","C6",5.85151744077109,20.8743203366613
"GSM8121899_athero_human_6.txt.gz","Plate_096_H24","symptomatic","endothelial","C6",4.0165506172889,17.1058905803455
"GSM8121899_athero_human_6.txt.gz","Plate_096_I02","symptomatic","vsmc","C6",5.74915573922151,17.9463262338563
"GSM8121899_athero_human_6.txt.gz","Plate_096_I03","symptomatic","fibroblast","C6",6.09586866617571,21.2084425449969
"GSM8121899_athero_human_6.txt.gz","Plate_096_I06","symptomatic","unassigned","C6",4.54967678667774,24.5529871157575
"GSM8121899_athero_human_6.txt.gz","Plate_096_I07","symptomatic","unassigned","C6",4.49020593488172,21.8452833556394
"GSM8121899_athero_human_6.txt.gz","Plate_096_I08","symptomatic","b_cell","C6",2.63387253865511,14.7558069642758
"GSM8121899_athero_human_6.txt.gz","Plate_096_I09","symptomatic","mast","C6",4.67561276637121,23.7699096793221
"GSM8121899_athero_human_6.txt.gz","Plate_096_I11","symptomatic","vsmc","C6",4.91633931924967,15.2439903257381
"GSM8121899_athero_human_6.txt.gz","Plate_096_I13","symptomatic","endothelial","C6",5.47700566427281,20.9328662941651
"GSM8121899_athero_human_6.txt.gz","Plate_096_I14","symptomatic","unassigned","C6",5.46093604301609,15.4806572217768
"GSM8121899_athero_human_6.txt.gz","Plate_096_I15","symptomatic","b_cell","C6",4.58783108906574,19.4105395957101
"GSM8121899_athero_human_6.txt.gz","Plate_096_I16","symptomatic","endothelial","C6",5.32269890993612,21.5437147237869
"GSM8121899_athero_human_6.txt.gz","Plate_096_I17","symptomatic","endothelial","C6",4.37403124359934,23.1635758080014
"GSM8121899_athero_human_6.txt.gz","Plate_096_I18","symptomatic","fibroblast","C6",8.31592244114528,17.0539482182641
"GSM8121899_athero_human_6.txt.gz","Plate_096_I20","symptomatic","vsmc","C8",13.5571902605476,-2.18780869402622
"GSM8121899_athero_human_6.txt.gz","Plate_096_I21","symptomatic","unassigned","C6",5.42268121815295,21.4743109734691
"GSM8121899_athero_human_6.txt.gz","Plate_096_I22","symptomatic","mast","C6",3.91680062522401,17.2612963523405
"GSM8121899_athero_human_6.txt.gz","Plate_096_I23","symptomatic","endothelial","C6",6.70766450769894,22.1446907216061
"GSM8121899_athero_human_6.txt.gz","Plate_096_I24","symptomatic","endothelial","C6",4.23935070474891,19.2061194067769
"GSM8121899_athero_human_6.txt.gz","Plate_096_J02","symptomatic","vsmc","C6",3.93195338542841,16.3620342731358
"GSM8121899_athero_human_6.txt.gz","Plate_096_J05","symptomatic","fibroblast","C6",5.54896827006014,22.1754842031054
"GSM8121899_athero_human_6.txt.gz","Plate_096_J07","symptomatic","vsmc","C6",3.8130439027208,19.7851541893158
"GSM8121899_athero_human_6.txt.gz","Plate_096_J09","symptomatic","unassigned","C6",5.6565734532603,16.489362868017
"GSM8121899_athero_human_6.txt.gz","Plate_096_J10","symptomatic","unassigned","C6",3.81944617171219,21.0333959598325
"GSM8121899_athero_human_6.txt.gz","Plate_096_J11","symptomatic","unassigned","C6",3.47258756708715,17.3279441026014
"GSM8121899_athero_human_6.txt.gz","Plate_096_J12","symptomatic","unassigned","C6",4.70481325429819,20.0387787927021
"GSM8121899_athero_human_6.txt.gz","Plate_096_J20","symptomatic","endothelial","C6",4.68058289538351,21.5299629728966
"GSM8121899_athero_human_6.txt.gz","Plate_096_J21","symptomatic","b_cell","C6",3.08093213175305,16.6559478933383
"GSM8121899_athero_human_6.txt.gz","Plate_096_J23","symptomatic","vsmc","C6",7.76307183789284,21.7350330688772
"GSM8121899_athero_human_6.txt.gz","Plate_096_K03","symptomatic","unassigned","C6",3.76866074981244,16.0366018412827
"GSM8121899_athero_human_6.txt.gz","Plate_096_K04","symptomatic","unassigned","C6",7.08715316509096,23.2123575614068
"GSM8121899_athero_human_6.txt.gz","Plate_096_K06","symptomatic","macrophage","C6",4.62381026173857,20.0267678155556
"GSM8121899_athero_human_6.txt.gz","Plate_096_K07","symptomatic","vsmc","C6",6.8823912211322,17.082420297115
"GSM8121899_athero_human_6.txt.gz","Plate_096_K08","symptomatic","unassigned","C6",2.9516510342057,18.0111935319332
"GSM8121899_athero_human_6.txt.gz","Plate_096_K09","symptomatic","endothelial","C6",4.07335856631532,22.6032990504313
"GSM8121899_athero_human_6.txt.gz","Plate_096_K11","symptomatic","endothelial","C6",7.90320119806247,19.399999759213
"GSM8121899_athero_human_6.txt.gz","Plate_096_K12","symptomatic","unassigned","C6",4.94347599060539,19.0560096384714
"GSM8121899_athero_human_6.txt.gz","Plate_096_K15","symptomatic","mast","C6",3.70994550188382,17.3611821410777
"GSM8121899_athero_human_6.txt.gz","Plate_096_K16","symptomatic","mast","C6",3.63263930931581,14.6993777708788
"GSM8121899_athero_human_6.txt.gz","Plate_096_K17","symptomatic","fibroblast","C6",3.5894632903774,15.494956774588
"GSM8121899_athero_human_6.txt.gz","Plate_096_K18","symptomatic","endothelial","C6",4.45913295757309,25.2702384348593
"GSM8121899_athero_human_6.txt.gz","Plate_096_K19","symptomatic","endothelial","C6",5.04081645358068,17.852182291672
"GSM8121899_athero_human_6.txt.gz","Plate_096_K20","symptomatic","unassigned","C6",3.29857311058906,22.1790090142227
"GSM8121899_athero_human_6.txt.gz","Plate_096_K21","symptomatic","endothelial","C6",3.57397864878802,18.3518839841423
"GSM8121899_athero_human_6.txt.gz","Plate_096_K22","symptomatic","unassigned","C6",2.94483731828392,17.0187896394652
"GSM8121899_athero_human_6.txt.gz","Plate_096_K23","symptomatic","vsmc","C6",3.57904370135813,19.9393238408603
"GSM8121899_athero_human_6.txt.gz","Plate_096_L02","symptomatic","unassigned","C6",5.60762746599865,21.2074372856968
"GSM8121899_athero_human_6.txt.gz","Plate_096_L03","symptomatic","unassigned","C6",4.09252853822134,20.9401072502957
"GSM8121899_athero_human_6.txt.gz","Plate_096_L04","symptomatic","unassigned","C6",5.39141381366016,23.4825904574836
"GSM8121899_athero_human_6.txt.gz","Plate_096_L05","symptomatic","endothelial","C6",6.58851586591984,17.4970015521862
"GSM8121899_athero_human_6.txt.gz","Plate_096_L07","symptomatic","endothelial","C6",3.13960716108595,18.6131336994833
"GSM8121899_athero_human_6.txt.gz","Plate_096_L08","symptomatic","endothelial","C6",4.42762745809546,22.2733434694431
"GSM8121899_athero_human_6.txt.gz","Plate_096_L09","symptomatic","unassigned","C6",5.47361871341553,19.254610675867
"GSM8121899_athero_human_6.txt.gz","Plate_096_L10","symptomatic","fibroblast","C6",5.80031261706094,20.7966057552217
"GSM8121899_athero_human_6.txt.gz","Plate_096_L12","symptomatic","unassigned","C6",3.32813413981306,20.6648694589559
"GSM8121899_athero_human_6.txt.gz","Plate_096_L14","symptomatic","unassigned","C6",2.94976644944332,16.6718545848023
"GSM8121899_athero_human_6.txt.gz","Plate_096_L15","symptomatic","endothelial","C6",2.42767113424416,14.0411231058732
"GSM8121899_athero_human_6.txt.gz","Plate_096_L16","symptomatic","t_nk","C6",4.65886208179936,17.4325714610396
"GSM8121899_athero_human_6.txt.gz","Plate_096_L17","symptomatic","unassigned","C6",4.48065299410401,12.552336100055
"GSM8121899_athero_human_6.txt.gz","Plate_096_L18","symptomatic","mast","C6",3.76390427095062,14.9149250423726
"GSM8121899_athero_human_6.txt.gz","Plate_096_L22","symptomatic","vsmc","C6",4.63690805507808,23.5943436240731
"GSM8121899_athero_human_6.txt.gz","Plate_096_L23","symptomatic","unassigned","C6",4.47119156785175,14.5465043411657
"GSM8121899_athero_human_6.txt.gz","Plate_096_M01","symptomatic","unassigned","C6",4.30907977626736,21.5823402367422
"GSM8121899_athero_human_6.txt.gz","Plate_096_M03","symptomatic","unassigned","C6",4.84741779572412,20.2034618246053
"GSM8121899_athero_human_6.txt.gz","Plate_096_M04","symptomatic","endothelial","C6",4.72094047236985,22.7144057091271
"GSM8121899_athero_human_6.txt.gz","Plate_096_M10","symptomatic","t_nk","C6",3.11376616309901,12.490660814344
"GSM8121899_athero_human_6.txt.gz","Plate_096_M12","symptomatic","unassigned","C6",5.47470132770456,23.0088871440668
"GSM8121899_athero_human_6.txt.gz","Plate_096_M14","symptomatic","t_nk","C6",5.50907016445416,20.9160236003964
"GSM8121899_athero_human_6.txt.gz","Plate_096_M15","symptomatic","unassigned","C6",4.64067553382328,21.0780757153996
"GSM8121899_athero_human_6.txt.gz","Plate_096_M16","symptomatic","fibroblast","C6",8.16691288404492,15.9264795805752
"GSM8121899_athero_human_6.txt.gz","Plate_096_M17","symptomatic","endothelial","C6",4.2322379162621,22.3214342582252
"GSM8121899_athero_human_6.txt.gz","Plate_096_M18","symptomatic","fibroblast","C6",7.72590242207905,21.3158036989802
"GSM8121899_athero_human_6.txt.gz","Plate_096_M19","symptomatic","endothelial","C6",3.49341069869993,19.881897333983
"GSM8121899_athero_human_6.txt.gz","Plate_096_M20","symptomatic","t_nk","C6",2.78481626656038,15.3215616276173
"GSM8121899_athero_human_6.txt.gz","Plate_096_M21","symptomatic","unassigned","C6",2.66290793649499,19.2307689788915
"GSM8121899_athero_human_6.txt.gz","Plate_096_M22","symptomatic","macrophage","C5",-14.8697697899268,11.7245538645376
"GSM8121899_athero_human_6.txt.gz","Plate_096_N01","symptomatic","unassigned","C6",3.48960240473123,19.4489772255812
"GSM8121899_athero_human_6.txt.gz","Plate_096_N02","symptomatic","unassigned","C6",5.59998757857275,22.3230604571176
"GSM8121899_athero_human_6.txt.gz","Plate_096_N03","symptomatic","vsmc","C6",7.88354685044979,17.4169162629198
"GSM8121899_athero_human_6.txt.gz","Plate_096_N04","symptomatic","t_nk","C6",3.38947549536457,22.8099805608802
"GSM8121899_athero_human_6.txt.gz","Plate_096_N05","symptomatic","unassigned","C6",5.8902203040125,19.1675735166325
"GSM8121899_athero_human_6.txt.gz","Plate_096_N06","symptomatic","vsmc","C6",9.18997488000868,18.5310303472308
"GSM8121899_athero_human_6.txt.gz","Plate_096_N07","symptomatic","mast","C6",5.70870324409499,18.9914449272197
"GSM8121899_athero_human_6.txt.gz","Plate_096_N09","symptomatic","mast","C6",3.63189316616205,15.1310432694897
"GSM8121899_athero_human_6.txt.gz","Plate_096_N10","symptomatic","unassigned","C6",4.75881740255563,23.5057471085102
"GSM8121899_athero_human_6.txt.gz","Plate_096_N12","symptomatic","endothelial","C6",3.3886460758244,13.99661752028
"GSM8121899_athero_human_6.txt.gz","Plate_096_N15","symptomatic","endothelial","C6",2.81242625677289,17.685714823698
"GSM8121899_athero_human_6.txt.gz","Plate_096_N16","symptomatic","unassigned","C6",4.51814554266897,20.631253370276
"GSM8121899_athero_human_6.txt.gz","Plate_096_N18","symptomatic","fibroblast","C6",2.25510904620912,12.2049380743956
"GSM8121899_athero_human_6.txt.gz","Plate_096_N21","symptomatic","b_cell","C6",3.5742334110814,18.8137620117889
"GSM8121899_athero_human_6.txt.gz","Plate_096_N22","symptomatic","unassigned","C6",5.20279679164813,20.0996814037701
"GSM8121899_athero_human_6.txt.gz","Plate_096_N23","symptomatic","vsmc","C6",5.11404528215249,20.3483287860653
"GSM8121899_athero_human_6.txt.gz","Plate_096_N24","symptomatic","unassigned","C6",5.16171493550462,20.7971518685815
"GSM8121899_athero_human_6.txt.gz","Plate_096_O01","symptomatic","unassigned","C6",2.9319135609829,16.2335247102585
"GSM8121899_athero_human_6.txt.gz","Plate_096_O02","symptomatic","mast","C6",3.54854398419072,15.9611466922152
"GSM8121899_athero_human_6.txt.gz","Plate_096_O05","symptomatic","unassigned","C6",4.74409762188426,22.7324538944026
"GSM8121899_athero_human_6.txt.gz","Plate_096_O06","symptomatic","b_cell","C6",4.7931976886247,24.8088756820003
"GSM8121899_athero_human_6.txt.gz","Plate_096_O08","symptomatic","unassigned","C6",3.80782865240144,17.2440714351792
"GSM8121899_athero_human_6.txt.gz","Plate_096_O10","symptomatic","unassigned","C6",3.7172384679913,17.5387917183377
"GSM8121899_athero_human_6.txt.gz","Plate_096_O12","symptomatic","mast","C6",5.20624664300613,17.2376937544738
"GSM8121899_athero_human_6.txt.gz","Plate_096_O13","symptomatic","endothelial","C6",2.94432037953056,16.8794408575546
"GSM8121899_athero_human_6.txt.gz","Plate_096_O14","symptomatic","unassigned","C6",2.7187661881376,11.6932339794718
"GSM8121899_athero_human_6.txt.gz","Plate_096_O18","symptomatic","unassigned","C6",4.43233147375294,19.4346779194499
"GSM8121899_athero_human_6.txt.gz","Plate_096_O19","symptomatic","endothelial","C6",5.17256854100049,16.7371500875051
"GSM8121899_athero_human_6.txt.gz","Plate_096_O20","symptomatic","vsmc","C6",7.11606669897349,18.858137404524
"GSM8121899_athero_human_6.txt.gz","Plate_096_O21","symptomatic","fibroblast","C6",5.46407235624574,21.5373440452788
"GSM8121899_athero_human_6.txt.gz","Plate_096_O23","symptomatic","unassigned","C6",5.25410783426571,19.3796969575249
"GSM8121899_athero_human_6.txt.gz","Plate_096_O24","symptomatic","fibroblast","C6",6.25884561832174,13.7961101730938
"GSM8121899_athero_human_6.txt.gz","Plate_096_P01","symptomatic","vsmc","C6",5.48438652967515,18.2582161616073
"GSM8121899_athero_human_6.txt.gz","Plate_096_P02","symptomatic","unassigned","C6",1.68840544880815,11.5503884580562
"GSM8121899_athero_human_6.txt.gz","Plate_096_P03","symptomatic","b_cell","C6",6.10206860735678,22.0666731581689
"GSM8121899_athero_human_6.txt.gz","Plate_096_P04","symptomatic","endothelial","C6",4.89987689190195,25.0551334762192
"GSM8121899_athero_human_6.txt.gz","Plate_096_P05","symptomatic","b_cell","C6",5.19191858805354,18.8427420618659
"GSM8121899_athero_human_6.txt.gz","Plate_096_P07","symptomatic","endothelial","C6",5.28884799787045,21.2856509681217
"GSM8121899_athero_human_6.txt.gz","Plate_096_P10","symptomatic","unassigned","C6",4.21954583968401,21.1426125870904
"GSM8121899_athero_human_6.txt.gz","Plate_096_P12","symptomatic","unassigned","C6",3.97172546544455,13.2887231084335
"GSM8121899_athero_human_6.txt.gz","Plate_096_P13","symptomatic","b_cell","C6",4.68514050199737,14.7583047996951
"GSM8121899_athero_human_6.txt.gz","Plate_096_P16","symptomatic","unassigned","C6",3.12818638253231,12.9369646728988
"GSM8121899_athero_human_6.txt.gz","Plate_096_P17","symptomatic","t_nk","C6",6.33065836146377,21.9962853786941
"GSM8121899_athero_human_6.txt.gz","Plate_096_P18","symptomatic","fibroblast","C6",7.71773390717705,21.0869874342784
"GSM8121899_athero_human_6.txt.gz","Plate_096_P20","symptomatic","fibroblast","C6",4.29298539671181,9.49717176451098
"GSM8121899_athero_human_6.txt.gz","Plate_096_P21","symptomatic","fibroblast","C6",3.29677667732772,17.8364876929305
"GSM8121899_athero_human_6.txt.gz","Plate_096_P22","symptomatic","vsmc","C2",18.6720650550375,-1.33575080788536
"GSM8121899_athero_human_6.txt.gz","Plate_096_P24","symptomatic","macrophage","C6",1.73886374070013,13.5989775076755
"GSM8121900_athero_human_7.txt.gz","Plate_100s_A01","symptomatic","fibroblast","C10",18.7353777112586,1.3586779465778
"GSM8121900_athero_human_7.txt.gz","Plate_100s_A02","symptomatic","fibroblast","C10",17.5631799317026,-2.76301995449549
"GSM8121900_athero_human_7.txt.gz","Plate_100s_A03","symptomatic","fibroblast","C8",11.4203884744566,2.0489901696961
"GSM8121900_athero_human_7.txt.gz","Plate_100s_A04","symptomatic","vsmc","C2",17.4251370259459,-2.84673339665986
"GSM8121900_athero_human_7.txt.gz","Plate_100s_A05","symptomatic","fibroblast","C10",17.2989454549251,2.20570622644451
"GSM8121900_athero_human_7.txt.gz","Plate_100s_A11","symptomatic","fibroblast","C10",16.6468880538047,-0.986663752677675
"GSM8121900_athero_human_7.txt.gz","Plate_100s_A12","symptomatic","fibroblast","C8",15.3806825976903,-0.436956926471603
"GSM8121900_athero_human_7.txt.gz","Plate_100s_A13","symptomatic","fibroblast","C10",16.2214969617905,-3.96715126437195
"GSM8121900_athero_human_7.txt.gz","Plate_100s_A14","symptomatic","unassigned","C2",18.0335205052712,-0.661678097539878
"GSM8121900_athero_human_7.txt.gz","Plate_100s_A15","symptomatic","vsmc","C2",18.7399841792686,-2.5910459017983
"GSM8121900_athero_human_7.txt.gz","Plate_100s_A16","symptomatic","fibroblast","C10",15.5351423379471,-1.4959778788019
"GSM8121900_athero_human_7.txt.gz","Plate_100s_A17","symptomatic","endothelial","C10",16.8745659815443,-1.28724101179598
"GSM8121900_athero_human_7.txt.gz","Plate_100s_A18","symptomatic","fibroblast","C10",17.4799146239533,-0.0574732885720032
"GSM8121900_athero_human_7.txt.gz","Plate_100s_A19","symptomatic","vsmc","C2",20.2280642815776,-3.21897402825616
"GSM8121900_athero_human_7.txt.gz","Plate_100s_A20","symptomatic","b_cell","C10",15.4734922410132,3.23422535467982
"GSM8121900_athero_human_7.txt.gz","Plate_100s_A21","symptomatic","vsmc","C8",11.201952210138,2.11653048135168
"GSM8121900_athero_human_7.txt.gz","Plate_100s_A23","symptomatic","fibroblast","C10",16.3869823149865,-4.92964918690045
"GSM8121900_athero_human_7.txt.gz","Plate_100s_A24","symptomatic","fibroblast","C2",15.5625355185626,-3.27991211039107
"GSM8121900_athero_human_7.txt.gz","Plate_100s_B01","symptomatic","vsmc","C8",15.6937028945628,1.64415686732464
"GSM8121900_athero_human_7.txt.gz","Plate_100s_B02","symptomatic","vsmc","C2",15.9780360171542,-0.886628138510978
"GSM8121900_athero_human_7.txt.gz","Plate_100s_B03","symptomatic","vsmc","C2",19.5988664682017,-0.817167837519182
"GSM8121900_athero_human_7.txt.gz","Plate_100s_B04","symptomatic","unassigned","C10",17.475281041822,-0.571600132660295
"GSM8121900_athero_human_7.txt.gz","Plate_100s_B05","symptomatic","fibroblast","C10",15.260187670084,-2.30856853140928
"GSM8121900_athero_human_7.txt.gz","Plate_100s_B06","symptomatic","fibroblast","C10",16.5759617926916,-5.65324374591644
"GSM8121900_athero_human_7.txt.gz","Plate_100s_B07","symptomatic","fibroblast","C7",13.8256018023552,-9.43220505479516
"GSM8121900_athero_human_7.txt.gz","Plate_100s_B08","symptomatic","fibroblast","C10",16.5274545473922,-3.44907353898602
"GSM8121900_athero_human_7.txt.gz","Plate_100s_B09","symptomatic","fibroblast","C10",19.4085416324417,-5.07124833205015
"GSM8121900_athero_human_7.txt.gz","Plate_100s_B11","symptomatic","fibroblast","C10",16.1440160379529,-0.528334394398275
"GSM8121900_athero_human_7.txt.gz","Plate_100s_B12","symptomatic","fibroblast","C8",13.0296169096519,-0.0568043986877878
"GSM8121900_athero_human_7.txt.gz","Plate_100s_B13","symptomatic","fibroblast","C10",16.0077189408493,-0.912871431328033
"GSM8121900_athero_human_7.txt.gz","Plate_100s_B14","symptomatic","unassigned","C7",14.8967011309424,-7.31010646922695
"GSM8121900_athero_human_7.txt.gz","Plate_100s_B15","symptomatic","unassigned","C10",15.5169287837149,-4.3135057927822
"GSM8121900_athero_human_7.txt.gz","Plate_100s_B17","symptomatic","fibroblast","C7",16.5580404135605,-7.19067493416353
"GSM8121900_athero_human_7.txt.gz","Plate_100s_B18","symptomatic","vsmc","C2",19.585432386245,-1.97076058733313
"GSM8121900_athero_human_7.txt.gz","Plate_100s_B19","symptomatic","fibroblast","C10",18.3944439099125,1.54441603953677
"GSM8121900_athero_human_7.txt.gz","Plate_100s_B20","symptomatic","fibroblast","C10",15.1474305008186,-1.14839571700474
"GSM8121900_athero_human_7.txt.gz","Plate_100s_B21","symptomatic","vsmc","C2",15.547814708972,-2.98916423013879
"GSM8121900_athero_human_7.txt.gz","Plate_100s_B22","symptomatic","vsmc","C2",15.9834734096063,-1.84913511852217
"GSM8121900_athero_human_7.txt.gz","Plate_100s_B23","symptomatic","fibroblast","C10",16.5207969540984,-5.89484018082818
"GSM8121900_athero_human_7.txt.gz","Plate_100s_B24","symptomatic","vsmc","C2",15.7524717600048,0.784084784700764
"GSM8121900_athero_human_7.txt.gz","Plate_100s_C01","symptomatic","fibroblast","C7",7.03437253825775,-9.77118530581021
"GSM8121900_athero_human_7.txt.gz","Plate_100s_C02","symptomatic","fibroblast","C10",18.2783657620917,-1.43212090255505
"GSM8121900_athero_human_7.txt.gz","Plate_100s_C03","symptomatic","fibroblast","C10",12.9955517952355,-1.95256510433952
"GSM8121900_athero_human_7.txt.gz","Plate_100s_C04","symptomatic","fibroblast","C10",16.6092137263139,3.4257948059966
"GSM8121900_athero_human_7.txt.gz","Plate_100s_C06","symptomatic","fibroblast","C10",16.2176732468647,-2.61957968373609
"GSM8121900_athero_human_7.txt.gz","Plate_100s_C07","symptomatic","fibroblast","C10",14.3948219752488,-2.01338974591651
"GSM8121900_athero_human_7.txt.gz","Plate_100s_C08","symptomatic","vsmc","C2",19.2857917551525,-1.83519247696101
"GSM8121900_athero_human_7.txt.gz","Plate_100s_C09","symptomatic","vsmc","C2",19.7899765083397,-0.759564995040443
"GSM8121900_athero_human_7.txt.gz","Plate_100s_C10","symptomatic","vsmc","C7",14.5899454141983,-5.66428939063441
"GSM8121900_athero_human_7.txt.gz","Plate_100s_C11","symptomatic","vsmc","C2",19.3142310354618,0.216464856571943
"GSM8121900_athero_human_7.txt.gz","Plate_100s_C12","symptomatic","vsmc","C8",12.4272988083436,-2.54504061034717
"GSM8121900_athero_human_7.txt.gz","Plate_100s_C13","symptomatic","vsmc","C2",18.9901995469584,0.541383440155914
"GSM8121900_athero_human_7.txt.gz","Plate_100s_C14","symptomatic","vsmc","C8",14.9608111358504,0.710487476054118
"GSM8121900_athero_human_7.txt.gz","Plate_100s_C15","symptomatic","unassigned","C10",14.7543992304623,0.272992248836237
"GSM8121900_athero_human_7.txt.gz","Plate_100s_C17","symptomatic","fibroblast","C10",15.5057568778999,-2.14699609896476
"GSM8121900_athero_human_7.txt.gz","Plate_100s_C18","symptomatic","fibroblast","C10",16.3578561554744,0.80749059134946
"GSM8121900_athero_human_7.txt.gz","Plate_100s_C19","symptomatic","fibroblast","C10",19.109435999598,-0.581280126150526
"GSM8121900_athero_human_7.txt.gz","Plate_100s_C20","symptomatic","vsmc","C2",16.1087528856503,-4.70567068135322
"GSM8121900_athero_human_7.txt.gz","Plate_100s_C21","symptomatic","vsmc","C2",18.9374817655886,-5.52446515482923
"GSM8121900_athero_human_7.txt.gz","Plate_100s_C22","symptomatic","vsmc","C2",17.363056540261,-0.988181069888073
"GSM8121900_athero_human_7.txt.gz","Plate_100s_C23","symptomatic","vsmc","C2",16.3808848968063,-5.34329231312369
"GSM8121900_athero_human_7.txt.gz","Plate_100s_C24","symptomatic","fibroblast","C7",16.3033649175331,-9.91992205155689
"GSM8121900_athero_human_7.txt.gz","Plate_100s_D01","symptomatic","fibroblast","C10",16.3810835143229,2.04085840918699
"GSM8121900_athero_human_7.txt.gz","Plate_100s_D02","symptomatic","vsmc","C2",17.7932225143886,-2.83005767545698
"GSM8121900_athero_human_7.txt.gz","Plate_100s_D03","symptomatic","fibroblast","C10",14.2092622370789,-2.63502676718873
"GSM8121900_athero_human_7.txt.gz","Plate_100s_D05","symptomatic","fibroblast","C7",12.2802448242412,-8.94646825203575
"GSM8121900_athero_human_7.txt.gz","Plate_100s_D06","symptomatic","fibroblast","C10",16.2240035523171,2.48527308290903
"GSM8121900_athero_human_7.txt.gz","Plate_100s_D07","symptomatic","fibroblast","C10",17.9238801741005,2.69414351786655
"GSM8121900_athero_human_7.txt.gz","Plate_100s_D08","symptomatic","endothelial","C10",16.1282081290582,1.07049584878921
"GSM8121900_athero_human_7.txt.gz","Plate_100s_D09","symptomatic","fibroblast","C7",13.9160167983094,-10.103252483621
"GSM8121900_athero_human_7.txt.gz","Plate_100s_D10","symptomatic","vsmc","C2",14.8563776080435,-5.3939363211579
"GSM8121900_athero_human_7.txt.gz","Plate_100s_D11","symptomatic","endothelial","C6",5.68020057774994,20.9536331073728
"GSM8121900_athero_human_7.txt.gz","Plate_100s_D12","symptomatic","vsmc","C10",16.4810179681789,3.88773011206654
"GSM8121900_athero_human_7.txt.gz","Plate_100s_D13","symptomatic","fibroblast","C10",16.7119539231146,-0.729462194269086
"GSM8121900_athero_human_7.txt.gz","Plate_100s_D14","symptomatic","vsmc","C2",18.9767292243646,-1.43562172356594
"GSM8121900_athero_human_7.txt.gz","Plate_100s_D15","symptomatic","vsmc","C2",18.6739839930434,-3.81963851353591
"GSM8121900_athero_human_7.txt.gz","Plate_100s_D17","symptomatic","vsmc","C2",18.6185594409641,-7.13174967974795
"GSM8121900_athero_human_7.txt.gz","Plate_100s_D18","symptomatic","fibroblast","C10",19.3256342865952,-3.05006546218706
"GSM8121900_athero_human_7.txt.gz","Plate_100s_D20","symptomatic","vsmc","C2",17.4033984621314,-2.24780273895676
"GSM8121900_athero_human_7.txt.gz","Plate_100s_D21","symptomatic","vsmc","C2",16.8339260471743,0.96554544875266
"GSM8121900_athero_human_7.txt.gz","Plate_100s_D22","symptomatic","vsmc","C2",17.330301611787,-3.82067996670241
"GSM8121900_athero_human_7.txt.gz","Plate_100s_D23","symptomatic","vsmc","C8",12.1188459171702,-4.67435657079256
"GSM8121900_athero_human_7.txt.gz","Plate_100s_D24","symptomatic","unassigned","C7",15.0131771159791,-8.98057131745327
"GSM8121900_athero_human_7.txt.gz","Plate_100s_E01","symptomatic","vsmc","C2",16.8549313664576,-1.41557985189606
"GSM8121900_athero_human_7.txt.gz","Plate_100s_E02","symptomatic","fibroblast","C10",16.7000202922192,-3.54916967272068
"GSM8121900_athero_human_7.txt.gz","Plate_100s_E03","symptomatic","vsmc","C2",17.9412171718953,0.439666875507765
"GSM8121900_athero_human_7.txt.gz","Plate_100s_E04","symptomatic","fibroblast","C10",15.4708652931426,4.86104658680529
"GSM8121900_athero_human_7.txt.gz","Plate_100s_E05","symptomatic","vsmc","C7",10.7726988821326,-11.2793671680356
"GSM8121900_athero_human_7.txt.gz","Plate_100s_E06","symptomatic","unassigned","C2",19.8669691193853,-1.20819803140558
"GSM8121900_athero_human_7.txt.gz","Plate_100s_E07","symptomatic","fibroblast","C10",19.1530853368883,-0.68867355491064
"GSM8121900_athero_human_7.txt.gz","Plate_100s_E09","symptomatic","vsmc","C2",17.8692860740871,-4.31240796534249
"GSM8121900_athero_human_7.txt.gz","Plate_100s_E10","symptomatic","fibroblast","C10",15.0819483514579,-3.84218835494472
"GSM8121900_athero_human_7.txt.gz","Plate_100s_E11","symptomatic","fibroblast","C10",17.2119097532319,-0.116279322561838
"GSM8121900_athero_human_7.txt.gz","Plate_100s_E12","symptomatic","fibroblast","C10",16.0332147436595,-1.37538020039146
"GSM8121900_athero_human_7.txt.gz","Plate_100s_E13","symptomatic","fibroblast","C10",15.4308375276915,-4.74776842858194
"GSM8121900_athero_human_7.txt.gz","Plate_100s_E14","symptomatic","unassigned","C10",18.8697239560495,-5.94812651167752
"GSM8121900_athero_human_7.txt.gz","Plate_100s_E15","symptomatic","fibroblast","C10",17.1452549670439,-2.62917475388032
"GSM8121900_athero_human_7.txt.gz","Plate_100s_E16","symptomatic","vsmc","C2",16.989251002229,-4.96046325094835
"GSM8121900_athero_human_7.txt.gz","Plate_100s_E17","symptomatic","fibroblast","C8",13.9389637082667,-0.339069406741215
"GSM8121900_athero_human_7.txt.gz","Plate_100s_E18","symptomatic","vsmc","C2",18.3328642382786,-3.12163569472512
"GSM8121900_athero_human_7.txt.gz","Plate_100s_E19","symptomatic","endothelial","C7",13.598950691024,-4.12946135214862
"GSM8121900_athero_human_7.txt.gz","Plate_100s_E20","symptomatic","fibroblast","C7",11.7718529924631,-7.56291321150702
"GSM8121900_athero_human_7.txt.gz","Plate_100s_E22","symptomatic","vsmc","C8",11.3886857872577,-1.79379152454762
"GSM8121900_athero_human_7.txt.gz","Plate_100s_E23","symptomatic","vsmc","C2",16.5539493404894,-3.19744527000027
"GSM8121900_athero_human_7.txt.gz","Plate_100s_E24","symptomatic","fibroblast","C8",15.8458336076975,-2.7741221282816
"GSM8121900_athero_human_7.txt.gz","Plate_100s_F02","symptomatic","vsmc","C10",17.0476412615803,-2.11727412767682
"GSM8121900_athero_human_7.txt.gz","Plate_100s_F03","symptomatic","vsmc","C8",16.9211099713388,4.09415674832563
"GSM8121900_athero_human_7.txt.gz","Plate_100s_F04","symptomatic","fibroblast","C10",16.2335003541458,-5.49468283080892
"GSM8121900_athero_human_7.txt.gz","Plate_100s_F06","symptomatic","fibroblast","C10",17.5917277057597,-5.83226238039767
"GSM8121900_athero_human_7.txt.gz","Plate_100s_F07","symptomatic","vsmc","C10",7.83231943743612,-0.952462526206461
"GSM8121900_athero_human_7.txt.gz","Plate_100s_F08","symptomatic","fibroblast","C10",17.0717239267131,-2.70594797339773
"GSM8121900_athero_human_7.txt.gz","Plate_100s_F09","symptomatic","fibroblast","C7",11.1931833191926,-14.7067192745249
"GSM8121900_athero_human_7.txt.gz","Plate_100s_F10","symptomatic","fibroblast","C10",19.1460509795969,-4.15353930268798
"GSM8121900_athero_human_7.txt.gz","Plate_100s_F11","symptomatic","fibroblast","C7",12.8162444484911,-5.89323213106386
"GSM8121900_athero_human_7.txt.gz","Plate_100s_F12","symptomatic","fibroblast","C2",19.4027004238223,-2.93136442994259
"GSM8121900_athero_human_7.txt.gz","Plate_100s_F13","symptomatic","unassigned","C8",15.6054062250951,0.593074836047904
"GSM8121900_athero_human_7.txt.gz","Plate_100s_F14","symptomatic","vsmc","C7",16.4924821129557,-6.36279665947228
"GSM8121900_athero_human_7.txt.gz","Plate_100s_F15","symptomatic","vsmc","C2",15.1837826529066,-2.39276088225077
"GSM8121900_athero_human_7.txt.gz","Plate_100s_F16","symptomatic","unassigned","C2",17.1832238995964,-3.42780074306099
"GSM8121900_athero_human_7.txt.gz","Plate_100s_F17","symptomatic","unassigned","C10",19.3923603107015,-0.72792686342471
"GSM8121900_athero_human_7.txt.gz","Plate_100s_F18","symptomatic","vsmc","C2",17.293571250262,-4.56521845122401
"GSM8121900_athero_human_7.txt.gz","Plate_100s_F19","symptomatic","fibroblast","C10",16.6286659986824,-2.29974151219952
"GSM8121900_athero_human_7.txt.gz","Plate_100s_F20","symptomatic","vsmc","C2",18.9138349072811,-1.29459372998441
"GSM8121900_athero_human_7.txt.gz","Plate_100s_F21","symptomatic","fibroblast","C8",13.8034199432997,-3.2149461789591
"GSM8121900_athero_human_7.txt.gz","Plate_100s_F22","symptomatic","fibroblast","C7",16.4646502271193,-7.38432707244805
"GSM8121900_athero_human_7.txt.gz","Plate_100s_F23","symptomatic","fibroblast","C8",12.4401579990239,-2.61630014286523
"GSM8121900_athero_human_7.txt.gz","Plate_100s_F24","symptomatic","fibroblast","C10",19.1980227830556,-4.25737119396659
"GSM8121900_athero_human_7.txt.gz","Plate_100s_G01","symptomatic","unassigned","C2",17.9623465814824,-4.2025851230935
"GSM8121900_athero_human_7.txt.gz","Plate_100s_G02","symptomatic","vsmc","C7",11.5563932713714,-10.1018932806983
"GSM8121900_athero_human_7.txt.gz","Plate_100s_G03","symptomatic","fibroblast","C7",14.4312456128164,-8.14627495000549
"GSM8121900_athero_human_7.txt.gz","Plate_100s_G04","symptomatic","fibroblast","C10",15.240379851461,-1.35993594161249
"GSM8121900_athero_human_7.txt.gz","Plate_100s_G05","symptomatic","vsmc","C2",18.9781008345049,-0.952553347407093
"GSM8121900_athero_human_7.txt.gz","Plate_100s_G06","symptomatic","fibroblast","C10",15.3505500836425,1.88345518086435
"GSM8121900_athero_human_7.txt.gz","Plate_100s_G07","symptomatic","fibroblast","C7",11.5942999454872,-12.4578808891827
"GSM8121900_athero_human_7.txt.gz","Plate_100s_G08","symptomatic","fibroblast","C10",15.4443803581838,-2.39443426261574
"GSM8121900_athero_human_7.txt.gz","Plate_100s_G09","symptomatic","fibroblast","C10",14.6613687855254,2.39198409531359
"GSM8121900_athero_human_7.txt.gz","Plate_100s_G10","symptomatic","vsmc","C2",18.7387567559686,-5.80562277435329
"GSM8121900_athero_human_7.txt.gz","Plate_100s_G11","symptomatic","fibroblast","C7",11.0841254528844,-4.06156475880571
"GSM8121900_athero_human_7.txt.gz","Plate_100s_G12","symptomatic","vsmc","C2",17.5157590345363,-7.26861565867569
"GSM8121900_athero_human_7.txt.gz","Plate_100s_G13","symptomatic","vsmc","C2",18.2977120069737,-1.66054143024175
"GSM8121900_athero_human_7.txt.gz","Plate_100s_G14","symptomatic","fibroblast","C7",17.7057368458421,-9.49314465372531
"GSM8121900_athero_human_7.txt.gz","Plate_100s_G16","symptomatic","vsmc","C2",17.9011226888953,-3.44669742933562
"GSM8121900_athero_human_7.txt.gz","Plate_100s_G18","symptomatic","unassigned","C7",16.1834626295396,-6.2065297103386
"GSM8121900_athero_human_7.txt.gz","Plate_100s_G19","symptomatic","vsmc","C7",15.0389338287363,-11.2040581447711
"GSM8121900_athero_human_7.txt.gz","Plate_100s_G21","symptomatic","vsmc","C2",18.4422652388657,-1.24804173453725
"GSM8121900_athero_human_7.txt.gz","Plate_100s_G22","symptomatic","t_nk","C10",10.7815455392857,-4.47984795572555
"GSM8121900_athero_human_7.txt.gz","Plate_100s_G23","symptomatic","fibroblast","C7",15.16057535666,-6.57652275613613
"GSM8121900_athero_human_7.txt.gz","Plate_100s_H01","symptomatic","fibroblast","C10",16.1688551942354,-4.21807640935117
"GSM8121900_athero_human_7.txt.gz","Plate_100s_H02","symptomatic","vsmc","C10",19.1689400168954,0.889695992229149
"GSM8121900_athero_human_7.txt.gz","Plate_100s_H03","symptomatic","fibroblast","C10",16.9174337701783,-1.89950352498742
"GSM8121900_athero_human_7.txt.gz","Plate_100s_H05","symptomatic","vsmc","C10",16.0784928344022,-0.448962092981802
"GSM8121900_athero_human_7.txt.gz","Plate_100s_H06","symptomatic","fibroblast","C10",13.3708439077269,-0.751154807555159
"GSM8121900_athero_human_7.txt.gz","Plate_100s_H07","symptomatic","vsmc","C2",18.5490614660212,-2.53181863183339
"GSM8121900_athero_human_7.txt.gz","Plate_100s_H08","symptomatic","vsmc","C2",17.4568615634058,-0.475097334588377
"GSM8121900_athero_human_7.txt.gz","Plate_100s_H09","symptomatic","vsmc","C2",16.0736004194669,-6.65823223673124
"GSM8121900_athero_human_7.txt.gz","Plate_100s_H10","symptomatic","fibroblast","C7",12.5154465765258,-12.892245178461
"GSM8121900_athero_human_7.txt.gz","Plate_100s_H11","symptomatic","fibroblast","C10",15.1853589297128,-3.94864772999429
"GSM8121900_athero_human_7.txt.gz","Plate_100s_H12","symptomatic","vsmc","C2",16.9416911200183,-4.25780291238225
"GSM8121900_athero_human_7.txt.gz","Plate_100s_H13","symptomatic","vsmc","C2",16.3272111065912,-2.64093955211448
"GSM8121900_athero_human_7.txt.gz","Plate_100s_H15","symptomatic","fibroblast","C10",15.6550848484029,-3.00762601814707
"GSM8121900_athero_human_7.txt.gz","Plate_100s_H16","symptomatic","vsmc","C2",17.35577202666,-2.29878564530225
"GSM8121900_athero_human_7.txt.gz","Plate_100s_H17","symptomatic","unassigned","C2",18.0176126383553,-5.52963851262057
"GSM8121900_athero_human_7.txt.gz","Plate_100s_H18","symptomatic","fibroblast","C10",15.0897594232264,-5.14900924808013
"GSM8121900_athero_human_7.txt.gz","Plate_100s_H19","symptomatic","fibroblast","C10",17.1568167773393,-0.67484717553466
"GSM8121900_athero_human_7.txt.gz","Plate_100s_H20","symptomatic","vsmc","C8",12.9993712438558,-2.30937625646272
"GSM8121900_athero_human_7.txt.gz","Plate_100s_H21","symptomatic","vsmc","C2",17.3050752054539,-6.58285991945364
"GSM8121900_athero_human_7.txt.gz","Plate_100s_H22","symptomatic","fibroblast","C10",16.221932972057,-0.988674748626935
"GSM8121900_athero_human_7.txt.gz","Plate_100s_H23","symptomatic","fibroblast","C2",18.203796532137,-1.41263790845452
"GSM8121900_athero_human_7.txt.gz","Plate_100s_H24","symptomatic","vsmc","C2",18.0961372327393,-0.474383458760681
"GSM8121900_athero_human_7.txt.gz","Plate_100s_I01","symptomatic","fibroblast","C10",16.1007532253582,-3.427457694593
"GSM8121900_athero_human_7.txt.gz","Plate_100s_I02","symptomatic","fibroblast","C7",13.6736781060503,-8.0464813676977
"GSM8121900_athero_human_7.txt.gz","Plate_100s_I04","symptomatic","vsmc","C8",13.8201241800443,5.13777753054577
"GSM8121900_athero_human_7.txt.gz","Plate_100s_I05","symptomatic","fibroblast","C7",11.936794918151,-8.21224144191012
"GSM8121900_athero_human_7.txt.gz","Plate_100s_I06","symptomatic","fibroblast","C10",15.2598720021194,-2.73927940571438
"GSM8121900_athero_human_7.txt.gz","Plate_100s_I07","symptomatic","vsmc","C8",14.2892621159326,1.61173353975724
"GSM8121900_athero_human_7.txt.gz","Plate_100s_I09","symptomatic","fibroblast","C10",17.6602000333103,-4.06970840552625
"GSM8121900_athero_human_7.txt.gz","Plate_100s_I10","symptomatic","fibroblast","C7",15.3301570470289,-6.3368504613222
"GSM8121900_athero_human_7.txt.gz","Plate_100s_I11","symptomatic","vsmc","C2",16.8655551359505,-1.0949887961182
"GSM8121900_athero_human_7.txt.gz","Plate_100s_I12","symptomatic","fibroblast","C10",18.3423984680733,1.63116950509893
"GSM8121900_athero_human_7.txt.gz","Plate_100s_I13","symptomatic","fibroblast","C7",12.914490690677,-6.71428398214477
"GSM8121900_athero_human_7.txt.gz","Plate_100s_I14","symptomatic","unassigned","C10",16.6892875403712,-2.47858165025949
"GSM8121900_athero_human_7.txt.gz","Plate_100s_I15","symptomatic","fibroblast","C10",16.4459598328452,-1.2456319646654
"GSM8121900_athero_human_7.txt.gz","Plate_100s_I16","symptomatic","fibroblast","C2",17.7453362165025,-2.25920719575955
"GSM8121900_athero_human_7.txt.gz","Plate_100s_I17","symptomatic","fibroblast","C10",17.3836854347983,-2.51260322033419
"GSM8121900_athero_human_7.txt.gz","Plate_100s_I18","symptomatic","unassigned","C2",19.7088482317722,-2.37707362620257
"GSM8121900_athero_human_7.txt.gz","Plate_100s_I19","symptomatic","fibroblast","C7",15.095542216657,-9.91961433634933
"GSM8121900_athero_human_7.txt.gz","Plate_100s_I21","symptomatic","vsmc","C2",16.6251057817589,0.51451131254286
"GSM8121900_athero_human_7.txt.gz","Plate_100s_I22","symptomatic","fibroblast","C10",16.4169831964102,2.25907181330279
"GSM8121900_athero_human_7.txt.gz","Plate_100s_I23","symptomatic","fibroblast","C10",16.7520110275502,-5.40661073656095
"GSM8121900_athero_human_7.txt.gz","Plate_100s_I24","symptomatic","vsmc","C2",16.5455307498541,-3.68134929113123
"GSM8121900_athero_human_7.txt.gz","Plate_100s_J01","symptomatic","vsmc","C2",12.6430690415561,2.53398828478454
"GSM8121900_athero_human_7.txt.gz","Plate_100s_J02","symptomatic","unassigned","C2",15.3238466657526,-3.28558769362655
"GSM8121900_athero_human_7.txt.gz","Plate_100s_J03","symptomatic","fibroblast","C10",15.5088316310182,1.65795168164245
"GSM8121900_athero_human_7.txt.gz","Plate_100s_J04","symptomatic","fibroblast","C10",14.402508919091,0.218335809149594
"GSM8121900_athero_human_7.txt.gz","Plate_100s_J05","symptomatic","unassigned","C2",15.6539800336405,-0.75002132563673
"GSM8121900_athero_human_7.txt.gz","Plate_100s_J06","symptomatic","fibroblast","C7",10.3061534902073,-11.3472854789025
"GSM8121900_athero_human_7.txt.gz","Plate_100s_J07","symptomatic","vsmc","C10",16.8654804652949,0.614903566400455
"GSM8121900_athero_human_7.txt.gz","Plate_100s_J08","symptomatic","vsmc","C2",16.9443070001296,-4.62724014608131
"GSM8121900_athero_human_7.txt.gz","Plate_100s_J10","symptomatic","fibroblast","C10",15.1684853425442,0.784261973068833
"GSM8121900_athero_human_7.txt.gz","Plate_100s_J11","symptomatic","fibroblast","C2",15.6450049165957,-5.47263653077686
"GSM8121900_athero_human_7.txt.gz","Plate_100s_J12","symptomatic","fibroblast","C7",13.2198544398427,-5.45615781564614
"GSM8121900_athero_human_7.txt.gz","Plate_100s_J13","symptomatic","fibroblast","C10",13.0157784320452,5.39360512693038
"GSM8121900_athero_human_7.txt.gz","Plate_100s_J14","symptomatic","fibroblast","C10",17.4766053948991,0.823086091335253
"GSM8121900_athero_human_7.txt.gz","Plate_100s_J15","symptomatic","unassigned","C10",16.0043985896818,-4.85708951327197
"GSM8121900_athero_human_7.txt.gz","Plate_100s_J16","symptomatic","endothelial","C7",13.5403249425063,-4.38258345638988
"GSM8121900_athero_human_7.txt.gz","Plate_100s_J17","symptomatic","fibroblast","C10",14.6405734859073,-4.61106880423893
"GSM8121900_athero_human_7.txt.gz","Plate_100s_J20","symptomatic","fibroblast","C10",15.784418844756,-3.23513034811827
"GSM8121900_athero_human_7.txt.gz","Plate_100s_J22","symptomatic","vsmc","C2",18.6562028788043,-1.97925505884131
"GSM8121900_athero_human_7.txt.gz","Plate_100s_J23","symptomatic","vsmc","C10",16.7371993429602,-2.46761309329413
"GSM8121900_athero_human_7.txt.gz","Plate_100s_J24","symptomatic","vsmc","C2",17.0834496643529,-2.20110887487331
"GSM8121900_athero_human_7.txt.gz","Plate_100s_K01","symptomatic","vsmc","C2",17.57315941454,-7.18840967629474
"GSM8121900_athero_human_7.txt.gz","Plate_100s_K02","symptomatic","fibroblast","C10",16.9765390019889,1.05959519187343
"GSM8121900_athero_human_7.txt.gz","Plate_100s_K04","symptomatic","unassigned","C7",12.484430310788,-10.9080979280725
"GSM8121900_athero_human_7.txt.gz","Plate_100s_K05","symptomatic","fibroblast","C7",14.0860599138076,-8.54040731783075
"GSM8121900_athero_human_7.txt.gz","Plate_100s_K06","symptomatic","vsmc","C2",19.5935618842299,-2.49004219805809
"GSM8121900_athero_human_7.txt.gz","Plate_100s_K07","symptomatic","fibroblast","C10",14.1681295462492,1.3876578536441
"GSM8121900_athero_human_7.txt.gz","Plate_100s_K08","symptomatic","vsmc","C2",19.4453425031655,-1.66643934034654
"GSM8121900_athero_human_7.txt.gz","Plate_100s_K09","symptomatic","fibroblast","C7",12.1562714754426,-5.3016170487493
"GSM8121900_athero_human_7.txt.gz","Plate_100s_K10","symptomatic","vsmc","C2",16.8608953642751,-2.08834207694618
"GSM8121900_athero_human_7.txt.gz","Plate_100s_K11","symptomatic","unassigned","C2",15.5217178227315,-0.765963814098586
"GSM8121900_athero_human_7.txt.gz","Plate_100s_K12","symptomatic","fibroblast","C7",15.1968137126335,-7.90934809131753
"GSM8121900_athero_human_7.txt.gz","Plate_100s_K13","symptomatic","fibroblast","C10",18.3069752292247,0.157423587368881
"GSM8121900_athero_human_7.txt.gz","Plate_100s_K14","symptomatic","fibroblast","C10",18.4544864170231,-1.95932493813588
"GSM8121900_athero_human_7.txt.gz","Plate_100s_K15","symptomatic","fibroblast","C7",10.5203669175452,-11.1216454309199
"GSM8121900_athero_human_7.txt.gz","Plate_100s_K16","symptomatic","unassigned","C2",15.9302487981872,-1.63395575502991
"GSM8121900_athero_human_7.txt.gz","Plate_100s_K17","symptomatic","vsmc","C2",18.0778258984445,-6.80600893439809
"GSM8121900_athero_human_7.txt.gz","Plate_100s_K18","symptomatic","fibroblast","C2",17.9813967783159,-7.76215850623955
"GSM8121900_athero_human_7.txt.gz","Plate_100s_K19","symptomatic","unassigned","C2",18.1610126695615,-3.40243709411514
"GSM8121900_athero_human_7.txt.gz","Plate_100s_K21","symptomatic","unassigned","C10",17.631007691956,-1.10348014111657
"GSM8121900_athero_human_7.txt.gz","Plate_100s_K22","symptomatic","vsmc","C8",12.2126133800925,-1.6133998430385
"GSM8121900_athero_human_7.txt.gz","Plate_100s_K23","symptomatic","fibroblast","C10",15.1841590387529,-2.02623124658251
"GSM8121900_athero_human_7.txt.gz","Plate_100s_K24","symptomatic","vsmc","C2",19.8086272443316,-4.64880824034914
"GSM8121900_athero_human_7.txt.gz","Plate_100s_L01","symptomatic","fibroblast","C2",18.4658443967177,-0.701689615973323
"GSM8121900_athero_human_7.txt.gz","Plate_100s_L03","symptomatic","fibroblast","C7",16.1904493957896,-5.63359006164517
"GSM8121900_athero_human_7.txt.gz","Plate_100s_L05","symptomatic","vsmc","C2",20.0884822453405,-2.76617663000266
"GSM8121900_athero_human_7.txt.gz","Plate_100s_L06","symptomatic","unassigned","C10",19.7397087108544,-0.358717356194262
"GSM8121900_athero_human_7.txt.gz","Plate_100s_L07","symptomatic","fibroblast","C10",15.494116444272,1.03259145879105
"GSM8121900_athero_human_7.txt.gz","Plate_100s_L09","symptomatic","fibroblast","C10",16.7593551672996,-1.68694706572526
"GSM8121900_athero_human_7.txt.gz","Plate_100s_L11","symptomatic","fibroblast","C7",12.528025938609,-9.71888464368856
"GSM8121900_athero_human_7.txt.gz","Plate_100s_L13","symptomatic","unassigned","C10",17.3399139387436,-2.27719967769141
"GSM8121900_athero_human_7.txt.gz","Plate_100s_L14","symptomatic","fibroblast","C10",18.5536199758761,-0.783927625798081
"GSM8121900_athero_human_7.txt.gz","Plate_100s_L15","symptomatic","fibroblast","C10",18.1065646660412,-5.09453908429096
"GSM8121900_athero_human_7.txt.gz","Plate_100s_L16","symptomatic","vsmc","C2",18.808388822171,-2.28442565284019
"GSM8121900_athero_human_7.txt.gz","Plate_100s_L17","symptomatic","vsmc","C10",16.827398839138,1.8308709096825
"GSM8121900_athero_human_7.txt.gz","Plate_100s_L18","symptomatic","fibroblast","C7",13.9605697562302,-7.01648999747302
"GSM8121900_athero_human_7.txt.gz","Plate_100s_L19","symptomatic","fibroblast","C2",19.8831761717345,-4.32020267448343
"GSM8121900_athero_human_7.txt.gz","Plate_100s_L20","symptomatic","unassigned","C10",18.4542346406715,0.739299298669962
"GSM8121900_athero_human_7.txt.gz","Plate_100s_L21","symptomatic","vsmc","C7",15.030043732371,-7.10444979413408
"GSM8121900_athero_human_7.txt.gz","Plate_100s_L22","symptomatic","vsmc","C2",17.6800559527319,-7.76185466146242
"GSM8121900_athero_human_7.txt.gz","Plate_100s_L23","symptomatic","vsmc","C2",16.1808112578883,-2.10051690840927
"GSM8121900_athero_human_7.txt.gz","Plate_100s_L24","symptomatic","vsmc","C2",16.6833303255186,-0.897738753427866
"GSM8121900_athero_human_7.txt.gz","Plate_100s_M01","symptomatic","fibroblast","C10",16.6175015230253,-1.2062142274814
"GSM8121900_athero_human_7.txt.gz","Plate_100s_M02","symptomatic","fibroblast","C10",20.1788069311716,-2.26096853193051
"GSM8121900_athero_human_7.txt.gz","Plate_100s_M04","symptomatic","vsmc","C2",19.042925918188,3.46528915693173
"GSM8121900_athero_human_7.txt.gz","Plate_100s_M05","symptomatic","vsmc","C2",18.8075679068637,-2.47635839551703
"GSM8121900_athero_human_7.txt.gz","Plate_100s_M06","symptomatic","unassigned","C10",14.9030808429028,-3.10717149348864
"GSM8121900_athero_human_7.txt.gz","Plate_100s_M09","symptomatic","vsmc","C2",19.9872084336016,0.175526241589001
"GSM8121900_athero_human_7.txt.gz","Plate_100s_M10","symptomatic","fibroblast","C10",17.574514985864,0.964001958138338
"GSM8121900_athero_human_7.txt.gz","Plate_100s_M11","symptomatic","fibroblast","C10",14.6408632402164,-3.45661278855781
"GSM8121900_athero_human_7.txt.gz","Plate_100s_M12","symptomatic","fibroblast","C10",16.4017890605056,-5.06840266921481
"GSM8121900_athero_human_7.txt.gz","Plate_100s_M14","symptomatic","fibroblast","C10",17.1511469545585,-0.568469254592886
"GSM8121900_athero_human_7.txt.gz","Plate_100s_M15","symptomatic","vsmc","C2",16.5313557290258,-2.09800166939666
"GSM8121900_athero_human_7.txt.gz","Plate_100s_M16","symptomatic","vsmc","C2",15.0104981026725,-7.90553163832848
"GSM8121900_athero_human_7.txt.gz","Plate_100s_M17","symptomatic","fibroblast","C10",16.2907364265788,-4.40037523841542
"GSM8121900_athero_human_7.txt.gz","Plate_100s_M18","symptomatic","vsmc","C2",16.5555990788325,-1.13147596176691
"GSM8121900_athero_human_7.txt.gz","Plate_100s_M19","symptomatic","vsmc","C2",16.4929313796436,-2.21651237596135
"GSM8121900_athero_human_7.txt.gz","Plate_100s_M20","symptomatic","vsmc","C10",18.0914300853179,-1.67018576699105
"GSM8121900_athero_human_7.txt.gz","Plate_100s_M21","symptomatic","fibroblast","C7",15.8308959405254,-6.89253386957449
"GSM8121900_athero_human_7.txt.gz","Plate_100s_M22","symptomatic","fibroblast","C10",18.0500340405292,-4.84722354964663
"GSM8121900_athero_human_7.txt.gz","Plate_100s_M23","symptomatic","fibroblast","C10",14.6336746946495,-4.5451075835891
"GSM8121900_athero_human_7.txt.gz","Plate_100s_M24","symptomatic","vsmc","C2",18.325010606675,-3.7850795693424
"GSM8121900_athero_human_7.txt.gz","Plate_100s_N01","symptomatic","vsmc","C2",15.492924044805,-5.19789127541099
"GSM8121900_athero_human_7.txt.gz","Plate_100s_N02","symptomatic","fibroblast","C7",10.0409365881205,-12.7559491853543
"GSM8121900_athero_human_7.txt.gz","Plate_100s_N03","symptomatic","vsmc","C10",17.9730937175414,2.96125682615386
"GSM8121900_athero_human_7.txt.gz","Plate_100s_N04","symptomatic","vsmc","C2",17.8158698055377,-1.80836004308286
"GSM8121900_athero_human_7.txt.gz","Plate_100s_N05","symptomatic","unassigned","C10",19.7257329050135,0.327650702234715
"GSM8121900_athero_human_7.txt.gz","Plate_100s_N06","symptomatic","fibroblast","C7",12.740221273339,-10.8577145058952
"GSM8121900_athero_human_7.txt.gz","Plate_100s_N07","symptomatic","fibroblast","C10",16.9854908568877,-0.433792561899548
"GSM8121900_athero_human_7.txt.gz","Plate_100s_N08","symptomatic","unassigned","C7",15.4408936457929,-8.38362058874803
"GSM8121900_athero_human_7.txt.gz","Plate_100s_N09","symptomatic","fibroblast","C10",14.5586391600893,-2.36664490603874
"GSM8121900_athero_human_7.txt.gz","Plate_100s_N10","symptomatic","unassigned","C10",13.4882728864796,2.60587007939512
"GSM8121900_athero_human_7.txt.gz","Plate_100s_N11","symptomatic","fibroblast","C10",17.1510533978065,3.56231498510333
"GSM8121900_athero_human_7.txt.gz","Plate_100s_N12","symptomatic","vsmc","C2",18.6169447312846,-4.41840610763229
"GSM8121900_athero_human_7.txt.gz","Plate_100s_N14","symptomatic","fibroblast","C7",16.1598540064829,-8.9645932199076
"GSM8121900_athero_human_7.txt.gz","Plate_100s_N15","symptomatic","fibroblast","C10",17.0881251410784,-0.804427120596647
"GSM8121900_athero_human_7.txt.gz","Plate_100s_N16","symptomatic","vsmc","C2",19.0097587433472,-1.59690192083499
"GSM8121900_athero_human_7.txt.gz","Plate_100s_N17","symptomatic","vsmc","C2",17.3825577237679,-2.81304255456993
"GSM8121900_athero_human_7.txt.gz","Plate_100s_N18","symptomatic","vsmc","C2",15.3419498371913,-0.438423379572403
"GSM8121900_athero_human_7.txt.gz","Plate_100s_N19","symptomatic","vsmc","C2",15.7688112764975,-1.64088892152099
"GSM8121900_athero_human_7.txt.gz","Plate_100s_N21","symptomatic","fibroblast","C7",14.9536138486129,-8.26238693596845
"GSM8121900_athero_human_7.txt.gz","Plate_100s_N22","symptomatic","fibroblast","C10",15.6126759432637,-2.95429890853123
"GSM8121900_athero_human_7.txt.gz","Plate_100s_N23","symptomatic","fibroblast","C7",16.5818759750522,-5.94969545923859
"GSM8121900_athero_human_7.txt.gz","Plate_100s_N24","symptomatic","vsmc","C8",11.3268876809018,0.406543650687145
"GSM8121900_athero_human_7.txt.gz","Plate_100s_O02","symptomatic","unassigned","C2",18.5995944535984,-4.51995652027172
"GSM8121900_athero_human_7.txt.gz","Plate_100s_O03","symptomatic","vsmc","C2",19.162715449589,-0.0365898671899812
"GSM8121900_athero_human_7.txt.gz","Plate_100s_O04","symptomatic","vsmc","C2",20.100925099023,-1.09052384919896
"GSM8121900_athero_human_7.txt.gz","Plate_100s_O05","symptomatic","fibroblast","C10",16.492456053654,0.673730506558537
"GSM8121900_athero_human_7.txt.gz","Plate_100s_O07","symptomatic","unassigned","C7",14.2516947537866,-7.24954517411577
"GSM8121900_athero_human_7.txt.gz","Plate_100s_O09","symptomatic","endothelial","C8",11.9713377739303,-2.78383386845544
"GSM8121900_athero_human_7.txt.gz","Plate_100s_O10","symptomatic","b_cell","C10",17.1813115383527,-3.46900960495543
"GSM8121900_athero_human_7.txt.gz","Plate_100s_O11","symptomatic","vsmc","C2",18.1577934380889,-2.70171738334598
"GSM8121900_athero_human_7.txt.gz","Plate_100s_O12","symptomatic","fibroblast","C10",14.9848045609919,0.237427875298644
"GSM8121900_athero_human_7.txt.gz","Plate_100s_O13","symptomatic","fibroblast","C8",13.4056760478597,-4.30668458880462
"GSM8121900_athero_human_7.txt.gz","Plate_100s_O15","symptomatic","vsmc","C2",18.8326627058642,-0.562130133989585
"GSM8121900_athero_human_7.txt.gz","Plate_100s_O16","symptomatic","fibroblast","C8",12.8298053547567,2.11179835145714
"GSM8121900_athero_human_7.txt.gz","Plate_100s_O17","symptomatic","vsmc","C2",17.7293192579248,-2.90655378671585
"GSM8121900_athero_human_7.txt.gz","Plate_100s_O18","symptomatic","fibroblast","C10",15.4381351665368,1.33718449463204
"GSM8121900_athero_human_7.txt.gz","Plate_100s_O19","symptomatic","vsmc","C7",16.480497353616,-9.02934020676468
"GSM8121900_athero_human_7.txt.gz","Plate_100s_O20","symptomatic","fibroblast","C10",14.0202248318563,-6.13852990665412
"GSM8121900_athero_human_7.txt.gz","Plate_100s_O21","symptomatic","vsmc","C2",19.5418786228309,-3.87569431433761
"GSM8121900_athero_human_7.txt.gz","Plate_100s_O22","symptomatic","vsmc","C2",17.7251449379758,-1.89398375011207
"GSM8121900_athero_human_7.txt.gz","Plate_100s_O23","symptomatic","fibroblast","C7",16.7287251312249,-10.0648209250936
"GSM8121900_athero_human_7.txt.gz","Plate_100s_O24","symptomatic","unassigned","C7",8.66184888397764,-10.5915834483418
"GSM8121900_athero_human_7.txt.gz","Plate_100s_P02","symptomatic","unassigned","C10",18.057378939425,-2.61476720793409
"GSM8121900_athero_human_7.txt.gz","Plate_100s_P03","symptomatic","vsmc","C8",17.1971709028063,1.98436802639199
"GSM8121900_athero_human_7.txt.gz","Plate_100s_P04","symptomatic","vsmc","C2",17.696548383252,-2.03435768632594
"GSM8121900_athero_human_7.txt.gz","Plate_100s_P05","symptomatic","vsmc","C2",19.1885315804046,-2.81433335028918
"GSM8121900_athero_human_7.txt.gz","Plate_100s_P06","symptomatic","fibroblast","C10",18.9326474614748,-0.294411147682601
"GSM8121900_athero_human_7.txt.gz","Plate_100s_P07","symptomatic","vsmc","C2",19.1506955168989,-4.00969026851536
"GSM8121900_athero_human_7.txt.gz","Plate_100s_P08","symptomatic","vsmc","C2",19.159592458703,-1.33996544670992
"GSM8121900_athero_human_7.txt.gz","Plate_100s_P09","symptomatic","fibroblast","C10",19.0366595278076,-1.45173663058057
"GSM8121900_athero_human_7.txt.gz","Plate_100s_P11","symptomatic","fibroblast","C10",17.52417250331,1.07971701183714
"GSM8121900_athero_human_7.txt.gz","Plate_100s_P12","symptomatic","unassigned","C8",16.3436630818689,-0.450211496547826
"GSM8121900_athero_human_7.txt.gz","Plate_100s_P13","symptomatic","vsmc","C2",18.5955708824446,-0.872112162206621
"GSM8121900_athero_human_7.txt.gz","Plate_100s_P14","symptomatic","fibroblast","C10",17.3091475620787,2.6046180473582
"GSM8121900_athero_human_7.txt.gz","Plate_100s_P15","symptomatic","endothelial","C6",7.85613701014016,5.61132380538199
"GSM8121900_athero_human_7.txt.gz","Plate_100s_P16","symptomatic","vsmc","C2",15.275395403197,-5.7087064921088
"GSM8121900_athero_human_7.txt.gz","Plate_100s_P17","symptomatic","fibroblast","C10",17.5748415267507,-1.48163812667045
"GSM8121900_athero_human_7.txt.gz","Plate_100s_P18","symptomatic","vsmc","C2",17.2506431767171,-2.95472842651005
"GSM8121900_athero_human_7.txt.gz","Plate_100s_P19","symptomatic","vsmc","C2",16.4838758660551,-4.66738212590342
"GSM8121900_athero_human_7.txt.gz","Plate_100s_P20","symptomatic","fibroblast","C10",16.2972491367558,-0.112677562502507
"GSM8121900_athero_human_7.txt.gz","Plate_100s_P21","symptomatic","vsmc","C2",18.008095921015,-4.60701924606278
"GSM8121900_athero_human_7.txt.gz","Plate_100s_P22","symptomatic","vsmc","C2",17.7765991995906,-1.8058115083074
"GSM8121900_athero_human_7.txt.gz","Plate_100s_P24","symptomatic","endothelial","C6",3.7281428828701,9.67467444364514
"GSM8121900_athero_human_7.txt.gz","Plate_20_101s_A02Plate_20_101s_A02_accepted_hits_sorted_rm_dup","symptomatic","macrophage","C3",-20.3293354204418,-1.2394153973513
"GSM8121900_athero_human_7.txt.gz","Plate_20_101s_A04Plate_20_101s_A04_accepted_hits_sorted_rm_dup","symptomatic","macrophage","C3",-19.4778352888467,-1.54885999345772
"GSM8121900_athero_human_7.txt.gz","Plate_20_101s_A05Plate_20_101s_A05_accepted_hits_sorted_rm_dup","symptomatic","t_nk","C1",-9.47969421180213,-1.35513142834376
"GSM8121900_athero_human_7.txt.gz","Plate_20_101s_A06Plate_20_101s_A06_accepted_hits_sorted_rm_dup","symptomatic","macrophage","C3",-22.1275270370915,-2.49603153012702
"GSM8121900_athero_human_7.txt.gz","Plate_20_101s_A07Plate_20_101s_A07_accepted_hits_sorted_rm_dup","symptomatic","macrophage","C3",-19.5294787783675,3.42833414706993
"GSM8121900_athero_human_7.txt.gz","Plate_20_101s_A08Plate_20_101s_A08_accepted_hits_sorted_rm_dup","symptomatic","fibroblast","C2",15.0713964331672,-2.30682818376251
"GSM8121900_athero_human_7.txt.gz","Plate_20_101s_A09Plate_20_101s_A09_accepted_hits_sorted_rm_dup","symptomatic","t_nk","C1",-8.9165392517577,-4.50096916290171
"GSM8121900_athero_human_7.txt.gz","Plate_20_101s_A10Plate_20_101s_A10_accepted_hits_sorted_rm_dup","symptomatic","t_nk","C1",-9.55949495341836,-3.37821759676481
"GSM8121900_athero_human_7.txt.gz","Plate_20_101s_A11Plate_20_101s_A11_accepted_hits_sorted_rm_dup","symptomatic","macrophage","C4",-19.275994211109,-4.79017715124649
"GSM8121900_athero_human_7.txt.gz","Plate_20_101s_A12Plate_20_101s_A12_accepted_hits_sorted_rm_dup","symptomatic","unassigned","C10",11.3655180812132,4.37992279693306
"GSM8121900_athero_human_7.txt.gz","Plate_20_101s_A13Plate_20_101s_A13_accepted_hits_sorted_rm_dup","symptomatic","t_nk","C1",-10.448104025417,-2.91362890382553
"GSM8121900_athero_human_7.txt.gz","Plate_20_101s_A14Plate_20_101s_A14_accepted_hits_sorted_rm_dup","symptomatic","macrophage","C4",-19.1950654640367,-7.88171603743418
"GSM8121900_athero_human_7.txt.gz","Plate_20_101s_A15Plate_20_101s_A15_accepted_hits_sorted_rm_dup","symptomatic","t_nk","C1",-8.21917201560914,-6.15763311336933
"GSM8121900_athero_human_7.txt.gz","Plate_20_101s_A16Plate_20_101s_A16_accepted_hits_sorted_rm_dup","symptomatic","t_nk","C1",-9.36931985940965,-2.81208846198998
"GSM8121900_athero_human_7.txt.gz","Plate_20_101s_A17Plate_20_101s_A17_accepted_hits_sorted_rm_dup","symptomatic","macrophage","C4",-19.5519801549622,-5.29230880633678
"GSM8121900_athero_human_7.txt.gz","Plate_20_101s_A18Plate_20_101s_A18_accepted_hits_sorted_rm_dup","symptomatic","t_nk","C1",-11.1735732160259,-4.77411756216619
"GSM8121900_athero_human_7.txt.gz","Plate_20_101s_A19Plate_20_101s_A19_accepted_hits_sorted_rm_dup","symptomatic","macrophage","C4",-18.0309328060294,-2.95522708532322
"GSM8121900_athero_human_7.txt.gz","Plate_20_101s_A20Plate_20_101s_A20_accepted_hits_sorted_rm_dup","symptomatic","t_nk","C1",-8.16116796707895,-5.01650815915971
"GSM8121900_athero_human_7.txt.gz","Plate_20_101s_A21Plate_20_101s_A21_accepted_hits_sorted_rm_dup","symptomatic","t_nk","C1",-11.0443876464531,-4.90248463874631
"GSM8121900_athero_human_7.txt.gz","Plate_20_101s_A22Plate_20_101s_A22_accepted_hits_sorted_rm_dup","symptomatic","t_nk","C1",-10.2258891269782,-5.23944336588675
"GSM8121900_athero_human_7.txt.gz","Plate_20_101s_A23Plate_20_101s_A23_accepted_hits_sorted_rm_dup","symptomatic","t_nk","C1",-9.52289959789393,-6.96704467773125
"GSM8121900_athero_human_7.txt.gz","Plate_20_101s_A24Plate_20_101s_A24_accepted_hits_sorted_rm_dup","symptomatic","t_nk","C1",-12.0186053027733,-8.03795257090386
"GSM8121900_athero_human_7.txt.gz","Plate_20_101s_B02Plate_20_101s_B02_accepted_hits_sorted_rm_dup","symptomatic","macrophage","C4",-21.3872205174528,-2.93567216241105
"GSM8121900_athero_human_7.txt.gz","Plate_20_101s_B03Plate_20_101s_B03_accepted_hits_sorted_rm_dup","symptomatic","t_nk","C1",-10.2328872081278,-4.55289613536132
"GSM8121900_athero_human_7.txt.gz","Plate_20_101s_B04Plate_20_101s_B04_accepted_hits_sorted_rm_dup","symptomatic","t_nk","C1",-8.21259606910065,-8.41428256483785
"GSM8121900_athero_human_7.txt.gz","Plate_20_101s_B05Plate_20_101s_B05_accepted_hits_sorted_rm_dup","symptomatic","vsmc","C2",16.7776209768462,-3.94259355126757
"GSM8121900_athero_human_7.txt.gz","Plate_20_101s_B06Plate_20_101s_B06_accepted_hits_sorted_rm_dup","symptomatic","t_nk","C1",-9.72549482975827,-6.94145682375293
"GSM8121900_athero_human_7.txt.gz","Plate_20_101s_B07Plate_20_101s_B07_accepted_hits_sorted_rm_dup","symptomatic","vsmc","C2",12.3743110711306,-4.8630088149298
"GSM8121900_athero_human_7.txt.gz","Plate_20_101s_B08Plate_20_101s_B08_accepted_hits_sorted_rm_dup","symptomatic","t_nk","C1",-9.6102019930981,-3.93016060698051
"GSM8121900_athero_human_7.txt.gz","Plate_20_101s_B10Plate_20_101s_B10_accepted_hits_sorted_rm_dup","symptomatic","macrophage","C5",-18.0612708296102,7.35877020494251
"GSM8121900_athero_human_7.txt.gz","Plate_20_101s_B11Plate_20_101s_B11_accepted_hits_sorted_rm_dup","symptomatic","t_nk","C1",-8.57893777411139,-6.38036375413625
"GSM8121900_athero_human_7.txt.gz","Plate_20_101s_B12Plate_20_101s_B12_accepted_hits_sorted_rm_dup","symptomatic","macrophage","C4",-19.0226046498916,-4.16727120186224
"GSM8121900_athero_human_7.txt.gz","Plate_20_101s_B13Plate_20_101s_B13_accepted_hits_sorted_rm_dup","symptomatic","b_cell","C1",-5.87938724117191,3.9602202880251
"GSM8121900_athero_human_7.txt.gz","Plate_20_101s_B14Plate_20_101s_B14_accepted_hits_sorted_rm_dup","symptomatic","t_nk","C1",-10.076256566876,-1.03700496477089
"GSM8121900_athero_human_7.txt.gz","Plate_20_101s_B15Plate_20_101s_B15_accepted_hits_sorted_rm_dup","symptomatic","b_cell","C4",-16.0471596934903,-6.10182883415713
"GSM8121900_athero_human_7.txt.gz","Plate_20_101s_B16Plate_20_101s_B16_accepted_hits_sorted_rm_dup","symptomatic","t_nk","C1",-8.52696453404117,-3.93586297823182
"GSM8121900_athero_human_7.txt.gz","Plate_20_101s_B17Plate_20_101s_B17_accepted_hits_sorted_rm_dup","symptomatic","macrophage","C4",-21.0042113730519,-4.83876579908949
"GSM8121900_athero_human_7.txt.gz","Plate_20_101s_B18Plate_20_101s_B18_accepted_hits_sorted_rm_dup","symptomatic","macrophage","C9",-20.0988132010036,-2.63288766154469
"GSM8121900_athero_human_7.txt.gz","Plate_20_101s_B19Plate_20_101s_B19_accepted_hits_sorted_rm_dup","symptomatic","b_cell","C1",-8.91774695388006,-4.14483538841085
"GSM8121900_athero_human_7.txt.gz","Plate_20_101s_B21Plate_20_101s_B21_accepted_hits_sorted_rm_dup","symptomatic","macrophage","C4",-18.1765116303435,-2.71975880277386
"GSM8121900_athero_human_7.txt.gz","Plate_20_101s_B23Plate_20_101s_B23_accepted_hits_sorted_rm_dup","symptomatic","t_nk","C1",-9.21913137355559,-2.85901194853252
"GSM8121900_athero_human_7.txt.gz","Plate_20_101s_B24Plate_20_101s_B24_accepted_hits_sorted_rm_dup","symptomatic","t_nk","C1",-10.6753667897136,-7.83402721778952
"GSM8121900_athero_human_7.txt.gz","Plate_20_101s_C01Plate_20_101s_C01_accepted_hits_sorted_rm_dup","symptomatic","macrophage","C3",-19.6830773082879,-0.0470777696885404
"GSM8121900_athero_human_7.txt.gz","Plate_20_101s_C02Plate_20_101s_C02_accepted_hits_sorted_rm_dup","symptomatic","t_nk","C1",-12.4400146292489,-4.66866931857647
"GSM8121900_athero_human_7.txt.gz","Plate_20_101s_C03Plate_20_101s_C03_accepted_hits_sorted_rm_dup","symptomatic","mast","C1",-10.2856406133604,-0.0228654059737845
"GSM8121900_athero_human_7.txt.gz","Plate_20_101s_C04Plate_20_101s_C04_accepted_hits_sorted_rm_dup","symptomatic","macrophage","C3",-17.9721115618332,3.64646652294236
"GSM8121900_athero_human_7.txt.gz","Plate_20_101s_C05Plate_20_101s_C05_accepted_hits_sorted_rm_dup","symptomatic","macrophage","C3",-21.5433477337159,-1.85971344743282
"GSM8121900_athero_human_7.txt.gz","Plate_20_101s_C06Plate_20_101s_C06_accepted_hits_sorted_rm_dup","symptomatic","b_cell","C1",-12.6951564608019,-7.44397363598989
"GSM8121900_athero_human_7.txt.gz","Plate_20_101s_C07Plate_20_101s_C07_accepted_hits_sorted_rm_dup","symptomatic","macrophage","C4",-17.3019300222673,-4.49651905006089
"GSM8121900_athero_human_7.txt.gz","Plate_20_101s_C09Plate_20_101s_C09_accepted_hits_sorted_rm_dup","symptomatic","mast","C4",-19.7984877363633,-8.19130004294318
"GSM8121900_athero_human_7.txt.gz","Plate_20_101s_C10Plate_20_101s_C10_accepted_hits_sorted_rm_dup","symptomatic","macrophage","C3",-18.7596600133136,-0.108542791010732
"GSM8121900_athero_human_7.txt.gz","Plate_20_101s_C11Plate_20_101s_C11_accepted_hits_sorted_rm_dup","symptomatic","t_nk","C1",-9.71637192827479,-5.6325208430163
"GSM8121900_athero_human_7.txt.gz","Plate_20_101s_C12Plate_20_101s_C12_accepted_hits_sorted_rm_dup","symptomatic","b_cell","C1",-11.116742756199,-5.20883080168508
"GSM8121900_athero_human_7.txt.gz","Plate_20_101s_C13Plate_20_101s_C13_accepted_hits_sorted_rm_dup","symptomatic","unassigned","C3",-21.3565734242741,-1.24054762795633
"GSM8121900_athero_human_7.txt.gz","Plate_20_101s_C15Plate_20_101s_C15_accepted_hits_sorted_rm_dup","symptomatic","macrophage","C3",-20.9704721259791,-1.07405541414671
"GSM8121900_athero_human_7.txt.gz","Plate_20_101s_C16Plate_20_101s_C16_accepted_hits_sorted_rm_dup","symptomatic","macrophage","C3",-20.4213208725955,0.633644619862694
"GSM8121900_athero_human_7.txt.gz","Plate_20_101s_C17Plate_20_101s_C17_accepted_hits_sorted_rm_dup","symptomatic","macrophage","C3",-21.3140985540709,3.10126555033442
"GSM8121900_athero_human_7.txt.gz","Plate_20_101s_C18Plate_20_101s_C18_accepted_hits_sorted_rm_dup","symptomatic","mast","C4",-20.8451406254912,-4.37655997709519
"GSM8121900_athero_human_7.txt.gz","Plate_20_101s_C19Plate_20_101s_C19_accepted_hits_sorted_rm_dup","symptomatic","t_nk","C1",-11.337226576926,-2.51605894059623
"GSM8121900_athero_human_7.txt.gz","Plate_20_101s_C21Plate_20_101s_C21_accepted_hits_sorted_rm_dup","symptomatic","macrophage","C4",-20.5439015194205,-4.28487243705392
"GSM8121900_athero_human_7.txt.gz","Plate_20_101s_C22Plate_20_101s_C22_accepted_hits_sorted_rm_dup","symptomatic","t_nk","C1",-11.5539940375414,-1.68248703059096
"GSM8121900_athero_human_7.txt.gz","Plate_20_101s_C23Plate_20_101s_C23_accepted_hits_sorted_rm_dup","symptomatic","mast","C4",-15.1484094525384,-10.749371979121
"GSM8121900_athero_human_7.txt.gz","Plate_20_101s_C24Plate_20_101s_C24_accepted_hits_sorted_rm_dup","symptomatic","macrophage","C4",-20.0097795366305,-8.2443216871741
"GSM8121900_athero_human_7.txt.gz","Plate_20_101s_D01Plate_20_101s_D01_accepted_hits_sorted_rm_dup","symptomatic","macrophage","C9",-22.6671480799524,-0.386856239621678
"GSM8121900_athero_human_7.txt.gz","Plate_20_101s_D02Plate_20_101s_D02_accepted_hits_sorted_rm_dup","symptomatic","t_nk","C1",-10.7959586864834,-5.69051127978482
"GSM8121900_athero_human_7.txt.gz","Plate_20_101s_D04Plate_20_101s_D04_accepted_hits_sorted_rm_dup","symptomatic","macrophage","C4",-15.3848797127877,-7.40769347664807
"GSM8121900_athero_human_7.txt.gz","Plate_20_101s_D05Plate_20_101s_D05_accepted_hits_sorted_rm_dup","symptomatic","macrophage","C3",-20.6325974141866,2.48116894349062
"GSM8121900_athero_human_7.txt.gz","Plate_20_101s_D06Plate_20_101s_D06_accepted_hits_sorted_rm_dup","symptomatic","macrophage","C3",-20.8251409690407,-1.10647710799355
"GSM8121900_athero_human_7.txt.gz","Plate_20_101s_D07Plate_20_101s_D07_accepted_hits_sorted_rm_dup","symptomatic","macrophage","C3",-20.850065773277,-0.688078966822824
"GSM8121900_athero_human_7.txt.gz","Plate_20_101s_D08Plate_20_101s_D08_accepted_hits_sorted_rm_dup","symptomatic","t_nk","C1",-8.85260801345648,-3.70403682950418
"GSM8121900_athero_human_7.txt.gz","Plate_20_101s_D09Plate_20_101s_D09_accepted_hits_sorted_rm_dup","symptomatic","t_nk","C1",-10.0098107082403,-6.36613390834207
"GSM8121900_athero_human_7.txt.gz","Plate_20_101s_D10Plate_20_101s_D10_accepted_hits_sorted_rm_dup","symptomatic","macrophage","C3",-20.1684967947949,1.01268547912457
"GSM8121900_athero_human_7.txt.gz","Plate_20_101s_D11Plate_20_101s_D11_accepted_hits_sorted_rm_dup","symptomatic","t_nk","C1",-9.06263464009068,-6.40361551326733
"GSM8121900_athero_human_7.txt.gz","Plate_20_101s_D12Plate_20_101s_D12_accepted_hits_sorted_rm_dup","symptomatic","vsmc","C2",9.50906208555464,-1.08927324429885
"GSM8121900_athero_human_7.txt.gz","Plate_20_101s_D13Plate_20_101s_D13_accepted_hits_sorted_rm_dup","symptomatic","b_cell","C4",-16.4898310286098,-7.49099110305457
"GSM8121900_athero_human_7.txt.gz","Plate_20_101s_D17Plate_20_101s_D17_accepted_hits_sorted_rm_dup","symptomatic","macrophage","C4",-18.0179481818415,-7.8289257466752
"GSM8121900_athero_human_7.txt.gz","Plate_20_101s_D19Plate_20_101s_D19_accepted_hits_sorted_rm_dup","symptomatic","t_nk","C1",-9.57392889501706,-4.54169018388531
"GSM8121900_athero_human_7.txt.gz","Plate_20_101s_D20Plate_20_101s_D20_accepted_hits_sorted_rm_dup","symptomatic","macrophage","C4",-16.8033757926153,-4.11063033072457
"GSM8121900_athero_human_7.txt.gz","Plate_20_101s_D22Plate_20_101s_D22_accepted_hits_sorted_rm_dup","symptomatic","macrophage","C3",-22.263454878016,-1.78890681951912
"GSM8121900_athero_human_7.txt.gz","Plate_20_101s_D23Plate_20_101s_D23_accepted_hits_sorted_rm_dup","symptomatic","macrophage","C4",-16.2584562062313,-10.5388099620611
"GSM8121900_athero_human_7.txt.gz","Plate_20_101s_D24Plate_20_101s_D24_accepted_hits_sorted_rm_dup","symptomatic","t_nk","C1",-10.2084028299432,-9.24187709954209
"GSM8121900_athero_human_7.txt.gz","Plate_20_101s_E01Plate_20_101s_E01_accepted_hits_sorted_rm_dup","symptomatic","macrophage","C4",-17.6553030510528,-4.26847856606099
"GSM8121900_athero_human_7.txt.gz","Plate_20_101s_E03Plate_20_101s_E03_accepted_hits_sorted_rm_dup","symptomatic","t_nk","C1",-12.6462717280248,-6.24434408943667
"GSM8121900_athero_human_7.txt.gz","Plate_20_101s_E05Plate_20_101s_E05_accepted_hits_sorted_rm_dup","symptomatic","t_nk","C1",-11.5804407601727,-2.67414678260293
"GSM8121900_athero_human_7.txt.gz","Plate_20_101s_E06Plate_20_101s_E06_accepted_hits_sorted_rm_dup","symptomatic","macrophage","C4",-18.7221112436287,-5.19304244215099
"GSM8121900_athero_human_7.txt.gz","Plate_20_101s_E07Plate_20_101s_E07_accepted_hits_sorted_rm_dup","symptomatic","macrophage","C3",-15.9433957882768,4.23822154140189
"GSM8121900_athero_human_7.txt.gz","Plate_20_101s_E08Plate_20_101s_E08_accepted_hits_sorted_rm_dup","symptomatic","t_nk","C1",-9.43344394672489,-5.95121814054505
"GSM8121900_athero_human_7.txt.gz","Plate_20_101s_E09Plate_20_101s_E09_accepted_hits_sorted_rm_dup","symptomatic","macrophage","C9",-18.4781861632324,-6.47623900725879
"GSM8121900_athero_human_7.txt.gz","Plate_20_101s_E10Plate_20_101s_E10_accepted_hits_sorted_rm_dup","symptomatic","t_nk","C1",-10.5061036725985,-8.85622466470764
"GSM8121900_athero_human_7.txt.gz","Plate_20_101s_E11Plate_20_101s_E11_accepted_hits_sorted_rm_dup","symptomatic","unassigned","C10",8.76872314521633,5.78586950205738
"GSM8121900_athero_human_7.txt.gz","Plate_20_101s_E13Plate_20_101s_E13_accepted_hits_sorted_rm_dup","symptomatic","macrophage","C3",-20.9434032158206,4.66484133432836
"GSM8121900_athero_human_7.txt.gz","Plate_20_101s_E14Plate_20_101s_E14_accepted_hits_sorted_rm_dup","symptomatic","macrophage","C3",-16.4358325339195,1.2501844410225
"GSM8121900_athero_human_7.txt.gz","Plate_20_101s_E15Plate_20_101s_E15_accepted_hits_sorted_rm_dup","symptomatic","endothelial","C3",-20.1291319489989,-0.620906266726328
"GSM8121900_athero_human_7.txt.gz","Plate_20_101s_E16Plate_20_101s_E16_accepted_hits_sorted_rm_dup","symptomatic","macrophage","C4",-18.4992757631956,-6.78627101931114
"GSM8121900_athero_human_7.txt.gz","Plate_20_101s_E17Plate_20_101s_E17_accepted_hits_sorted_rm_dup","symptomatic","endothelial","C10",7.86486858703431,5.7822849492937
"GSM8121900_athero_human_7.txt.gz","Plate_20_101s_E18Plate_20_101s_E18_accepted_hits_sorted_rm_dup","symptomatic","b_cell","C4",-15.1698454100779,-1.07269019801604
"GSM8121900_athero_human_7.txt.gz","Plate_20_101s_E19Plate_20_101s_E19_accepted_hits_sorted_rm_dup","symptomatic","macrophage","C9",-18.556669408037,-0.580844008276085
"GSM8121900_athero_human_7.txt.gz","Plate_20_101s_E20Plate_20_101s_E20_accepted_hits_sorted_rm_dup","symptomatic","unassigned","C10",12.9981406408632,0.246477439087819
"GSM8121900_athero_human_7.txt.gz","Plate_20_101s_E21Plate_20_101s_E21_accepted_hits_sorted_rm_dup","symptomatic","macrophage","C3",-18.3934397667889,6.71692850593025
"GSM8121900_athero_human_7.txt.gz","Plate_20_101s_E22Plate_20_101s_E22_accepted_hits_sorted_rm_dup","symptomatic","macrophage","C3",-19.3458685055909,-3.14625907397829
"GSM8121900_athero_human_7.txt.gz","Plate_20_101s_E23Plate_20_101s_E23_accepted_hits_sorted_rm_dup","symptomatic","macrophage","C4",-17.2574761812843,-6.79311657302712
"GSM8121900_athero_human_7.txt.gz","Plate_20_101s_E24Plate_20_101s_E24_accepted_hits_sorted_rm_dup","symptomatic","macrophage","C3",-20.937526676849,-2.70346116584961
"GSM8121900_athero_human_7.txt.gz","Plate_20_101s_F01Plate_20_101s_F01_accepted_hits_sorted_rm_dup","symptomatic","macrophage","C4",-14.5412832874199,-9.65540127933657
"GSM8121900_athero_human_7.txt.gz","Plate_20_101s_F02Plate_20_101s_F02_accepted_hits_sorted_rm_dup","symptomatic","fibroblast","C10",12.9688195999343,2.55995516686883
"GSM8121900_athero_human_7.txt.gz","Plate_20_101s_F03Plate_20_101s_F03_accepted_hits_sorted_rm_dup","symptomatic","macrophage","C4",-20.6927793596261,-6.01461619830529
"GSM8121900_athero_human_7.txt.gz","Plate_20_101s_F04Plate_20_101s_F04_accepted_hits_sorted_rm_dup","symptomatic","t_nk","C1",-10.1360282278949,-5.46109752978031
"GSM8121900_athero_human_7.txt.gz","Plate_20_101s_F06Plate_20_101s_F06_accepted_hits_sorted_rm_dup","symptomatic","t_nk","C1",-10.3670001004242,-5.01384436517792
"GSM8121900_athero_human_7.txt.gz","Plate_20_101s_F07Plate_20_101s_F07_accepted_hits_sorted_rm_dup","symptomatic","macrophage","C4",-16.0520508243989,-4.91599179756736
"GSM8121900_athero_human_7.txt.gz","Plate_20_101s_F08Plate_20_101s_F08_accepted_hits_sorted_rm_dup","symptomatic","macrophage","C3",-18.2915022542945,-1.11829405092072
"GSM8121900_athero_human_7.txt.gz","Plate_20_101s_F09Plate_20_101s_F09_accepted_hits_sorted_rm_dup","symptomatic","macrophage","C4",-12.65588461727,-3.5509760091984
"GSM8121900_athero_human_7.txt.gz","Plate_20_101s_F10Plate_20_101s_F10_accepted_hits_sorted_rm_dup","symptomatic","macrophage","C4",-19.6530090409802,-3.61751733963861
"GSM8121900_athero_human_7.txt.gz","Plate_20_101s_F11Plate_20_101s_F11_accepted_hits_sorted_rm_dup","symptomatic","macrophage","C3",-17.8152032281062,0.124975703226075
"GSM8121900_athero_human_7.txt.gz","Plate_20_101s_F12Plate_20_101s_F12_accepted_hits_sorted_rm_dup","symptomatic","macrophage","C3",-19.9439936394221,1.48180299649633
"GSM8121900_athero_human_7.txt.gz","Plate_20_101s_F13Plate_20_101s_F13_accepted_hits_sorted_rm_dup","symptomatic","b_cell","C4",-17.5262942203203,-6.53504297358991
"GSM8121900_athero_human_7.txt.gz","Plate_20_101s_F14Plate_20_101s_F14_accepted_hits_sorted_rm_dup","symptomatic","macrophage","C3",-19.5562099047222,-0.805496507355311
"GSM8121900_athero_human_7.txt.gz","Plate_20_101s_F15Plate_20_101s_F15_accepted_hits_sorted_rm_dup","symptomatic","macrophage","C4",-20.2417313700027,-2.64843860677803
"GSM8121900_athero_human_7.txt.gz","Plate_20_101s_F16Plate_20_101s_F16_accepted_hits_sorted_rm_dup","symptomatic","macrophage","C3",-21.0254378089253,2.01257897737357
"GSM8121900_athero_human_7.txt.gz","Plate_20_101s_F18Plate_20_101s_F18_accepted_hits_sorted_rm_dup","symptomatic","t_nk","C1",-12.0914122042123,-3.17715430343886
"GSM8121900_athero_human_7.txt.gz","Plate_20_101s_F19Plate_20_101s_F19_accepted_hits_sorted_rm_dup","symptomatic","macrophage","C5",-16.4147705965394,5.64934621053159
"GSM8121900_athero_human_7.txt.gz","Plate_20_101s_F20Plate_20_101s_F20_accepted_hits_sorted_rm_dup","symptomatic","fibroblast","C10",15.036600680342,-0.929105555206396
"GSM8121900_athero_human_7.txt.gz","Plate_20_101s_F22Plate_20_101s_F22_accepted_hits_sorted_rm_dup","symptomatic","macrophage","C5",-19.2673666269304,4.43161790301572
"GSM8121900_athero_human_7.txt.gz","Plate_20_101s_F23Plate_20_101s_F23_accepted_hits_sorted_rm_dup","symptomatic","b_cell","C3",-8.36280148136932,1.09812108867377
"GSM8121900_athero_human_7.txt.gz","Plate_20_101s_F24Plate_20_101s_F24_accepted_hits_sorted_rm_dup","symptomatic","macrophage","C4",-20.320219172917,-5.3544796424609
"GSM8121900_athero_human_7.txt.gz","Plate_20_101s_G01Plate_20_101s_G01_accepted_hits_sorted_rm_dup","symptomatic","macrophage","C4",-20.1372005387883,-6.14490420751227
"GSM8121900_athero_human_7.txt.gz","Plate_20_101s_G03Plate_20_101s_G03_accepted_hits_sorted_rm_dup","symptomatic","macrophage","C3",-20.9500401579479,0.748843436798245
"GSM8121900_athero_human_7.txt.gz","Plate_20_101s_G04Plate_20_101s_G04_accepted_hits_sorted_rm_dup","symptomatic","macrophage","C3",-20.8712887008475,2.09175833825293
"GSM8121900_athero_human_7.txt.gz","Plate_20_101s_G05Plate_20_101s_G05_accepted_hits_sorted_rm_dup","symptomatic","macrophage","C3",-20.1124650589649,-1.17735640409677
"GSM8121900_athero_human_7.txt.gz","Plate_20_101s_G07Plate_20_101s_G07_accepted_hits_sorted_rm_dup","symptomatic","macrophage","C3",-21.9262463410802,-1.69551510748056
"GSM8121900_athero_human_7.txt.gz","Plate_20_101s_G08Plate_20_101s_G08_accepted_hits_sorted_rm_dup","symptomatic","macrophage","C4",-19.3522301601538,-6.02857337285783
"GSM8121900_athero_human_7.txt.gz","Plate_20_101s_G09Plate_20_101s_G09_accepted_hits_sorted_rm_dup","symptomatic","macrophage","C3",-21.1383067101426,0.576189346028481
"GSM8121900_athero_human_7.txt.gz","Plate_20_101s_G10Plate_20_101s_G10_accepted_hits_sorted_rm_dup","symptomatic","macrophage","C5",-18.7734765893317,7.62472720618612
"GSM8121900_athero_human_7.txt.gz","Plate_20_101s_G11Plate_20_101s_G11_accepted_hits_sorted_rm_dup","symptomatic","macrophage","C4",-14.9142901335114,-8.13479497668944
"GSM8121900_athero_human_7.txt.gz","Plate_20_101s_G12Plate_20_101s_G12_accepted_hits_sorted_rm_dup","symptomatic","t_nk","C1",-12.1219417842164,-3.67900332942465
"GSM8121900_athero_human_7.txt.gz","Plate_20_101s_G13Plate_20_101s_G13_accepted_hits_sorted_rm_dup","symptomatic","macrophage","C4",-20.4837313329061,-5.46929834131887
"GSM8121900_athero_human_7.txt.gz","Plate_20_101s_G14Plate_20_101s_G14_accepted_hits_sorted_rm_dup","symptomatic","macrophage","C3",-20.5225201002653,7.40763587010342
"GSM8121900_athero_human_7.txt.gz","Plate_20_101s_G17Plate_20_101s_G17_accepted_hits_sorted_rm_dup","symptomatic","macrophage","C4",-18.3781834113042,-10.0314805805257
"GSM8121900_athero_human_7.txt.gz","Plate_20_101s_G18Plate_20_101s_G18_accepted_hits_sorted_rm_dup","symptomatic","macrophage","C5",-20.7811654600976,3.5997515200509
"GSM8121900_athero_human_7.txt.gz","Plate_20_101s_G19Plate_20_101s_G19_accepted_hits_sorted_rm_dup","symptomatic","unassigned","C1",-12.6304376820764,1.37398149225889
"GSM8121900_athero_human_7.txt.gz","Plate_20_101s_G20Plate_20_101s_G20_accepted_hits_sorted_rm_dup","symptomatic","macrophage","C9",-20.0746625791651,-4.53569807032362
"GSM8121900_athero_human_7.txt.gz","Plate_20_101s_G21Plate_20_101s_G21_accepted_hits_sorted_rm_dup","symptomatic","macrophage","C3",-19.9792326186399,-1.9816314132593
"GSM8121900_athero_human_7.txt.gz","Plate_20_101s_G22Plate_20_101s_G22_accepted_hits_sorted_rm_dup","symptomatic","macrophage","C3",-21.3409875525032,2.875501804761
"GSM8121900_athero_human_7.txt.gz","Plate_20_101s_G23Plate_20_101s_G23_accepted_hits_sorted_rm_dup","symptomatic","macrophage","C3",-22.9470198051782,0.983172051103831
"GSM8121900_athero_human_7.txt.gz","Plate_20_101s_G24Plate_20_101s_G24_accepted_hits_sorted_rm_dup","symptomatic","macrophage","C5",-23.0346222848139,5.73132219890708
"GSM8121900_athero_human_7.txt.gz","Plate_20_101s_H01Plate_20_101s_H01_accepted_hits_sorted_rm_dup","symptomatic","macrophage","C4",-19.5295502378924,-6.45429282107079
"GSM8121900_athero_human_7.txt.gz","Plate_20_101s_H02Plate_20_101s_H02_accepted_hits_sorted_rm_dup","symptomatic","macrophage","C9",-20.4962348524543,-1.09206085632032
"GSM8121900_athero_human_7.txt.gz","Plate_20_101s_H03Plate_20_101s_H03_accepted_hits_sorted_rm_dup","symptomatic","macrophage","C4",-20.9946910399644,-6.46109879284625
"GSM8121900_athero_human_7.txt.gz","Plate_20_101s_H04Plate_20_101s_H04_accepted_hits_sorted_rm_dup","symptomatic","macrophage","C4",-18.4947518464819,-5.99583454885935
"GSM8121900_athero_human_7.txt.gz","Plate_20_101s_H05Plate_20_101s_H05_accepted_hits_sorted_rm_dup","symptomatic","macrophage","C3",-19.5635873650166,-0.66945644162009
"GSM8121900_athero_human_7.txt.gz","Plate_20_101s_H06Plate_20_101s_H06_accepted_hits_sorted_rm_dup","symptomatic","macrophage","C5",-19.3446329973228,4.85449269493947
"GSM8121900_athero_human_7.txt.gz","Plate_20_101s_H08Plate_20_101s_H08_accepted_hits_sorted_rm_dup","symptomatic","vsmc","C10",9.77679886686291,0.309387306471536
"GSM8121900_athero_human_7.txt.gz","Plate_20_101s_H12Plate_20_101s_H12_accepted_hits_sorted_rm_dup","symptomatic","mast","C1",-10.4699272523035,-1.77265117003044
"GSM8121900_athero_human_7.txt.gz","Plate_20_101s_H13Plate_20_101s_H13_accepted_hits_sorted_rm_dup","symptomatic","t_nk","C1",-12.4336756579515,-5.77853445564287
"GSM8121900_athero_human_7.txt.gz","Plate_20_101s_H14Plate_20_101s_H14_accepted_hits_sorted_rm_dup","symptomatic","macrophage","C4",-20.3156352640568,-3.24510111884321
"GSM8121900_athero_human_7.txt.gz","Plate_20_101s_H15Plate_20_101s_H15_accepted_hits_sorted_rm_dup","symptomatic","endothelial","C7",5.28771841793558,-7.78331183501729
"GSM8121900_athero_human_7.txt.gz","Plate_20_101s_H16Plate_20_101s_H16_accepted_hits_sorted_rm_dup","symptomatic","macrophage","C3",-19.3226918989249,-1.49729657809998
"GSM8121900_athero_human_7.txt.gz","Plate_20_101s_H17Plate_20_101s_H17_accepted_hits_sorted_rm_dup","symptomatic","macrophage","C3",-20.1363675959248,-0.392263807600813
"GSM8121900_athero_human_7.txt.gz","Plate_20_101s_H18Plate_20_101s_H18_accepted_hits_sorted_rm_dup","symptomatic","unassigned","C7",1.28441245275826,-9.11781857628669
"GSM8121900_athero_human_7.txt.gz","Plate_20_101s_H19Plate_20_101s_H19_accepted_hits_sorted_rm_dup","symptomatic","macrophage","C3",-21.7817652619254,-2.5588578441115
"GSM8121900_athero_human_7.txt.gz","Plate_20_101s_H20Plate_20_101s_H20_accepted_hits_sorted_rm_dup","symptomatic","macrophage","C4",-17.5213670695531,-2.7643894798202
"GSM8121900_athero_human_7.txt.gz","Plate_20_101s_H21Plate_20_101s_H21_accepted_hits_sorted_rm_dup","symptomatic","macrophage","C4",-15.6901951982758,-8.27644528910719
"GSM8121900_athero_human_7.txt.gz","Plate_20_101s_H22Plate_20_101s_H22_accepted_hits_sorted_rm_dup","symptomatic","macrophage","C3",-19.8714900012706,2.88838209181391
"GSM8121900_athero_human_7.txt.gz","Plate_20_101s_H23Plate_20_101s_H23_accepted_hits_sorted_rm_dup","symptomatic","macrophage","C4",-19.7417855540513,-4.72556156999503
"GSM8121900_athero_human_7.txt.gz","Plate_20_101s_I01Plate_20_101s_I01_accepted_hits_sorted_rm_dup","symptomatic","t_nk","C1",-12.6916798873055,-5.12585831392299
"GSM8121900_athero_human_7.txt.gz","Plate_20_101s_I02Plate_20_101s_I02_accepted_hits_sorted_rm_dup","symptomatic","macrophage","C9",-21.7402188921019,-0.396648755837256
"GSM8121900_athero_human_7.txt.gz","Plate_20_101s_I03Plate_20_101s_I03_accepted_hits_sorted_rm_dup","symptomatic","macrophage","C3",-20.0625781129077,-2.55249718614404
"GSM8121900_athero_human_7.txt.gz","Plate_20_101s_I04Plate_20_101s_I04_accepted_hits_sorted_rm_dup","symptomatic","fibroblast","C10",11.6974676687965,5.65887302948698
"GSM8121900_athero_human_7.txt.gz","Plate_20_101s_I06Plate_20_101s_I06_accepted_hits_sorted_rm_dup","symptomatic","t_nk","C1",-12.7850470997958,-5.86637324891585
"GSM8121900_athero_human_7.txt.gz","Plate_20_101s_I09Plate_20_101s_I09_accepted_hits_sorted_rm_dup","symptomatic","macrophage","C5",-20.6084190236365,3.20076229610317
"GSM8121900_athero_human_7.txt.gz","Plate_20_101s_I10Plate_20_101s_I10_accepted_hits_sorted_rm_dup","symptomatic","macrophage","C4",-17.4011665481755,-3.66702191415055
"GSM8121900_athero_human_7.txt.gz","Plate_20_101s_I11Plate_20_101s_I11_accepted_hits_sorted_rm_dup","symptomatic","macrophage","C3",-20.2832547757832,-0.210093410359048
"GSM8121900_athero_human_7.txt.gz","Plate_20_101s_I12Plate_20_101s_I12_accepted_hits_sorted_rm_dup","symptomatic","macrophage","C4",-20.0899733627288,-3.88907319197861
"GSM8121900_athero_human_7.txt.gz","Plate_20_101s_I13Plate_20_101s_I13_accepted_hits_sorted_rm_dup","symptomatic","macrophage","C3",-19.4765618411235,1.28108594019471
"GSM8121900_athero_human_7.txt.gz","Plate_20_101s_I16Plate_20_101s_I16_accepted_hits_sorted_rm_dup","symptomatic","macrophage","C5",-19.9986139942166,4.10786564207659
"GSM8121900_athero_human_7.txt.gz","Plate_20_101s_I17Plate_20_101s_I17_accepted_hits_sorted_rm_dup","symptomatic","macrophage","C4",-17.7141809981477,-1.09427833535165
"GSM8121900_athero_human_7.txt.gz","Plate_20_101s_I18Plate_20_101s_I18_accepted_hits_sorted_rm_dup","symptomatic","macrophage","C3",-18.6866852395184,2.6298758742251
"GSM8121900_athero_human_7.txt.gz","Plate_20_101s_I19Plate_20_101s_I19_accepted_hits_sorted_rm_dup","symptomatic","t_nk","C1",-11.743863735635,-8.10414430394071
"GSM8121900_athero_human_7.txt.gz","Plate_20_101s_I20Plate_20_101s_I20_accepted_hits_sorted_rm_dup","symptomatic","macrophage","C4",-19.0635687086902,-2.47232309405494
"GSM8121900_athero_human_7.txt.gz","Plate_20_101s_I21Plate_20_101s_I21_accepted_hits_sorted_rm_dup","symptomatic","macrophage","C5",-19.4639246358669,9.55626252178304
"GSM8121900_athero_human_7.txt.gz","Plate_20_101s_I22Plate_20_101s_I22_accepted_hits_sorted_rm_dup","symptomatic","macrophage","C3",-17.1378684598248,4.40986227130108
"GSM8121900_athero_human_7.txt.gz","Plate_20_101s_I23Plate_20_101s_I23_accepted_hits_sorted_rm_dup","symptomatic","macrophage","C4",-19.5260670631507,-5.71421519500759
"GSM8121900_athero_human_7.txt.gz","Plate_20_101s_I24Plate_20_101s_I24_accepted_hits_sorted_rm_dup","symptomatic","macrophage","C3",-21.7028936263889,4.35265418425961
"GSM8121900_athero_human_7.txt.gz","Plate_20_101s_J01Plate_20_101s_J01_accepted_hits_sorted_rm_dup","symptomatic","t_nk","C1",-10.6634800745531,-4.14932260544167
"GSM8121900_athero_human_7.txt.gz","Plate_20_101s_J02Plate_20_101s_J02_accepted_hits_sorted_rm_dup","symptomatic","macrophage","C9",-20.9483064273327,-2.43378268759732
"GSM8121900_athero_human_7.txt.gz","Plate_20_101s_J03Plate_20_101s_J03_accepted_hits_sorted_rm_dup","symptomatic","t_nk","C1",-12.33385629291,-6.92311604339324
"GSM8121900_athero_human_7.txt.gz","Plate_20_101s_J05Plate_20_101s_J05_accepted_hits_sorted_rm_dup","symptomatic","macrophage","C9",-14.2255737588941,1.37651527774155
"GSM8121900_athero_human_7.txt.gz","Plate_20_101s_J06Plate_20_101s_J06_accepted_hits_sorted_rm_dup","symptomatic","macrophage","C3",-23.5613106429542,-2.10448108931615
"GSM8121900_athero_human_7.txt.gz","Plate_20_101s_J07Plate_20_101s_J07_accepted_hits_sorted_rm_dup","symptomatic","macrophage","C3",-22.4579172400938,0.811092048660331
"GSM8121900_athero_human_7.txt.gz","Plate_20_101s_J08Plate_20_101s_J08_accepted_hits_sorted_rm_dup","symptomatic","t_nk","C1",-11.2513804517063,-8.45190456604158
"GSM8121900_athero_human_7.txt.gz","Plate_20_101s_J10Plate_20_101s_J10_accepted_hits_sorted_rm_dup","symptomatic","t_nk","C1",-12.3455410729594,-3.87322830419571
"GSM8121900_athero_human_7.txt.gz","Plate_20_101s_J11Plate_20_101s_J11_accepted_hits_sorted_rm_dup","symptomatic","macrophage","C4",-21.2031068799717,-2.61782946760566
"GSM8121900_athero_human_7.txt.gz","Plate_20_101s_J12Plate_20_101s_J12_accepted_hits_sorted_rm_dup","symptomatic","t_nk","C1",-10.4204016441481,-1.53773994344248
"GSM8121900_athero_human_7.txt.gz","Plate_20_101s_J13Plate_20_101s_J13_accepted_hits_sorted_rm_dup","symptomatic","macrophage","C3",-23.9050532692679,-2.13765903797483
"GSM8121900_athero_human_7.txt.gz","Plate_20_101s_J14Plate_20_101s_J14_accepted_hits_sorted_rm_dup","symptomatic","macrophage","C4",-19.0761154543717,-6.01472843524896
"GSM8121900_athero_human_7.txt.gz","Plate_20_101s_J19Plate_20_101s_J19_accepted_hits_sorted_rm_dup","symptomatic","macrophage","C3",-20.9303163897582,0.884998539080859
"GSM8121900_athero_human_7.txt.gz","Plate_20_101s_J20Plate_20_101s_J20_accepted_hits_sorted_rm_dup","symptomatic","macrophage","C3",-18.9499544690022,-1.18790345054252
"GSM8121900_athero_human_7.txt.gz","Plate_20_101s_J21Plate_20_101s_J21_accepted_hits_sorted_rm_dup","symptomatic","macrophage","C3",-20.6332196236739,-1.31532023272661
"GSM8121900_athero_human_7.txt.gz","Plate_20_101s_J23Plate_20_101s_J23_accepted_hits_sorted_rm_dup","symptomatic","unassigned","C3",-20.6824609172904,5.02001247700044
"GSM8121900_athero_human_7.txt.gz","Plate_20_101s_K01Plate_20_101s_K01_accepted_hits_sorted_rm_dup","symptomatic","t_nk","C1",-12.318791210504,-2.17055978226544
"GSM8121900_athero_human_7.txt.gz","Plate_20_101s_K02Plate_20_101s_K02_accepted_hits_sorted_rm_dup","symptomatic","t_nk","C1",-13.5079061636597,-3.63958385667674
"GSM8121900_athero_human_7.txt.gz","Plate_20_101s_K03Plate_20_101s_K03_accepted_hits_sorted_rm_dup","symptomatic","macrophage","C3",-22.6521788873096,-1.6613449999923
"GSM8121900_athero_human_7.txt.gz","Plate_20_101s_K04Plate_20_101s_K04_accepted_hits_sorted_rm_dup","symptomatic","t_nk","C1",-11.3771557468758,-1.89627914044219
"GSM8121900_athero_human_7.txt.gz","Plate_20_101s_K05Plate_20_101s_K05_accepted_hits_sorted_rm_dup","symptomatic","t_nk","C1",-12.9681118814996,-5.23310432330378
"GSM8121900_athero_human_7.txt.gz","Plate_20_101s_K06Plate_20_101s_K06_accepted_hits_sorted_rm_dup","symptomatic","macrophage","C9",-21.1783964448419,-0.667838720898293
"GSM8121900_athero_human_7.txt.gz","Plate_20_101s_K07Plate_20_101s_K07_accepted_hits_sorted_rm_dup","symptomatic","macrophage","C3",-20.803987455275,3.4456171072699
"GSM8121900_athero_human_7.txt.gz","Plate_20_101s_K08Plate_20_101s_K08_accepted_hits_sorted_rm_dup","symptomatic","macrophage","C3",-20.2105329855247,-0.98769458482987
"GSM8121900_athero_human_7.txt.gz","Plate_20_101s_K10Plate_20_101s_K10_accepted_hits_sorted_rm_dup","symptomatic","macrophage","C5",-21.8180971898201,3.27845758617847
"GSM8121900_athero_human_7.txt.gz","Plate_20_101s_K11Plate_20_101s_K11_accepted_hits_sorted_rm_dup","symptomatic","macrophage","C3",-19.2607321635359,-0.298825551832903
"GSM8121900_athero_human_7.txt.gz","Plate_20_101s_K13Plate_20_101s_K13_accepted_hits_sorted_rm_dup","symptomatic","endothelial","C6",3.48307435558899,11.0641588927827
"GSM8121900_athero_human_7.txt.gz","Plate_20_101s_K14Plate_20_101s_K14_accepted_hits_sorted_rm_dup","symptomatic","macrophage","C4",-17.7223596299818,-6.1025910261298
"GSM8121900_athero_human_7.txt.gz","Plate_20_101s_K15Plate_20_101s_K15_accepted_hits_sorted_rm_dup","symptomatic","macrophage","C3",-21.319997843984,1.03989686103261
"GSM8121900_athero_human_7.txt.gz","Plate_20_101s_K16Plate_20_101s_K16_accepted_hits_sorted_rm_dup","symptomatic","macrophage","C4",-19.7344557652003,-2.98741598978456
"GSM8121900_athero_human_7.txt.gz","Plate_20_101s_K17Plate_20_101s_K17_accepted_hits_sorted_rm_dup","symptomatic","macrophage","C3",-21.0305935232095,1.79253450995803
"GSM8121900_athero_human_7.txt.gz","Plate_20_101s_K18Plate_20_101s_K18_accepted_hits_sorted_rm_dup","symptomatic","macrophage","C4",-17.9220750277534,-3.70474259581805
"GSM8121900_athero_human_7.txt.gz","Plate_20_101s_K19Plate_20_101s_K19_accepted_hits_sorted_rm_dup","symptomatic","macrophage","C3",-20.132521521295,-1.30256933119203
"GSM8121900_athero_human_7.txt.gz","Plate_20_101s_K20Plate_20_101s_K20_accepted_hits_sorted_rm_dup","symptomatic","macrophage","C3",-22.4051916533085,0.275731878747362
"GSM8121900_athero_human_7.txt.gz","Plate_20_101s_K21Plate_20_101s_K21_accepted_hits_sorted_rm_dup","symptomatic","endothelial","C3",-15.4945539661174,-1.91119357359573
"GSM8121900_athero_human_7.txt.gz","Plate_20_101s_K22Plate_20_101s_K22_accepted_hits_sorted_rm_dup","symptomatic","macrophage","C3",-20.5736430666491,-0.0073584910310345
"GSM8121900_athero_human_7.txt.gz","Plate_20_101s_K23Plate_20_101s_K23_accepted_hits_sorted_rm_dup","symptomatic","macrophage","C3",-20.1346502662002,-1.91999281617516
"GSM8121900_athero_human_7.txt.gz","Plate_20_101s_K24Plate_20_101s_K24_accepted_hits_sorted_rm_dup","symptomatic","macrophage","C4",-18.4565360414063,-4.93238303965705
"GSM8121900_athero_human_7.txt.gz","Plate_20_101s_L01Plate_20_101s_L01_accepted_hits_sorted_rm_dup","symptomatic","t_nk","C1",-8.06775373788679,-4.47872187257468
"GSM8121900_athero_human_7.txt.gz","Plate_20_101s_L02Plate_20_101s_L02_accepted_hits_sorted_rm_dup","symptomatic","macrophage","C3",-19.0853427759914,-0.590915484884868
"GSM8121900_athero_human_7.txt.gz","Plate_20_101s_L03Plate_20_101s_L03_accepted_hits_sorted_rm_dup","symptomatic","t_nk","C1",-9.30302630451737,-2.42888462981688
"GSM8121900_athero_human_7.txt.gz","Plate_20_101s_L04Plate_20_101s_L04_accepted_hits_sorted_rm_dup","symptomatic","t_nk","C1",-7.82971534644994,-1.10124005766593
"GSM8121900_athero_human_7.txt.gz","Plate_20_101s_L06Plate_20_101s_L06_accepted_hits_sorted_rm_dup","symptomatic","macrophage","C3",-21.0966361517099,-2.80658819308918
"GSM8121900_athero_human_7.txt.gz","Plate_20_101s_L07Plate_20_101s_L07_accepted_hits_sorted_rm_dup","symptomatic","fibroblast","C2",11.5502398156082,-0.621711935654752
"GSM8121900_athero_human_7.txt.gz","Plate_20_101s_L08Plate_20_101s_L08_accepted_hits_sorted_rm_dup","symptomatic","t_nk","C1",-7.10191209365803,-6.26729799463071
"GSM8121900_athero_human_7.txt.gz","Plate_20_101s_L09Plate_20_101s_L09_accepted_hits_sorted_rm_dup","symptomatic","macrophage","C3",-16.9052426223105,1.49831353159012
"GSM8121900_athero_human_7.txt.gz","Plate_20_101s_L10Plate_20_101s_L10_accepted_hits_sorted_rm_dup","symptomatic","unassigned","C10",13.8113393875187,4.56147818192052
"GSM8121900_athero_human_7.txt.gz","Plate_20_101s_L11Plate_20_101s_L11_accepted_hits_sorted_rm_dup","symptomatic","vsmc","C2",15.7630268018343,2.17763841503745
"GSM8121900_athero_human_7.txt.gz","Plate_20_101s_L12Plate_20_101s_L12_accepted_hits_sorted_rm_dup","symptomatic","macrophage","C3",-19.0019598675945,7.43378011067048
"GSM8121900_athero_human_7.txt.gz","Plate_20_101s_L13Plate_20_101s_L13_accepted_hits_sorted_rm_dup","symptomatic","macrophage","C3",-18.0339363065517,-0.382316361716125
"GSM8121900_athero_human_7.txt.gz","Plate_20_101s_L14Plate_20_101s_L14_accepted_hits_sorted_rm_dup","symptomatic","macrophage","C4",-14.9447477151748,-5.26124778006397
"GSM8121900_athero_human_7.txt.gz","Plate_20_101s_L15Plate_20_101s_L15_accepted_hits_sorted_rm_dup","symptomatic","vsmc","C2",14.6259994315157,0.311870327330089
"GSM8121900_athero_human_7.txt.gz","Plate_20_101s_L16Plate_20_101s_L16_accepted_hits_sorted_rm_dup","symptomatic","macrophage","C4",-19.019042590808,-3.64300078179726
"GSM8121900_athero_human_7.txt.gz","Plate_20_101s_L19Plate_20_101s_L19_accepted_hits_sorted_rm_dup","symptomatic","macrophage","C4",-18.3161270705811,-6.56273749918421
"GSM8121900_athero_human_7.txt.gz","Plate_20_101s_L20Plate_20_101s_L20_accepted_hits_sorted_rm_dup","symptomatic","macrophage","C4",-16.6207943719716,-4.81777462813887
"GSM8121900_athero_human_7.txt.gz","Plate_20_101s_L21Plate_20_101s_L21_accepted_hits_sorted_rm_dup","symptomatic","macrophage","C3",-16.5927084814224,0.434747336689794
"GSM8121900_athero_human_7.txt.gz","Plate_20_101s_L22Plate_20_101s_L22_accepted_hits_sorted_rm_dup","symptomatic","t_nk","C1",-9.41220991433638,-0.489264268309283
"GSM8121900_athero_human_7.txt.gz","Plate_20_101s_L23Plate_20_101s_L23_accepted_hits_sorted_rm_dup","symptomatic","vsmc","C2",16.7190252765916,-2.69243303822309
"GSM8121900_athero_human_7.txt.gz","Plate_20_101s_L24Plate_20_101s_L24_accepted_hits_sorted_rm_dup","symptomatic","t_nk","C1",-9.81926412251409,-5.69874063473826
"GSM8121900_athero_human_7.txt.gz","Plate_20_101s_M02Plate_20_101s_M02_accepted_hits_sorted_rm_dup","symptomatic","macrophage","C9",-20.3620853697547,-4.89853408820703
"GSM8121900_athero_human_7.txt.gz","Plate_20_101s_M03Plate_20_101s_M03_accepted_hits_sorted_rm_dup","symptomatic","macrophage","C3",-21.8689082877316,-1.91795614051311
"GSM8121900_athero_human_7.txt.gz","Plate_20_101s_M04Plate_20_101s_M04_accepted_hits_sorted_rm_dup","symptomatic","t_nk","C1",-8.83799281702836,-1.78958392908937
"GSM8121900_athero_human_7.txt.gz","Plate_20_101s_M05Plate_20_101s_M05_accepted_hits_sorted_rm_dup","symptomatic","macrophage","C9",-20.5889133864996,-0.334978451355298
"GSM8121900_athero_human_7.txt.gz","Plate_20_101s_M07Plate_20_101s_M07_accepted_hits_sorted_rm_dup","symptomatic","macrophage","C4",-17.5655957444204,-1.94315423231677
"GSM8121900_athero_human_7.txt.gz","Plate_20_101s_M08Plate_20_101s_M08_accepted_hits_sorted_rm_dup","symptomatic","macrophage","C3",-18.9100485770072,-2.89143021161329
"GSM8121900_athero_human_7.txt.gz","Plate_20_101s_M09Plate_20_101s_M09_accepted_hits_sorted_rm_dup","symptomatic","unassigned","C5",-11.7156420473197,6.83318116789818
"GSM8121900_athero_human_7.txt.gz","Plate_20_101s_M10Plate_20_101s_M10_accepted_hits_sorted_rm_dup","symptomatic","t_nk","C1",-8.78871581974038,3.96435598251361
"GSM8121900_athero_human_7.txt.gz","Plate_20_101s_M11Plate_20_101s_M11_accepted_hits_sorted_rm_dup","symptomatic","macrophage","C3",-20.1974610376733,-0.203984369987421
"GSM8121900_athero_human_7.txt.gz","Plate_20_101s_M12Plate_20_101s_M12_accepted_hits_sorted_rm_dup","symptomatic","mast","C7",3.36390339721291,-10.3590091080676
"GSM8121900_athero_human_7.txt.gz","Plate_20_101s_M13Plate_20_101s_M13_accepted_hits_sorted_rm_dup","symptomatic","b_cell","C2",8.2442631699791,-1.25851342370681
"GSM8121900_athero_human_7.txt.gz","Plate_20_101s_M14Plate_20_101s_M14_accepted_hits_sorted_rm_dup","symptomatic","t_nk","C1",-9.38802963808002,-3.93069899818204
"GSM8121900_athero_human_7.txt.gz","Plate_20_101s_M15Plate_20_101s_M15_accepted_hits_sorted_rm_dup","symptomatic","macrophage","C4",-19.4926168998408,-9.46130590768081
"GSM8121900_athero_human_7.txt.gz","Plate_20_101s_M16Plate_20_101s_M16_accepted_hits_sorted_rm_dup","symptomatic","t_nk","C1",-9.20444209028033,-3.20801327431554
"GSM8121900_athero_human_7.txt.gz","Plate_20_101s_M17Plate_20_101s_M17_accepted_hits_sorted_rm_dup","symptomatic","macrophage","C3",-19.3279327869719,-0.45586154712979
"GSM8121900_athero_human_7.txt.gz","Plate_20_101s_M18Plate_20_101s_M18_accepted_hits_sorted_rm_dup","symptomatic","macrophage","C3",-21.4042176787072,1.97107422381017
"GSM8121900_athero_human_7.txt.gz","Plate_20_101s_M19Plate_20_101s_M19_accepted_hits_sorted_rm_dup","symptomatic","vsmc","C2",16.3842067376179,-0.144599059457252
"GSM8121900_athero_human_7.txt.gz","Plate_20_101s_M20Plate_20_101s_M20_accepted_hits_sorted_rm_dup","symptomatic","macrophage","C4",-18.6589209559853,-4.98248493521701
"GSM8121900_athero_human_7.txt.gz","Plate_20_101s_M21Plate_20_101s_M21_accepted_hits_sorted_rm_dup","symptomatic","t_nk","C1",-9.82373032189505,-0.801002846563881
"GSM8121900_athero_human_7.txt.gz","Plate_20_101s_M22Plate_20_101s_M22_accepted_hits_sorted_rm_dup","symptomatic","macrophage","C5",-17.1764733036447,9.52795529965383
"GSM8121900_athero_human_7.txt.gz","Plate_20_101s_M23Plate_20_101s_M23_accepted_hits_sorted_rm_dup","symptomatic","macrophage","C4",-18.5793911964088,-3.93655153130856
"GSM8121900_athero_human_7.txt.gz","Plate_20_101s_M24Plate_20_101s_M24_accepted_hits_sorted_rm_dup","symptomatic","mast","C3",-15.5271538650747,3.18110058195578
"GSM8121900_athero_human_7.txt.gz","Plate_20_101s_N02Plate_20_101s_N02_accepted_hits_sorted_rm_dup","symptomatic","macrophage","C4",-19.8734418183204,-3.62041704806568
"GSM8121900_athero_human_7.txt.gz","Plate_20_101s_N04Plate_20_101s_N04_accepted_hits_sorted_rm_dup","symptomatic","t_nk","C1",-8.59803601654866,-5.35140346448651
"GSM8121900_athero_human_7.txt.gz","Plate_20_101s_N05Plate_20_101s_N05_accepted_hits_sorted_rm_dup","symptomatic","t_nk","C1",-10.4880819735546,-3.82574208513062
"GSM8121900_athero_human_7.txt.gz","Plate_20_101s_N07Plate_20_101s_N07_accepted_hits_sorted_rm_dup","symptomatic","t_nk","C1",-8.99027791338987,-1.96021904353714
"GSM8121900_athero_human_7.txt.gz","Plate_20_101s_N08Plate_20_101s_N08_accepted_hits_sorted_rm_dup","symptomatic","macrophage","C3",-21.610350185636,-0.898910012078523
"GSM8121900_athero_human_7.txt.gz","Plate_20_101s_N09Plate_20_101s_N09_accepted_hits_sorted_rm_dup","symptomatic","macrophage","C4",-17.7531244863721,1.07836103563863
"GSM8121900_athero_human_7.txt.gz","Plate_20_101s_N10Plate_20_101s_N10_accepted_hits_sorted_rm_dup","symptomatic","unassigned","C4",-12.2349023659336,-4.86329281850574
"GSM8121900_athero_human_7.txt.gz","Plate_20_101s_N11Plate_20_101s_N11_accepted_hits_sorted_rm_dup","symptomatic","t_nk","C1",-11.0635245798266,-5.22301375669558
"GSM8121900_athero_human_7.txt.gz","Plate_20_101s_N12Plate_20_101s_N12_accepted_hits_sorted_rm_dup","symptomatic","mast","C4",-16.4374875346322,-7.04372601916316
"GSM8121900_athero_human_7.txt.gz","Plate_20_101s_N13Plate_20_101s_N13_accepted_hits_sorted_rm_dup","symptomatic","macrophage","C4",-18.4810254620346,-7.20305255800441
"GSM8121900_athero_human_7.txt.gz","Plate_20_101s_N14Plate_20_101s_N14_accepted_hits_sorted_rm_dup","symptomatic","macrophage","C4",-20.1125084002543,-3.53170943455363
"GSM8121900_athero_human_7.txt.gz","Plate_20_101s_N15Plate_20_101s_N15_accepted_hits_sorted_rm_dup","symptomatic","fibroblast","C10",13.124877089237,-0.340090471033795
"GSM8121900_athero_human_7.txt.gz","Plate_20_101s_N16Plate_20_101s_N16_accepted_hits_sorted_rm_dup","symptomatic","macrophage","C4",-19.3734569320742,-8.25516272713526
"GSM8121900_athero_human_7.txt.gz","Plate_20_101s_N17Plate_20_101s_N17_accepted_hits_sorted_rm_dup","symptomatic","t_nk","C1",-9.43539105269858,-7.35670541203408
"GSM8121900_athero_human_7.txt.gz","Plate_20_101s_N18Plate_20_101s_N18_accepted_hits_sorted_rm_dup","symptomatic","macrophage","C4",-18.6455499743719,-5.86561774559728
"GSM8121900_athero_human_7.txt.gz","Plate_20_101s_N19Plate_20_101s_N19_accepted_hits_sorted_rm_dup","symptomatic","macrophage","C3",-19.5473916786847,1.96316256441029
"GSM8121900_athero_human_7.txt.gz","Plate_20_101s_N21Plate_20_101s_N21_accepted_hits_sorted_rm_dup","symptomatic","macrophage","C3",-20.987716695469,1.87610179250904
"GSM8121900_athero_human_7.txt.gz","Plate_20_101s_N22Plate_20_101s_N22_accepted_hits_sorted_rm_dup","symptomatic","macrophage","C3",-21.9599485002461,0.849581605368062
"GSM8121900_athero_human_7.txt.gz","Plate_20_101s_N23Plate_20_101s_N23_accepted_hits_sorted_rm_dup","symptomatic","macrophage","C3",-20.9061324311753,-1.15610636620837
"GSM8121900_athero_human_7.txt.gz","Plate_20_101s_N24Plate_20_101s_N24_accepted_hits_sorted_rm_dup","symptomatic","t_nk","C1",-10.5005633470233,-7.76628192936891
"GSM8121900_athero_human_7.txt.gz","Plate_20_101s_O01Plate_20_101s_O01_accepted_hits_sorted_rm_dup","symptomatic","macrophage","C5",-19.4396376298244,3.0318977541922
"GSM8121900_athero_human_7.txt.gz","Plate_20_101s_O02Plate_20_101s_O02_accepted_hits_sorted_rm_dup","symptomatic","macrophage","C4",-22.5258639721443,-5.79814160306333
"GSM8121900_athero_human_7.txt.gz","Plate_20_101s_O03Plate_20_101s_O03_accepted_hits_sorted_rm_dup","symptomatic","macrophage","C3",-21.6810164369304,-1.75985679990773
"GSM8121900_athero_human_7.txt.gz","Plate_20_101s_O04Plate_20_101s_O04_accepted_hits_sorted_rm_dup","symptomatic","macrophage","C3",-20.7940255891269,3.63541088192214
"GSM8121900_athero_human_7.txt.gz","Plate_20_101s_O05Plate_20_101s_O05_accepted_hits_sorted_rm_dup","symptomatic","macrophage","C3",-21.801025255881,3.95911764053331
"GSM8121900_athero_human_7.txt.gz","Plate_20_101s_O07Plate_20_101s_O07_accepted_hits_sorted_rm_dup","symptomatic","mast","C3",-13.8101741104686,2.33028309642874
"GSM8121900_athero_human_7.txt.gz","Plate_20_101s_O08Plate_20_101s_O08_accepted_hits_sorted_rm_dup","symptomatic","macrophage","C4",-11.8131184713952,-11.2404663201281
"GSM8121900_athero_human_7.txt.gz","Plate_20_101s_O09Plate_20_101s_O09_accepted_hits_sorted_rm_dup","symptomatic","fibroblast","C10",13.4055286790594,-3.42520610180011
"GSM8121900_athero_human_7.txt.gz","Plate_20_101s_O11Plate_20_101s_O11_accepted_hits_sorted_rm_dup","symptomatic","macrophage","C4",-20.2358684315293,-2.88565079470453
"GSM8121900_athero_human_7.txt.gz","Plate_20_101s_O12Plate_20_101s_O12_accepted_hits_sorted_rm_dup","symptomatic","macrophage","C4",-18.7156948682492,-1.29946191123407
"GSM8121900_athero_human_7.txt.gz","Plate_20_101s_O13Plate_20_101s_O13_accepted_hits_sorted_rm_dup","symptomatic","macrophage","C3",-22.3547110643193,-2.11313637585213
"GSM8121900_athero_human_7.txt.gz","Plate_20_101s_O14Plate_20_101s_O14_accepted_hits_sorted_rm_dup","symptomatic","t_nk","C1",-10.5133552222096,-3.10179846551287
"GSM8121900_athero_human_7.txt.gz","Plate_20_101s_O16Plate_20_101s_O16_accepted_hits_sorted_rm_dup","symptomatic","macrophage","C4",-18.8685058727497,-4.77290128725096
"GSM8121900_athero_human_7.txt.gz","Plate_20_101s_O18Plate_20_101s_O18_accepted_hits_sorted_rm_dup","symptomatic","macrophage","C3",-20.9560765342447,-0.9385105198986
"GSM8121900_athero_human_7.txt.gz","Plate_20_101s_O19Plate_20_101s_O19_accepted_hits_sorted_rm_dup","symptomatic","macrophage","C4",-19.3010690662481,-5.36702495461535
"GSM8121900_athero_human_7.txt.gz","Plate_20_101s_O20Plate_20_101s_O20_accepted_hits_sorted_rm_dup","symptomatic","macrophage","C3",-19.7383848114092,-4.24493116957728
"GSM8121900_athero_human_7.txt.gz","Plate_20_101s_O21Plate_20_101s_O21_accepted_hits_sorted_rm_dup","symptomatic","macrophage","C3",-18.6434719377912,-0.260510387010286
"GSM8121900_athero_human_7.txt.gz","Plate_20_101s_O22Plate_20_101s_O22_accepted_hits_sorted_rm_dup","symptomatic","macrophage","C4",-19.4369102990231,-0.787204424197112
"GSM8121900_athero_human_7.txt.gz","Plate_20_101s_O23Plate_20_101s_O23_accepted_hits_sorted_rm_dup","symptomatic","macrophage","C4",-20.123991039046,-7.91389952492033
"GSM8121900_athero_human_7.txt.gz","Plate_20_101s_P01Plate_20_101s_P01_accepted_hits_sorted_rm_dup","symptomatic","macrophage","C3",-20.116341159224,2.1802013983473
"GSM8121900_athero_human_7.txt.gz","Plate_20_101s_P02Plate_20_101s_P02_accepted_hits_sorted_rm_dup","symptomatic","macrophage","C4",-19.6152111778958,-4.46370118580897
"GSM8121900_athero_human_7.txt.gz","Plate_20_101s_P03Plate_20_101s_P03_accepted_hits_sorted_rm_dup","symptomatic","macrophage","C3",-20.4212824129931,-3.00798321757031
"GSM8121900_athero_human_7.txt.gz","Plate_20_101s_P04Plate_20_101s_P04_accepted_hits_sorted_rm_dup","symptomatic","t_nk","C1",-8.41924679142947,-5.65316650991777
"GSM8121900_athero_human_7.txt.gz","Plate_20_101s_P05Plate_20_101s_P05_accepted_hits_sorted_rm_dup","symptomatic","macrophage","C3",-21.5215348163584,1.98711261690647
"GSM8121900_athero_human_7.txt.gz","Plate_20_101s_P08Plate_20_101s_P08_accepted_hits_sorted_rm_dup","symptomatic","macrophage","C3",-20.7242457766804,-1.44872953151819
"GSM8121900_athero_human_7.txt.gz","Plate_20_101s_P09Plate_20_101s_P09_accepted_hits_sorted_rm_dup","symptomatic","macrophage","C3",-20.2647184685307,1.40787280362547
"GSM8121900_athero_human_7.txt.gz","Plate_20_101s_P10Plate_20_101s_P10_accepted_hits_sorted_rm_dup","symptomatic","macrophage","C3",-20.5668925667877,-0.0421167304773365
"GSM8121900_athero_human_7.txt.gz","Plate_20_101s_P11Plate_20_101s_P11_accepted_hits_sorted_rm_dup","symptomatic","macrophage","C3",-19.6266093389962,-1.29944261685295
"GSM8121900_athero_human_7.txt.gz","Plate_20_101s_P13Plate_20_101s_P13_accepted_hits_sorted_rm_dup","symptomatic","macrophage","C4",-20.5330353208634,-4.67146336018336
"GSM8121900_athero_human_7.txt.gz","Plate_20_101s_P15Plate_20_101s_P15_accepted_hits_sorted_rm_dup","symptomatic","t_nk","C1",-8.59403089527305,-4.89425010175669
"GSM8121900_athero_human_7.txt.gz","Plate_20_101s_P16Plate_20_101s_P16_accepted_hits_sorted_rm_dup","symptomatic","macrophage","C4",-19.5200211784513,-8.84102573739197
"GSM8121900_athero_human_7.txt.gz","Plate_20_101s_P17Plate_20_101s_P17_accepted_hits_sorted_rm_dup","symptomatic","macrophage","C3",-17.4516690922926,1.26620617357376
"GSM8121900_athero_human_7.txt.gz","Plate_20_101s_P19Plate_20_101s_P19_accepted_hits_sorted_rm_dup","symptomatic","mast","C5",-18.8596121538945,6.96058165086969
"GSM8121900_athero_human_7.txt.gz","Plate_20_101s_P24Plate_20_101s_P24_accepted_hits_sorted_rm_dup","symptomatic","endothelial","C6",-2.22919091371515,9.42642204705243
"GSM8121901_athero_human_8.txt.gz","Plate_373s_A02","symptomatic","mast","C5",-17.4264761725055,4.66523215419632
"GSM8121901_athero_human_8.txt.gz","Plate_373s_A03","symptomatic","fibroblast","C10",10.6873403610062,4.16579420353203
"GSM8121901_athero_human_8.txt.gz","Plate_373s_A04","symptomatic","macrophage","C3",-14.7806443841335,-4.44529261462477
"GSM8121901_athero_human_8.txt.gz","Plate_373s_A05","symptomatic","macrophage","C3",-17.0539636658021,0.173066717220785
"GSM8121901_athero_human_8.txt.gz","Plate_373s_A06","symptomatic","macrophage","C4",-13.9459952368339,-8.1555030447789
"GSM8121901_athero_human_8.txt.gz","Plate_373s_A07","symptomatic","macrophage","C3",-18.3627979277305,-2.15213647246622
"GSM8121901_athero_human_8.txt.gz","Plate_373s_A10","symptomatic","macrophage","C3",-19.4296307511148,3.04169421169668
"GSM8121901_athero_human_8.txt.gz","Plate_373s_A11","symptomatic","macrophage","C3",-17.9959910754009,1.89482573769887
"GSM8121901_athero_human_8.txt.gz","Plate_373s_A12","symptomatic","macrophage","C5",-17.4202850024968,4.11892876630282
"GSM8121901_athero_human_8.txt.gz","Plate_373s_A14","symptomatic","vsmc","C2",7.86432292978661,-3.14095459467308
"GSM8121901_athero_human_8.txt.gz","Plate_373s_A18","symptomatic","macrophage","C3",-16.6807595185741,-1.42565965562378
"GSM8121901_athero_human_8.txt.gz","Plate_373s_A19","symptomatic","macrophage","C3",-16.0074896816375,1.3808437899081
"GSM8121901_athero_human_8.txt.gz","Plate_373s_A20","symptomatic","unassigned","C5",-13.6794462652997,4.75130980312884
"GSM8121901_athero_human_8.txt.gz","Plate_373s_A21","symptomatic","vsmc","C10",13.4167382426883,0.0872462839479338
"GSM8121901_athero_human_8.txt.gz","Plate_373s_A24","symptomatic","macrophage","C3",-19.2367349960039,-3.02474011655958
"GSM8121901_athero_human_8.txt.gz","Plate_373s_B01","symptomatic","macrophage","C3",-19.3161972383194,1.93115228965229
"GSM8121901_athero_human_8.txt.gz","Plate_373s_B03","symptomatic","unassigned","C5",-12.8610453437741,-0.0481668825005535
"GSM8121901_athero_human_8.txt.gz","Plate_373s_B05","symptomatic","vsmc","C2",13.9843102074064,-4.0554194363065
"GSM8121901_athero_human_8.txt.gz","Plate_373s_B07","symptomatic","fibroblast","C10",8.63855389683845,2.35373609013175
"GSM8121901_athero_human_8.txt.gz","Plate_373s_B10","symptomatic","macrophage","C3",-17.1027711235474,0.358100113495486
"GSM8121901_athero_human_8.txt.gz","Plate_373s_B11","symptomatic","macrophage","C3",-21.4413721629477,4.19517608948239
"GSM8121901_athero_human_8.txt.gz","Plate_373s_B12","symptomatic","macrophage","C3",-15.7657558285672,-3.20033695412305
"GSM8121901_athero_human_8.txt.gz","Plate_373s_B13","symptomatic","unassigned","C9",-16.1151831176737,-6.4216189091656
"GSM8121901_athero_human_8.txt.gz","Plate_373s_B14","symptomatic","fibroblast","C10",12.3885783614066,-1.23571525802837
"GSM8121901_athero_human_8.txt.gz","Plate_373s_B16","symptomatic","macrophage","C3",-15.6861729984872,-1.95335588137978
"GSM8121901_athero_human_8.txt.gz","Plate_373s_B18","symptomatic","macrophage","C3",-17.5670703066801,-2.64907841862652
"GSM8121901_athero_human_8.txt.gz","Plate_373s_B20","symptomatic","macrophage","C5",-16.1026250457624,6.74514453961794
"GSM8121901_athero_human_8.txt.gz","Plate_373s_B21","symptomatic","b_cell","C3",-18.5886007613882,-1.49580674842425
"GSM8121901_athero_human_8.txt.gz","Plate_373s_B23","symptomatic","macrophage","C4",-14.9838359169734,-9.49386709404778
"GSM8121901_athero_human_8.txt.gz","Plate_373s_C01","symptomatic","unassigned","C3",-16.4560128546418,-1.74067584573619
"GSM8121901_athero_human_8.txt.gz","Plate_373s_C02","symptomatic","mast","C9",-18.1812748677137,-1.6785618136348
"GSM8121901_athero_human_8.txt.gz","Plate_373s_C04","symptomatic","macrophage","C3",-18.4709655230285,-3.00314351721518
"GSM8121901_athero_human_8.txt.gz","Plate_373s_C05","symptomatic","b_cell","C9",-17.2683048327888,-8.44225149078631
"GSM8121901_athero_human_8.txt.gz","Plate_373s_C06","symptomatic","unassigned","C3",-15.1208262775319,-2.11473296760428
"GSM8121901_athero_human_8.txt.gz","Plate_373s_C07","symptomatic","unassigned","C5",-16.9641343103397,0.178853717119447
"GSM8121901_athero_human_8.txt.gz","Plate_373s_C09","symptomatic","fibroblast","C10",9.82864287099122,1.08417638745302
"GSM8121901_athero_human_8.txt.gz","Plate_373s_C10","symptomatic","macrophage","C5",-16.2283995809172,-2.07743607702367
"GSM8121901_athero_human_8.txt.gz","Plate_373s_C13","symptomatic","macrophage","C3",-18.0827517659868,-2.97443555735096
"GSM8121901_athero_human_8.txt.gz","Plate_373s_C15","symptomatic","fibroblast","C10",6.57761348661189,1.95909653268682
"GSM8121901_athero_human_8.txt.gz","Plate_373s_C20","symptomatic","fibroblast","C10",15.3403008410809,-0.596756680790961
"GSM8121901_athero_human_8.txt.gz","Plate_373s_C21","symptomatic","macrophage","C5",-18.2044732500664,2.72433100907275
"GSM8121901_athero_human_8.txt.gz","Plate_373s_C23","symptomatic","unassigned","C4",-13.35968413121,-6.56979425328174
"GSM8121901_athero_human_8.txt.gz","Plate_373s_D02","symptomatic","mast","C4",-19.4988544026147,-8.23215918340503
"GSM8121901_athero_human_8.txt.gz","Plate_373s_D03","symptomatic","macrophage","C3",-16.6547545355841,2.40934020230965
"GSM8121901_athero_human_8.txt.gz","Plate_373s_D05","symptomatic","macrophage","C4",-18.073525305668,-5.0436296799807
"GSM8121901_athero_human_8.txt.gz","Plate_373s_D06","symptomatic","macrophage","C3",-17.7095298005811,1.05935513292887
"GSM8121901_athero_human_8.txt.gz","Plate_373s_D07","symptomatic","unassigned","C9",-20.5526306602418,-4.4888584845028
"GSM8121901_athero_human_8.txt.gz","Plate_373s_D11","symptomatic","t_nk","C1",-13.4451506821267,-5.54051549203017
"GSM8121901_athero_human_8.txt.gz","Plate_373s_D12","symptomatic","fibroblast","C7",4.78079765474477,-4.86718900838466
"GSM8121901_athero_human_8.txt.gz","Plate_373s_D14","symptomatic","macrophage","C3",-20.288579047198,1.2156253469151
"GSM8121901_athero_human_8.txt.gz","Plate_373s_D16","symptomatic","macrophage","C3",-18.9857372729324,-2.32757387473157
"GSM8121901_athero_human_8.txt.gz","Plate_373s_D19","symptomatic","fibroblast","C10",7.77150230653798,1.6884185153111
"GSM8121901_athero_human_8.txt.gz","Plate_373s_D20","symptomatic","b_cell","C4",-16.4161771714399,-5.7148349655331
"GSM8121901_athero_human_8.txt.gz","Plate_373s_D22","symptomatic","macrophage","C9",-17.0233584701538,-3.31653720658842
"GSM8121901_athero_human_8.txt.gz","Plate_373s_E02","symptomatic","macrophage","C5",-18.7926038024445,0.518495799659599
"GSM8121901_athero_human_8.txt.gz","Plate_373s_E03","symptomatic","macrophage","C3",-19.0294744819137,-3.89449056869122
"GSM8121901_athero_human_8.txt.gz","Plate_373s_E04","symptomatic","fibroblast","C10",9.9899668958278,0.714195973148437
"GSM8121901_athero_human_8.txt.gz","Plate_373s_E07","symptomatic","unassigned","C9",-17.9552301917383,-6.40403165321976
"GSM8121901_athero_human_8.txt.gz","Plate_373s_E08","symptomatic","unassigned","C9",-12.7009482766486,-2.4270626023041
"GSM8121901_athero_human_8.txt.gz","Plate_373s_E10","symptomatic","macrophage","C3",-20.2761369052618,0.175904511613208
"GSM8121901_athero_human_8.txt.gz","Plate_373s_E11","symptomatic","macrophage","C3",-20.2385100050548,-1.79417455463279
"GSM8121901_athero_human_8.txt.gz","Plate_373s_E16","symptomatic","macrophage","C9",-18.2629637185858,-1.95304713781118
"GSM8121901_athero_human_8.txt.gz","Plate_373s_E21","symptomatic","macrophage","C3",-19.5980922873032,-1.32704668628256
"GSM8121901_athero_human_8.txt.gz","Plate_373s_E22","symptomatic","macrophage","C5",-16.1498274568286,-0.0445188216246567
"GSM8121901_athero_human_8.txt.gz","Plate_373s_E23","symptomatic","vsmc","C2",10.2730927830461,-4.03663776617131
"GSM8121901_athero_human_8.txt.gz","Plate_373s_F01","symptomatic","fibroblast","C7",3.80140889428429,-3.95253826011514
"GSM8121901_athero_human_8.txt.gz","Plate_373s_F02","symptomatic","mast","C9",-13.8585353837453,-9.09690511827441
"GSM8121901_athero_human_8.txt.gz","Plate_373s_F03","symptomatic","macrophage","C4",-16.7284386479775,-7.92056743540894
"GSM8121901_athero_human_8.txt.gz","Plate_373s_F04","symptomatic","unassigned","C5",-18.550166306791,6.13910073942989
"GSM8121901_athero_human_8.txt.gz","Plate_373s_F05","symptomatic","mast","C9",-19.2930115995303,-7.31499317354421
"GSM8121901_athero_human_8.txt.gz","Plate_373s_F07","symptomatic","macrophage","C9",-22.3919315928298,-2.74896905838926
"GSM8121901_athero_human_8.txt.gz","Plate_373s_F09","symptomatic","vsmc","C7",3.39536927261383,-11.5152863647224
"GSM8121901_athero_human_8.txt.gz","Plate_373s_F10","symptomatic","mast","C5",-15.9436488651985,5.44375527302805
"GSM8121901_athero_human_8.txt.gz","Plate_373s_F11","symptomatic","unassigned","C3",-21.2996727431838,-1.75049934014169
"GSM8121901_athero_human_8.txt.gz","Plate_373s_F14","symptomatic","mast","C9",-18.0207188802455,-3.80186943494873
"GSM8121901_athero_human_8.txt.gz","Plate_373s_F15","symptomatic","mast","C3",-19.9224997285982,-2.73725995645998
"GSM8121901_athero_human_8.txt.gz","Plate_373s_F17","symptomatic","mast","C3",-17.1846877661635,-2.8613879756604
"GSM8121901_athero_human_8.txt.gz","Plate_373s_F18","symptomatic","mast","C5",-19.1696531713666,4.91502213749234
"GSM8121901_athero_human_8.txt.gz","Plate_373s_F20","symptomatic","mast","C3",-19.7455417440419,-2.70487602253811
"GSM8121901_athero_human_8.txt.gz","Plate_373s_F21","symptomatic","mast","C9",-19.5319494611598,-1.93342095972318
"GSM8121901_athero_human_8.txt.gz","Plate_373s_F22","symptomatic","mast","C3",-19.5147267356192,-3.49230916253911
"GSM8121901_athero_human_8.txt.gz","Plate_373s_F23","symptomatic","mast","C9",-20.1640470009042,-4.48218288304019
"GSM8121901_athero_human_8.txt.gz","Plate_373s_G02","symptomatic","vsmc","C7",12.9592223597029,-8.35426598861156
"GSM8121901_athero_human_8.txt.gz","Plate_373s_G04","symptomatic","unassigned","C3",-16.6757337158929,-2.51972313475896
"GSM8121901_athero_human_8.txt.gz","Plate_373s_G05","symptomatic","b_cell","C5",-14.7036272298315,5.82340627605253
"GSM8121901_athero_human_8.txt.gz","Plate_373s_G07","symptomatic","fibroblast","C10",12.1793438829139,-0.0820896141612782
"GSM8121901_athero_human_8.txt.gz","Plate_373s_G08","symptomatic","fibroblast","C10",12.6826882405691,0.759729105306072
"GSM8121901_athero_human_8.txt.gz","Plate_373s_G10","symptomatic","vsmc","C7",3.25129313204887,-5.66758465542456
"GSM8121901_athero_human_8.txt.gz","Plate_373s_G11","symptomatic","macrophage","C4",-15.4194925330407,-4.5418029632202
"GSM8121901_athero_human_8.txt.gz","Plate_373s_G12","symptomatic","t_nk","C5",-10.8028611529122,0.678143428350619
"GSM8121901_athero_human_8.txt.gz","Plate_373s_G13","symptomatic","macrophage","C3",-16.877483121466,-0.246151913357583
"GSM8121901_athero_human_8.txt.gz","Plate_373s_G15","symptomatic","t_nk","C1",-9.27165513866898,-3.33557694559355
"GSM8121901_athero_human_8.txt.gz","Plate_373s_G16","symptomatic","macrophage","C3",-15.6900418794905,1.10508268815958
"GSM8121901_athero_human_8.txt.gz","Plate_373s_G18","symptomatic","unassigned","C5",-13.8299619506801,2.60070617133455
"GSM8121901_athero_human_8.txt.gz","Plate_373s_G21","symptomatic","endothelial","C6",-0.411339816944315,6.39094710363434
"GSM8121901_athero_human_8.txt.gz","Plate_373s_G23","symptomatic","unassigned","C9",-13.9904125748322,-5.35487911958575
"GSM8121901_athero_human_8.txt.gz","Plate_373s_G24","symptomatic","unassigned","C3",-12.5849765829513,0.823368356186128
"GSM8121901_athero_human_8.txt.gz","Plate_373s_H01","symptomatic","b_cell","C3",-19.9220587281406,-3.75907275950902
"GSM8121901_athero_human_8.txt.gz","Plate_373s_H03","symptomatic","unassigned","C9",-15.3110477377085,-1.92990471732547
"GSM8121901_athero_human_8.txt.gz","Plate_373s_H04","symptomatic","unassigned","C3",-19.5732840199705,2.19513732189168
"GSM8121901_athero_human_8.txt.gz","Plate_373s_H05","symptomatic","macrophage","C3",-21.093829269451,-1.69014094485592
"GSM8121901_athero_human_8.txt.gz","Plate_373s_H06","symptomatic","macrophage","C3",-18.8811882961865,0.287251283541699
"GSM8121901_athero_human_8.txt.gz","Plate_373s_H09","symptomatic","macrophage","C3",-17.6604853263088,-0.823241109587476
"GSM8121901_athero_human_8.txt.gz","Plate_373s_H10","symptomatic","macrophage","C5",-15.8104648276686,-3.47504351256077
"GSM8121901_athero_human_8.txt.gz","Plate_373s_H12","symptomatic","macrophage","C3",-19.3221351929005,-2.78512974219766
"GSM8121901_athero_human_8.txt.gz","Plate_373s_H13","symptomatic","macrophage","C3",-21.0431153481493,-1.35735098807174
"GSM8121901_athero_human_8.txt.gz","Plate_373s_H14","symptomatic","macrophage","C3",-20.4332443747885,-0.254258789225578
"GSM8121901_athero_human_8.txt.gz","Plate_373s_H16","symptomatic","macrophage","C4",-17.4216271825473,-6.0691129352701
"GSM8121901_athero_human_8.txt.gz","Plate_373s_H17","symptomatic","vsmc","C7",5.54026479948849,-8.93834249576946
"GSM8121901_athero_human_8.txt.gz","Plate_373s_H18","symptomatic","b_cell","C5",-21.8959158849292,0.496128383571795
"GSM8121901_athero_human_8.txt.gz","Plate_373s_H23","symptomatic","macrophage","C5",-17.668164403754,-0.0477239153404407
"GSM8121901_athero_human_8.txt.gz","Plate_373s_I01","symptomatic","macrophage","C5",-18.1946091654901,-1.1644635686397
"GSM8121901_athero_human_8.txt.gz","Plate_373s_I02","symptomatic","mast","C9",-17.83710918519,-12.364876557285
"GSM8121901_athero_human_8.txt.gz","Plate_373s_I04","symptomatic","macrophage","C9",-19.262532773322,-3.81907746885729
"GSM8121901_athero_human_8.txt.gz","Plate_373s_I13","symptomatic","macrophage","C5",-19.6396357521207,-1.34816934683781
"GSM8121901_athero_human_8.txt.gz","Plate_373s_I16","symptomatic","fibroblast","C10",6.96180445500888,3.75103608419328
"GSM8121901_athero_human_8.txt.gz","Plate_373s_I17","symptomatic","fibroblast","C10",9.84109063149688,-0.123085510213359
"GSM8121901_athero_human_8.txt.gz","Plate_373s_I18","symptomatic","macrophage","C3",-22.737671815272,0.40418797738995
"GSM8121901_athero_human_8.txt.gz","Plate_373s_I20","symptomatic","macrophage","C3",-18.9664148686465,-3.85874755715815
"GSM8121901_athero_human_8.txt.gz","Plate_373s_I23","symptomatic","macrophage","C3",-19.0565704726178,-1.02452316987003
"GSM8121901_athero_human_8.txt.gz","Plate_373s_I24","symptomatic","macrophage","C5",-20.8078504307932,0.0318468784785628
"GSM8121901_athero_human_8.txt.gz","Plate_373s_J03","symptomatic","macrophage","C5",-16.1016241884831,-2.06564037746305
"GSM8121901_athero_human_8.txt.gz","Plate_373s_J06","symptomatic","unassigned","C3",-17.9350486145868,-0.281887692888617
"GSM8121901_athero_human_8.txt.gz","Plate_373s_J07","symptomatic","unassigned","C3",-17.1246307773517,0.890150773951629
"GSM8121901_athero_human_8.txt.gz","Plate_373s_J08","symptomatic","unassigned","C9",-16.520382263484,0.79062556670639
"GSM8121901_athero_human_8.txt.gz","Plate_373s_J10","symptomatic","vsmc","C10",11.1817013249461,-3.89213228529602
"GSM8121901_athero_human_8.txt.gz","Plate_373s_J12","symptomatic","fibroblast","C10",11.759544100715,3.44611320091516
"GSM8121901_athero_human_8.txt.gz","Plate_373s_J13","symptomatic","t_nk","C3",-17.0379628653275,-1.35079999886603
"GSM8121901_athero_human_8.txt.gz","Plate_373s_J14","symptomatic","macrophage","C5",-15.2600435376574,-0.514958027741196
"GSM8121901_athero_human_8.txt.gz","Plate_373s_J15","symptomatic","fibroblast","C9",-4.99117750769796,-4.92812993097312
"GSM8121901_athero_human_8.txt.gz","Plate_373s_J18","symptomatic","macrophage","C3",-17.8177112576721,-0.409259508653805
"GSM8121901_athero_human_8.txt.gz","Plate_373s_J19","symptomatic","macrophage","C3",-16.3862732631094,-0.576533019442103
"GSM8121901_athero_human_8.txt.gz","Plate_373s_J22","symptomatic","fibroblast","C10",8.13818672135172,-1.70691213077866
"GSM8121901_athero_human_8.txt.gz","Plate_373s_J23","symptomatic","unassigned","C5",-15.7915414349944,0.86819587563926
"GSM8121901_athero_human_8.txt.gz","Plate_373s_J24","symptomatic","macrophage","C3",-20.8906203889998,2.30868038150119
"GSM8121901_athero_human_8.txt.gz","Plate_373s_K03","symptomatic","macrophage","C3",-20.7829596038997,-0.768797995405162
"GSM8121901_athero_human_8.txt.gz","Plate_373s_K07","symptomatic","mast","C9",-16.6650475288292,-2.99521657336601
"GSM8121901_athero_human_8.txt.gz","Plate_373s_K08","symptomatic","endothelial","C9",-15.6580551710774,-1.41142266290505
"GSM8121901_athero_human_8.txt.gz","Plate_373s_K09","symptomatic","endothelial","C6",3.82943086889528,15.2776368064315
"GSM8121901_athero_human_8.txt.gz","Plate_373s_K10","symptomatic","fibroblast","C10",7.94428909564084,-1.77068195622776
"GSM8121901_athero_human_8.txt.gz","Plate_373s_K12","symptomatic","mast","C9",-16.2925213063611,-3.47285248174566
"GSM8121901_athero_human_8.txt.gz","Plate_373s_K13","symptomatic","unassigned","C9",-19.0022390089933,-2.77935896439466
"GSM8121901_athero_human_8.txt.gz","Plate_373s_K14","symptomatic","macrophage","C3",-20.2567708532109,-0.0900993103915736
"GSM8121901_athero_human_8.txt.gz","Plate_373s_K18","symptomatic","t_nk","C1",-13.1013721827429,-4.12221617867886
"GSM8121901_athero_human_8.txt.gz","Plate_373s_K19","symptomatic","endothelial","C6",3.07913718405699,12.2556356732378
"GSM8121901_athero_human_8.txt.gz","Plate_373s_K23","symptomatic","macrophage","C3",-22.0449220931607,1.99192071477524
"GSM8121901_athero_human_8.txt.gz","Plate_373s_K24","symptomatic","mast","C9",-14.0243505213252,0.371527440132685
"GSM8121901_athero_human_8.txt.gz","Plate_373s_L01","symptomatic","fibroblast","C7",3.98748010599417,-4.74852865247852
"GSM8121901_athero_human_8.txt.gz","Plate_373s_L03","symptomatic","macrophage","C3",-16.6681973795254,-1.33643884620842
"GSM8121901_athero_human_8.txt.gz","Plate_373s_L04","symptomatic","macrophage","C5",-17.5500570239495,3.30673779055195
"GSM8121901_athero_human_8.txt.gz","Plate_373s_L06","symptomatic","fibroblast","C10",12.8092498942252,1.25719683181036
"GSM8121901_athero_human_8.txt.gz","Plate_373s_L08","symptomatic","unassigned","C3",-11.5017520363393,0.918124477768061
"GSM8121901_athero_human_8.txt.gz","Plate_373s_L09","symptomatic","fibroblast","C10",9.46186081117392,-2.78442263479168
"GSM8121901_athero_human_8.txt.gz","Plate_373s_L10","symptomatic","macrophage","C3",-18.1107929998235,1.94285823383519
"GSM8121901_athero_human_8.txt.gz","Plate_373s_L13","symptomatic","macrophage","C3",-17.2676791268527,3.42114954169765
"GSM8121901_athero_human_8.txt.gz","Plate_373s_L14","symptomatic","macrophage","C3",-17.6579874022758,-2.37837107407527
"GSM8121901_athero_human_8.txt.gz","Plate_373s_L15","symptomatic","macrophage","C3",-18.5426627070867,0.99727971467579
"GSM8121901_athero_human_8.txt.gz","Plate_373s_L16","symptomatic","fibroblast","C10",12.9881196597181,3.2619518155154
"GSM8121901_athero_human_8.txt.gz","Plate_373s_L17","symptomatic","fibroblast","C10",11.1869015820037,5.60459856984412
"GSM8121901_athero_human_8.txt.gz","Plate_373s_L18","symptomatic","macrophage","C3",-19.2004301992401,0.9333495357815
"GSM8121901_athero_human_8.txt.gz","Plate_373s_L19","symptomatic","macrophage","C3",-13.2771286738896,1.1858387831586
"GSM8121901_athero_human_8.txt.gz","Plate_373s_L21","symptomatic","macrophage","C3",-14.4490509698474,-0.135011427614741
"GSM8121901_athero_human_8.txt.gz","Plate_373s_L22","symptomatic","fibroblast","C9",-10.524694722412,-5.0962062200106
"GSM8121901_athero_human_8.txt.gz","Plate_373s_L23","symptomatic","fibroblast","C9",-14.6395528940925,-4.83715637727518
"GSM8121901_athero_human_8.txt.gz","Plate_373s_L24","symptomatic","macrophage","C3",-18.9694683375322,0.677226684158211
"GSM8121901_athero_human_8.txt.gz","Plate_373s_M01","symptomatic","unassigned","C3",-18.9025886601411,4.43306538399189
"GSM8121901_athero_human_8.txt.gz","Plate_373s_M02","symptomatic","macrophage","C5",-18.230457065014,2.83819610520549
"GSM8121901_athero_human_8.txt.gz","Plate_373s_M03","symptomatic","fibroblast","C10",12.0142976389712,-0.0657691412116208
"GSM8121901_athero_human_8.txt.gz","Plate_373s_M05","symptomatic","fibroblast","C3",-12.3580317258853,-3.6168397914481
"GSM8121901_athero_human_8.txt.gz","Plate_373s_M06","symptomatic","macrophage","C5",-14.0355205781794,3.35539650863759
"GSM8121901_athero_human_8.txt.gz","Plate_373s_M11","symptomatic","b_cell","C3",-13.9713867769069,-3.6271635701091
"GSM8121901_athero_human_8.txt.gz","Plate_373s_M15","symptomatic","unassigned","C4",-16.8264798215474,-4.20361654369104
"GSM8121901_athero_human_8.txt.gz","Plate_373s_M16","symptomatic","unassigned","C5",-16.2554567542136,5.84719348157577
"GSM8121901_athero_human_8.txt.gz","Plate_373s_M20","symptomatic","fibroblast","C10",9.58773240141771,3.64809459118361
"GSM8121901_athero_human_8.txt.gz","Plate_373s_M22","symptomatic","macrophage","C5",-13.8702299587434,-0.135361859566745
"GSM8121901_athero_human_8.txt.gz","Plate_373s_M23","symptomatic","macrophage","C3",-16.0314857826558,-3.47128123637515
"GSM8121901_athero_human_8.txt.gz","Plate_373s_M24","symptomatic","mast","C4",-15.7451089112335,-3.30971591308137
"GSM8121901_athero_human_8.txt.gz","Plate_373s_N01","symptomatic","macrophage","C3",-20.0240749212673,-1.43837217405823
"GSM8121901_athero_human_8.txt.gz","Plate_373s_N02","symptomatic","macrophage","C3",-20.3582960903051,-0.46550769549654
"GSM8121901_athero_human_8.txt.gz","Plate_373s_N04","symptomatic","macrophage","C3",-19.7618267873319,-2.68731321948653
"GSM8121901_athero_human_8.txt.gz","Plate_373s_N07","symptomatic","unassigned","C4",-13.3236672172279,-6.96099421137396
"GSM8121901_athero_human_8.txt.gz","Plate_373s_N08","symptomatic","t_nk","C3",-17.4914792547362,4.81977069019691
"GSM8121901_athero_human_8.txt.gz","Plate_373s_N10","symptomatic","macrophage","C4",-16.0515842889678,-7.55370274834745
"GSM8121901_athero_human_8.txt.gz","Plate_373s_N12","symptomatic","unassigned","C4",-15.5988489050589,-7.67958354027094
"GSM8121901_athero_human_8.txt.gz","Plate_373s_N13","symptomatic","macrophage","C4",-20.0019659247229,-5.45823865935602
"GSM8121901_athero_human_8.txt.gz","Plate_373s_N14","symptomatic","macrophage","C5",-20.7253152971742,3.35699729732011
"GSM8121901_athero_human_8.txt.gz","Plate_373s_N16","symptomatic","unassigned","C7",1.45195398672714,-11.0880718479778
"GSM8121901_athero_human_8.txt.gz","Plate_373s_N18","symptomatic","b_cell","C4",-17.7960697574538,-6.27829081748317
"GSM8121901_athero_human_8.txt.gz","Plate_373s_N19","symptomatic","fibroblast","C10",12.4000173814014,2.55190422142111
"GSM8121901_athero_human_8.txt.gz","Plate_373s_N20","symptomatic","macrophage","C3",-19.4925224007129,-0.833240223615428
"GSM8121901_athero_human_8.txt.gz","Plate_373s_N21","symptomatic","macrophage","C9",-20.1247754204754,-3.12877927865411
"GSM8121901_athero_human_8.txt.gz","Plate_373s_N22","symptomatic","macrophage","C5",-18.7573125027767,0.950396114362717
"GSM8121901_athero_human_8.txt.gz","Plate_373s_N23","symptomatic","macrophage","C3",-20.4130482018197,2.07823632429738
"GSM8121901_athero_human_8.txt.gz","Plate_373s_O01","symptomatic","macrophage","C3",-16.7697134836754,-3.37646545106923
"GSM8121901_athero_human_8.txt.gz","Plate_373s_O04","symptomatic","vsmc","C2",16.9705320625427,-3.15167660745569
"GSM8121901_athero_human_8.txt.gz","Plate_373s_O05","symptomatic","vsmc","C4",-9.13096925851462,-9.49464306537556
"GSM8121901_athero_human_8.txt.gz","Plate_373s_O07","symptomatic","b_cell","C3",-17.171387435669,-1.41669878762602
"GSM8121901_athero_human_8.txt.gz","Plate_373s_O08","symptomatic","unassigned","C3",-16.4121771508528,-1.67059665955336
"GSM8121901_athero_human_8.txt.gz","Plate_373s_O09","symptomatic","vsmc","C4",-10.2170995507873,-5.30989101350359
"GSM8121901_athero_human_8.txt.gz","Plate_373s_O10","symptomatic","vsmc","C2",15.0097943621347,-5.5377958129937
"GSM8121901_athero_human_8.txt.gz","Plate_373s_O11","symptomatic","unassigned","C3",-13.8029426442505,-2.4907499798523
"GSM8121901_athero_human_8.txt.gz","Plate_373s_O12","symptomatic","macrophage","C4",-15.1074134131583,-5.20625592816017
"GSM8121901_athero_human_8.txt.gz","Plate_373s_O15","symptomatic","fibroblast","C10",11.46323192918,0.247959109691413
"GSM8121901_athero_human_8.txt.gz","Plate_373s_O16","symptomatic","vsmc","C9",-12.7457573334379,-5.79984865483476
"GSM8121901_athero_human_8.txt.gz","Plate_373s_O17","symptomatic","macrophage","C5",-14.7251944113088,3.8684567582038
"GSM8121901_athero_human_8.txt.gz","Plate_373s_O19","symptomatic","t_nk","C3",-14.0948271811558,0.401958822461804
"GSM8121901_athero_human_8.txt.gz","Plate_373s_O20","symptomatic","vsmc","C2",10.377181532102,-5.84177871124682
"GSM8121901_athero_human_8.txt.gz","Plate_373s_O22","symptomatic","fibroblast","C10",12.3867317487971,-1.46610226992398
"GSM8121901_athero_human_8.txt.gz","Plate_373s_O23","symptomatic","macrophage","C4",-15.1242496039161,-2.87818525011751
"GSM8121901_athero_human_8.txt.gz","Plate_373s_P02","symptomatic","mast","C3",-18.0879619883814,-0.39887994622994
"GSM8121901_athero_human_8.txt.gz","Plate_373s_P05","symptomatic","macrophage","C3",-17.5296112202668,-0.713136049994441
"GSM8121901_athero_human_8.txt.gz","Plate_373s_P06","symptomatic","macrophage","C3",-17.9466531369217,2.80860940088758
"GSM8121901_athero_human_8.txt.gz","Plate_373s_P09","symptomatic","unassigned","C3",-18.8986054736549,-1.72707189753275
"GSM8121901_athero_human_8.txt.gz","Plate_373s_P14","symptomatic","macrophage","C4",-16.460086363546,-2.68678920021526
"GSM8121901_athero_human_8.txt.gz","Plate_373s_P15","symptomatic","unassigned","C3",-19.043414861146,0.911808697906239
"GSM8121901_athero_human_8.txt.gz","Plate_373s_P16","symptomatic","macrophage","C3",-17.3958663820284,1.72499346259629
"GSM8121901_athero_human_8.txt.gz","Plate_373s_P17","symptomatic","t_nk","C5",-12.7696759540511,3.9303933409768
"GSM8121901_athero_human_8.txt.gz","Plate_373s_P18","symptomatic","macrophage","C3",-19.5195514550644,1.64542912379397
"GSM8121901_athero_human_8.txt.gz","Plate_373s_P19","symptomatic","endothelial","C6",2.8056342572573,12.5243579562975
"GSM8121901_athero_human_8.txt.gz","Plate_373s_P21","symptomatic","endothelial","C6",-1.12727309416074,15.5818828680455
"GSM8121902_athero_human_9.txt.gz","Plate_1076s_A01","asymptomatic","fibroblast","C10",11.7725470324629,-1.42090646391122
"GSM8121902_athero_human_9.txt.gz","Plate_1076s_A02","asymptomatic","vsmc","C7",9.24382019339302,-7.06893557676933
"GSM8121902_athero_human_9.txt.gz","Plate_1076s_A03","asymptomatic","macrophage","C5",-21.0159562193284,6.4923070025565
"GSM8121902_athero_human_9.txt.gz","Plate_1076s_A04","asymptomatic","macrophage","C5",-18.5663871386334,0.539820352004359
"GSM8121902_athero_human_9.txt.gz","Plate_1076s_A05","asymptomatic","unassigned","C5",-19.3261058342888,2.05097079888905
"GSM8121902_athero_human_9.txt.gz","Plate_1076s_A07","asymptomatic","b_cell","C9",-19.3687311761701,-5.25705853563377
"GSM8121902_athero_human_9.txt.gz","Plate_1076s_A09","asymptomatic","unassigned","C9",-15.9850480959233,-7.01803476156359
"GSM8121902_athero_human_9.txt.gz","Plate_1076s_A10","asymptomatic","t_nk","C9",-19.7884357499321,-0.771679309126201
"GSM8121902_athero_human_9.txt.gz","Plate_1076s_A11","asymptomatic","vsmc","C2",14.6879778060689,0.435069582607461
"GSM8121902_athero_human_9.txt.gz","Plate_1076s_A12","asymptomatic","b_cell","C4",-18.9659827756916,-9.1033275781416
"GSM8121902_athero_human_9.txt.gz","Plate_1076s_B01","asymptomatic","unassigned","C9",-16.3427244747331,-11.5857311082599
"GSM8121902_athero_human_9.txt.gz","Plate_1076s_B02","asymptomatic","unassigned","C4",-16.4368682155,-8.12826478539859
"GSM8121902_athero_human_9.txt.gz","Plate_1076s_B03","asymptomatic","unassigned","C9",-16.6631870920028,-0.148273736291234
"GSM8121902_athero_human_9.txt.gz","Plate_1076s_B05","asymptomatic","t_nk","C5",-23.2428544569706,3.93212765327226
"GSM8121902_athero_human_9.txt.gz","Plate_1076s_B06","asymptomatic","macrophage","C9",-19.1812740921832,-2.56606696404502
"GSM8121902_athero_human_9.txt.gz","Plate_1076s_B07","asymptomatic","macrophage","C9",-19.3414512421402,-3.41486689872001
"GSM8121902_athero_human_9.txt.gz","Plate_1076s_B08","asymptomatic","unassigned","C9",-18.8553221318203,-1.6479834773204
"GSM8121902_athero_human_9.txt.gz","Plate_1076s_B09","asymptomatic","fibroblast","C10",14.7103678629459,3.94168116973211
"GSM8121902_athero_human_9.txt.gz","Plate_1076s_B10","asymptomatic","unassigned","C5",-17.8207827695103,1.24631470287706
"GSM8121902_athero_human_9.txt.gz","Plate_1076s_B12","asymptomatic","macrophage","C3",-20.5983295488471,-0.975893260016678
"GSM8121902_athero_human_9.txt.gz","Plate_1076s_C01","asymptomatic","macrophage","C5",-21.2338127048955,2.69936612833823
"GSM8121902_athero_human_9.txt.gz","Plate_1076s_C03","asymptomatic","macrophage","C3",-20.687503646986,-0.291508399752616
"GSM8121902_athero_human_9.txt.gz","Plate_1076s_C06","asymptomatic","unassigned","C4",-18.275273839881,-13.2904558882973
"GSM8121902_athero_human_9.txt.gz","Plate_1076s_C07","asymptomatic","macrophage","C5",-21.1122897682693,1.71921075333889
"GSM8121902_athero_human_9.txt.gz","Plate_1076s_C08","asymptomatic","endothelial","C6",5.86564707140865,24.4306148975031
"GSM8121902_athero_human_9.txt.gz","Plate_1076s_C09","asymptomatic","unassigned","C9",-15.4298027191699,-9.40335612068137
"GSM8121902_athero_human_9.txt.gz","Plate_1076s_C10","asymptomatic","macrophage","C4",-18.6421919827259,-9.83969059578189
"GSM8121902_athero_human_9.txt.gz","Plate_1076s_C11","asymptomatic","unassigned","C9",-17.2610487076677,-12.6456070577887
"GSM8121902_athero_human_9.txt.gz","Plate_1076s_D04","asymptomatic","t_nk","C5",-18.5966927191662,5.20831594177835
"GSM8121902_athero_human_9.txt.gz","Plate_1076s_D05","asymptomatic","macrophage","C5",-21.092451815385,3.49955460858214
"GSM8121902_athero_human_9.txt.gz","Plate_1076s_D07","asymptomatic","macrophage","C4",-17.9392635289729,-6.64585494498902
"GSM8121902_athero_human_9.txt.gz","Plate_1076s_D08","asymptomatic","fibroblast","C7",10.4481313173154,-8.87219836707516
"GSM8121902_athero_human_9.txt.gz","Plate_1076s_D09","asymptomatic","vsmc","C2",15.0197428201104,-5.32091230241127
"GSM8121902_athero_human_9.txt.gz","Plate_1076s_D10","asymptomatic","unassigned","C5",-18.2948184718111,5.78832831393687
"GSM8121902_athero_human_9.txt.gz","Plate_1076s_D11","asymptomatic","macrophage","C4",-18.4279509583033,-8.2632088015197
"GSM8121902_athero_human_9.txt.gz","Plate_1076s_D12","asymptomatic","vsmc","C7",7.04779467520583,-9.87315518295151
"GSM8121902_athero_human_9.txt.gz","Plate_1076s_E02","asymptomatic","macrophage","C5",-18.4453313670567,3.36698283139085
"GSM8121902_athero_human_9.txt.gz","Plate_1076s_E03","asymptomatic","macrophage","C5",-19.2982682914852,1.74618463200915
"GSM8121902_athero_human_9.txt.gz","Plate_1076s_E04","asymptomatic","unassigned","C5",-19.0346031561927,5.82881712235355
"GSM8121902_athero_human_9.txt.gz","Plate_1076s_E05","asymptomatic","unassigned","C5",-18.6836448914591,5.79087547997267
"GSM8121902_athero_human_9.txt.gz","Plate_1076s_E07","asymptomatic","macrophage","C4",-18.1099002118459,-12.1210583782808
"GSM8121902_athero_human_9.txt.gz","Plate_1076s_E08","asymptomatic","macrophage","C5",-22.7559765892115,-0.24438774794528
"GSM8121902_athero_human_9.txt.gz","Plate_1076s_E11","asymptomatic","unassigned","C9",-15.962690904351,-10.0364954814471
"GSM8121902_athero_human_9.txt.gz","Plate_1076s_E12","asymptomatic","vsmc","C7",7.41488886020065,-10.7630779485955
"GSM8121902_athero_human_9.txt.gz","Plate_1076s_F02","asymptomatic","t_nk","C5",-18.3197434870134,2.93405771217975
"GSM8121902_athero_human_9.txt.gz","Plate_1076s_F06","asymptomatic","macrophage","C5",-18.8632208560193,6.08670130487758
"GSM8121902_athero_human_9.txt.gz","Plate_1076s_F07","asymptomatic","macrophage","C3",-21.3580837153703,1.26731647849149
"GSM8121902_athero_human_9.txt.gz","Plate_1076s_F08","asymptomatic","macrophage","C5",-19.1625035936212,1.04323202329946
"GSM8121902_athero_human_9.txt.gz","Plate_1076s_F10","asymptomatic","t_nk","C5",-22.7735819256497,0.293817196600119
"GSM8121902_athero_human_9.txt.gz","Plate_1076s_F11","asymptomatic","macrophage","C5",-20.7851704973976,0.128627283602955
"GSM8121902_athero_human_9.txt.gz","Plate_1076s_F12","asymptomatic","macrophage","C4",-17.7561627464191,-9.78384685759896
"GSM8121902_athero_human_9.txt.gz","Plate_1076s_G01","asymptomatic","macrophage","C9",-20.7255685455308,-7.53280313388634
"GSM8121902_athero_human_9.txt.gz","Plate_1076s_G02","asymptomatic","endothelial","C9",-21.1327867738836,-6.77789343843555
"GSM8121902_athero_human_9.txt.gz","Plate_1076s_G03","asymptomatic","unassigned","C9",-16.314999646977,-8.72360723437317
"GSM8121902_athero_human_9.txt.gz","Plate_1076s_G04","asymptomatic","fibroblast","C10",6.89221638971377,0.774909816638169
"GSM8121902_athero_human_9.txt.gz","Plate_1076s_G05","asymptomatic","vsmc","C2",10.5951240032251,-7.0574897357275
"GSM8121902_athero_human_9.txt.gz","Plate_1076s_G06","asymptomatic","macrophage","C3",-21.0911318049805,1.96666079425109
"GSM8121902_athero_human_9.txt.gz","Plate_1076s_G07","asymptomatic","macrophage","C5",-22.3300667009867,2.0089861054135
"GSM8121902_athero_human_9.txt.gz","Plate_1076s_G11","asymptomatic","vsmc","C2",15.048617379462,-1.35507998351368
"GSM8121902_athero_human_9.txt.gz","Plate_1076s_G15","asymptomatic","macrophage","C9",-18.8829063406882,-9.84731412021057
"GSM8121902_athero_human_9.txt.gz","Plate_1076s_G18","asymptomatic","fibroblast","C7",10.6913073104932,-5.07186845528627
"GSM8121902_athero_human_9.txt.gz","Plate_1076s_G19","asymptomatic","vsmc","C2",10.5966575983277,-12.4894527174929
"GSM8121902_athero_human_9.txt.gz","Plate_1076s_G20","asymptomatic","t_nk","C5",-16.0686318720499,3.04622490599559
"GSM8121902_athero_human_9.txt.gz","Plate_1076s_G22","asymptomatic","macrophage","C4",-21.1697187671463,-4.53518799187468
"GSM8121902_athero_human_9.txt.gz","Plate_1076s_H01","asymptomatic","macrophage","C9",-17.290745183283,-5.99542745297067
"GSM8121902_athero_human_9.txt.gz","Plate_1076s_H02","asymptomatic","unassigned","C5",-19.1763687434194,1.72891556425376
"GSM8121902_athero_human_9.txt.gz","Plate_1076s_H03","asymptomatic","unassigned","C9",-20.6316289426891,-1.56781694823339
"GSM8121902_athero_human_9.txt.gz","Plate_1076s_H04","asymptomatic","mast","C1",-10.5541838323294,-2.98564152174283
"GSM8121902_athero_human_9.txt.gz","Plate_1076s_H05","asymptomatic","macrophage","C3",-20.1387679826365,0.152226140651467
"GSM8121902_athero_human_9.txt.gz","Plate_1076s_H07","asymptomatic","macrophage","C5",-21.5009039880219,3.12696426160832
"GSM8121902_athero_human_9.txt.gz","Plate_1076s_H08","asymptomatic","macrophage","C5",-18.7177388290839,7.51089415242413
"GSM8121902_athero_human_9.txt.gz","Plate_1076s_H09","asymptomatic","mast","C9",-18.1452564438876,-8.04882059379169
"GSM8121902_athero_human_9.txt.gz","Plate_1076s_H10","asymptomatic","endothelial","C6",0.267042622789862,7.72507162634174
"GSM8121902_athero_human_9.txt.gz","Plate_1076s_H11","asymptomatic","macrophage","C3",-22.4078958718762,2.74357857648054
"GSM8121902_athero_human_9.txt.gz","Plate_1076s_H12","asymptomatic","macrophage","C3",-21.9671814222011,3.89939925052339
"GSM8121902_athero_human_9.txt.gz","Plate_1076s_H13","asymptomatic","macrophage","C5",-20.5680426220566,3.6829296182087
"GSM8121902_athero_human_9.txt.gz","Plate_1076s_H14","asymptomatic","vsmc","C2",14.8381394979513,2.90915844801277
"GSM8121902_athero_human_9.txt.gz","Plate_1076s_H15","asymptomatic","macrophage","C5",-19.3394808938516,3.39191041449107
"GSM8121902_athero_human_9.txt.gz","Plate_1076s_H16","asymptomatic","macrophage","C3",-22.7222804348855,-1.70205274404932
"GSM8121902_athero_human_9.txt.gz","Plate_1076s_H17","asymptomatic","vsmc","C2",15.4297317597402,-2.69690986116154
"GSM8121902_athero_human_9.txt.gz","Plate_1076s_H19","asymptomatic","unassigned","C5",-19.9521349997732,0.652178086216271
"GSM8121902_athero_human_9.txt.gz","Plate_1076s_H20","asymptomatic","macrophage","C3",-21.9576108173939,-1.48081766688658
"GSM8121902_athero_human_9.txt.gz","Plate_1076s_H22","asymptomatic","macrophage","C5",-21.2517005944367,1.50710869634681
"GSM8121902_athero_human_9.txt.gz","Plate_1076s_H23","asymptomatic","unassigned","C5",-16.9383979547773,1.76886074872286
"GSM8121902_athero_human_9.txt.gz","Plate_1076s_I01","asymptomatic","macrophage","C3",-21.2142699185254,2.76773806323256
"GSM8121902_athero_human_9.txt.gz","Plate_1076s_I02","asymptomatic","macrophage","C5",-17.7905848838889,2.25789517493681
"GSM8121902_athero_human_9.txt.gz","Plate_1076s_I03","asymptomatic","t_nk","C5",-17.8731105184825,4.40530536462477
"GSM8121902_athero_human_9.txt.gz","Plate_1076s_I04","asymptomatic","unassigned","C9",-16.6603726365987,-0.844474207248786
"GSM8121902_athero_human_9.txt.gz","Plate_1076s_I05","asymptomatic","macrophage","C5",-18.9112883261927,4.85817456391601
"GSM8121902_athero_human_9.txt.gz","Plate_1076s_I06","asymptomatic","macrophage","C5",-17.8751621939568,6.00853065363152
"GSM8121902_athero_human_9.txt.gz","Plate_1076s_I07","asymptomatic","macrophage","C5",-21.868424013391,4.15026370383693
"GSM8121902_athero_human_9.txt.gz","Plate_1076s_I08","asymptomatic","unassigned","C9",-20.6559177040489,-6.62451597895186
"GSM8121902_athero_human_9.txt.gz","Plate_1076s_I10","asymptomatic","macrophage","C3",-22.5992363579612,-0.542131128359178
"GSM8121902_athero_human_9.txt.gz","Plate_1076s_I12","asymptomatic","unassigned","C5",-21.3142217595598,3.54559683082372
"GSM8121902_athero_human_9.txt.gz","Plate_1076s_I13","asymptomatic","macrophage","C4",-20.4168200892191,-5.05664293944356
"GSM8121902_athero_human_9.txt.gz","Plate_1076s_I15","asymptomatic","unassigned","C5",-22.0816098138803,0.898667576476031
"GSM8121902_athero_human_9.txt.gz","Plate_1076s_I17","asymptomatic","t_nk","C5",-18.1038168506259,0.350680591615896
"GSM8121902_athero_human_9.txt.gz","Plate_1076s_I18","asymptomatic","fibroblast","C10",13.3157687907518,5.37818121225795
"GSM8121902_athero_human_9.txt.gz","Plate_1076s_I20","asymptomatic","macrophage","C5",-16.9837820309858,-0.352753579055316
"GSM8121902_athero_human_9.txt.gz","Plate_1076s_I21","asymptomatic","unassigned","C5",-16.2351224290961,4.72954955716733
"GSM8121902_athero_human_9.txt.gz","Plate_1076s_I22","asymptomatic","fibroblast","C7",4.01801115912788,-12.1498988006675
"GSM8121902_athero_human_9.txt.gz","Plate_1076s_I23","asymptomatic","unassigned","C5",-17.5898045293386,3.42490644477398
"GSM8121902_athero_human_9.txt.gz","Plate_1076s_I24","asymptomatic","macrophage","C3",-21.8371023015033,1.97624221411268
"GSM8121902_athero_human_9.txt.gz","Plate_1076s_J02","asymptomatic","unassigned","C9",-16.9609067019255,-7.42729429340904
"GSM8121902_athero_human_9.txt.gz","Plate_1076s_J03","asymptomatic","fibroblast","C10",15.7032746560981,-0.236312845957332
"GSM8121902_athero_human_9.txt.gz","Plate_1076s_J05","asymptomatic","macrophage","C3",-21.2109274161986,3.11339930214307
"GSM8121902_athero_human_9.txt.gz","Plate_1076s_J07","asymptomatic","macrophage","C5",-18.9025465235706,5.71350584851225
"GSM8121902_athero_human_9.txt.gz","Plate_1076s_J08","asymptomatic","macrophage","C3",-20.3597133225409,-0.212124058106879
"GSM8121902_athero_human_9.txt.gz","Plate_1076s_J09","asymptomatic","macrophage","C3",-21.9999056065351,0.234976413139184
"GSM8121902_athero_human_9.txt.gz","Plate_1076s_J11","asymptomatic","vsmc","C2",15.9061507252781,3.44952545233644
"GSM8121902_athero_human_9.txt.gz","Plate_1076s_J12","asymptomatic","t_nk","C5",-11.7557900200891,0.0365526015654969
"GSM8121902_athero_human_9.txt.gz","Plate_1076s_J13","asymptomatic","macrophage","C3",-21.4166481883924,3.30424486978884
"GSM8121902_athero_human_9.txt.gz","Plate_1076s_J15","asymptomatic","vsmc","C2",16.0006142192089,-3.49606287561083
"GSM8121902_athero_human_9.txt.gz","Plate_1076s_J16","asymptomatic","mast","C9",-9.79148832052476,-3.15514182645874
"GSM8121902_athero_human_9.txt.gz","Plate_1076s_J19","asymptomatic","b_cell","C3",-22.3378062678355,-2.31860119026655
"GSM8121902_athero_human_9.txt.gz","Plate_1076s_J20","asymptomatic","vsmc","C2",14.3870004557486,-3.6904104786943
"GSM8121902_athero_human_9.txt.gz","Plate_1076s_J21","asymptomatic","vsmc","C2",13.2197049352656,-9.26498936910694
"GSM8121902_athero_human_9.txt.gz","Plate_1076s_J22","asymptomatic","macrophage","C5",-19.5562293987919,3.05097151610064
"GSM8121902_athero_human_9.txt.gz","Plate_1076s_K01","asymptomatic","macrophage","C5",-18.8784638673423,2.9256907585855
"GSM8121902_athero_human_9.txt.gz","Plate_1076s_K02","asymptomatic","macrophage","C9",-19.2519000111569,-4.35815499821956
"GSM8121902_athero_human_9.txt.gz","Plate_1076s_K03","asymptomatic","unassigned","C5",-14.3264788377243,7.90525991094268
"GSM8121902_athero_human_9.txt.gz","Plate_1076s_K04","asymptomatic","mast","C9",-18.7745705065566,-9.48152053724587
"GSM8121902_athero_human_9.txt.gz","Plate_1076s_K05","asymptomatic","macrophage","C5",-19.5139473985857,1.45101997031645
"GSM8121902_athero_human_9.txt.gz","Plate_1076s_K08","asymptomatic","vsmc","C2",14.4555698594244,-1.67231654599397
"GSM8121902_athero_human_9.txt.gz","Plate_1076s_K09","asymptomatic","mast","C1",-9.32892699708151,-5.15052983539071
"GSM8121902_athero_human_9.txt.gz","Plate_1076s_K10","asymptomatic","macrophage","C3",-20.6384761123867,3.59687252490798
"GSM8121902_athero_human_9.txt.gz","Plate_1076s_K11","asymptomatic","unassigned","C5",-16.6447045774517,7.04612897954367
"GSM8121902_athero_human_9.txt.gz","Plate_1076s_K12","asymptomatic","fibroblast","C2",15.0576924679149,-3.78779837771237
"GSM8121902_athero_human_9.txt.gz","Plate_1076s_K13","asymptomatic","vsmc","C2",13.6424094824635,-6.69212056221722
"GSM8121902_athero_human_9.txt.gz","Plate_1076s_K14","asymptomatic","unassigned","C5",-22.9104941683382,0.0199454035832007
"GSM8121902_athero_human_9.txt.gz","Plate_1076s_K15","asymptomatic","mast","C9",-13.7283105029938,-12.7937211878375
"GSM8121902_athero_human_9.txt.gz","Plate_1076s_K16","asymptomatic","unassigned","C5",-18.1366735927067,6.9821571341407
"GSM8121902_athero_human_9.txt.gz","Plate_1076s_K17","asymptomatic","macrophage","C5",-19.3159991082169,6.20080919672762
"GSM8121902_athero_human_9.txt.gz","Plate_1076s_K18","asymptomatic","macrophage","C5",-20.0338531096406,-1.77190398491813
"GSM8121902_athero_human_9.txt.gz","Plate_1076s_K19","asymptomatic","fibroblast","C7",9.56672755717801,-10.5494034033718
"GSM8121902_athero_human_9.txt.gz","Plate_1076s_K20","asymptomatic","unassigned","C9",-14.5681363863463,-8.21415458460717
"GSM8121902_athero_human_9.txt.gz","Plate_1076s_K22","asymptomatic","mast","C9",-15.8114304300054,-10.7957223742966
"GSM8121902_athero_human_9.txt.gz","Plate_1076s_K23","asymptomatic","macrophage","C9",-19.4772981375811,-8.05966629441815
"GSM8121902_athero_human_9.txt.gz","Plate_1076s_K24","asymptomatic","unassigned","C5",-19.0012131453468,0.808907140916405
"GSM8121902_athero_human_9.txt.gz","Plate_1076s_L01","asymptomatic","unassigned","C9",-17.5690532766852,-5.96079425527161
"GSM8121902_athero_human_9.txt.gz","Plate_1076s_L02","asymptomatic","unassigned","C9",-17.4170068779027,-6.72968790646525
"GSM8121902_athero_human_9.txt.gz","Plate_1076s_L05","asymptomatic","macrophage","C5",-21.1921572748688,5.20010030990186
"GSM8121902_athero_human_9.txt.gz","Plate_1076s_L06","asymptomatic","macrophage","C5",-19.2893856431134,-0.729458829649211
"GSM8121902_athero_human_9.txt.gz","Plate_1076s_L07","asymptomatic","t_nk","C9",-20.4290780489777,-6.92445969516095
"GSM8121902_athero_human_9.txt.gz","Plate_1076s_L09","asymptomatic","macrophage","C5",-22.5757900003092,2.68630683328256
"GSM8121902_athero_human_9.txt.gz","Plate_1076s_L10","asymptomatic","macrophage","C5",-21.0486812991938,2.82886119547421
"GSM8121902_athero_human_9.txt.gz","Plate_1076s_L11","asymptomatic","t_nk","C5",-16.2505016328616,6.86120253941858
"GSM8121902_athero_human_9.txt.gz","Plate_1076s_L12","asymptomatic","macrophage","C3",-23.6792472573112,4.81456885934058
"GSM8121902_athero_human_9.txt.gz","Plate_1076s_L13","asymptomatic","vsmc","C2",12.1542609612153,-8.22281322888981
"GSM8121902_athero_human_9.txt.gz","Plate_1076s_L15","asymptomatic","macrophage","C3",-22.9757096425628,1.18344935038216
"GSM8121902_athero_human_9.txt.gz","Plate_1076s_L16","asymptomatic","macrophage","C3",-20.7555589994099,-3.18934698831446
"GSM8121902_athero_human_9.txt.gz","Plate_1076s_L17","asymptomatic","macrophage","C9",-22.267148478812,-5.13344440573863
"GSM8121902_athero_human_9.txt.gz","Plate_1076s_L18","asymptomatic","macrophage","C3",-21.0340345194511,-1.84740882324124
"GSM8121902_athero_human_9.txt.gz","Plate_1076s_L19","asymptomatic","macrophage","C5",-18.5584262856155,0.227115661510595
"GSM8121902_athero_human_9.txt.gz","Plate_1076s_L22","asymptomatic","macrophage","C3",-20.5592711830644,-3.1554203810833
"GSM8121902_athero_human_9.txt.gz","Plate_1076s_L24","asymptomatic","macrophage","C3",-21.8557301595659,0.409767237752496
"GSM8121902_athero_human_9.txt.gz","Plate_1076s_M02","asymptomatic","unassigned","C9",-16.9025058181699,-9.59666308289323
"GSM8121902_athero_human_9.txt.gz","Plate_1076s_M03","asymptomatic","macrophage","C3",-21.5777152550028,0.671318470737307
"GSM8121902_athero_human_9.txt.gz","Plate_1076s_M04","asymptomatic","macrophage","C3",-21.0786188967022,-2.870521765779
"GSM8121902_athero_human_9.txt.gz","Plate_1076s_M05","asymptomatic","macrophage","C5",-22.3257367863436,2.37659280824489
"GSM8121902_athero_human_9.txt.gz","Plate_1076s_M06","asymptomatic","vsmc","C2",13.8653189369564,-3.64170718307659
"GSM8121902_athero_human_9.txt.gz","Plate_1076s_M08","asymptomatic","macrophage","C3",-22.1393262833961,3.02380559650004
"GSM8121902_athero_human_9.txt.gz","Plate_1076s_M09","asymptomatic","macrophage","C3",-20.3236374200757,2.5661721590414
"GSM8121902_athero_human_9.txt.gz","Plate_1076s_M11","asymptomatic","macrophage","C4",-10.4189078664016,-11.4531046686705
"GSM8121902_athero_human_9.txt.gz","Plate_1076s_M12","asymptomatic","unassigned","C9",-20.1774067284841,-0.115309970712533
"GSM8121902_athero_human_9.txt.gz","Plate_1076s_M13","asymptomatic","fibroblast","C10",11.7900384502298,2.08278525891848
"GSM8121902_athero_human_9.txt.gz","Plate_1076s_M14","asymptomatic","macrophage","C3",-19.4406299723105,0.843562451696625
"GSM8121902_athero_human_9.txt.gz","Plate_1076s_M15","asymptomatic","macrophage","C3",-22.7545243022805,-3.31154193865491
"GSM8121902_athero_human_9.txt.gz","Plate_1076s_M16","asymptomatic","t_nk","C9",-20.454365787461,-0.310264052586139
"GSM8121902_athero_human_9.txt.gz","Plate_1076s_M17","asymptomatic","vsmc","C7",13.7383654274606,-9.83933659655782
"GSM8121902_athero_human_9.txt.gz","Plate_1076s_M18","asymptomatic","macrophage","C3",-22.3498985184702,1.43206164064612
"GSM8121902_athero_human_9.txt.gz","Plate_1076s_M19","asymptomatic","unassigned","C9",-17.3043192586045,-8.27212041570503
"GSM8121902_athero_human_9.txt.gz","Plate_1076s_M21","asymptomatic","unassigned","C5",-20.775275782941,5.96298312181629
"GSM8121902_athero_human_9.txt.gz","Plate_1076s_M22","asymptomatic","vsmc","C7",10.0981184724951,-9.6649018458893
"GSM8121902_athero_human_9.txt.gz","Plate_1076s_M23","asymptomatic","vsmc","C2",14.0597725644476,-4.3374218149508
"GSM8121902_athero_human_9.txt.gz","Plate_1076s_N01","asymptomatic","unassigned","C4",-17.5703390320859,-9.21968886872272
"GSM8121902_athero_human_9.txt.gz","Plate_1076s_N02","asymptomatic","t_nk","C9",-18.2463523064244,-3.61100389259143
"GSM8121902_athero_human_9.txt.gz","Plate_1076s_N03","asymptomatic","t_nk","C5",-15.5383614920686,7.13329496266449
"GSM8121902_athero_human_9.txt.gz","Plate_1076s_N04","asymptomatic","b_cell","C5",-19.9691247876899,3.2077534193848
"GSM8121902_athero_human_9.txt.gz","Plate_1076s_N05","asymptomatic","fibroblast","C7",-0.0480821727460344,-11.1846052905311
"GSM8121902_athero_human_9.txt.gz","Plate_1076s_N06","asymptomatic","vsmc","C10",14.0379907128537,5.82011929003586
"GSM8121902_athero_human_9.txt.gz","Plate_1076s_N07","asymptomatic","macrophage","C5",-19.3538168205184,4.191547932735
"GSM8121902_athero_human_9.txt.gz","Plate_1076s_N08","asymptomatic","macrophage","C5",-17.5928258086099,8.31574067580011
"GSM8121902_athero_human_9.txt.gz","Plate_1076s_N09","asymptomatic","vsmc","C2",15.2084528780705,-5.33000102357029
"GSM8121902_athero_human_9.txt.gz","Plate_1076s_N10","asymptomatic","unassigned","C9",-18.6342816377659,-4.26692206513064
"GSM8121902_athero_human_9.txt.gz","Plate_1076s_N12","asymptomatic","macrophage","C3",-21.2506239457352,-2.4329132584409
"GSM8121902_athero_human_9.txt.gz","Plate_1076s_N13","asymptomatic","t_nk","C5",-17.1172892176402,6.3095208099824
"GSM8121902_athero_human_9.txt.gz","Plate_1076s_N15","asymptomatic","fibroblast","C10",11.750078937627,4.29046790861007
"GSM8121902_athero_human_9.txt.gz","Plate_1076s_N16","asymptomatic","vsmc","C2",12.7132105418424,-5.56308622604763
"GSM8121902_athero_human_9.txt.gz","Plate_1076s_N17","asymptomatic","vsmc","C2",13.394892517585,-1.10345553649493
"GSM8121902_athero_human_9.txt.gz","Plate_1076s_N19","asymptomatic","macrophage","C5",-22.1950498021635,2.08708831533587
"GSM8121902_athero_human_9.txt.gz","Plate_1076s_N21","asymptomatic","macrophage","C5",-16.6227216723776,2.34001710500585
"GSM8121902_athero_human_9.txt.gz","Plate_1076s_N23","asymptomatic","macrophage","C4",-20.7315153682984,-6.18998300554049
"GSM8121902_athero_human_9.txt.gz","Plate_1076s_N24","asymptomatic","macrophage","C5",-17.4456987093869,1.76900431363349
"GSM8121902_athero_human_9.txt.gz","Plate_1076s_O01","asymptomatic","vsmc","C2",12.5488437434186,-7.91605710347841
"GSM8121902_athero_human_9.txt.gz","Plate_1076s_O02","asymptomatic","b_cell","C9",-13.5773314267923,-13.6809369222249
"GSM8121902_athero_human_9.txt.gz","Plate_1076s_O03","asymptomatic","vsmc","C2",9.57278955012515,-5.611483889038
"GSM8121902_athero_human_9.txt.gz","Plate_1076s_O06","asymptomatic","unassigned","C9",-17.6513039537863,-9.164236935756
"GSM8121902_athero_human_9.txt.gz","Plate_1076s_O07","asymptomatic","fibroblast","C10",13.3991456897193,2.24844617270434
"GSM8121902_athero_human_9.txt.gz","Plate_1076s_O08","asymptomatic","unassigned","C5",-17.5494511938931,-0.25198834558011
"GSM8121902_athero_human_9.txt.gz","Plate_1076s_O09","asymptomatic","fibroblast","C10",12.7126472122829,-0.234503266421729
"GSM8121902_athero_human_9.txt.gz","Plate_1076s_O10","asymptomatic","unassigned","C9",-16.7293919585887,-11.4229879243252
"GSM8121902_athero_human_9.txt.gz","Plate_1076s_O11","asymptomatic","fibroblast","C10",14.6711239316993,3.86215084217306
"GSM8121902_athero_human_9.txt.gz","Plate_1076s_O12","asymptomatic","macrophage","C5",-16.3599163363346,1.5660225671883
"GSM8121902_athero_human_9.txt.gz","Plate_1076s_O13","asymptomatic","t_nk","C5",-18.3266546071588,5.14795994959378
"GSM8121902_athero_human_9.txt.gz","Plate_1076s_O14","asymptomatic","macrophage","C5",-20.0896887189175,6.28231493541876
"GSM8121902_athero_human_9.txt.gz","Plate_1076s_O15","asymptomatic","endothelial","C6",5.15082074940398,20.2233476548154
"GSM8121902_athero_human_9.txt.gz","Plate_1076s_O16","asymptomatic","unassigned","C9",-16.2873123682215,-1.56520125729932
"GSM8121902_athero_human_9.txt.gz","Plate_1076s_O18","asymptomatic","macrophage","C5",-19.4814528974228,7.0532235390623
"GSM8121902_athero_human_9.txt.gz","Plate_1076s_O20","asymptomatic","macrophage","C4",-18.592847086139,-11.2673201163309
"GSM8121902_athero_human_9.txt.gz","Plate_1076s_O21","asymptomatic","unassigned","C5",-19.968923237225,1.91093122109859
"GSM8121902_athero_human_9.txt.gz","Plate_1076s_O22","asymptomatic","macrophage","C9",-19.9342047748877,-3.6605259344021
"GSM8121902_athero_human_9.txt.gz","Plate_1076s_O24","asymptomatic","fibroblast","C7",2.01437823591982,-18.1272651575347
"GSM8121902_athero_human_9.txt.gz","Plate_1076s_P01","asymptomatic","t_nk","C5",-21.035776520913,3.09947602423875
"GSM8121902_athero_human_9.txt.gz","Plate_1076s_P02","asymptomatic","macrophage","C5",-20.9124819959183,3.58120092974224
"GSM8121902_athero_human_9.txt.gz","Plate_1076s_P03","asymptomatic","vsmc","C2",17.6249688622291,0.683637952867821
"GSM8121902_athero_human_9.txt.gz","Plate_1076s_P04","asymptomatic","t_nk","C5",-18.6098962558699,6.24130392820151
"GSM8121902_athero_human_9.txt.gz","Plate_1076s_P07","asymptomatic","t_nk","C5",-19.110384830711,2.726877810194
"GSM8121902_athero_human_9.txt.gz","Plate_1076s_P08","asymptomatic","t_nk","C1",-8.73532367452935,-9.40606009662915
"GSM8121902_athero_human_9.txt.gz","Plate_1076s_P09","asymptomatic","fibroblast","C10",18.0887806603543,0.103760842748655
"GSM8121902_athero_human_9.txt.gz","Plate_1076s_P10","asymptomatic","unassigned","C9",-18.2483342299434,-4.70131075128706
"GSM8121902_athero_human_9.txt.gz","Plate_1076s_P11","asymptomatic","endothelial","C5",-15.3842740011153,6.55582777870792
"GSM8121902_athero_human_9.txt.gz","Plate_1076s_P13","asymptomatic","unassigned","C5",-16.7895834416505,6.83972511504596
"GSM8121902_athero_human_9.txt.gz","Plate_1076s_P15","asymptomatic","endothelial","C6",4.940107135681,17.8744827511076
"GSM8121902_athero_human_9.txt.gz","Plate_1076s_P16","asymptomatic","unassigned","C9",-15.0034585503287,-10.4636687462702
"GSM8121902_athero_human_9.txt.gz","Plate_1076s_P17","asymptomatic","macrophage","C3",-20.5031845044089,1.38191491259407
"GSM8121902_athero_human_9.txt.gz","Plate_1076s_P18","asymptomatic","macrophage","C5",-20.4005271603856,4.46855839017547
"GSM8121902_athero_human_9.txt.gz","Plate_1076s_P20","asymptomatic","macrophage","C4",-20.2508119709195,-8.10096842319076
"GSM8121902_athero_human_9.txt.gz","Plate_1076s_P21","asymptomatic","macrophage","C9",-21.0980837679695,-6.53041105188984
"GSM8121902_athero_human_9.txt.gz","Plate_1076s_P22","asymptomatic","vsmc","C10",13.2448315861092,2.3041400197771
"GSM8121902_athero_human_9.txt.gz","Plate_1082s_A09","asymptomatic","vsmc","C2",11.2251230183145,-1.5968830687855
"GSM8121902_athero_human_9.txt.gz","Plate_1082s_A12","asymptomatic","macrophage","C5",-18.7594661505869,0.94987111168619
"GSM8121902_athero_human_9.txt.gz","Plate_1082s_A13","asymptomatic","vsmc","C2",9.55882252637076,-8.1408524022359
"GSM8121902_athero_human_9.txt.gz","Plate_1082s_A16","asymptomatic","macrophage","C3",-20.8100475421301,-2.41184725842493
"GSM8121902_athero_human_9.txt.gz","Plate_1082s_A17","asymptomatic","unassigned","C9",-16.4440560750652,-2.32523932101144
"GSM8121902_athero_human_9.txt.gz","Plate_1082s_B02","asymptomatic","unassigned","C5",-18.8992987317794,5.52919076008415
"GSM8121902_athero_human_9.txt.gz","Plate_1082s_B03","asymptomatic","mast","C9",-9.85503950693454,-3.50099174330475
"GSM8121902_athero_human_9.txt.gz","Plate_1082s_B04","asymptomatic","macrophage","C3",-22.1087474536753,0.315439787143211
"GSM8121902_athero_human_9.txt.gz","Plate_1082s_B05","asymptomatic","unassigned","C5",-16.5846969114496,5.64138465048669
"GSM8121902_athero_human_9.txt.gz","Plate_1082s_B06","asymptomatic","macrophage","C3",-20.56124471453,-1.21895965656631
"GSM8121902_athero_human_9.txt.gz","Plate_1082s_B08","asymptomatic","unassigned","C5",-15.3699361200105,7.46197119517144
"GSM8121902_athero_human_9.txt.gz","Plate_1082s_B09","asymptomatic","fibroblast","C10",13.6492898995674,2.77938508462995
"GSM8121902_athero_human_9.txt.gz","Plate_1082s_B10","asymptomatic","macrophage","C3",-20.8888794851501,-1.39164887685411
"GSM8121902_athero_human_9.txt.gz","Plate_1082s_B11","asymptomatic","macrophage","C5",-18.3007213509517,0.455962638211663
"GSM8121902_athero_human_9.txt.gz","Plate_1082s_B12","asymptomatic","macrophage","C5",-17.2344032751077,-2.23258567716442
"GSM8121902_athero_human_9.txt.gz","Plate_1082s_B13","asymptomatic","mast","C5",-19.5229015960322,1.67252593384091
"GSM8121902_athero_human_9.txt.gz","Plate_1082s_B14","asymptomatic","vsmc","C2",10.635301547978,-6.76668936671564
"GSM8121902_athero_human_9.txt.gz","Plate_1082s_B15","asymptomatic","mast","C4",-19.5627610733132,-8.91855509350133
"GSM8121902_athero_human_9.txt.gz","Plate_1082s_B16","asymptomatic","macrophage","C5",-19.9173175993426,5.3683496033405
"GSM8121902_athero_human_9.txt.gz","Plate_1082s_B17","asymptomatic","mast","C5",-18.9745777635857,-0.238355364001877
"GSM8121902_athero_human_9.txt.gz","Plate_1082s_B18","asymptomatic","unassigned","C3",-22.2812010116229,-1.23951401740074
"GSM8121902_athero_human_9.txt.gz","Plate_1082s_B21","asymptomatic","mast","C3",-18.5643480838778,-5.87704494935753
"GSM8121902_athero_human_9.txt.gz","Plate_1082s_B23","asymptomatic","macrophage","C3",-20.1913568706027,-4.30547702811659
"GSM8121902_athero_human_9.txt.gz","Plate_1082s_C02","asymptomatic","fibroblast","C10",13.3405862642696,5.05808986891357
"GSM8121902_athero_human_9.txt.gz","Plate_1082s_C03","asymptomatic","t_nk","C9",-15.9681128969679,-6.8393309251095
"GSM8121902_athero_human_9.txt.gz","Plate_1082s_C04","asymptomatic","macrophage","C3",-21.7049702952566,-0.968640045428301
"GSM8121902_athero_human_9.txt.gz","Plate_1082s_C05","asymptomatic","macrophage","C5",-19.9696296453892,3.29842235124893
"GSM8121902_athero_human_9.txt.gz","Plate_1082s_C06","asymptomatic","macrophage","C5",-19.5057004220083,0.938320556531273
"GSM8121902_athero_human_9.txt.gz","Plate_1082s_C07","asymptomatic","macrophage","C5",-19.6523453354382,4.20814134185309
"GSM8121902_athero_human_9.txt.gz","Plate_1082s_C08","asymptomatic","macrophage","C9",-20.8385100696904,-4.98119797473068
"GSM8121902_athero_human_9.txt.gz","Plate_1082s_C10","asymptomatic","vsmc","C2",16.2594959564948,0.638101053098129
"GSM8121902_athero_human_9.txt.gz","Plate_1082s_C11","asymptomatic","macrophage","C4",-19.3476225995721,-6.84255568858185
"GSM8121902_athero_human_9.txt.gz","Plate_1082s_C12","asymptomatic","unassigned","C9",-18.4009702263425,-3.96574017703571
"GSM8121902_athero_human_9.txt.gz","Plate_1082s_C13","asymptomatic","t_nk","C5",-16.9109322303413,6.986485444391
"GSM8121902_athero_human_9.txt.gz","Plate_1082s_C14","asymptomatic","macrophage","C5",-21.3797251887427,4.23552668835464
"GSM8121902_athero_human_9.txt.gz","Plate_1082s_C17","asymptomatic","macrophage","C4",-16.6396711420511,-6.01176435106413
"GSM8121902_athero_human_9.txt.gz","Plate_1082s_C18","asymptomatic","macrophage","C4",-17.9045252716163,-8.38328772407111
"GSM8121902_athero_human_9.txt.gz","Plate_1082s_C19","asymptomatic","macrophage","C3",-21.2551002557648,-1.05920730329754
"GSM8121902_athero_human_9.txt.gz","Plate_1082s_C20","asymptomatic","macrophage","C3",-21.2223421874991,1.50021505597923
"GSM8121902_athero_human_9.txt.gz","Plate_1082s_C21","asymptomatic","macrophage","C9",-17.7115013303999,-8.38946254718792
"GSM8121902_athero_human_9.txt.gz","Plate_1082s_C22","asymptomatic","macrophage","C3",-21.8926219875345,-2.81452779475493
"GSM8121902_athero_human_9.txt.gz","Plate_1082s_C23","asymptomatic","fibroblast","C10",14.2570535234184,-1.15472099046021
"GSM8121902_athero_human_9.txt.gz","Plate_1082s_D01","asymptomatic","t_nk","C5",-17.4773520805281,2.36177097762558
"GSM8121902_athero_human_9.txt.gz","Plate_1082s_D03","asymptomatic","macrophage","C5",-19.9340141087373,4.62796604429928
"GSM8121902_athero_human_9.txt.gz","Plate_1082s_D04","asymptomatic","unassigned","C4",-17.7910309562318,-9.90246063826655
"GSM8121902_athero_human_9.txt.gz","Plate_1082s_D05","asymptomatic","t_nk","C5",-19.4794385841399,3.27615101256209
"GSM8121902_athero_human_9.txt.gz","Plate_1082s_D06","asymptomatic","macrophage","C4",-17.7009547832422,-5.32972470094488
"GSM8121902_athero_human_9.txt.gz","Plate_1082s_D07","asymptomatic","unassigned","C4",-19.9535439384655,-8.61325561630063
"GSM8121902_athero_human_9.txt.gz","Plate_1082s_D08","asymptomatic","unassigned","C4",-18.5169007344966,-9.43771583581895
"GSM8121902_athero_human_9.txt.gz","Plate_1082s_D09","asymptomatic","fibroblast","C10",9.28546498115882,-3.99051619134412
"GSM8121902_athero_human_9.txt.gz","Plate_1082s_D10","asymptomatic","macrophage","C4",-21.1004449889694,-6.03366230478435
"GSM8121902_athero_human_9.txt.gz","Plate_1082s_D11","asymptomatic","macrophage","C9",-18.3221810878388,-3.86122601414215
"GSM8121902_athero_human_9.txt.gz","Plate_1082s_D14","asymptomatic","macrophage","C4",-16.9540318164125,-8.62828118048713
"GSM8121902_athero_human_9.txt.gz","Plate_1082s_D15","asymptomatic","fibroblast","C9",-13.2281389942734,-10.5159403764025
"GSM8121902_athero_human_9.txt.gz","Plate_1082s_D17","asymptomatic","unassigned","C4",-17.4592883960599,-8.09174219661482
"GSM8121902_athero_human_9.txt.gz","Plate_1082s_D18","asymptomatic","macrophage","C3",-21.8417625366687,-5.80705158383666
"GSM8121902_athero_human_9.txt.gz","Plate_1082s_D19","asymptomatic","macrophage","C3",-21.7385184670408,0.780132198365961
"GSM8121902_athero_human_9.txt.gz","Plate_1082s_D20","asymptomatic","unassigned","C4",-18.2528910209768,-4.75850366278962
"GSM8121902_athero_human_9.txt.gz","Plate_1082s_D21","asymptomatic","macrophage","C3",-22.6184460193218,-3.51442015930617
"GSM8121902_athero_human_9.txt.gz","Plate_1082s_D22","asymptomatic","macrophage","C5",-20.4345321661037,5.41387754068749
"GSM8121902_athero_human_9.txt.gz","Plate_1082s_D24","asymptomatic","macrophage","C9",-17.1396895111633,-5.65965211927272
"GSM8121902_athero_human_9.txt.gz","Plate_1082s_E02","asymptomatic","mast","C9",-19.8264535054748,-4.03921989825607
"GSM8121902_athero_human_9.txt.gz","Plate_1082s_E04","asymptomatic","unassigned","C9",-16.4806875241576,-7.00898450403546
"GSM8121902_athero_human_9.txt.gz","Plate_1082s_E05","asymptomatic","vsmc","C2",12.1190515799887,-1.49151327480235
"GSM8121902_athero_human_9.txt.gz","Plate_1082s_E06","asymptomatic","macrophage","C3",-20.3185040816109,2.40246708210442
"GSM8121902_athero_human_9.txt.gz","Plate_1082s_E08","asymptomatic","macrophage","C3",-19.1332280168273,-3.42185337177832
"GSM8121902_athero_human_9.txt.gz","Plate_1082s_E09","asymptomatic","unassigned","C5",-19.5086795070354,2.6897016108162
"GSM8121902_athero_human_9.txt.gz","Plate_1082s_E10","asymptomatic","macrophage","C5",-21.9721637628184,5.32612010044672
"GSM8121902_athero_human_9.txt.gz","Plate_1082s_E11","asymptomatic","unassigned","C9",-19.2482831183575,-4.99377118134704
"GSM8121902_athero_human_9.txt.gz","Plate_1082s_E12","asymptomatic","fibroblast","C4",-15.8510420927802,-5.9185261321834
"GSM8121902_athero_human_9.txt.gz","Plate_1082s_E13","asymptomatic","unassigned","C7",11.1828556056608,-4.40340064282606
"GSM8121902_athero_human_9.txt.gz","Plate_1082s_E14","asymptomatic","unassigned","C9",-10.0834679627344,-12.4795817187813
"GSM8121902_athero_human_9.txt.gz","Plate_1082s_E15","asymptomatic","macrophage","C5",-20.1820256705054,-0.187253540308479
"GSM8121902_athero_human_9.txt.gz","Plate_1082s_E16","asymptomatic","endothelial","C9",-13.1261846710845,-12.3537038762047
"GSM8121902_athero_human_9.txt.gz","Plate_1082s_E17","asymptomatic","unassigned","C5",-16.8575619541994,-0.132492421026981
"GSM8121902_athero_human_9.txt.gz","Plate_1082s_E18","asymptomatic","t_nk","C5",-20.354165016405,5.49697793483858
"GSM8121902_athero_human_9.txt.gz","Plate_1082s_E19","asymptomatic","fibroblast","C10",7.6754481311679,2.36365994507258
"GSM8121902_athero_human_9.txt.gz","Plate_1082s_E20","asymptomatic","fibroblast","C7",7.56720869930149,-3.78852905338488
"GSM8121902_athero_human_9.txt.gz","Plate_1082s_E22","asymptomatic","fibroblast","C10",15.8696061226417,3.65263019758053
"GSM8121902_athero_human_9.txt.gz","Plate_1082s_F02","asymptomatic","mast","C1",-9.0212862096552,-5.15834837132696
"GSM8121902_athero_human_9.txt.gz","Plate_1082s_F03","asymptomatic","macrophage","C5",-21.6804869920617,-0.49234433665625
"GSM8121902_athero_human_9.txt.gz","Plate_1082s_F04","asymptomatic","macrophage","C3",-21.3628190032197,0.606354776350454
"GSM8121902_athero_human_9.txt.gz","Plate_1082s_F07","asymptomatic","macrophage","C4",-17.784519912246,-7.1855450171701
"GSM8121902_athero_human_9.txt.gz","Plate_1082s_F08","asymptomatic","unassigned","C9",-13.0126500071774,-11.1213765613322
"GSM8121902_athero_human_9.txt.gz","Plate_1082s_F09","asymptomatic","t_nk","C5",-20.0747267448502,5.30495992977544
"GSM8121902_athero_human_9.txt.gz","Plate_1082s_F10","asymptomatic","macrophage","C9",-15.7975290393645,-8.32425914583002
"GSM8121902_athero_human_9.txt.gz","Plate_1082s_F11","asymptomatic","fibroblast","C10",15.8677210645546,0.49400683970448
"GSM8121902_athero_human_9.txt.gz","Plate_1082s_F12","asymptomatic","macrophage","C3",-20.60767707957,-1.1899491091929
"GSM8121902_athero_human_9.txt.gz","Plate_1082s_F13","asymptomatic","macrophage","C4",-16.9530870788076,-6.71802728481766
"GSM8121902_athero_human_9.txt.gz","Plate_1082s_F15","asymptomatic","fibroblast","C7",4.33200989513528,-12.7721032818573
"GSM8121902_athero_human_9.txt.gz","Plate_1082s_F16","asymptomatic","macrophage","C3",-20.8109941736418,1.82332661658966
"GSM8121902_athero_human_9.txt.gz","Plate_1082s_F17","asymptomatic","macrophage","C3",-18.4618119085859,-4.34330299986885
"GSM8121902_athero_human_9.txt.gz","Plate_1082s_F18","asymptomatic","macrophage","C5",-22.2458435732816,0.908864409072606
"GSM8121902_athero_human_9.txt.gz","Plate_1082s_F19","asymptomatic","t_nk","C5",-19.2275791568598,7.07897272562211
"GSM8121902_athero_human_9.txt.gz","Plate_1082s_F20","asymptomatic","macrophage","C9",-15.1906867498998,-8.48192640581244
"GSM8121902_athero_human_9.txt.gz","Plate_1082s_F22","asymptomatic","unassigned","C5",-13.0841200750758,0.623569452962415
"GSM8121902_athero_human_9.txt.gz","Plate_1082s_F23","asymptomatic","macrophage","C4",-12.6155076677971,-11.4160065109973
"GSM8121902_athero_human_9.txt.gz","Plate_1082s_G04","asymptomatic","macrophage","C3",-18.1086540192481,-3.64048161290439
"GSM8121902_athero_human_9.txt.gz","Plate_1082s_G05","asymptomatic","fibroblast","C10",14.7803551472571,1.44088116373337
"GSM8121902_athero_human_9.txt.gz","Plate_1082s_G06","asymptomatic","macrophage","C3",-21.3672934948904,0.194395522729119
"GSM8121902_athero_human_9.txt.gz","Plate_1082s_G07","asymptomatic","unassigned","C5",-18.7696039478691,8.9285792622861
"GSM8121902_athero_human_9.txt.gz","Plate_1082s_G09","asymptomatic","macrophage","C5",-18.1179187003918,1.31720989790199
"GSM8121902_athero_human_9.txt.gz","Plate_1082s_G11","asymptomatic","macrophage","C3",-20.5509106404043,0.81552296346084
"GSM8121902_athero_human_9.txt.gz","Plate_1082s_G12","asymptomatic","macrophage","C4",-15.8415498753162,-8.24151795631021
"GSM8121902_athero_human_9.txt.gz","Plate_1082s_G13","asymptomatic","fibroblast","C7",0.743130593813813,-10.6129309757251
"GSM8121902_athero_human_9.txt.gz","Plate_1082s_G14","asymptomatic","vsmc","C2",16.544065925262,-1.7892930584063
"GSM8121902_athero_human_9.txt.gz","Plate_1082s_G15","asymptomatic","fibroblast","C10",12.4379431883485,1.78665934872377
"GSM8121902_athero_human_9.txt.gz","Plate_1082s_G16","asymptomatic","unassigned","C7",8.54691886830321,-4.23698518950356
"GSM8121902_athero_human_9.txt.gz","Plate_1082s_G17","asymptomatic","unassigned","C5",-17.1070041970713,4.16172529574296
"GSM8121902_athero_human_9.txt.gz","Plate_1082s_G18","asymptomatic","macrophage","C5",-20.0351016482594,-0.959945292633844
"GSM8121902_athero_human_9.txt.gz","Plate_1082s_G19","asymptomatic","unassigned","C9",-13.1305393798633,-8.33388087187407
"GSM8121902_athero_human_9.txt.gz","Plate_1082s_G21","asymptomatic","fibroblast","C4",-11.4875542039793,-4.23488669216082
"GSM8121902_athero_human_9.txt.gz","Plate_1082s_G22","asymptomatic","unassigned","C2",13.011340633638,-6.45734736210381
"GSM8121902_athero_human_9.txt.gz","Plate_1082s_G23","asymptomatic","macrophage","C3",-20.9668906889647,-0.995489794303328
"GSM8121902_athero_human_9.txt.gz","Plate_1082s_H01","asymptomatic","unassigned","C5",-17.5932664196949,1.89889839016518
"GSM8121902_athero_human_9.txt.gz","Plate_1082s_H02","asymptomatic","vsmc","C2",14.3180774455056,-1.66700666694731
"GSM8121902_athero_human_9.txt.gz","Plate_1082s_H03","asymptomatic","unassigned","C9",-19.2795929839079,-4.43287883937311
"GSM8121902_athero_human_9.txt.gz","Plate_1082s_H05","asymptomatic","macrophage","C4",-18.3317508002408,-6.49164759964475
"GSM8121902_athero_human_9.txt.gz","Plate_1082s_H06","asymptomatic","t_nk","C3",-21.7581598614053,2.15788664906733
"GSM8121902_athero_human_9.txt.gz","Plate_1082s_H07","asymptomatic","unassigned","C5",-18.8700887323613,7.88065790984034
"GSM8121902_athero_human_9.txt.gz","Plate_1082s_H08","asymptomatic","unassigned","C9",-15.7766900605765,-9.78667793076684
"GSM8121902_athero_human_9.txt.gz","Plate_1082s_H10","asymptomatic","macrophage","C5",-20.236771510564,0.338546092029232
"GSM8121902_athero_human_9.txt.gz","Plate_1082s_H11","asymptomatic","unassigned","C9",-21.0895033537588,-1.81781430763928
"GSM8121902_athero_human_9.txt.gz","Plate_1082s_H12","asymptomatic","macrophage","C4",-19.9925166012427,-7.10991431148113
"GSM8121902_athero_human_9.txt.gz","Plate_1082s_H13","asymptomatic","macrophage","C5",-20.2656426692944,1.02793955721872
"GSM8121902_athero_human_9.txt.gz","Plate_1082s_H14","asymptomatic","macrophage","C9",-19.5640272665682,-8.01825587176992
"GSM8121902_athero_human_9.txt.gz","Plate_1082s_H15","asymptomatic","unassigned","C9",-15.8734909756405,-5.25645514682031
"GSM8121902_athero_human_9.txt.gz","Plate_1082s_H16","asymptomatic","vsmc","C2",10.8258398348954,-6.67958389513051
"GSM8121902_athero_human_9.txt.gz","Plate_1082s_H17","asymptomatic","macrophage","C4",-20.6525395599727,-7.38767537551664
"GSM8121902_athero_human_9.txt.gz","Plate_1082s_H18","asymptomatic","unassigned","C9",-16.3669419238871,-2.38273073851728
"GSM8121902_athero_human_9.txt.gz","Plate_1082s_H19","asymptomatic","macrophage","C3",-22.4726659788937,3.10793425853434
"GSM8121902_athero_human_9.txt.gz","Plate_1082s_H20","asymptomatic","unassigned","C3",-20.7027674803274,-3.07859121639937
"GSM8121902_athero_human_9.txt.gz","Plate_1082s_H21","asymptomatic","macrophage","C5",-17.6658774716977,2.61647589253571
"GSM8121902_athero_human_9.txt.gz","Plate_1082s_H22","asymptomatic","macrophage","C3",-21.8886547034919,-3.78734160109313
"GSM8121902_athero_human_9.txt.gz","Plate_1082s_H23","asymptomatic","macrophage","C4",-21.4090712033988,-6.75809685338573
"GSM8121902_athero_human_9.txt.gz","Plate_1082s_I02","asymptomatic","unassigned","C4",-18.7734062620439,-6.67820968652298
"GSM8121902_athero_human_9.txt.gz","Plate_1082s_I03","asymptomatic","macrophage","C5",-22.8459829610666,0.933409110991621
"GSM8121902_athero_human_9.txt.gz","Plate_1082s_I04","asymptomatic","macrophage","C3",-22.8207926886276,1.51121571213993
"GSM8121902_athero_human_9.txt.gz","Plate_1082s_I05","asymptomatic","unassigned","C5",-16.4118224748955,3.23412321018739
"GSM8121902_athero_human_9.txt.gz","Plate_1082s_I07","asymptomatic","unassigned","C4",-17.7661718453387,-6.69973362256475
"GSM8121902_athero_human_9.txt.gz","Plate_1082s_I08","asymptomatic","macrophage","C3",-21.6007607332621,-0.126152588942282
"GSM8121902_athero_human_9.txt.gz","Plate_1082s_I09","asymptomatic","t_nk","C5",-20.9841889796794,0.838136187800157
"GSM8121902_athero_human_9.txt.gz","Plate_1082s_I10","asymptomatic","endothelial","C9",-16.7942786287386,-4.53435186747821
"GSM8121902_athero_human_9.txt.gz","Plate_1082s_I11","asymptomatic","vsmc","C2",11.4452095517617,-8.43021257596893
"GSM8121902_athero_human_9.txt.gz","Plate_1082s_I13","asymptomatic","macrophage","C5",-21.6537940439439,1.50473265774898
"GSM8121902_athero_human_9.txt.gz","Plate_1082s_I14","asymptomatic","macrophage","C3",-19.4612737806683,-0.704126861501861
"GSM8121902_athero_human_9.txt.gz","Plate_1082s_I15","asymptomatic","macrophage","C3",-23.0508811350315,1.02775609816362
"GSM8121902_athero_human_9.txt.gz","Plate_1082s_I16","asymptomatic","t_nk","C4",-10.4200904050817,-12.9267808923633
"GSM8121902_athero_human_9.txt.gz","Plate_1082s_I17","asymptomatic","macrophage","C3",-19.6060132278633,-3.06015371798623
"GSM8121902_athero_human_9.txt.gz","Plate_1082s_I18","asymptomatic","fibroblast","C7",2.82851864954562,-7.37287806777759
"GSM8121902_athero_human_9.txt.gz","Plate_1082s_I19","asymptomatic","vsmc","C2",10.0912087629364,-4.22821383978661
"GSM8121902_athero_human_9.txt.gz","Plate_1082s_I20","asymptomatic","macrophage","C4",-20.5198900154558,-6.16763307685666
"GSM8121902_athero_human_9.txt.gz","Plate_1082s_I21","asymptomatic","macrophage","C3",-21.7712064993109,2.43714514222942
"GSM8121902_athero_human_9.txt.gz","Plate_1082s_I22","asymptomatic","macrophage","C3",-18.7569228351536,-5.49655968211241
"GSM8121902_athero_human_9.txt.gz","Plate_1082s_J02","asymptomatic","unassigned","C9",-13.6419826877922,-8.41908754123705
"GSM8121902_athero_human_9.txt.gz","Plate_1082s_J03","asymptomatic","macrophage","C5",-19.8748666475512,6.11791118854389
"GSM8121902_athero_human_9.txt.gz","Plate_1082s_J04","asymptomatic","unassigned","C9",-17.1345847073506,-6.15683839571388
"GSM8121902_athero_human_9.txt.gz","Plate_1082s_J05","asymptomatic","fibroblast","C10",9.56583912877813,3.46191600266565
"GSM8121902_athero_human_9.txt.gz","Plate_1082s_J06","asymptomatic","macrophage","C3",-19.8823705461195,-0.101031629321994
"GSM8121902_athero_human_9.txt.gz","Plate_1082s_J07","asymptomatic","macrophage","C5",-18.308404493036,3.58763468834761
"GSM8121902_athero_human_9.txt.gz","Plate_1082s_J08","asymptomatic","vsmc","C7",7.96295855254142,-6.80606734551423
"GSM8121902_athero_human_9.txt.gz","Plate_1082s_J09","asymptomatic","unassigned","C5",-18.2809689022732,1.13267274453318
"GSM8121902_athero_human_9.txt.gz","Plate_1082s_J10","asymptomatic","macrophage","C5",-19.3356159841768,7.32095253161678
"GSM8121902_athero_human_9.txt.gz","Plate_1082s_J11","asymptomatic","macrophage","C3",-19.9602522810698,-5.49966864991569
"GSM8121902_athero_human_9.txt.gz","Plate_1082s_J12","asymptomatic","fibroblast","C10",10.2292372810544,1.06608691517667
"GSM8121902_athero_human_9.txt.gz","Plate_1082s_J13","asymptomatic","vsmc","C2",12.0247365467014,1.57184586623791
"GSM8121902_athero_human_9.txt.gz","Plate_1082s_J15","asymptomatic","macrophage","C5",-19.6909798321015,-1.06506465279602
"GSM8121902_athero_human_9.txt.gz","Plate_1082s_J16","asymptomatic","macrophage","C3",-20.3637305546307,4.94247926119532
"GSM8121902_athero_human_9.txt.gz","Plate_1082s_J17","asymptomatic","vsmc","C2",13.508071999535,-0.458713251573455
"GSM8121902_athero_human_9.txt.gz","Plate_1082s_J18","asymptomatic","vsmc","C2",11.1158953475056,0.0473070215159662
"GSM8121902_athero_human_9.txt.gz","Plate_1082s_J19","asymptomatic","macrophage","C4",-12.0609128268427,-13.5441757570727
"GSM8121902_athero_human_9.txt.gz","Plate_1082s_J20","asymptomatic","unassigned","C5",-16.789881241468,5.21027157975643
"GSM8121902_athero_human_9.txt.gz","Plate_1082s_J21","asymptomatic","t_nk","C9",-19.1077691623748,-2.26730719961905
"GSM8121902_athero_human_9.txt.gz","Plate_1082s_J22","asymptomatic","fibroblast","C9",-15.7370347750297,-5.89756056864235
"GSM8121902_athero_human_9.txt.gz","Plate_1082s_J23","asymptomatic","unassigned","C9",-16.9194544655221,-4.5783978574721
"GSM8121902_athero_human_9.txt.gz","Plate_1082s_K02","asymptomatic","macrophage","C3",-21.2771857379179,-0.64659465333403
"GSM8121902_athero_human_9.txt.gz","Plate_1082s_K05","asymptomatic","macrophage","C3",-22.5916518439935,3.56905551940873
"GSM8121902_athero_human_9.txt.gz","Plate_1082s_K06","asymptomatic","fibroblast","C7",3.41786343768287,-13.4675195018572
"GSM8121902_athero_human_9.txt.gz","Plate_1082s_K07","asymptomatic","macrophage","C3",-21.0429209984125,-4.25276384888377
"GSM8121902_athero_human_9.txt.gz","Plate_1082s_K09","asymptomatic","unassigned","C5",-21.8142054264402,4.09122758705044
"GSM8121902_athero_human_9.txt.gz","Plate_1082s_K10","asymptomatic","t_nk","C9",-17.0967555908334,0.552780939641321
"GSM8121902_athero_human_9.txt.gz","Plate_1082s_K11","asymptomatic","macrophage","C9",-19.9338496917162,-8.50923878094801
"GSM8121902_athero_human_9.txt.gz","Plate_1082s_K13","asymptomatic","unassigned","C9",-14.7432554887879,0.3530601826339
"GSM8121902_athero_human_9.txt.gz","Plate_1082s_K14","asymptomatic","macrophage","C4",-18.547339018396,-9.67358581163384
"GSM8121902_athero_human_9.txt.gz","Plate_1082s_K15","asymptomatic","macrophage","C3",-22.2937770009558,-1.63659385391554
"GSM8121902_athero_human_9.txt.gz","Plate_1082s_K16","asymptomatic","t_nk","C5",-18.8583184874808,0.628668851568879
"GSM8121902_athero_human_9.txt.gz","Plate_1082s_K17","asymptomatic","macrophage","C5",-19.1593019702946,5.19317204085717
"GSM8121902_athero_human_9.txt.gz","Plate_1082s_K18","asymptomatic","t_nk","C9",-17.6859652094172,-6.5281252686701
"GSM8121902_athero_human_9.txt.gz","Plate_1082s_K19","asymptomatic","unassigned","C4",-16.1864891410412,-10.2046379984193
"GSM8121902_athero_human_9.txt.gz","Plate_1082s_K20","asymptomatic","vsmc","C2",10.5489742798765,-6.91552680745591
"GSM8121902_athero_human_9.txt.gz","Plate_1082s_K21","asymptomatic","vsmc","C7",8.04111844788331,-6.53270805112933
"GSM8121902_athero_human_9.txt.gz","Plate_1082s_L01","asymptomatic","t_nk","C9",-15.9278791746799,-7.86159748862665
"GSM8121902_athero_human_9.txt.gz","Plate_1082s_L02","asymptomatic","macrophage","C3",-21.7214894095027,0.495164579769609
"GSM8121902_athero_human_9.txt.gz","Plate_1082s_L04","asymptomatic","t_nk","C5",-19.0203651139561,2.41955030025445
"GSM8121902_athero_human_9.txt.gz","Plate_1082s_L05","asymptomatic","macrophage","C3",-21.0957593332138,-0.402435649903884
"GSM8121902_athero_human_9.txt.gz","Plate_1082s_L06","asymptomatic","macrophage","C3",-21.2754748419165,0.155370747552221
"GSM8121902_athero_human_9.txt.gz","Plate_1082s_L07","asymptomatic","macrophage","C5",-22.4541614751918,3.18707789618863
"GSM8121902_athero_human_9.txt.gz","Plate_1082s_L08","asymptomatic","t_nk","C9",-21.0652533095527,-4.52727392173229
"GSM8121902_athero_human_9.txt.gz","Plate_1082s_L09","asymptomatic","t_nk","C5",-19.9085022393748,6.29930794742854
"GSM8121902_athero_human_9.txt.gz","Plate_1082s_L10","asymptomatic","unassigned","C3",-18.0320537915004,-3.07680136490342
"GSM8121902_athero_human_9.txt.gz","Plate_1082s_L11","asymptomatic","t_nk","C1",-9.12357651055621,-10.14054764921
"GSM8121902_athero_human_9.txt.gz","Plate_1082s_L12","asymptomatic","t_nk","C5",-16.8297821500995,3.8702625988255
"GSM8121902_athero_human_9.txt.gz","Plate_1082s_L13","asymptomatic","macrophage","C5",-18.9826480826236,7.26996582832012
"GSM8121902_athero_human_9.txt.gz","Plate_1082s_L14","asymptomatic","t_nk","C9",-17.3342916200788,-2.16704475316355
"GSM8121902_athero_human_9.txt.gz","Plate_1082s_L15","asymptomatic","macrophage","C5",-18.2210308874377,1.37663340470749
"GSM8121902_athero_human_9.txt.gz","Plate_1082s_L16","asymptomatic","macrophage","C9",-12.4569119176259,-10.8054547010321
"GSM8121902_athero_human_9.txt.gz","Plate_1082s_L17","asymptomatic","vsmc","C2",10.9875174438952,-6.51371834309077
"GSM8121902_athero_human_9.txt.gz","Plate_1082s_L18","asymptomatic","macrophage","C3",-21.9858602119193,-1.90518114745602
"GSM8121902_athero_human_9.txt.gz","Plate_1082s_L19","asymptomatic","fibroblast","C5",-4.26907060538921,5.43333265562444
"GSM8121902_athero_human_9.txt.gz","Plate_1082s_L20","asymptomatic","macrophage","C9",-20.4566373614786,-4.01208720556069
"GSM8121902_athero_human_9.txt.gz","Plate_1082s_L21","asymptomatic","macrophage","C5",-20.2868159087203,2.76350841883905
"GSM8121902_athero_human_9.txt.gz","Plate_1082s_L22","asymptomatic","t_nk","C5",-13.7963987524859,5.76755592240052
"GSM8121902_athero_human_9.txt.gz","Plate_1082s_L23","asymptomatic","fibroblast","C10",11.9527697101476,2.35316760616626
"GSM8121902_athero_human_9.txt.gz","Plate_1082s_M03","asymptomatic","unassigned","C9",-16.5462664036534,-7.17391987499638
"GSM8121902_athero_human_9.txt.gz","Plate_1082s_M04","asymptomatic","unassigned","C9",-16.9993747827242,-6.92677874761025
"GSM8121902_athero_human_9.txt.gz","Plate_1082s_M05","asymptomatic","unassigned","C5",-20.8736315069227,4.05300934530533
"GSM8121902_athero_human_9.txt.gz","Plate_1082s_M06","asymptomatic","macrophage","C5",-20.2504160742042,4.3328548068832
"GSM8121902_athero_human_9.txt.gz","Plate_1082s_M07","asymptomatic","macrophage","C4",-20.7832553513019,-6.55321449227803
"GSM8121902_athero_human_9.txt.gz","Plate_1082s_M08","asymptomatic","vsmc","C2",11.6858273759995,-3.71975377789985
"GSM8121902_athero_human_9.txt.gz","Plate_1082s_M09","asymptomatic","macrophage","C3",-21.9272489062663,1.02529896839912
"GSM8121902_athero_human_9.txt.gz","Plate_1082s_M11","asymptomatic","macrophage","C5",-18.1485688395129,5.70923966340987
"GSM8121902_athero_human_9.txt.gz","Plate_1082s_M12","asymptomatic","macrophage","C4",-15.6437159573333,-9.04420669579406
"GSM8121902_athero_human_9.txt.gz","Plate_1082s_M13","asymptomatic","unassigned","C9",-14.6753113591871,-6.08736509129616
"GSM8121902_athero_human_9.txt.gz","Plate_1082s_M14","asymptomatic","macrophage","C5",-21.0014468244994,-0.958447076545809
"GSM8121902_athero_human_9.txt.gz","Plate_1082s_M15","asymptomatic","unassigned","C5",-15.1625221675873,5.32075656042963
"GSM8121902_athero_human_9.txt.gz","Plate_1082s_M16","asymptomatic","vsmc","C2",14.2539245556808,-0.300768459387088
"GSM8121902_athero_human_9.txt.gz","Plate_1082s_M17","asymptomatic","macrophage","C3",-20.2735107750241,0.460702898408137
"GSM8121902_athero_human_9.txt.gz","Plate_1082s_M18","asymptomatic","macrophage","C3",-21.0557993060178,0.327473207263948
"GSM8121902_athero_human_9.txt.gz","Plate_1082s_M19","asymptomatic","fibroblast","C10",11.5783136428802,-4.08220068019033
"GSM8121902_athero_human_9.txt.gz","Plate_1082s_M20","asymptomatic","macrophage","C3",-20.5985406973723,-2.56335605066925
"GSM8121902_athero_human_9.txt.gz","Plate_1082s_M21","asymptomatic","fibroblast","C10",12.7848042063451,-4.74596542815196
"GSM8121902_athero_human_9.txt.gz","Plate_1082s_M23","asymptomatic","unassigned","C9",-18.8480242442747,-1.26169647336689
"GSM8121902_athero_human_9.txt.gz","Plate_1082s_N01","asymptomatic","macrophage","C3",-21.3728636552599,0.0925185662264834
"GSM8121902_athero_human_9.txt.gz","Plate_1082s_N02","asymptomatic","macrophage","C3",-19.6928036286871,-2.97067979139371
"GSM8121902_athero_human_9.txt.gz","Plate_1082s_N05","asymptomatic","macrophage","C5",-20.6536214129883,-0.263604125223797
"GSM8121902_athero_human_9.txt.gz","Plate_1082s_N06","asymptomatic","macrophage","C5",-18.4219155263255,-3.45799904776594
"GSM8121902_athero_human_9.txt.gz","Plate_1082s_N07","asymptomatic","macrophage","C3",-21.7719433787654,3.65955298028955
"GSM8121902_athero_human_9.txt.gz","Plate_1082s_N08","asymptomatic","unassigned","C9",-19.6600868279803,-4.41380717519431
"GSM8121902_athero_human_9.txt.gz","Plate_1082s_N09","asymptomatic","macrophage","C5",-21.7513003864439,5.46709562930019
"GSM8121902_athero_human_9.txt.gz","Plate_1082s_N10","asymptomatic","unassigned","C5",-17.3034338775595,4.76253727559713
"GSM8121902_athero_human_9.txt.gz","Plate_1082s_N11","asymptomatic","macrophage","C3",-20.2998081918974,0.530914381225002
"GSM8121902_athero_human_9.txt.gz","Plate_1082s_N12","asymptomatic","unassigned","C7",8.19373362310203,-12.4623505695404
"GSM8121902_athero_human_9.txt.gz","Plate_1082s_N13","asymptomatic","macrophage","C9",-15.65352666374,-5.33551830230848
"GSM8121902_athero_human_9.txt.gz","Plate_1082s_N16","asymptomatic","macrophage","C5",-21.6961320776912,0.230188707597043
"GSM8121902_athero_human_9.txt.gz","Plate_1082s_N17","asymptomatic","macrophage","C5",-21.8177596092236,3.32367731445706
"GSM8121902_athero_human_9.txt.gz","Plate_1082s_N18","asymptomatic","unassigned","C5",-16.8878986531305,7.57545109381403
"GSM8121902_athero_human_9.txt.gz","Plate_1082s_N19","asymptomatic","vsmc","C7",1.43750299587985,-13.6639781675954
"GSM8121902_athero_human_9.txt.gz","Plate_1082s_N20","asymptomatic","vsmc","C2",11.0005640158863,1.56974191154044
"GSM8121902_athero_human_9.txt.gz","Plate_1082s_N22","asymptomatic","macrophage","C3",-20.0113972837167,-1.54423457716188
"GSM8121902_athero_human_9.txt.gz","Plate_1082s_N23","asymptomatic","macrophage","C3",-20.0426442628588,-2.39434383567738
"GSM8121902_athero_human_9.txt.gz","Plate_1082s_N24","asymptomatic","macrophage","C5",-21.73123930554,0.979152730477313
"GSM8121902_athero_human_9.txt.gz","Plate_1082s_O02","asymptomatic","vsmc","C2",11.6546582497662,-2.26242142834631
"GSM8121902_athero_human_9.txt.gz","Plate_1082s_O05","asymptomatic","unassigned","C5",-17.4703152860218,2.96009143160567
"GSM8121902_athero_human_9.txt.gz","Plate_1082s_O08","asymptomatic","macrophage","C9",-17.388306452134,-4.8892812580371
"GSM8121902_athero_human_9.txt.gz","Plate_1082s_O09","asymptomatic","fibroblast","C10",12.4184488148258,1.77507085294867
"GSM8121902_athero_human_9.txt.gz","Plate_1082s_O10","asymptomatic","macrophage","C9",-10.8770790784409,-12.7109161432943
"GSM8121902_athero_human_9.txt.gz","Plate_1082s_O12","asymptomatic","macrophage","C5",-22.6309832654325,1.04445408999261
"GSM8121902_athero_human_9.txt.gz","Plate_1082s_O14","asymptomatic","vsmc","C2",13.3911111150403,-1.62772599347355
"GSM8121902_athero_human_9.txt.gz","Plate_1082s_O18","asymptomatic","t_nk","C9",-18.287929872265,-3.83397709195697
"GSM8121902_athero_human_9.txt.gz","Plate_1082s_O19","asymptomatic","macrophage","C5",-18.7238352011163,4.72281905385433
"GSM8121902_athero_human_9.txt.gz","Plate_1082s_O20","asymptomatic","vsmc","C2",11.3695229423201,-4.66115639026604
"GSM8121902_athero_human_9.txt.gz","Plate_1082s_O21","asymptomatic","macrophage","C5",-16.2394594896701,0.44492421524006
"GSM8121902_athero_human_9.txt.gz","Plate_1082s_O22","asymptomatic","macrophage","C5",-20.5164164707107,-1.19202739729009
"GSM8121902_athero_human_9.txt.gz","Plate_1082s_P11","asymptomatic","endothelial","C6",1.8958202801145,9.435487087791
"GSM8121902_athero_human_9.txt.gz","Plate_1082s_P17","asymptomatic","macrophage","C5",-19.3131727302135,3.21661751910421
"GSM8121902_athero_human_9.txt.gz","Plate_1082s_P20","asymptomatic","macrophage","C5",-18.7502149036443,2.15532086380506
"GSM8121902_athero_human_9.txt.gz","Plate_1083s_A01","asymptomatic","macrophage","C5",-19.3032921334018,0.317438396617578
"GSM8121902_athero_human_9.txt.gz","Plate_1083s_A02","asymptomatic","b_cell","C9",-15.9712734109104,-8.67427214612157
"GSM8121902_athero_human_9.txt.gz","Plate_1083s_A03","asymptomatic","vsmc","C2",13.5464153307335,-4.30072238737624
"GSM8121902_athero_human_9.txt.gz","Plate_1083s_A04","asymptomatic","fibroblast","C7",4.94743170158401,-4.78706893106399
"GSM8121902_athero_human_9.txt.gz","Plate_1083s_A05","asymptomatic","vsmc","C2",10.6302929270399,-3.64926197623412
"GSM8121902_athero_human_9.txt.gz","Plate_1083s_A06","asymptomatic","macrophage","C5",-21.7550417251235,1.56190741820646
"GSM8121902_athero_human_9.txt.gz","Plate_1083s_A07","asymptomatic","t_nk","C9",-16.0539636282952,-0.416362574092192
"GSM8121902_athero_human_9.txt.gz","Plate_1083s_A08","asymptomatic","unassigned","C9",-18.1957324113932,-5.46760498616254
"GSM8121902_athero_human_9.txt.gz","Plate_1083s_A09","asymptomatic","vsmc","C7",6.34229246133131,-9.91519964236371
"GSM8121902_athero_human_9.txt.gz","Plate_1083s_A10","asymptomatic","unassigned","C5",-18.0663917996019,0.78019613797329
"GSM8121902_athero_human_9.txt.gz","Plate_1083s_A11","asymptomatic","vsmc","C2",10.0342827219954,-6.05935809942012
"GSM8121902_athero_human_9.txt.gz","Plate_1083s_A12","asymptomatic","macrophage","C3",-16.4858544976513,-4.63269049239879
"GSM8121902_athero_human_9.txt.gz","Plate_1083s_A13","asymptomatic","macrophage","C5",-18.6375193150142,1.96247016709651
"GSM8121902_athero_human_9.txt.gz","Plate_1083s_A14","asymptomatic","unassigned","C5",-13.7235823929336,5.77794284124146
"GSM8121902_athero_human_9.txt.gz","Plate_1083s_A17","asymptomatic","unassigned","C3",-19.768301290761,-1.0745850486708
"GSM8121902_athero_human_9.txt.gz","Plate_1083s_A18","asymptomatic","fibroblast","C10",7.86810606573006,-0.850274129545636
"GSM8121902_athero_human_9.txt.gz","Plate_1083s_A20","asymptomatic","macrophage","C9",-19.9542828593321,-4.56807279316992
"GSM8121902_athero_human_9.txt.gz","Plate_1083s_A21","asymptomatic","vsmc","C2",10.4429822503624,-3.52746142002818
"GSM8121902_athero_human_9.txt.gz","Plate_1083s_A22","asymptomatic","macrophage","C3",-17.7895769452247,-0.291464423014844
"GSM8121902_athero_human_9.txt.gz","Plate_1083s_A24","asymptomatic","macrophage","C3",-18.9687425885219,-4.10868286170092
"GSM8121902_athero_human_9.txt.gz","Plate_1083s_B01","asymptomatic","macrophage","C9",-17.8885630452238,-3.89118885629371
"GSM8121902_athero_human_9.txt.gz","Plate_1083s_B02","asymptomatic","macrophage","C5",-20.4483858185854,6.57743381890789
"GSM8121902_athero_human_9.txt.gz","Plate_1083s_B03","asymptomatic","macrophage","C3",-20.1020816563372,3.98167710432331
"GSM8121902_athero_human_9.txt.gz","Plate_1083s_B04","asymptomatic","macrophage","C9",-19.2273264138259,-5.43962327918828
"GSM8121902_athero_human_9.txt.gz","Plate_1083s_B05","asymptomatic","macrophage","C3",-20.0030610089985,-3.74538364961762
"GSM8121902_athero_human_9.txt.gz","Plate_1083s_B06","asymptomatic","macrophage","C5",-21.367560192451,2.50455986746215
"GSM8121902_athero_human_9.txt.gz","Plate_1083s_B07","asymptomatic","macrophage","C9",-18.7236850640434,-6.20754128870956
"GSM8121902_athero_human_9.txt.gz","Plate_1083s_B08","asymptomatic","vsmc","C2",9.44105847290894,-6.73193694002006
"GSM8121902_athero_human_9.txt.gz","Plate_1083s_B09","asymptomatic","fibroblast","C10",13.2530453998891,-2.37108906653365
"GSM8121902_athero_human_9.txt.gz","Plate_1083s_B10","asymptomatic","macrophage","C5",-19.1489129306579,0.13773098292854
"GSM8121902_athero_human_9.txt.gz","Plate_1083s_B11","asymptomatic","fibroblast","C10",8.62495528844402,0.11108365813121
"GSM8121902_athero_human_9.txt.gz","Plate_1083s_B13","asymptomatic","macrophage","C3",-19.1451914403797,2.81108490733213
"GSM8121902_athero_human_9.txt.gz","Plate_1083s_B14","asymptomatic","macrophage","C9",-16.3504067198412,-7.03939212262439
"GSM8121902_athero_human_9.txt.gz","Plate_1083s_B15","asymptomatic","macrophage","C9",-20.6394182323899,-4.05074982726825
"GSM8121902_athero_human_9.txt.gz","Plate_1083s_B17","asymptomatic","macrophage","C5",-19.4471267864664,4.88705379910134
"GSM8121902_athero_human_9.txt.gz","Plate_1083s_B18","asymptomatic","macrophage","C9",-17.0720707293739,-5.45842396143708
"GSM8121902_athero_human_9.txt.gz","Plate_1083s_B19","asymptomatic","macrophage","C3",-19.8140978888071,2.10321048719434
"GSM8121902_athero_human_9.txt.gz","Plate_1083s_B20","asymptomatic","macrophage","C5",-18.2735922332669,1.34925119530308
"GSM8121902_athero_human_9.txt.gz","Plate_1083s_B21","asymptomatic","endothelial","C3",-18.3771706393024,-2.951233126387
"GSM8121902_athero_human_9.txt.gz","Plate_1083s_B22","asymptomatic","vsmc","C2",14.8361505159206,5.07425435435401
"GSM8121902_athero_human_9.txt.gz","Plate_1083s_B24","asymptomatic","macrophage","C5",-17.1269743296611,1.40847153546767
"GSM8121902_athero_human_9.txt.gz","Plate_1083s_C01","asymptomatic","macrophage","C3",-22.9603980590805,2.19985867482643
"GSM8121902_athero_human_9.txt.gz","Plate_1083s_C02","asymptomatic","macrophage","C5",-24.4361814018676,3.1369809516767
"GSM8121902_athero_human_9.txt.gz","Plate_1083s_C03","asymptomatic","macrophage","C3",-22.1795278739837,-2.13213572806805
"GSM8121902_athero_human_9.txt.gz","Plate_1083s_C04","asymptomatic","macrophage","C4",-19.0635495095074,-5.8252294264619
"GSM8121902_athero_human_9.txt.gz","Plate_1083s_C05","asymptomatic","macrophage","C5",-20.7389480814764,1.03752378352911
"GSM8121902_athero_human_9.txt.gz","Plate_1083s_C06","asymptomatic","macrophage","C3",-23.7550895632697,5.65441102316772
"GSM8121902_athero_human_9.txt.gz","Plate_1083s_C07","asymptomatic","macrophage","C9",-20.8699542712154,-5.19886045899238
"GSM8121902_athero_human_9.txt.gz","Plate_1083s_C08","asymptomatic","macrophage","C3",-23.8521915803563,2.25407468075488
"GSM8121902_athero_human_9.txt.gz","Plate_1083s_C09","asymptomatic","macrophage","C3",-20.4859957069743,2.19727882387593
"GSM8121902_athero_human_9.txt.gz","Plate_1083s_C10","asymptomatic","macrophage","C5",-20.962297098557,3.46272445837636
"GSM8121902_athero_human_9.txt.gz","Plate_1083s_C11","asymptomatic","macrophage","C5",-21.475836744881,3.87134270895345
"GSM8121902_athero_human_9.txt.gz","Plate_1083s_C12","asymptomatic","macrophage","C3",-19.8933181291711,-1.05648792008427
"GSM8121902_athero_human_9.txt.gz","Plate_1083s_C13","asymptomatic","macrophage","C5",-21.1141583276598,-0.466928367953433
"GSM8121902_athero_human_9.txt.gz","Plate_1083s_C14","asymptomatic","unassigned","C5",-18.0153505107435,5.3123796031079
"GSM8121902_athero_human_9.txt.gz","Plate_1083s_C15","asymptomatic","macrophage","C5",-21.1646362135511,2.41409889165575
"GSM8121902_athero_human_9.txt.gz","Plate_1083s_C16","asymptomatic","b_cell","C3",-22.5216130878957,0.945321996751498
"GSM8121902_athero_human_9.txt.gz","Plate_1083s_C17","asymptomatic","mast","C5",-21.3711973010798,3.22068266590909
"GSM8121902_athero_human_9.txt.gz","Plate_1083s_C18","asymptomatic","unassigned","C9",-18.6731729526798,-1.55406578187079
"GSM8121902_athero_human_9.txt.gz","Plate_1083s_C20","asymptomatic","macrophage","C5",-18.4984560639756,1.05874078192903
"GSM8121902_athero_human_9.txt.gz","Plate_1083s_C21","asymptomatic","macrophage","C3",-22.4899354453424,3.09211905871671
"GSM8121902_athero_human_9.txt.gz","Plate_1083s_C23","asymptomatic","unassigned","C5",-16.3958993166443,5.09384546798554
"GSM8121902_athero_human_9.txt.gz","Plate_1083s_C24","asymptomatic","macrophage","C3",-25.0098003566331,0.892731243207208
"GSM8121902_athero_human_9.txt.gz","Plate_1083s_D01","asymptomatic","macrophage","C5",-21.3616110648888,2.32645143392075
"GSM8121902_athero_human_9.txt.gz","Plate_1083s_D02","asymptomatic","macrophage","C3",-20.3087140234431,0.929392953279838
"GSM8121902_athero_human_9.txt.gz","Plate_1083s_D04","asymptomatic","macrophage","C5",-20.9664272112562,-1.10548898859902
"GSM8121902_athero_human_9.txt.gz","Plate_1083s_D06","asymptomatic","macrophage","C5",-20.0450879308908,4.92268106853913
"GSM8121902_athero_human_9.txt.gz","Plate_1083s_D07","asymptomatic","macrophage","C3",-22.1993345762914,1.13870053145971
"GSM8121902_athero_human_9.txt.gz","Plate_1083s_D09","asymptomatic","fibroblast","C9",-3.03642573929219,-0.526093709357278
"GSM8121902_athero_human_9.txt.gz","Plate_1083s_D10","asymptomatic","macrophage","C3",-20.4717102023698,-0.537345467628239
"GSM8121902_athero_human_9.txt.gz","Plate_1083s_D12","asymptomatic","unassigned","C5",-22.4255332839603,4.26232105488886
"GSM8121902_athero_human_9.txt.gz","Plate_1083s_D13","asymptomatic","macrophage","C3",-21.5205565925862,0.862985063493235
"GSM8121902_athero_human_9.txt.gz","Plate_1083s_D15","asymptomatic","unassigned","C5",-23.0673223408419,0.0698790000926137
"GSM8121902_athero_human_9.txt.gz","Plate_1083s_D16","asymptomatic","vsmc","C10",5.42204507433743,1.11300998717797
"GSM8121902_athero_human_9.txt.gz","Plate_1083s_D18","asymptomatic","macrophage","C5",-18.7163108488198,1.03717757514253
"GSM8121902_athero_human_9.txt.gz","Plate_1083s_D19","asymptomatic","t_nk","C5",-17.5421427929347,1.53932768251573
"GSM8121902_athero_human_9.txt.gz","Plate_1083s_D20","asymptomatic","endothelial","C5",-19.2594088097745,2.17752878677644
"GSM8121902_athero_human_9.txt.gz","Plate_1083s_D21","asymptomatic","macrophage","C5",-18.9611295413682,5.19411632967817
"GSM8121902_athero_human_9.txt.gz","Plate_1083s_D22","asymptomatic","macrophage","C5",-17.4886763323449,6.21055699131304
"GSM8121902_athero_human_9.txt.gz","Plate_1083s_D23","asymptomatic","macrophage","C3",-21.7625038373007,3.66306725439129
"GSM8121902_athero_human_9.txt.gz","Plate_1083s_D24","asymptomatic","macrophage","C9",-19.8450283279299,-4.48801640875966
"GSM8121902_athero_human_9.txt.gz","Plate_1083s_E01","asymptomatic","macrophage","C5",-19.2292019567628,0.659807314525649
"GSM8121902_athero_human_9.txt.gz","Plate_1083s_E02","asymptomatic","b_cell","C5",-9.76351589366502,3.70852131824642
"GSM8121902_athero_human_9.txt.gz","Plate_1083s_E03","asymptomatic","t_nk","C3",-21.2358623404219,-0.63943830023721
"GSM8121902_athero_human_9.txt.gz","Plate_1083s_E04","asymptomatic","macrophage","C5",-21.2268879473477,2.9527705506235
"GSM8121902_athero_human_9.txt.gz","Plate_1083s_E05","asymptomatic","unassigned","C5",-17.881357559703,3.54118821668851
"GSM8121902_athero_human_9.txt.gz","Plate_1083s_E07","asymptomatic","fibroblast","C10",11.7884399935841,3.4192393471169
"GSM8121902_athero_human_9.txt.gz","Plate_1083s_E08","asymptomatic","macrophage","C3",-20.9934901478283,2.74708130510495
"GSM8121902_athero_human_9.txt.gz","Plate_1083s_E09","asymptomatic","unassigned","C10",10.8451469861929,-2.21530009433693
"GSM8121902_athero_human_9.txt.gz","Plate_1083s_E11","asymptomatic","unassigned","C5",-19.1371498892122,3.40719912497631
"GSM8121902_athero_human_9.txt.gz","Plate_1083s_E12","asymptomatic","b_cell","C5",-18.9809994040033,1.47383818861839
"GSM8121902_athero_human_9.txt.gz","Plate_1083s_E13","asymptomatic","macrophage","C4",-16.5069395052415,-5.8792940023774
"GSM8121902_athero_human_9.txt.gz","Plate_1083s_E14","asymptomatic","vsmc","C2",9.46792655932432,-4.36276192424355
"GSM8121902_athero_human_9.txt.gz","Plate_1083s_E15","asymptomatic","macrophage","C9",-20.371138249059,-4.87286057905421
"GSM8121902_athero_human_9.txt.gz","Plate_1083s_E16","asymptomatic","b_cell","C3",-20.4901757042556,-2.2046556264727
"GSM8121902_athero_human_9.txt.gz","Plate_1083s_E17","asymptomatic","mast","C3",-19.6354971877531,0.0494829987563922
"GSM8121902_athero_human_9.txt.gz","Plate_1083s_E18","asymptomatic","b_cell","C5",-17.1437301238802,5.82663904836402
"GSM8121902_athero_human_9.txt.gz","Plate_1083s_E20","asymptomatic","b_cell","C9",-18.6509453480582,-4.59541240527575
"GSM8121902_athero_human_9.txt.gz","Plate_1083s_E21","asymptomatic","macrophage","C3",-20.80896761846,0.384932285887343
"GSM8121902_athero_human_9.txt.gz","Plate_1083s_E22","asymptomatic","macrophage","C5",-18.8321671073479,3.37633838211983
"GSM8121902_athero_human_9.txt.gz","Plate_1083s_E23","asymptomatic","macrophage","C5",-23.0383310940308,2.91750958681383
"GSM8121902_athero_human_9.txt.gz","Plate_1083s_E24","asymptomatic","b_cell","C5",-17.7631975446144,0.763916754720593
"GSM8121902_athero_human_9.txt.gz","Plate_1083s_F02","asymptomatic","t_nk","C5",-19.9820384535717,1.32647380000949
"GSM8121902_athero_human_9.txt.gz","Plate_1083s_F03","asymptomatic","macrophage","C5",-21.7590194779689,4.22283337466982
"GSM8121902_athero_human_9.txt.gz","Plate_1083s_F05","asymptomatic","unassigned","C9",-18.2655821646833,-4.39939211655251
"GSM8121902_athero_human_9.txt.gz","Plate_1083s_F06","asymptomatic","unassigned","C9",-17.2207330986542,-1.68853705143434
"GSM8121902_athero_human_9.txt.gz","Plate_1083s_F07","asymptomatic","unassigned","C4",-16.6890489441023,-5.14052921443913
"GSM8121902_athero_human_9.txt.gz","Plate_1083s_F08","asymptomatic","macrophage","C5",-20.8800564177293,2.93612484112808
"GSM8121902_athero_human_9.txt.gz","Plate_1083s_F09","asymptomatic","macrophage","C9",-16.323237647096,-7.88281597404698
"GSM8121902_athero_human_9.txt.gz","Plate_1083s_F10","asymptomatic","macrophage","C5",-21.8151133360573,4.20881069986796
"GSM8121902_athero_human_9.txt.gz","Plate_1083s_F12","asymptomatic","b_cell","C9",-14.9935638653598,-6.80208901050961
"GSM8121902_athero_human_9.txt.gz","Plate_1083s_F13","asymptomatic","macrophage","C3",-22.5167563151511,2.08376949350754
"GSM8121902_athero_human_9.txt.gz","Plate_1083s_F14","asymptomatic","macrophage","C9",-17.5509497071189,-5.21568297738158
"GSM8121902_athero_human_9.txt.gz","Plate_1083s_F15","asymptomatic","macrophage","C3",-21.4954472671223,-1.53620438395076
"GSM8121902_athero_human_9.txt.gz","Plate_1083s_F16","asymptomatic","vsmc","C2",9.74668934947088,1.77989013582463
"GSM8121902_athero_human_9.txt.gz","Plate_1083s_F17","asymptomatic","mast","C5",-14.436083774178,1.99947945999439
"GSM8121902_athero_human_9.txt.gz","Plate_1083s_F18","asymptomatic","macrophage","C5",-22.201321697159,-1.65645585628902
"GSM8121902_athero_human_9.txt.gz","Plate_1083s_F19","asymptomatic","endothelial","C9",-18.2483409237866,-4.62894517822198
"GSM8121902_athero_human_9.txt.gz","Plate_1083s_F20","asymptomatic","unassigned","C9",-15.7044310067241,-5.1106968467222
"GSM8121902_athero_human_9.txt.gz","Plate_1083s_F21","asymptomatic","endothelial","C6",-0.442519279981971,20.0513021859984
"GSM8121902_athero_human_9.txt.gz","Plate_1083s_F22","asymptomatic","macrophage","C3",-17.8163420167463,-1.96119559334326
"GSM8121902_athero_human_9.txt.gz","Plate_1083s_F23","asymptomatic","macrophage","C3",-22.183477690441,4.26133873468423
"GSM8121902_athero_human_9.txt.gz","Plate_1083s_F24","asymptomatic","t_nk","C9",-22.9355640030715,-1.67608960773311
"GSM8121902_athero_human_9.txt.gz","Plate_1083s_G01","asymptomatic","macrophage","C5",-21.4707149045578,4.59737126001379
"GSM8121902_athero_human_9.txt.gz","Plate_1083s_G02","asymptomatic","macrophage","C5",-18.7498311528328,7.63198397204044
"GSM8121902_athero_human_9.txt.gz","Plate_1083s_G03","asymptomatic","macrophage","C5",-22.0540561140168,3.60161208969355
"GSM8121902_athero_human_9.txt.gz","Plate_1083s_G04","asymptomatic","macrophage","C9",-19.9114197651215,-6.61678255371289
"GSM8121902_athero_human_9.txt.gz","Plate_1083s_G05","asymptomatic","macrophage","C5",-21.1587406089571,1.18702770909008
"GSM8121902_athero_human_9.txt.gz","Plate_1083s_G06","asymptomatic","macrophage","C3",-21.2651513521044,-0.873159227109104
"GSM8121902_athero_human_9.txt.gz","Plate_1083s_G07","asymptomatic","macrophage","C5",-21.2465572704924,-0.665313433953246
"GSM8121902_athero_human_9.txt.gz","Plate_1083s_G09","asymptomatic","vsmc","C2",8.53614437982233,-3.50033728020656
"GSM8121902_athero_human_9.txt.gz","Plate_1083s_G11","asymptomatic","macrophage","C5",-21.035411520115,4.69085915103385
"GSM8121902_athero_human_9.txt.gz","Plate_1083s_G12","asymptomatic","macrophage","C3",-19.9598533107483,-0.688241789531927
"GSM8121902_athero_human_9.txt.gz","Plate_1083s_G13","asymptomatic","unassigned","C5",-16.9490710828576,0.843257694641606
"GSM8121902_athero_human_9.txt.gz","Plate_1083s_G14","asymptomatic","macrophage","C9",-18.2031279588626,-3.17439816937397
"GSM8121902_athero_human_9.txt.gz","Plate_1083s_G15","asymptomatic","b_cell","C9",-20.661884020802,-3.63442257457579
"GSM8121902_athero_human_9.txt.gz","Plate_1083s_G16","asymptomatic","b_cell","C9",-18.9387672988237,-7.10453535796082
"GSM8121902_athero_human_9.txt.gz","Plate_1083s_G18","asymptomatic","macrophage","C3",-23.2952596524662,1.39020966852252
"GSM8121902_athero_human_9.txt.gz","Plate_1083s_G19","asymptomatic","unassigned","C5",-18.7466685066671,5.1791836497384
"GSM8121902_athero_human_9.txt.gz","Plate_1083s_G20","asymptomatic","mast","C9",-12.8175032384565,-7.19509707064604
"GSM8121902_athero_human_9.txt.gz","Plate_1083s_H01","asymptomatic","macrophage","C3",-21.8721942682177,-2.78151555226423
"GSM8121902_athero_human_9.txt.gz","Plate_1083s_H02","asymptomatic","macrophage","C5",-20.0257429415585,-2.71615659066966
"GSM8121902_athero_human_9.txt.gz","Plate_1083s_H03","asymptomatic","unassigned","C9",-17.4989516021059,-0.910674543470686
"GSM8121902_athero_human_9.txt.gz","Plate_1083s_H04","asymptomatic","fibroblast","C7",5.19384771169237,-9.32831976326593
"GSM8121902_athero_human_9.txt.gz","Plate_1083s_H05","asymptomatic","macrophage","C5",-20.4045248738882,3.37960233617712
"GSM8121902_athero_human_9.txt.gz","Plate_1083s_H06","asymptomatic","macrophage","C3",-21.7188858828771,1.02561723487055
"GSM8121902_athero_human_9.txt.gz","Plate_1083s_H07","asymptomatic","macrophage","C9",-20.1466471711852,-4.59170204771019
"GSM8121902_athero_human_9.txt.gz","Plate_1083s_H08","asymptomatic","unassigned","C5",-15.2553821509281,8.78089708186156
"GSM8121902_athero_human_9.txt.gz","Plate_1083s_H10","asymptomatic","macrophage","C5",-18.5614420347045,-1.08704885120444
"GSM8121902_athero_human_9.txt.gz","Plate_1083s_H11","asymptomatic","macrophage","C5",-20.2612606999126,2.11081946704148
"GSM8121902_athero_human_9.txt.gz","Plate_1083s_H12","asymptomatic","macrophage","C5",-20.8976450943765,1.9435353462212
"GSM8121902_athero_human_9.txt.gz","Plate_1083s_H13","asymptomatic","t_nk","C5",-19.0770819181298,2.81732901819335
"GSM8121902_athero_human_9.txt.gz","Plate_1083s_H14","asymptomatic","macrophage","C4",-16.694007927581,-8.15605748103199
"GSM8121902_athero_human_9.txt.gz","Plate_1083s_H15","asymptomatic","macrophage","C5",-20.4789960026386,2.30983815067735
"GSM8121902_athero_human_9.txt.gz","Plate_1083s_H16","asymptomatic","b_cell","C3",-22.6003999604389,0.637536766854393
"GSM8121902_athero_human_9.txt.gz","Plate_1083s_H17","asymptomatic","mast","C9",-19.1006804044604,-6.65713422149239
"GSM8121902_athero_human_9.txt.gz","Plate_1083s_H18","asymptomatic","t_nk","C5",-20.6972312185716,1.2199846122946
"GSM8121902_athero_human_9.txt.gz","Plate_1083s_H19","asymptomatic","unassigned","C9",-20.0210658575662,0.131614294090085
"GSM8121902_athero_human_9.txt.gz","Plate_1083s_H21","asymptomatic","unassigned","C5",-17.659470130676,5.95616145492285
"GSM8121902_athero_human_9.txt.gz","Plate_1083s_H22","asymptomatic","vsmc","C2",13.0915493400258,-1.53526341497153
"GSM8121902_athero_human_9.txt.gz","Plate_1083s_H24","asymptomatic","unassigned","C9",-17.9787823241349,-4.90579043000429
"GSM8121902_athero_human_9.txt.gz","Plate_1083s_I01","asymptomatic","macrophage","C5",-20.5082083067794,4.01385308052684
"GSM8121902_athero_human_9.txt.gz","Plate_1083s_I02","asymptomatic","macrophage","C5",-20.8068388436802,1.71474999033292
"GSM8121902_athero_human_9.txt.gz","Plate_1083s_I03","asymptomatic","fibroblast","C10",8.23010190530111,8.53432413468275
"GSM8121902_athero_human_9.txt.gz","Plate_1083s_I04","asymptomatic","macrophage","C5",-20.5683808023354,4.09244685755007
"GSM8121902_athero_human_9.txt.gz","Plate_1083s_I05","asymptomatic","macrophage","C3",-21.4420648388054,4.76224363708282
"GSM8121902_athero_human_9.txt.gz","Plate_1083s_I06","asymptomatic","macrophage","C9",-21.3823499592081,-1.32551981828497
"GSM8121902_athero_human_9.txt.gz","Plate_1083s_I07","asymptomatic","macrophage","C5",-20.0009012908275,5.36012672970856
"GSM8121902_athero_human_9.txt.gz","Plate_1083s_I08","asymptomatic","macrophage","C5",-19.67951525298,3.74091342201611
"GSM8121902_athero_human_9.txt.gz","Plate_1083s_I09","asymptomatic","macrophage","C5",-19.5788807302395,2.93097075469893
"GSM8121902_athero_human_9.txt.gz","Plate_1083s_I10","asymptomatic","macrophage","C5",-20.2266892500176,2.61327581114091
"GSM8121902_athero_human_9.txt.gz","Plate_1083s_I11","asymptomatic","macrophage","C5",-20.3844483737504,1.19912501982019
"GSM8121902_athero_human_9.txt.gz","Plate_1083s_I12","asymptomatic","unassigned","C5",-15.1868825539067,4.9938178886022
"GSM8121902_athero_human_9.txt.gz","Plate_1083s_I13","asymptomatic","fibroblast","C10",10.5531795941735,0.430148110155306
"GSM8121902_athero_human_9.txt.gz","Plate_1083s_I14","asymptomatic","macrophage","C5",-21.0780047756767,2.8532457110615
"GSM8121902_athero_human_9.txt.gz","Plate_1083s_I15","asymptomatic","macrophage","C9",-18.9679418077061,-7.24375247186721
"GSM8121902_athero_human_9.txt.gz","Plate_1083s_I16","asymptomatic","b_cell","C3",-21.9221553231852,-0.571385133577129
"GSM8121902_athero_human_9.txt.gz","Plate_1083s_I17","asymptomatic","unassigned","C5",-21.2329482819976,1.0434309644486
"GSM8121902_athero_human_9.txt.gz","Plate_1083s_I18","asymptomatic","macrophage","C5",-19.3985389845529,1.6923759595042
"GSM8121902_athero_human_9.txt.gz","Plate_1083s_I19","asymptomatic","t_nk","C5",-18.8689217113383,2.71107960377451
"GSM8121902_athero_human_9.txt.gz","Plate_1083s_I20","asymptomatic","macrophage","C9",-19.743543375373,-3.58126113094539
"GSM8121902_athero_human_9.txt.gz","Plate_1083s_I21","asymptomatic","unassigned","C5",-20.4486396465041,3.96343004675662
"GSM8121902_athero_human_9.txt.gz","Plate_1083s_I22","asymptomatic","macrophage","C5",-18.907467915154,2.77517478771009
"GSM8121902_athero_human_9.txt.gz","Plate_1083s_I23","asymptomatic","t_nk","C9",-17.1654203626218,-6.86782976755848
"GSM8121902_athero_human_9.txt.gz","Plate_1083s_I24","asymptomatic","macrophage","C3",-20.969510121038,-3.82468126340018
"GSM8121902_athero_human_9.txt.gz","Plate_1083s_J01","asymptomatic","unassigned","C5",-18.4548492099313,6.49052913791054
"GSM8121902_athero_human_9.txt.gz","Plate_1083s_J02","asymptomatic","macrophage","C5",-20.1947305983451,3.68053438695491
"GSM8121902_athero_human_9.txt.gz","Plate_1083s_J03","asymptomatic","macrophage","C5",-20.0978337080653,1.25874263311235
"GSM8121902_athero_human_9.txt.gz","Plate_1083s_J04","asymptomatic","macrophage","C3",-23.6705612780949,1.77964244452445
"GSM8121902_athero_human_9.txt.gz","Plate_1083s_J07","asymptomatic","macrophage","C3",-21.0457069533203,-1.2583465235578
"GSM8121902_athero_human_9.txt.gz","Plate_1083s_J08","asymptomatic","b_cell","C5",-21.1653784984512,6.12737874885129
"GSM8121902_athero_human_9.txt.gz","Plate_1083s_J09","asymptomatic","macrophage","C3",-20.2822469481279,3.51031195350173
"GSM8121902_athero_human_9.txt.gz","Plate_1083s_J10","asymptomatic","vsmc","C2",12.2260328266136,1.33843744247188
"GSM8121902_athero_human_9.txt.gz","Plate_1083s_J11","asymptomatic","macrophage","C3",-21.4470298646262,0.217775805768953
"GSM8121902_athero_human_9.txt.gz","Plate_1083s_J12","asymptomatic","vsmc","C2",12.5675822100477,-2.53041302500064
"GSM8121902_athero_human_9.txt.gz","Plate_1083s_J13","asymptomatic","vsmc","C2",10.8514263146206,-1.07165354675974
"GSM8121902_athero_human_9.txt.gz","Plate_1083s_J14","asymptomatic","macrophage","C3",-19.5958438384297,-0.0632717522426039
"GSM8121902_athero_human_9.txt.gz","Plate_1083s_J17","asymptomatic","unassigned","C5",-22.0242351420677,2.2149012548634
"GSM8121902_athero_human_9.txt.gz","Plate_1083s_J18","asymptomatic","macrophage","C9",-16.2275336073127,-3.75675400622081
"GSM8121902_athero_human_9.txt.gz","Plate_1083s_J19","asymptomatic","unassigned","C9",-15.257569135328,-8.58734492116387
"GSM8121902_athero_human_9.txt.gz","Plate_1083s_J20","asymptomatic","unassigned","C9",-18.1958393331139,-0.883385604866739
"GSM8121902_athero_human_9.txt.gz","Plate_1083s_J21","asymptomatic","unassigned","C5",-10.7656714480029,4.15657084651968
"GSM8121902_athero_human_9.txt.gz","Plate_1083s_J22","asymptomatic","macrophage","C4",-18.3151374739426,-6.06446143814542
"GSM8121902_athero_human_9.txt.gz","Plate_1083s_J23","asymptomatic","macrophage","C4",-18.284148234074,-8.08576180055152
"GSM8121902_athero_human_9.txt.gz","Plate_1083s_J24","asymptomatic","macrophage","C5",-22.8783681279613,2.27979021904586
"GSM8121902_athero_human_9.txt.gz","Plate_1083s_K01","asymptomatic","mast","C9",-18.2904851233825,-6.55479950994993
"GSM8121902_athero_human_9.txt.gz","Plate_1083s_K03","asymptomatic","macrophage","C3",-20.9507635762016,1.59375719096148
"GSM8121902_athero_human_9.txt.gz","Plate_1083s_K05","asymptomatic","fibroblast","C10",11.869828750582,3.85194310371444
"GSM8121902_athero_human_9.txt.gz","Plate_1083s_K06","asymptomatic","vsmc","C2",10.5386364695367,-7.59255413522411
"GSM8121902_athero_human_9.txt.gz","Plate_1083s_K07","asymptomatic","t_nk","C5",-18.9508069842247,0.547232584088348
"GSM8121902_athero_human_9.txt.gz","Plate_1083s_K08","asymptomatic","t_nk","C5",-17.2503690218358,2.01960572305096
"GSM8121902_athero_human_9.txt.gz","Plate_1083s_K09","asymptomatic","macrophage","C5",-20.3794817098821,2.52704970847507
"GSM8121902_athero_human_9.txt.gz","Plate_1083s_K10","asymptomatic","vsmc","C2",14.126995931886,1.43399880782819
"GSM8121902_athero_human_9.txt.gz","Plate_1083s_K11","asymptomatic","mast","C9",-11.6687147338039,0.168209582905965
"GSM8121902_athero_human_9.txt.gz","Plate_1083s_K12","asymptomatic","macrophage","C3",-21.0544784211966,1.51556074817366
"GSM8121902_athero_human_9.txt.gz","Plate_1083s_K13","asymptomatic","macrophage","C3",-21.1083798470555,-1.9259813907946
"GSM8121902_athero_human_9.txt.gz","Plate_1083s_K14","asymptomatic","vsmc","C2",12.0475948236015,0.663336156254389
"GSM8121902_athero_human_9.txt.gz","Plate_1083s_K15","asymptomatic","mast","C9",-16.0141226823231,-6.18241319945273
"GSM8121902_athero_human_9.txt.gz","Plate_1083s_K16","asymptomatic","b_cell","C5",-17.9803574257443,2.37004024954754
"GSM8121902_athero_human_9.txt.gz","Plate_1083s_K17","asymptomatic","mast","C4",-16.1519902590747,-6.33132756227128
"GSM8121902_athero_human_9.txt.gz","Plate_1083s_K18","asymptomatic","unassigned","C2",10.9924328673672,-2.79957457177849
"GSM8121902_athero_human_9.txt.gz","Plate_1083s_K19","asymptomatic","macrophage","C5",-17.2950959151326,-2.96156206562416
"GSM8121902_athero_human_9.txt.gz","Plate_1083s_K20","asymptomatic","fibroblast","C10",7.88169920373725,1.8714645540588
"GSM8121902_athero_human_9.txt.gz","Plate_1083s_K21","asymptomatic","macrophage","C5",-18.659363022011,3.34771418005023
"GSM8121902_athero_human_9.txt.gz","Plate_1083s_K24","asymptomatic","macrophage","C3",-20.7692803168221,2.47880765181039
"GSM8121902_athero_human_9.txt.gz","Plate_1083s_L01","asymptomatic","macrophage","C9",-21.119630815422,-3.57954302113621
"GSM8121902_athero_human_9.txt.gz","Plate_1083s_L02","asymptomatic","unassigned","C5",-20.0086003621608,4.00665292505089
"GSM8121902_athero_human_9.txt.gz","Plate_1083s_L03","asymptomatic","macrophage","C9",-15.9602481309001,-4.39320962600959
"GSM8121902_athero_human_9.txt.gz","Plate_1083s_L04","asymptomatic","macrophage","C3",-22.210288631844,0.412524566686401
"GSM8121902_athero_human_9.txt.gz","Plate_1083s_L05","asymptomatic","macrophage","C3",-22.2779043464368,3.83194331639241
"GSM8121902_athero_human_9.txt.gz","Plate_1083s_L06","asymptomatic","macrophage","C5",-20.5786475163948,4.46554371633421
"GSM8121902_athero_human_9.txt.gz","Plate_1083s_L07","asymptomatic","macrophage","C4",-15.8258062362932,-6.43829915746159
"GSM8121902_athero_human_9.txt.gz","Plate_1083s_L08","asymptomatic","unassigned","C5",-19.3613000446033,6.39578872581414
"GSM8121902_athero_human_9.txt.gz","Plate_1083s_L09","asymptomatic","t_nk","C9",-20.3192903969975,-1.57594703796021
"GSM8121902_athero_human_9.txt.gz","Plate_1083s_L10","asymptomatic","t_nk","C9",-16.7756337623973,-0.972926029149096
"GSM8121902_athero_human_9.txt.gz","Plate_1083s_L11","asymptomatic","macrophage","C3",-22.573643584355,-0.294230928966276
"GSM8121902_athero_human_9.txt.gz","Plate_1083s_L12","asymptomatic","macrophage","C5",-19.1801598866449,5.26626733623132
"GSM8121902_athero_human_9.txt.gz","Plate_1083s_L13","asymptomatic","unassigned","C9",-15.0696537243018,-8.12949494477774
"GSM8121902_athero_human_9.txt.gz","Plate_1083s_L14","asymptomatic","macrophage","C5",-20.8624731744761,4.34000137708846
"GSM8121902_athero_human_9.txt.gz","Plate_1083s_L16","asymptomatic","unassigned","C3",-21.9236360386562,-0.476744502385867
"GSM8121902_athero_human_9.txt.gz","Plate_1083s_L17","asymptomatic","mast","C3",-20.7748272262075,-1.65936378795019
"GSM8121902_athero_human_9.txt.gz","Plate_1083s_L18","asymptomatic","macrophage","C5",-13.3932506216185,-1.64318869271743
"GSM8121902_athero_human_9.txt.gz","Plate_1083s_L20","asymptomatic","fibroblast","C10",10.7565564611654,-0.244865176171417
"GSM8121902_athero_human_9.txt.gz","Plate_1083s_L21","asymptomatic","vsmc","C2",6.27729221184382,-2.05829384545237
"GSM8121902_athero_human_9.txt.gz","Plate_1083s_L22","asymptomatic","unassigned","C5",-17.9090381440149,1.7578587393598
"GSM8121902_athero_human_9.txt.gz","Plate_1083s_L23","asymptomatic","fibroblast","C10",11.0417136484738,6.21548439638632
"GSM8121902_athero_human_9.txt.gz","Plate_1083s_L24","asymptomatic","unassigned","C3",-20.0855544810909,-2.58924648831008
"GSM8121902_athero_human_9.txt.gz","Plate_1083s_M01","asymptomatic","fibroblast","C10",8.33153235817796,-0.802924182634356
"GSM8121902_athero_human_9.txt.gz","Plate_1083s_M02","asymptomatic","macrophage","C5",-20.2830427699234,4.34777028037703
"GSM8121902_athero_human_9.txt.gz","Plate_1083s_M04","asymptomatic","unassigned","C5",-18.1804134931489,1.00244960025795
"GSM8121902_athero_human_9.txt.gz","Plate_1083s_M05","asymptomatic","macrophage","C5",-20.4522796622864,1.76048799538441
"GSM8121902_athero_human_9.txt.gz","Plate_1083s_M06","asymptomatic","unassigned","C5",-17.7509814866482,7.40654232777747
"GSM8121902_athero_human_9.txt.gz","Plate_1083s_M07","asymptomatic","fibroblast","C2",13.9396099442229,-4.72039941575741
"GSM8121902_athero_human_9.txt.gz","Plate_1083s_M08","asymptomatic","macrophage","C3",-18.5617782778684,2.47904940917393
"GSM8121902_athero_human_9.txt.gz","Plate_1083s_M09","asymptomatic","endothelial","C9",-17.0306481811,-4.34654879885948
"GSM8121902_athero_human_9.txt.gz","Plate_1083s_M10","asymptomatic","macrophage","C3",-20.4915199400777,-0.260208563670111
"GSM8121902_athero_human_9.txt.gz","Plate_1083s_M11","asymptomatic","macrophage","C3",-19.9854606872284,-1.37550687956624
"GSM8121902_athero_human_9.txt.gz","Plate_1083s_M12","asymptomatic","fibroblast","C10",9.85044476853981,2.03628295308454
"GSM8121902_athero_human_9.txt.gz","Plate_1083s_M13","asymptomatic","vsmc","C10",12.593737759396,4.93419821981933
"GSM8121902_athero_human_9.txt.gz","Plate_1083s_M14","asymptomatic","macrophage","C9",-20.2058558646903,-4.28575671684722
"GSM8121902_athero_human_9.txt.gz","Plate_1083s_M16","asymptomatic","b_cell","C3",-19.6761884046155,0.129390341632428
"GSM8121902_athero_human_9.txt.gz","Plate_1083s_M17","asymptomatic","mast","C4",-18.8155324837284,-5.48254097298276
"GSM8121902_athero_human_9.txt.gz","Plate_1083s_M19","asymptomatic","fibroblast","C10",9.79164363106515,1.14733372867241
"GSM8121902_athero_human_9.txt.gz","Plate_1083s_M20","asymptomatic","unassigned","C3",-14.400057738749,-2.22666181426601
"GSM8121902_athero_human_9.txt.gz","Plate_1083s_M21","asymptomatic","endothelial","C6",2.02564033698722,20.8427890661302
"GSM8121902_athero_human_9.txt.gz","Plate_1083s_M22","asymptomatic","unassigned","C2",10.1286260612314,-1.33292424004265
"GSM8121902_athero_human_9.txt.gz","Plate_1083s_M23","asymptomatic","macrophage","C5",-22.0576668764481,-0.482347419400835
"GSM8121902_athero_human_9.txt.gz","Plate_1083s_M24","asymptomatic","vsmc","C2",11.3784148337948,-4.82401192606647
"GSM8121902_athero_human_9.txt.gz","Plate_1083s_N01","asymptomatic","macrophage","C5",-21.7837966293312,1.95244331416466
"GSM8121902_athero_human_9.txt.gz","Plate_1083s_N02","asymptomatic","macrophage","C5",-19.6630121194062,0.103188195138087
"GSM8121902_athero_human_9.txt.gz","Plate_1083s_N03","asymptomatic","macrophage","C5",-18.4093637884908,7.24335103517542
"GSM8121902_athero_human_9.txt.gz","Plate_1083s_N04","asymptomatic","endothelial","C6",3.11618861255732,24.7780786745976
"GSM8121902_athero_human_9.txt.gz","Plate_1083s_N07","asymptomatic","unassigned","C9",-18.0529830440734,-4.46592362555407
"GSM8121902_athero_human_9.txt.gz","Plate_1083s_N08","asymptomatic","macrophage","C3",-20.0736307784178,-2.51097625582099
"GSM8121902_athero_human_9.txt.gz","Plate_1083s_N09","asymptomatic","unassigned","C5",-14.6798885835411,2.23004166391289
"GSM8121902_athero_human_9.txt.gz","Plate_1083s_N10","asymptomatic","fibroblast","C10",14.5933428770936,2.67397250829448
"GSM8121902_athero_human_9.txt.gz","Plate_1083s_N11","asymptomatic","macrophage","C3",-20.4024733720686,-0.26208917471517
"GSM8121902_athero_human_9.txt.gz","Plate_1083s_N12","asymptomatic","macrophage","C5",-17.611990664814,0.315447437712915
"GSM8121902_athero_human_9.txt.gz","Plate_1083s_N13","asymptomatic","macrophage","C3",-20.7049040208583,-2.17006757816072
"GSM8121902_athero_human_9.txt.gz","Plate_1083s_N14","asymptomatic","macrophage","C5",-20.4518308667514,5.03842718732174
"GSM8121902_athero_human_9.txt.gz","Plate_1083s_N15","asymptomatic","macrophage","C9",-20.8947360415622,-5.12846301645638
"GSM8121902_athero_human_9.txt.gz","Plate_1083s_N16","asymptomatic","macrophage","C5",-21.3572132052216,-0.278010298100186
"GSM8121902_athero_human_9.txt.gz","Plate_1083s_N17","asymptomatic","macrophage","C3",-22.47394491065,-0.388413583555808
"GSM8121902_athero_human_9.txt.gz","Plate_1083s_N18","asymptomatic","macrophage","C5",-20.6680148324861,1.52624595242047
"GSM8121902_athero_human_9.txt.gz","Plate_1083s_N19","asymptomatic","macrophage","C3",-21.9013690742903,-1.71949018313937
"GSM8121902_athero_human_9.txt.gz","Plate_1083s_N20","asymptomatic","t_nk","C5",-16.7068808250491,1.61759658097249
"GSM8121902_athero_human_9.txt.gz","Plate_1083s_N21","asymptomatic","macrophage","C5",-21.7362881189589,6.74957201357138
"GSM8121902_athero_human_9.txt.gz","Plate_1083s_N22","asymptomatic","fibroblast","C10",9.74165557022888,0.572344980246308
"GSM8121902_athero_human_9.txt.gz","Plate_1083s_N24","asymptomatic","unassigned","C9",-13.3072084407133,-4.62638081543405
"GSM8121902_athero_human_9.txt.gz","Plate_1083s_O01","asymptomatic","b_cell","C5",-19.0387659688113,0.555367889327291
"GSM8121902_athero_human_9.txt.gz","Plate_1083s_O02","asymptomatic","endothelial","C3",-20.946196146264,2.4857644192946
"GSM8121902_athero_human_9.txt.gz","Plate_1083s_O03","asymptomatic","b_cell","C5",-20.0518195004839,5.99331185865663
"GSM8121902_athero_human_9.txt.gz","Plate_1083s_O05","asymptomatic","macrophage","C3",-21.1567648205225,0.293461247857757
"GSM8121902_athero_human_9.txt.gz","Plate_1083s_O06","asymptomatic","b_cell","C5",-17.6994829082929,1.75093915967352
"GSM8121902_athero_human_9.txt.gz","Plate_1083s_O07","asymptomatic","unassigned","C3",-21.4219626614632,2.8040024213714
"GSM8121902_athero_human_9.txt.gz","Plate_1083s_O08","asymptomatic","b_cell","C5",-20.3568497644875,3.46648380262926
"GSM8121902_athero_human_9.txt.gz","Plate_1083s_O09","asymptomatic","vsmc","C2",13.5066287156646,-1.79742710955466
"GSM8121902_athero_human_9.txt.gz","Plate_1083s_O10","asymptomatic","b_cell","C5",-13.0721326968262,0.432764559624787
"GSM8121902_athero_human_9.txt.gz","Plate_1083s_O11","asymptomatic","b_cell","C3",-17.1749993945177,-4.77077152317636
"GSM8121902_athero_human_9.txt.gz","Plate_1083s_O12","asymptomatic","unassigned","C2",14.0920025545486,-2.11653998936708
"GSM8121902_athero_human_9.txt.gz","Plate_1083s_O14","asymptomatic","b_cell","C4",-17.8642847824804,-6.68023277921261
"GSM8121902_athero_human_9.txt.gz","Plate_1083s_O15","asymptomatic","b_cell","C9",-17.7652697134733,-4.80951493000605
"GSM8121902_athero_human_9.txt.gz","Plate_1083s_O16","asymptomatic","b_cell","C5",-9.73221712370384,-0.839119083030687
"GSM8121902_athero_human_9.txt.gz","Plate_1083s_O17","asymptomatic","t_nk","C9",-19.3021309677584,-5.62280087912082
"GSM8121902_athero_human_9.txt.gz","Plate_1083s_O18","asymptomatic","macrophage","C5",-18.8393948421338,-1.19034292149521
"GSM8121902_athero_human_9.txt.gz","Plate_1083s_O19","asymptomatic","b_cell","C9",-18.5447814733341,-3.0689879567461
"GSM8121902_athero_human_9.txt.gz","Plate_1083s_O20","asymptomatic","fibroblast","C10",10.159009867129,4.40514173076458
"GSM8121902_athero_human_9.txt.gz","Plate_1083s_O21","asymptomatic","unassigned","C3",-19.0558711293784,-4.32565061330836
"GSM8121902_athero_human_9.txt.gz","Plate_1083s_O22","asymptomatic","t_nk","C5",-20.5810328109067,-0.402986896846543
"GSM8121902_athero_human_9.txt.gz","Plate_1083s_O23","asymptomatic","macrophage","C3",-22.2536554076426,-0.716707769966728
"GSM8121902_athero_human_9.txt.gz","Plate_1083s_O24","asymptomatic","unassigned","C3",-20.2991232429625,-2.01720189489034
"GSM8121902_athero_human_9.txt.gz","Plate_1083s_P03","asymptomatic","macrophage","C5",-22.4189350375719,3.1112411923867
"GSM8121902_athero_human_9.txt.gz","Plate_1083s_P04","asymptomatic","macrophage","C3",-22.8762611023812,2.87425795818807
"GSM8121902_athero_human_9.txt.gz","Plate_1083s_P06","asymptomatic","vsmc","C2",12.9472802671647,1.13298975164426
"GSM8121902_athero_human_9.txt.gz","Plate_1083s_P08","asymptomatic","unassigned","C5",-17.4751178049983,-0.104180297973941
"GSM8121902_athero_human_9.txt.gz","Plate_1083s_P09","asymptomatic","macrophage","C5",-21.8548531723423,2.16680708296543
"GSM8121902_athero_human_9.txt.gz","Plate_1083s_P10","asymptomatic","mast","C9",-18.8343823343023,-5.26583341891178
"GSM8121902_athero_human_9.txt.gz","Plate_1083s_P11","asymptomatic","fibroblast","C10",6.90721896980036,3.28908146515338
"GSM8121902_athero_human_9.txt.gz","Plate_1083s_P12","asymptomatic","fibroblast","C7",8.27359980923903,-4.76160896083284
"GSM8121902_athero_human_9.txt.gz","Plate_1083s_P13","asymptomatic","macrophage","C3",-21.770286723035,4.18358611231324
"GSM8121902_athero_human_9.txt.gz","Plate_1083s_P14","asymptomatic","macrophage","C3",-22.2642053409773,-2.32737047532353
"GSM8121902_athero_human_9.txt.gz","Plate_1083s_P15","asymptomatic","macrophage","C5",-18.1538673052563,5.12305882930178
"GSM8121902_athero_human_9.txt.gz","Plate_1083s_P16","asymptomatic","b_cell","C5",-18.5379968796133,4.05281317710824
"GSM8121902_athero_human_9.txt.gz","Plate_1083s_P17","asymptomatic","mast","C9",-10.8507883072709,-0.924088706409118
"GSM8121902_athero_human_9.txt.gz","Plate_1083s_P20","asymptomatic","unassigned","C9",-18.6370703552238,-3.07396710260938
"GSM8121903_athero_human_10.txt.gz","Plate_1078s_A02","symptomatic","vsmc","C2",18.3924376375855,-3.57843986939075
"GSM8121903_athero_human_10.txt.gz","Plate_1078s_A04","symptomatic","fibroblast","C2",19.5712708917698,-0.38435167605474
"GSM8121903_athero_human_10.txt.gz","Plate_1078s_A07","symptomatic","unassigned","C10",14.2499407606091,6.03911911925158
"GSM8121903_athero_human_10.txt.gz","Plate_1078s_A08","symptomatic","vsmc","C2",19.1930221692551,-1.36310350566523
"GSM8121903_athero_human_10.txt.gz","Plate_1078s_A09","symptomatic","fibroblast","C10",17.2494577007062,2.18230450117042
"GSM8121903_athero_human_10.txt.gz","Plate_1078s_A10","symptomatic","fibroblast","C7",11.4258167326015,-5.7132530883422
"GSM8121903_athero_human_10.txt.gz","Plate_1078s_A11","symptomatic","fibroblast","C10",19.8562327155188,-2.28536508134043
"GSM8121903_athero_human_10.txt.gz","Plate_1078s_A12","symptomatic","vsmc","C2",19.6935260114595,-2.41659086709483
"GSM8121903_athero_human_10.txt.gz","Plate_1078s_A13","symptomatic","vsmc","C7",15.2610859216851,-6.79693827850617
"GSM8121903_athero_human_10.txt.gz","Plate_1078s_A14","symptomatic","unassigned","C7",6.59541773146986,-14.3402049569935
"GSM8121903_athero_human_10.txt.gz","Plate_1078s_A15","symptomatic","vsmc","C7",10.1413274978791,-15.4308428708088
"GSM8121903_athero_human_10.txt.gz","Plate_1078s_A16","symptomatic","vsmc","C7",13.9835406100707,-7.23454458597396
"GSM8121903_athero_human_10.txt.gz","Plate_1078s_A17","symptomatic","unassigned","C2",15.186175532513,-7.43617585833686
"GSM8121903_athero_human_10.txt.gz","Plate_1078s_A18","symptomatic","vsmc","C2",19.8445657291076,-0.0453582545502661
"GSM8121903_athero_human_10.txt.gz","Plate_1078s_A19","symptomatic","vsmc","C2",18.2798405462042,-4.40762463640038
"GSM8121903_athero_human_10.txt.gz","Plate_1078s_A20","symptomatic","vsmc","C2",18.6494604944921,1.57120688412253
"GSM8121903_athero_human_10.txt.gz","Plate_1078s_A21","symptomatic","vsmc","C2",17.5226138494252,-2.71623391739689
"GSM8121903_athero_human_10.txt.gz","Plate_1078s_A24","symptomatic","vsmc","C2",18.5077777965452,-1.71679048982017
"GSM8121903_athero_human_10.txt.gz","Plate_1078s_B02","symptomatic","endothelial","C10",16.9010100250659,-2.83436186840104
"GSM8121903_athero_human_10.txt.gz","Plate_1078s_B03","symptomatic","vsmc","C2",17.804748422941,-4.92501808982536
"GSM8121903_athero_human_10.txt.gz","Plate_1078s_B04","symptomatic","endothelial","C2",17.2214209745607,-5.93274542294387
"GSM8121903_athero_human_10.txt.gz","Plate_1078s_B05","symptomatic","fibroblast","C10",18.7226351644822,-0.0272838790184515
"GSM8121903_athero_human_10.txt.gz","Plate_1078s_B06","symptomatic","fibroblast","C10",17.4759976541109,5.86051082727522
"GSM8121903_athero_human_10.txt.gz","Plate_1078s_B07","symptomatic","fibroblast","C10",16.4076444632797,6.69292562088306
"GSM8121903_athero_human_10.txt.gz","Plate_1078s_B08","symptomatic","fibroblast","C10",17.8304352216833,-5.57680074356944
"GSM8121903_athero_human_10.txt.gz","Plate_1078s_B09","symptomatic","vsmc","C2",19.0531034928946,-3.24775334826453
"GSM8121903_athero_human_10.txt.gz","Plate_1078s_B10","symptomatic","unassigned","C9",-12.2214876303352,-2.35645643650165
"GSM8121903_athero_human_10.txt.gz","Plate_1078s_B12","symptomatic","fibroblast","C10",16.5250812958051,3.58423017775417
"GSM8121903_athero_human_10.txt.gz","Plate_1078s_B13","symptomatic","unassigned","C10",15.0327885180775,-2.89470076258693
"GSM8121903_athero_human_10.txt.gz","Plate_1078s_B14","symptomatic","vsmc","C7",15.7966576875886,-11.3190684800142
"GSM8121903_athero_human_10.txt.gz","Plate_1078s_B19","symptomatic","unassigned","C10",18.5957376557767,3.39756573303852
"GSM8121903_athero_human_10.txt.gz","Plate_1078s_B20","symptomatic","vsmc","C2",17.5837295105547,1.09359453974771
"GSM8121903_athero_human_10.txt.gz","Plate_1078s_B21","symptomatic","vsmc","C2",19.2784214977342,-0.669903327584443
"GSM8121903_athero_human_10.txt.gz","Plate_1078s_B22","symptomatic","fibroblast","C10",13.799959265907,0.483197173629498
"GSM8121903_athero_human_10.txt.gz","Plate_1078s_B23","symptomatic","fibroblast","C10",16.9252317007096,-4.24599528546362
"GSM8121903_athero_human_10.txt.gz","Plate_1078s_C03","symptomatic","vsmc","C2",14.3904056149834,-11.8434276280141
"GSM8121903_athero_human_10.txt.gz","Plate_1078s_C04","symptomatic","vsmc","C2",18.9645077120229,0.839837878465053
"GSM8121903_athero_human_10.txt.gz","Plate_1078s_C05","symptomatic","fibroblast","C7",13.8456283321575,-6.12306356121327
"GSM8121903_athero_human_10.txt.gz","Plate_1078s_C06","symptomatic","t_nk","C2",16.2349757464726,3.05530327481817
"GSM8121903_athero_human_10.txt.gz","Plate_1078s_C07","symptomatic","macrophage","C9",-19.3091438189506,-2.16824524056177
"GSM8121903_athero_human_10.txt.gz","Plate_1078s_C08","symptomatic","unassigned","C7",13.9674981774036,-7.75817835005585
"GSM8121903_athero_human_10.txt.gz","Plate_1078s_C09","symptomatic","fibroblast","C10",14.602303587654,-0.654356409475445
"GSM8121903_athero_human_10.txt.gz","Plate_1078s_C11","symptomatic","t_nk","C1",0.562075419080161,-7.58806165561731
"GSM8121903_athero_human_10.txt.gz","Plate_1078s_C13","symptomatic","endothelial","C2",18.0279981648264,-3.76014573030355
"GSM8121903_athero_human_10.txt.gz","Plate_1078s_C14","symptomatic","fibroblast","C10",15.0911411428941,1.10448386872969
"GSM8121903_athero_human_10.txt.gz","Plate_1078s_C18","symptomatic","unassigned","C7",13.6469166626532,-6.33331993414328
"GSM8121903_athero_human_10.txt.gz","Plate_1078s_C19","symptomatic","vsmc","C10",16.4166188545465,-2.77583100699987
"GSM8121903_athero_human_10.txt.gz","Plate_1078s_C21","symptomatic","fibroblast","C10",12.6464376568794,-4.20425625652712
"GSM8121903_athero_human_10.txt.gz","Plate_1078s_C22","symptomatic","unassigned","C2",19.093584380795,-1.34079101483456
"GSM8121903_athero_human_10.txt.gz","Plate_1078s_C24","symptomatic","fibroblast","C10",17.4623434360324,-2.32195057690054
"GSM8121903_athero_human_10.txt.gz","Plate_1078s_D02","symptomatic","vsmc","C2",18.3523307353786,0.823895720819417
"GSM8121903_athero_human_10.txt.gz","Plate_1078s_D03","symptomatic","fibroblast","C10",14.1809379689122,-1.90066170676492
"GSM8121903_athero_human_10.txt.gz","Plate_1078s_D04","symptomatic","vsmc","C2",18.9932232688181,0.988101443281302
"GSM8121903_athero_human_10.txt.gz","Plate_1078s_D05","symptomatic","fibroblast","C10",17.9971421101825,0.245182400446971
"GSM8121903_athero_human_10.txt.gz","Plate_1078s_D10","symptomatic","vsmc","C2",18.3964147804287,0.437880641844203
"GSM8121903_athero_human_10.txt.gz","Plate_1078s_D11","symptomatic","fibroblast","C10",14.5499742085076,-0.274442374937929
"GSM8121903_athero_human_10.txt.gz","Plate_1078s_D12","symptomatic","endothelial","C2",18.3286408843617,-2.17386012401535
"GSM8121903_athero_human_10.txt.gz","Plate_1078s_D13","symptomatic","fibroblast","C10",15.8674692966776,2.33980796563734
"GSM8121903_athero_human_10.txt.gz","Plate_1078s_D15","symptomatic","macrophage","C9",-15.1377948337005,-4.99314427475462
"GSM8121903_athero_human_10.txt.gz","Plate_1078s_D16","symptomatic","fibroblast","C2",17.2587743944355,0.727280202379548
"GSM8121903_athero_human_10.txt.gz","Plate_1078s_D17","symptomatic","macrophage","C5",-15.7975081457439,3.43883453631051
"GSM8121903_athero_human_10.txt.gz","Plate_1078s_D19","symptomatic","vsmc","C2",18.8198293316427,-2.34696382168818
"GSM8121903_athero_human_10.txt.gz","Plate_1078s_D20","symptomatic","vsmc","C2",13.9174937313763,-6.34994292776167
"GSM8121903_athero_human_10.txt.gz","Plate_1078s_D21","symptomatic","macrophage","C5",-19.0464280835059,3.5989666417897
"GSM8121903_athero_human_10.txt.gz","Plate_1078s_D22","symptomatic","unassigned","C2",19.5076044064346,-0.391933800428956
"GSM8121903_athero_human_10.txt.gz","Plate_1078s_D23","symptomatic","vsmc","C10",14.8670397582795,0.249078035026743
"GSM8121903_athero_human_10.txt.gz","Plate_1078s_D24","symptomatic","vsmc","C10",18.9361208115183,2.93790111394214
"GSM8121903_athero_human_10.txt.gz","Plate_1078s_E02","symptomatic","vsmc","C2",14.4483395972974,-6.96590026894704
"GSM8121903_athero_human_10.txt.gz","Plate_1078s_E05","symptomatic","b_cell","C10",16.2000690291155,6.39865748760475
"GSM8121903_athero_human_10.txt.gz","Plate_1078s_E07","symptomatic","vsmc","C2",19.1324020662821,2.05862287925261
"GSM8121903_athero_human_10.txt.gz","Plate_1078s_E08","symptomatic","macrophage","C3",-16.3062654966543,0.736531234723337
"GSM8121903_athero_human_10.txt.gz","Plate_1078s_E09","symptomatic","fibroblast","C10",16.7478977979843,-1.16930856903365
"GSM8121903_athero_human_10.txt.gz","Plate_1078s_E11","symptomatic","vsmc","C10",18.4158243039681,-0.842298372196647
"GSM8121903_athero_human_10.txt.gz","Plate_1078s_E13","symptomatic","vsmc","C2",19.1140958556669,0.195777974048461
"GSM8121903_athero_human_10.txt.gz","Plate_1078s_E14","symptomatic","fibroblast","C10",16.7954454340893,3.7156946259864
"GSM8121903_athero_human_10.txt.gz","Plate_1078s_E16","symptomatic","unassigned","C7",15.1133821947919,-9.06290390588286
"GSM8121903_athero_human_10.txt.gz","Plate_1078s_E17","symptomatic","unassigned","C8",13.8909287048611,3.83607019978802
"GSM8121903_athero_human_10.txt.gz","Plate_1078s_E18","symptomatic","unassigned","C2",19.1925128365654,-2.75199494509854
"GSM8121903_athero_human_10.txt.gz","Plate_1078s_E19","symptomatic","vsmc","C2",18.2744310583655,-2.27772811330272
"GSM8121903_athero_human_10.txt.gz","Plate_1078s_E20","symptomatic","macrophage","C9",-13.701132885064,-3.92852221852825
"GSM8121903_athero_human_10.txt.gz","Plate_1078s_E21","symptomatic","fibroblast","C10",16.6765019285811,-4.25251085028874
"GSM8121903_athero_human_10.txt.gz","Plate_1078s_E22","symptomatic","fibroblast","C10",17.8684391918392,1.50195203829813
"GSM8121903_athero_human_10.txt.gz","Plate_1078s_E23","symptomatic","vsmc","C2",19.8141143958701,-5.05964824543069
"GSM8121903_athero_human_10.txt.gz","Plate_1078s_F01","symptomatic","vsmc","C7",14.0946352522791,-7.35349368361191
"GSM8121903_athero_human_10.txt.gz","Plate_1078s_F02","symptomatic","b_cell","C7",12.4535589559276,-8.25578430742168
"GSM8121903_athero_human_10.txt.gz","Plate_1078s_F04","symptomatic","fibroblast","C10",14.7899886024236,-1.98607960004132
"GSM8121903_athero_human_10.txt.gz","Plate_1078s_F06","symptomatic","fibroblast","C10",17.1989392943856,0.81588231151373
"GSM8121903_athero_human_10.txt.gz","Plate_1078s_F07","symptomatic","vsmc","C2",17.8761408920935,0.195283343684987
"GSM8121903_athero_human_10.txt.gz","Plate_1078s_F08","symptomatic","vsmc","C2",11.3676796053295,-6.3756234175697
"GSM8121903_athero_human_10.txt.gz","Plate_1078s_F09","symptomatic","fibroblast","C10",18.3595108370898,1.54728201129388
"GSM8121903_athero_human_10.txt.gz","Plate_1078s_F10","symptomatic","fibroblast","C2",19.8366101304665,-2.60496607250082
"GSM8121903_athero_human_10.txt.gz","Plate_1078s_F11","symptomatic","vsmc","C2",17.5002279362787,-3.99625175974211
"GSM8121903_athero_human_10.txt.gz","Plate_1078s_F12","symptomatic","vsmc","C10",16.4570433631381,5.49638974119079
"GSM8121903_athero_human_10.txt.gz","Plate_1078s_F13","symptomatic","fibroblast","C7",12.6173205946182,-14.1743968688519
"GSM8121903_athero_human_10.txt.gz","Plate_1078s_F14","symptomatic","fibroblast","C10",15.5999139790889,4.4797917895483
"GSM8121903_athero_human_10.txt.gz","Plate_1078s_F16","symptomatic","fibroblast","C7",16.0330965657073,-10.8235233761529
"GSM8121903_athero_human_10.txt.gz","Plate_1078s_F17","symptomatic","macrophage","C5",-11.8882300902358,-0.468719565660919
"GSM8121903_athero_human_10.txt.gz","Plate_1078s_F19","symptomatic","fibroblast","C10",12.7614404760633,0.852435165767328
"GSM8121903_athero_human_10.txt.gz","Plate_1078s_F20","symptomatic","vsmc","C2",18.3990690232952,-2.8447488213333
"GSM8121903_athero_human_10.txt.gz","Plate_1078s_F21","symptomatic","fibroblast","C10",16.1133024263163,-0.684643566293106
"GSM8121903_athero_human_10.txt.gz","Plate_1078s_F22","symptomatic","vsmc","C2",18.4219894143139,-1.53590320183896
"GSM8121903_athero_human_10.txt.gz","Plate_1078s_F23","symptomatic","vsmc","C2",19.3670606892485,-3.04900704429134
"GSM8121903_athero_human_10.txt.gz","Plate_1078s_G06","symptomatic","vsmc","C2",17.9188431089397,-1.99962941740893
"GSM8121903_athero_human_10.txt.gz","Plate_1078s_G07","symptomatic","vsmc","C2",18.6026595096358,-0.692529020608333
"GSM8121903_athero_human_10.txt.gz","Plate_1078s_G09","symptomatic","vsmc","C2",19.2532654055479,0.126021220030041
"GSM8121903_athero_human_10.txt.gz","Plate_1078s_G12","symptomatic","vsmc","C2",15.3602085503616,-7.71775280616627
"GSM8121903_athero_human_10.txt.gz","Plate_1078s_G13","symptomatic","vsmc","C2",18.5873220311817,-0.346665435412127
"GSM8121903_athero_human_10.txt.gz","Plate_1078s_G14","symptomatic","b_cell","C2",17.5843859225591,-4.71826119793881
"GSM8121903_athero_human_10.txt.gz","Plate_1078s_G15","symptomatic","fibroblast","C7",13.1279395895662,-5.17101205196898
"GSM8121903_athero_human_10.txt.gz","Plate_1078s_G17","symptomatic","vsmc","C2",16.527359959607,-7.36117544533129
"GSM8121903_athero_human_10.txt.gz","Plate_1078s_G18","symptomatic","fibroblast","C10",17.7545355930872,1.45745841741995
"GSM8121903_athero_human_10.txt.gz","Plate_1078s_G21","symptomatic","unassigned","C2",17.8982228679372,-7.16428837602014
"GSM8121903_athero_human_10.txt.gz","Plate_1078s_G22","symptomatic","fibroblast","C10",15.9277249098295,1.89704120215299
"GSM8121903_athero_human_10.txt.gz","Plate_1078s_G23","symptomatic","vsmc","C2",19.7658455151665,-4.41488408604882
"GSM8121903_athero_human_10.txt.gz","Plate_1078s_H01","symptomatic","t_nk","C2",12.7610311761665,0.376131478786948
"GSM8121903_athero_human_10.txt.gz","Plate_1078s_H02","symptomatic","vsmc","C10",19.2250476211666,3.32762128510173
"GSM8121903_athero_human_10.txt.gz","Plate_1078s_H04","symptomatic","macrophage","C5",-13.0619389736337,1.81176110059962
"GSM8121903_athero_human_10.txt.gz","Plate_1078s_H06","symptomatic","vsmc","C2",19.3632932387054,-2.19277615618524
"GSM8121903_athero_human_10.txt.gz","Plate_1078s_H10","symptomatic","vsmc","C2",16.6608134614832,-0.98460197861422
"GSM8121903_athero_human_10.txt.gz","Plate_1078s_H11","symptomatic","vsmc","C2",18.9222217645778,-1.03280942120843
"GSM8121903_athero_human_10.txt.gz","Plate_1078s_H13","symptomatic","unassigned","C10",15.8781461074419,2.45665358597061
"GSM8121903_athero_human_10.txt.gz","Plate_1078s_H14","symptomatic","b_cell","C5",-13.3003711711743,7.77934985547167
"GSM8121903_athero_human_10.txt.gz","Plate_1078s_H15","symptomatic","fibroblast","C10",17.6342573807192,-0.168963702203802
"GSM8121903_athero_human_10.txt.gz","Plate_1078s_H17","symptomatic","vsmc","C2",18.0471483297115,-7.30889361602136
"GSM8121903_athero_human_10.txt.gz","Plate_1078s_H20","symptomatic","vsmc","C2",17.2067449597859,-5.60147464089373
"GSM8121903_athero_human_10.txt.gz","Plate_1078s_H22","symptomatic","fibroblast","C10",17.4359070475791,-1.76793261978507
"GSM8121903_athero_human_10.txt.gz","Plate_1078s_I03","symptomatic","unassigned","C10",16.9310538455571,1.55733309637724
"GSM8121903_athero_human_10.txt.gz","Plate_1078s_I04","symptomatic","fibroblast","C2",19.3545523746626,-2.69120318424395
"GSM8121903_athero_human_10.txt.gz","Plate_1078s_I07","symptomatic","vsmc","C2",18.7365325318094,-2.26702060783187
"GSM8121903_athero_human_10.txt.gz","Plate_1078s_I08","symptomatic","unassigned","C10",17.0216448297348,2.69318349998666
"GSM8121903_athero_human_10.txt.gz","Plate_1078s_I09","symptomatic","vsmc","C2",19.6963723620421,-1.01852997051541
"GSM8121903_athero_human_10.txt.gz","Plate_1078s_I11","symptomatic","fibroblast","C2",18.6876798318166,-1.57925533779455
"GSM8121903_athero_human_10.txt.gz","Plate_1078s_I12","symptomatic","vsmc","C2",17.8748450972648,-1.93974688724257
"GSM8121903_athero_human_10.txt.gz","Plate_1078s_I13","symptomatic","vsmc","C2",14.9718769877806,-5.33881101848264
"GSM8121903_athero_human_10.txt.gz","Plate_1078s_I14","symptomatic","macrophage","C3",-17.3285533243221,0.973916008310274
"GSM8121903_athero_human_10.txt.gz","Plate_1078s_I16","symptomatic","fibroblast","C2",18.787024482444,-2.0734279504321
"GSM8121903_athero_human_10.txt.gz","Plate_1078s_I21","symptomatic","macrophage","C4",-5.78513439713745,-11.2344439830673
"GSM8121903_athero_human_10.txt.gz","Plate_1078s_I23","symptomatic","unassigned","C2",16.865488406476,-0.93458697106851
"GSM8121903_athero_human_10.txt.gz","Plate_1078s_I24","symptomatic","fibroblast","C2",18.6289429958472,-1.47514011236687
"GSM8121903_athero_human_10.txt.gz","Plate_1078s_J01","symptomatic","vsmc","C7",11.2649492735897,-13.4733266835465
"GSM8121903_athero_human_10.txt.gz","Plate_1078s_J02","symptomatic","vsmc","C2",18.5267226634485,2.10327607981594
"GSM8121903_athero_human_10.txt.gz","Plate_1078s_J03","symptomatic","vsmc","C2",16.1392907819094,-0.35312562703645
"GSM8121903_athero_human_10.txt.gz","Plate_1078s_J06","symptomatic","fibroblast","C7",15.9859487931182,-5.69108445228162
"GSM8121903_athero_human_10.txt.gz","Plate_1078s_J08","symptomatic","vsmc","C2",14.9982114079798,-1.63998554303289
"GSM8121903_athero_human_10.txt.gz","Plate_1078s_J12","symptomatic","vsmc","C2",17.3094915751751,-3.62021268833859
"GSM8121903_athero_human_10.txt.gz","Plate_1078s_J13","symptomatic","vsmc","C2",15.7586868615886,-2.39317060611881
"GSM8121903_athero_human_10.txt.gz","Plate_1078s_J14","symptomatic","fibroblast","C10",16.9228881780359,-0.850298939700783
"GSM8121903_athero_human_10.txt.gz","Plate_1078s_J15","symptomatic","vsmc","C2",17.0670880621714,-6.35158457927454
"GSM8121903_athero_human_10.txt.gz","Plate_1078s_J16","symptomatic","vsmc","C2",16.9411987841571,-5.86875430281952
"GSM8121903_athero_human_10.txt.gz","Plate_1078s_J18","symptomatic","t_nk","C7",12.919320759843,-11.0520173232021
"GSM8121903_athero_human_10.txt.gz","Plate_1078s_J19","symptomatic","fibroblast","C2",18.6763307164314,-2.68348917805019
"GSM8121903_athero_human_10.txt.gz","Plate_1078s_J20","symptomatic","vsmc","C2",16.2548051334464,-10.7586251146501
"GSM8121903_athero_human_10.txt.gz","Plate_1078s_J23","symptomatic","fibroblast","C10",17.2040966245863,-2.06423575198277
"GSM8121903_athero_human_10.txt.gz","Plate_1078s_J24","symptomatic","fibroblast","C10",16.9835549054179,-0.367247486365488
"GSM8121903_athero_human_10.txt.gz","Plate_1078s_K01","symptomatic","vsmc","C7",12.0319670871076,-12.0733737455211
"GSM8121903_athero_human_10.txt.gz","Plate_1078s_K02","symptomatic","vsmc","C2",17.9835165243009,-0.698790975171019
"GSM8121903_athero_human_10.txt.gz","Plate_1078s_K03","symptomatic","unassigned","C10",16.44658221324,4.92663751669603
"GSM8121903_athero_human_10.txt.gz","Plate_1078s_K04","symptomatic","fibroblast","C10",18.9498539056985,-1.39656768939235
"GSM8121903_athero_human_10.txt.gz","Plate_1078s_K05","symptomatic","vsmc","C2",18.0437802394387,-1.27332543835241
"GSM8121903_athero_human_10.txt.gz","Plate_1078s_K06","symptomatic","unassigned","C10",16.8923068547534,2.91116373915175
"GSM8121903_athero_human_10.txt.gz","Plate_1078s_K07","symptomatic","vsmc","C2",19.0596872930198,-1.60837842088453
"GSM8121903_athero_human_10.txt.gz","Plate_1078s_K10","symptomatic","vsmc","C2",16.7644023491903,-2.55775028896612
"GSM8121903_athero_human_10.txt.gz","Plate_1078s_K11","symptomatic","fibroblast","C10",18.0043426214816,-2.71881299540588
"GSM8121903_athero_human_10.txt.gz","Plate_1078s_K13","symptomatic","vsmc","C2",19.0285288617874,0.108294206975301
"GSM8121903_athero_human_10.txt.gz","Plate_1078s_K14","symptomatic","fibroblast","C2",19.0557450253019,-4.07512822543903
"GSM8121903_athero_human_10.txt.gz","Plate_1078s_K15","symptomatic","fibroblast","C7",15.1684532131551,-7.18825265260411
"GSM8121903_athero_human_10.txt.gz","Plate_1078s_K16","symptomatic","fibroblast","C10",16.1213716395437,-3.92480385666845
"GSM8121903_athero_human_10.txt.gz","Plate_1078s_K17","symptomatic","fibroblast","C2",14.0926841437031,-2.06890931883112
"GSM8121903_athero_human_10.txt.gz","Plate_1078s_K19","symptomatic","fibroblast","C10",19.5576595461578,-1.4355116893476
"GSM8121903_athero_human_10.txt.gz","Plate_1078s_K20","symptomatic","vsmc","C2",17.8890577975207,-2.4188327423677
"GSM8121903_athero_human_10.txt.gz","Plate_1078s_K22","symptomatic","vsmc","C2",16.3793371835073,-3.720976346617
"GSM8121903_athero_human_10.txt.gz","Plate_1078s_K23","symptomatic","fibroblast","C7",9.73224975281006,-13.8365270286125
"GSM8121903_athero_human_10.txt.gz","Plate_1078s_K24","symptomatic","vsmc","C2",15.2435383201046,-7.40963644668883
"GSM8121903_athero_human_10.txt.gz","Plate_1078s_L01","symptomatic","fibroblast","C7",13.9351107656423,-8.04521118087105
"GSM8121903_athero_human_10.txt.gz","Plate_1078s_L06","symptomatic","vsmc","C2",19.652922670476,-0.249669831010363
"GSM8121903_athero_human_10.txt.gz","Plate_1078s_L07","symptomatic","unassigned","C2",18.2173857318986,0.0336542221199589
"GSM8121903_athero_human_10.txt.gz","Plate_1078s_L08","symptomatic","fibroblast","C7",13.9303005734574,-5.40888616646033
"GSM8121903_athero_human_10.txt.gz","Plate_1078s_L09","symptomatic","vsmc","C2",16.3245437291716,-1.32151840669628
"GSM8121903_athero_human_10.txt.gz","Plate_1078s_L10","symptomatic","vsmc","C7",14.5031838486203,-9.11612111358053
"GSM8121903_athero_human_10.txt.gz","Plate_1078s_L11","symptomatic","unassigned","C2",19.4521339964769,-3.75937794835449
"GSM8121903_athero_human_10.txt.gz","Plate_1078s_L13","symptomatic","unassigned","C7",13.3174618193314,-4.08478310050115
"GSM8121903_athero_human_10.txt.gz","Plate_1078s_L14","symptomatic","vsmc","C2",16.6384410798775,-0.959230141150533
"GSM8121903_athero_human_10.txt.gz","Plate_1078s_L15","symptomatic","b_cell","C9",-12.8295606427483,-2.74732713673575
"GSM8121903_athero_human_10.txt.gz","Plate_1078s_L16","symptomatic","vsmc","C2",18.9368390733537,-0.168270120284032
"GSM8121903_athero_human_10.txt.gz","Plate_1078s_L17","symptomatic","vsmc","C10",16.9053552707099,1.68725825526314
"GSM8121903_athero_human_10.txt.gz","Plate_1078s_L18","symptomatic","vsmc","C10",17.0996183627782,3.23889730683129
"GSM8121903_athero_human_10.txt.gz","Plate_1078s_L19","symptomatic","unassigned","C10",15.8583656226701,-1.85588135808295
"GSM8121903_athero_human_10.txt.gz","Plate_1078s_L20","symptomatic","macrophage","C5",-13.6611866407916,4.25298512555253
"GSM8121903_athero_human_10.txt.gz","Plate_1078s_L21","symptomatic","vsmc","C2",17.2131042538289,0.390466101346776
"GSM8121903_athero_human_10.txt.gz","Plate_1078s_L23","symptomatic","vsmc","C7",14.0368989459607,-8.12641955417421
"GSM8121903_athero_human_10.txt.gz","Plate_1078s_L24","symptomatic","unassigned","C7",13.1946758608863,-11.6922297590446
"GSM8121903_athero_human_10.txt.gz","Plate_1078s_M03","symptomatic","vsmc","C2",19.6359873797033,0.195975177991694
"GSM8121903_athero_human_10.txt.gz","Plate_1078s_M04","symptomatic","vsmc","C2",17.2147407134854,-2.85458954279104
"GSM8121903_athero_human_10.txt.gz","Plate_1078s_M06","symptomatic","fibroblast","C10",17.0832914029616,1.27044062077959
"GSM8121903_athero_human_10.txt.gz","Plate_1078s_M08","symptomatic","vsmc","C2",17.8926632296101,-3.00168643469548
"GSM8121903_athero_human_10.txt.gz","Plate_1078s_M09","symptomatic","fibroblast","C2",20.1523668565186,-3.82046261119376
"GSM8121903_athero_human_10.txt.gz","Plate_1078s_M10","symptomatic","vsmc","C2",17.855050512558,1.6991413850297
"GSM8121903_athero_human_10.txt.gz","Plate_1078s_M12","symptomatic","macrophage","C9",-11.4766676695855,-0.171529409604333
"GSM8121903_athero_human_10.txt.gz","Plate_1078s_M13","symptomatic","vsmc","C2",18.9885366814219,0.449600512659651
"GSM8121903_athero_human_10.txt.gz","Plate_1078s_M14","symptomatic","vsmc","C2",18.4091107520549,0.107692229019267
"GSM8121903_athero_human_10.txt.gz","Plate_1078s_M15","symptomatic","vsmc","C2",17.5614449471157,1.42994269389008
"GSM8121903_athero_human_10.txt.gz","Plate_1078s_M16","symptomatic","fibroblast","C10",18.1263500285812,2.35473760798378
"GSM8121903_athero_human_10.txt.gz","Plate_1078s_M17","symptomatic","fibroblast","C10",17.6600940478111,2.47052683322685
"GSM8121903_athero_human_10.txt.gz","Plate_1078s_M19","symptomatic","vsmc","C2",18.4795337456183,-1.91157736386048
"GSM8121903_athero_human_10.txt.gz","Plate_1078s_M20","symptomatic","vsmc","C2",2.00003521846961,-3.60228774258755
"GSM8121903_athero_human_10.txt.gz","Plate_1078s_M21","symptomatic","fibroblast","C10",16.6408788092475,2.33069517664426
"GSM8121903_athero_human_10.txt.gz","Plate_1078s_M22","symptomatic","vsmc","C2",17.9123820140314,-1.15221797994956
"GSM8121903_athero_human_10.txt.gz","Plate_1078s_M24","symptomatic","vsmc","C2",17.8417499180652,-3.418295270244
"GSM8121903_athero_human_10.txt.gz","Plate_1078s_N02","symptomatic","fibroblast","C7",15.2064980453888,-6.71098798478851
"GSM8121903_athero_human_10.txt.gz","Plate_1078s_N03","symptomatic","vsmc","C2",19.584916860344,-0.89710610560153
"GSM8121903_athero_human_10.txt.gz","Plate_1078s_N04","symptomatic","fibroblast","C2",20.2367560202178,-1.6038190174253
"GSM8121903_athero_human_10.txt.gz","Plate_1078s_N05","symptomatic","fibroblast","C10",14.6259409499466,6.14889696743972
"GSM8121903_athero_human_10.txt.gz","Plate_1078s_N08","symptomatic","fibroblast","C10",19.2703472095276,-1.01480737348825
"GSM8121903_athero_human_10.txt.gz","Plate_1078s_N09","symptomatic","vsmc","C10",18.1150169619577,3.01713704856431
"GSM8121903_athero_human_10.txt.gz","Plate_1078s_N10","symptomatic","vsmc","C2",18.1335541850867,-0.48947254422128
"GSM8121903_athero_human_10.txt.gz","Plate_1078s_N11","symptomatic","unassigned","C10",18.8199438643379,-0.550362959531638
"GSM8121903_athero_human_10.txt.gz","Plate_1078s_N12","symptomatic","fibroblast","C7",15.7489034255569,-4.23818043041841
"GSM8121903_athero_human_10.txt.gz","Plate_1078s_N13","symptomatic","vsmc","C2",17.1603245319745,-2.1870854830677
"GSM8121903_athero_human_10.txt.gz","Plate_1078s_N14","symptomatic","vsmc","C2",15.9014910278248,-5.95888450224818
"GSM8121903_athero_human_10.txt.gz","Plate_1078s_N15","symptomatic","vsmc","C7",15.2717792758783,-6.78777212462421
"GSM8121903_athero_human_10.txt.gz","Plate_1078s_N16","symptomatic","vsmc","C2",17.3398875043308,-1.36892628706745
"GSM8121903_athero_human_10.txt.gz","Plate_1078s_N17","symptomatic","vsmc","C2",19.5910113903715,-2.58043300435699
"GSM8121903_athero_human_10.txt.gz","Plate_1078s_N18","symptomatic","endothelial","C2",15.5946994919582,3.334368180615
"GSM8121903_athero_human_10.txt.gz","Plate_1078s_N20","symptomatic","vsmc","C2",17.6254323497213,-2.35480237082451
"GSM8121903_athero_human_10.txt.gz","Plate_1078s_N22","symptomatic","vsmc","C2",15.726098602514,-5.58136713762539
"GSM8121903_athero_human_10.txt.gz","Plate_1078s_N23","symptomatic","fibroblast","C10",17.3724625475199,1.8801976876203
"GSM8121903_athero_human_10.txt.gz","Plate_1078s_N24","symptomatic","unassigned","C2",19.6672605958375,-0.369258599099823
"GSM8121903_athero_human_10.txt.gz","Plate_1078s_O04","symptomatic","fibroblast","C2",19.233330768545,-0.835624634284095
"GSM8121903_athero_human_10.txt.gz","Plate_1078s_O05","symptomatic","endothelial","C10",15.3115602740318,8.25547350198658
"GSM8121903_athero_human_10.txt.gz","Plate_1078s_O06","symptomatic","vsmc","C7",16.700770390683,-7.71330159966298
"GSM8121903_athero_human_10.txt.gz","Plate_1078s_O08","symptomatic","unassigned","C7",10.603409934384,-12.8257670413324
"GSM8121903_athero_human_10.txt.gz","Plate_1078s_O09","symptomatic","unassigned","C10",18.0061596077455,2.33621691509044
"GSM8121903_athero_human_10.txt.gz","Plate_1078s_O10","symptomatic","vsmc","C2",17.827530535016,-4.51240331234661
"GSM8121903_athero_human_10.txt.gz","Plate_1078s_O11","symptomatic","vsmc","C2",16.5738517624922,-7.73588147520421
"GSM8121903_athero_human_10.txt.gz","Plate_1078s_O12","symptomatic","fibroblast","C8",15.1705655206839,1.98104405507932
"GSM8121903_athero_human_10.txt.gz","Plate_1078s_O13","symptomatic","fibroblast","C10",14.0636266719608,-0.204860618058485
"GSM8121903_athero_human_10.txt.gz","Plate_1078s_O14","symptomatic","vsmc","C2",18.4774105982775,-3.79912693291258
"GSM8121903_athero_human_10.txt.gz","Plate_1078s_O15","symptomatic","vsmc","C7",10.5041921427102,-11.3660208265236
"GSM8121903_athero_human_10.txt.gz","Plate_1078s_O16","symptomatic","unassigned","C10",14.4745317006914,-0.0555863764211816
"GSM8121903_athero_human_10.txt.gz","Plate_1078s_O17","symptomatic","unassigned","C2",16.2476318219833,-5.61542663244559
"GSM8121903_athero_human_10.txt.gz","Plate_1078s_O18","symptomatic","vsmc","C2",16.4316175108134,-1.74584890419606
"GSM8121903_athero_human_10.txt.gz","Plate_1078s_O21","symptomatic","fibroblast","C10",15.6827661271525,5.4400260079508
"GSM8121903_athero_human_10.txt.gz","Plate_1078s_O24","symptomatic","vsmc","C2",18.3907564018243,-1.80129782116576
"GSM8121903_athero_human_10.txt.gz","Plate_1078s_P01","symptomatic","fibroblast","C7",11.2308055742018,-8.1105271339932
"GSM8121903_athero_human_10.txt.gz","Plate_1078s_P02","symptomatic","fibroblast","C10",17.5184414499253,0.734509467255516
"GSM8121903_athero_human_10.txt.gz","Plate_1078s_P05","symptomatic","fibroblast","C10",19.3021983055199,0.806197442170797
"GSM8121903_athero_human_10.txt.gz","Plate_1078s_P06","symptomatic","vsmc","C2",17.4638518284655,-0.387979394974433
"GSM8121903_athero_human_10.txt.gz","Plate_1078s_P08","symptomatic","endothelial","C7",11.02951513807,-11.9442293572083
"GSM8121903_athero_human_10.txt.gz","Plate_1078s_P09","symptomatic","macrophage","C3",-18.3965451510199,-2.05789529609015
"GSM8121903_athero_human_10.txt.gz","Plate_1078s_P10","symptomatic","vsmc","C2",18.9095075573523,-0.473213622189159
"GSM8121903_athero_human_10.txt.gz","Plate_1078s_P11","symptomatic","vsmc","C2",18.0583723365257,-2.66340067024767
"GSM8121903_athero_human_10.txt.gz","Plate_1078s_P12","symptomatic","vsmc","C2",17.6449634396808,-2.37902213184397
"GSM8121903_athero_human_10.txt.gz","Plate_1078s_P13","symptomatic","fibroblast","C10",13.8441089072105,-0.641307885568196
"GSM8121903_athero_human_10.txt.gz","Plate_1078s_P14","symptomatic","vsmc","C2",17.8670818143577,-3.79070318061587
"GSM8121903_athero_human_10.txt.gz","Plate_1078s_P15","symptomatic","vsmc","C2",16.4636441247448,-2.02145760239738
"GSM8121903_athero_human_10.txt.gz","Plate_1078s_P16","symptomatic","vsmc","C2",16.3408546479038,-2.23281630411242
"GSM8121903_athero_human_10.txt.gz","Plate_1078s_P17","symptomatic","fibroblast","C10",15.6589891701402,-0.497159664469112
"GSM8121903_athero_human_10.txt.gz","Plate_1078s_P18","symptomatic","vsmc","C2",18.0286363994227,-3.98669450689102
"GSM8121903_athero_human_10.txt.gz","Plate_1078s_P19","symptomatic","vsmc","C2",18.7389305745328,-0.500206467581151
"GSM8121903_athero_human_10.txt.gz","Plate_1078s_P20","symptomatic","vsmc","C2",16.9823997755549,-2.26250678811826
"GSM8121903_athero_human_10.txt.gz","Plate_1078s_P22","symptomatic","vsmc","C10",17.5764678990459,-0.221959904681966
"GSM8121903_athero_human_10.txt.gz","Plate_1078s_P24","symptomatic","endothelial","C2",7.14736592799802,7.47649362373325
"GSM8121903_athero_human_10.txt.gz","Plate_1084s_A05","symptomatic","macrophage","C9",-19.0821847667538,-2.21660735134434
"GSM8121903_athero_human_10.txt.gz","Plate_1084s_A07","symptomatic","mast","C5",-20.6027423397296,5.04579283810659
"GSM8121903_athero_human_10.txt.gz","Plate_1084s_A08","symptomatic","mast","C9",-16.7330408100905,-7.0392453547951
"GSM8121903_athero_human_10.txt.gz","Plate_1084s_A09","symptomatic","unassigned","C5",-21.2286894515947,-0.416325264397965
"GSM8121903_athero_human_10.txt.gz","Plate_1084s_A10","symptomatic","mast","C5",-20.4221833939019,-2.05456869953856
"GSM8121903_athero_human_10.txt.gz","Plate_1084s_A11","symptomatic","macrophage","C5",-20.9526116622858,3.69583430737279
"GSM8121903_athero_human_10.txt.gz","Plate_1084s_B01","symptomatic","macrophage","C9",-21.8136715269474,-0.709600084434207
"GSM8121903_athero_human_10.txt.gz","Plate_1084s_B04","symptomatic","macrophage","C9",-20.3358648120225,-0.410853160100567
"GSM8121903_athero_human_10.txt.gz","Plate_1084s_B05","symptomatic","macrophage","C5",-19.6344444626039,5.4111005823571
"GSM8121903_athero_human_10.txt.gz","Plate_1084s_B09","symptomatic","fibroblast","C10",10.5053458024304,5.80204389628116
"GSM8121903_athero_human_10.txt.gz","Plate_1084s_B10","symptomatic","macrophage","C5",-17.4374450117974,5.55301720776711
"GSM8121903_athero_human_10.txt.gz","Plate_1084s_C01","symptomatic","macrophage","C5",-20.5362013119125,1.28097251545146
"GSM8121903_athero_human_10.txt.gz","Plate_1084s_C02","symptomatic","macrophage","C3",-21.6636879634136,0.531838424280353
"GSM8121903_athero_human_10.txt.gz","Plate_1084s_C03","symptomatic","macrophage","C9",-20.3886567466472,-7.48214044522682
"GSM8121903_athero_human_10.txt.gz","Plate_1084s_C05","symptomatic","macrophage","C3",-21.1916710550773,-0.534850984252035
"GSM8121903_athero_human_10.txt.gz","Plate_1084s_C06","symptomatic","macrophage","C9",-20.6220470669553,-4.99858337778756
"GSM8121903_athero_human_10.txt.gz","Plate_1084s_C08","symptomatic","macrophage","C5",-17.6467371381635,4.48074681292614
"GSM8121903_athero_human_10.txt.gz","Plate_1084s_D01","symptomatic","macrophage","C5",-16.4741233048917,0.238242971754031
"GSM8121903_athero_human_10.txt.gz","Plate_1084s_D03","symptomatic","unassigned","C5",-20.0095319985857,1.06368887629024
"GSM8121903_athero_human_10.txt.gz","Plate_1084s_D04","symptomatic","macrophage","C3",-21.2005197682394,3.79414363358408
"GSM8121903_athero_human_10.txt.gz","Plate_1084s_D05","symptomatic","macrophage","C5",-20.5649677656113,4.6605998055009
"GSM8121903_athero_human_10.txt.gz","Plate_1084s_D07","symptomatic","macrophage","C3",-21.8386045400009,-0.0951932057924511
"GSM8121903_athero_human_10.txt.gz","Plate_1084s_D08","symptomatic","macrophage","C3",-20.522586788046,3.94830037900503
"GSM8121903_athero_human_10.txt.gz","Plate_1084s_E01","symptomatic","macrophage","C5",-20.559989750731,7.17198968954482
"GSM8121903_athero_human_10.txt.gz","Plate_1084s_E04","symptomatic","macrophage","C3",-19.4954515495928,-4.03121577534134
"GSM8121903_athero_human_10.txt.gz","Plate_1084s_E06","symptomatic","unassigned","C3",-14.1822087959664,1.13947702175858
"GSM8121903_athero_human_10.txt.gz","Plate_1084s_E07","symptomatic","macrophage","C5",-20.6932496091236,3.26769612834179
"GSM8121903_athero_human_10.txt.gz","Plate_1084s_E08","symptomatic","unassigned","C5",-11.2043549233094,1.81580519301822
"GSM8121903_athero_human_10.txt.gz","Plate_1084s_E09","symptomatic","macrophage","C5",-21.7768018896299,1.81530511067429
"GSM8121903_athero_human_10.txt.gz","Plate_1084s_E10","symptomatic","vsmc","C2",12.4898027438214,-6.40242220418533
"GSM8121903_athero_human_10.txt.gz","Plate_1084s_F01","symptomatic","macrophage","C3",-20.4549367128826,0.929231370223942
"GSM8121903_athero_human_10.txt.gz","Plate_1084s_F04","symptomatic","macrophage","C5",-14.2587855775725,9.19675858420858
"GSM8121903_athero_human_10.txt.gz","Plate_1084s_F05","symptomatic","macrophage","C3",-20.0159664730199,-0.543489294573882
"GSM8121903_athero_human_10.txt.gz","Plate_1084s_F09","symptomatic","macrophage","C5",-15.7052331065339,1.85542936471136
"GSM8121903_athero_human_10.txt.gz","Plate_1084s_F10","symptomatic","macrophage","C5",-16.4299356277718,9.45390376909016
"GSM8121903_athero_human_10.txt.gz","Plate_1084s_F11","symptomatic","macrophage","C5",-20.9040431025053,4.88883265489209
"GSM8121903_athero_human_10.txt.gz","Plate_1084s_G02","symptomatic","macrophage","C5",-18.7791357921932,2.23086708160572
"GSM8121903_athero_human_10.txt.gz","Plate_1084s_G03","symptomatic","macrophage","C5",-19.3225800964453,2.47870221497611
"GSM8121903_athero_human_10.txt.gz","Plate_1084s_G04","symptomatic","macrophage","C5",-16.7226079609841,9.50902115592939
"GSM8121903_athero_human_10.txt.gz","Plate_1084s_G05","symptomatic","macrophage","C5",-20.5282355233575,3.3129222614652
"GSM8121903_athero_human_10.txt.gz","Plate_1084s_G06","symptomatic","vsmc","C2",12.1071604718687,-5.85506245407744
"GSM8121903_athero_human_10.txt.gz","Plate_1084s_G09","symptomatic","macrophage","C5",-18.0766369123926,2.62063208674964
"GSM8121903_athero_human_10.txt.gz","Plate_1084s_G11","symptomatic","macrophage","C3",-21.5586376776681,-0.325977722725962
"GSM8121903_athero_human_10.txt.gz","Plate_1084s_G12","symptomatic","macrophage","C9",-16.8220431488716,-4.18859864591286
"GSM8121903_athero_human_10.txt.gz","Plate_1084s_H01","symptomatic","macrophage","C5",-20.0525856713906,6.36402727053597
"GSM8121903_athero_human_10.txt.gz","Plate_1084s_H04","symptomatic","unassigned","C9",-16.8393939181101,-10.6315765570723
"GSM8121903_athero_human_10.txt.gz","Plate_1084s_H05","symptomatic","unassigned","C5",-20.0235698681956,1.95113903245257
"GSM8121903_athero_human_10.txt.gz","Plate_1084s_H09","symptomatic","macrophage","C5",-17.2532246888776,4.90566177721
"GSM8121903_athero_human_10.txt.gz","Plate_1084s_H10","symptomatic","macrophage","C3",-20.6919549170065,-0.53803172174602
"GSM8121903_athero_human_10.txt.gz","Plate_1084s_H11","symptomatic","unassigned","C9",-15.7394641389383,-4.99078036031431
"GSM8121903_athero_human_10.txt.gz","Plate_1084s_I01","symptomatic","macrophage","C5",-18.9248062056061,0.14397038172328
"GSM8121903_athero_human_10.txt.gz","Plate_1084s_I04","symptomatic","b_cell","C9",-18.3596891549738,-7.06688980049108
"GSM8121903_athero_human_10.txt.gz","Plate_1084s_I07","symptomatic","mast","C5",-17.3516692669177,5.78467326490063
"GSM8121903_athero_human_10.txt.gz","Plate_1084s_I08","symptomatic","macrophage","C9",-13.697061315955,-2.56170111597545
"GSM8121903_athero_human_10.txt.gz","Plate_1084s_I11","symptomatic","unassigned","C5",-20.4700090113223,4.09605701007057
"GSM8121903_athero_human_10.txt.gz","Plate_1084s_I12","symptomatic","macrophage","C5",-18.6626547919605,4.70179799371652
"GSM8121903_athero_human_10.txt.gz","Plate_1084s_I13","symptomatic","unassigned","C3",-21.8244574608379,0.98522766903861
"GSM8121903_athero_human_10.txt.gz","Plate_1084s_I15","symptomatic","macrophage","C5",-19.5340467936689,4.19951330965981
"GSM8121903_athero_human_10.txt.gz","Plate_1084s_I16","symptomatic","macrophage","C5",-18.4775532562344,6.51428927833284
"GSM8121903_athero_human_10.txt.gz","Plate_1084s_I19","symptomatic","macrophage","C3",-20.1596913987197,5.44005575653114
"GSM8121903_athero_human_10.txt.gz","Plate_1084s_I21","symptomatic","macrophage","C5",-20.3013548217787,2.51119235979621
"GSM8121903_athero_human_10.txt.gz","Plate_1084s_I23","symptomatic","macrophage","C9",-16.9868178864971,-9.99555463585362
"GSM8121903_athero_human_10.txt.gz","Plate_1084s_I24","symptomatic","unassigned","C9",-12.9376782960079,-0.96438840031398
"GSM8121903_athero_human_10.txt.gz","Plate_1084s_J01","symptomatic","macrophage","C5",-18.3160971338928,4.87678278586983
"GSM8121903_athero_human_10.txt.gz","Plate_1084s_J03","symptomatic","macrophage","C3",-20.8516181598048,-3.22619216666124
"GSM8121903_athero_human_10.txt.gz","Plate_1084s_J06","symptomatic","macrophage","C3",-21.1311010513599,2.5345917543317
"GSM8121903_athero_human_10.txt.gz","Plate_1084s_J07","symptomatic","vsmc","C2",15.1401938253038,-2.07778464866137
"GSM8121903_athero_human_10.txt.gz","Plate_1084s_J08","symptomatic","macrophage","C5",-20.3563452674462,4.47975030292683
"GSM8121903_athero_human_10.txt.gz","Plate_1084s_J09","symptomatic","macrophage","C5",-16.9596627996971,3.60858147851497
"GSM8121903_athero_human_10.txt.gz","Plate_1084s_J11","symptomatic","macrophage","C5",-18.0904228316475,0.317133012508935
"GSM8121903_athero_human_10.txt.gz","Plate_1084s_J12","symptomatic","macrophage","C5",-20.184114442923,-0.719570362960012
"GSM8121903_athero_human_10.txt.gz","Plate_1084s_J14","symptomatic","macrophage","C3",-21.4830232119694,-1.4273850783584
"GSM8121903_athero_human_10.txt.gz","Plate_1084s_J16","symptomatic","macrophage","C3",-20.7183224588221,-3.72976585076182
"GSM8121903_athero_human_10.txt.gz","Plate_1084s_J17","symptomatic","macrophage","C5",-17.5223152571622,7.83691876256477
"GSM8121903_athero_human_10.txt.gz","Plate_1084s_J19","symptomatic","macrophage","C5",-20.483200656996,-1.28445617165999
"GSM8121903_athero_human_10.txt.gz","Plate_1084s_J21","symptomatic","macrophage","C5",-20.3517832785618,5.54404041010129
"GSM8121903_athero_human_10.txt.gz","Plate_1084s_J23","symptomatic","macrophage","C9",-16.749772745879,-3.02831428074233
"GSM8121903_athero_human_10.txt.gz","Plate_1084s_K01","symptomatic","macrophage","C5",-15.995999597087,6.15167942017508
"GSM8121903_athero_human_10.txt.gz","Plate_1084s_K03","symptomatic","macrophage","C5",-21.8853884834645,4.39852548767131
"GSM8121903_athero_human_10.txt.gz","Plate_1084s_K04","symptomatic","macrophage","C5",-20.1583694838299,5.09626526228595
"GSM8121903_athero_human_10.txt.gz","Plate_1084s_K07","symptomatic","macrophage","C5",-20.8716090194619,4.56700160683175
"GSM8121903_athero_human_10.txt.gz","Plate_1084s_K09","symptomatic","macrophage","C5",-19.2040288838873,4.76534308796875
"GSM8121903_athero_human_10.txt.gz","Plate_1084s_K11","symptomatic","b_cell","C5",-15.3404422690516,4.96814004296132
"GSM8121903_athero_human_10.txt.gz","Plate_1084s_K14","symptomatic","macrophage","C3",-21.1435383433166,-0.721356857444003
"GSM8121903_athero_human_10.txt.gz","Plate_1084s_K15","symptomatic","macrophage","C9",-15.9999340856062,-8.73764540474519
"GSM8121903_athero_human_10.txt.gz","Plate_1084s_K16","symptomatic","macrophage","C3",-21.027155115085,-0.796492843000036
"GSM8121903_athero_human_10.txt.gz","Plate_1084s_K17","symptomatic","b_cell","C9",-18.0934359760095,-0.827768389224287
"GSM8121903_athero_human_10.txt.gz","Plate_1084s_K18","symptomatic","fibroblast","C7",2.47359503300878,-6.52578293152191
"GSM8121903_athero_human_10.txt.gz","Plate_1084s_K19","symptomatic","macrophage","C5",-21.5737782719531,3.76449681778833
"GSM8121903_athero_human_10.txt.gz","Plate_1084s_K20","symptomatic","macrophage","C3",-20.2004773927362,-0.053261986688613
"GSM8121903_athero_human_10.txt.gz","Plate_1084s_K21","symptomatic","macrophage","C3",-20.2284914159525,-3.07234825860316
"GSM8121903_athero_human_10.txt.gz","Plate_1084s_K23","symptomatic","macrophage","C9",-18.6809739461792,-4.49416220250762
"GSM8121903_athero_human_10.txt.gz","Plate_1084s_L01","symptomatic","macrophage","C5",-18.9117430783294,7.60571992268429
"GSM8121903_athero_human_10.txt.gz","Plate_1084s_L02","symptomatic","macrophage","C9",-20.1450125229592,-3.80524566076733
"GSM8121903_athero_human_10.txt.gz","Plate_1084s_L03","symptomatic","unassigned","C9",-17.9575914051369,-5.79953036764723
"GSM8121903_athero_human_10.txt.gz","Plate_1084s_L04","symptomatic","b_cell","C9",-17.3376447093481,-3.41199745716689
"GSM8121903_athero_human_10.txt.gz","Plate_1084s_L05","symptomatic","t_nk","C9",-17.878871109381,-7.97591898117206
"GSM8121903_athero_human_10.txt.gz","Plate_1084s_L06","symptomatic","macrophage","C9",-19.776022045587,-1.71921954908507
"GSM8121903_athero_human_10.txt.gz","Plate_1084s_L09","symptomatic","b_cell","C5",-3.7093633122518,1.0333751884129
"GSM8121903_athero_human_10.txt.gz","Plate_1084s_L11","symptomatic","macrophage","C5",-12.8436674765403,-5.21929741997776
"GSM8121903_athero_human_10.txt.gz","Plate_1084s_L13","symptomatic","macrophage","C9",-22.3887698152891,-2.73068640520472
"GSM8121903_athero_human_10.txt.gz","Plate_1084s_L14","symptomatic","macrophage","C9",-20.5464357838285,-4.87961119134625
"GSM8121903_athero_human_10.txt.gz","Plate_1084s_L15","symptomatic","macrophage","C9",-19.5783029562076,-4.75575749172508
"GSM8121903_athero_human_10.txt.gz","Plate_1084s_L18","symptomatic","macrophage","C5",-20.9661198556817,4.32934504416318
"GSM8121903_athero_human_10.txt.gz","Plate_1084s_L20","symptomatic","macrophage","C9",-20.8824802718704,-3.82880054154259
"GSM8121903_athero_human_10.txt.gz","Plate_1084s_L21","symptomatic","b_cell","C9",-19.5939090797998,-5.99723619017852
"GSM8121903_athero_human_10.txt.gz","Plate_1084s_L22","symptomatic","t_nk","C9",-19.5901317641139,-3.20480092348583
"GSM8121903_athero_human_10.txt.gz","Plate_1084s_L23","symptomatic","macrophage","C9",-19.3335428378227,-4.23899981705563
"GSM8121903_athero_human_10.txt.gz","Plate_1084s_M01","symptomatic","macrophage","C9",-21.3599079568013,-0.212819936597133
"GSM8121903_athero_human_10.txt.gz","Plate_1084s_M03","symptomatic","t_nk","C5",-17.9164295974063,0.58618929656408
"GSM8121903_athero_human_10.txt.gz","Plate_1084s_M04","symptomatic","macrophage","C5",-21.3846689889773,1.84854629486486
"GSM8121903_athero_human_10.txt.gz","Plate_1084s_M05","symptomatic","macrophage","C3",-21.8256288326194,2.23097632248546
"GSM8121903_athero_human_10.txt.gz","Plate_1084s_M06","symptomatic","macrophage","C5",-16.0943298930456,9.57635302586982
"GSM8121903_athero_human_10.txt.gz","Plate_1084s_M08","symptomatic","macrophage","C5",-15.7725726199482,-1.2214106116282
"GSM8121903_athero_human_10.txt.gz","Plate_1084s_M09","symptomatic","macrophage","C9",-19.5465917818269,-2.01932564240923
"GSM8121903_athero_human_10.txt.gz","Plate_1084s_M13","symptomatic","macrophage","C5",-21.6274541647403,3.46188306430534
"GSM8121903_athero_human_10.txt.gz","Plate_1084s_M14","symptomatic","macrophage","C5",-17.3901287271464,8.56309382403317
"GSM8121903_athero_human_10.txt.gz","Plate_1084s_M15","symptomatic","macrophage","C9",-17.9157140581441,-1.67932621351895
"GSM8121903_athero_human_10.txt.gz","Plate_1084s_M16","symptomatic","macrophage","C9",-19.7684205336966,-4.2775749279475
"GSM8121903_athero_human_10.txt.gz","Plate_1084s_M17","symptomatic","macrophage","C9",-21.7735541284766,-1.03691959313837
"GSM8121903_athero_human_10.txt.gz","Plate_1084s_M19","symptomatic","macrophage","C9",-16.5579742199211,-2.83494200354992
"GSM8121903_athero_human_10.txt.gz","Plate_1084s_M21","symptomatic","macrophage","C5",-21.9722914122275,3.74094349744401
"GSM8121903_athero_human_10.txt.gz","Plate_1084s_N01","symptomatic","macrophage","C3",-21.6683542045073,-1.83296401163447
"GSM8121903_athero_human_10.txt.gz","Plate_1084s_N02","symptomatic","macrophage","C3",-21.5044453050577,-1.85903781182633
"GSM8121903_athero_human_10.txt.gz","Plate_1084s_N03","symptomatic","macrophage","C5",-18.6678537760517,7.28130910798963
"GSM8121903_athero_human_10.txt.gz","Plate_1084s_N04","symptomatic","macrophage","C9",-18.1133258448709,-7.37985463891597
"GSM8121903_athero_human_10.txt.gz","Plate_1084s_N05","symptomatic","macrophage","C9",-19.5796716101696,-2.14465621702117
"GSM8121903_athero_human_10.txt.gz","Plate_1084s_N06","symptomatic","b_cell","C5",-19.4329445833591,1.94929266870966
"GSM8121903_athero_human_10.txt.gz","Plate_1084s_N07","symptomatic","mast","C5",-20.2334657213247,0.114579158702618
"GSM8121903_athero_human_10.txt.gz","Plate_1084s_N08","symptomatic","macrophage","C5",-18.2163430744089,-1.60100023556185
"GSM8121903_athero_human_10.txt.gz","Plate_1084s_N09","symptomatic","macrophage","C5",-18.9275326749046,4.29852493532304
"GSM8121903_athero_human_10.txt.gz","Plate_1084s_N10","symptomatic","b_cell","C5",-12.4660195627177,6.9060623806955
"GSM8121903_athero_human_10.txt.gz","Plate_1084s_N11","symptomatic","macrophage","C5",-19.2022894676316,5.68567054703399
"GSM8121903_athero_human_10.txt.gz","Plate_1084s_N12","symptomatic","unassigned","C5",-19.0386514754003,0.60003643446419
"GSM8121903_athero_human_10.txt.gz","Plate_1084s_N14","symptomatic","macrophage","C3",-19.4140219223869,2.21005290917824
"GSM8121903_athero_human_10.txt.gz","Plate_1084s_N16","symptomatic","macrophage","C5",-16.89159408312,-0.184902819003361
"GSM8121903_athero_human_10.txt.gz","Plate_1084s_N17","symptomatic","macrophage","C9",-18.2518727795024,-6.28738295433944
"GSM8121903_athero_human_10.txt.gz","Plate_1084s_N19","symptomatic","macrophage","C9",-20.8544673107893,-3.64970439686802
"GSM8121903_athero_human_10.txt.gz","Plate_1084s_N22","symptomatic","macrophage","C5",-20.768137138128,4.64660245332192
"GSM8121903_athero_human_10.txt.gz","Plate_1084s_N23","symptomatic","macrophage","C3",-22.2865349174557,1.15344081971034
"GSM8121903_athero_human_10.txt.gz","Plate_1084s_N24","symptomatic","macrophage","C9",-22.3002953876969,-3.07849879996357
"GSM8121903_athero_human_10.txt.gz","Plate_1084s_O01","symptomatic","b_cell","C9",-20.2624058644456,-3.40330820224961
"GSM8121903_athero_human_10.txt.gz","Plate_1084s_O03","symptomatic","macrophage","C9",-19.2136331110525,-4.39231749739573
"GSM8121903_athero_human_10.txt.gz","Plate_1084s_O04","symptomatic","macrophage","C5",-19.0109635570548,0.489632042286469
"GSM8121903_athero_human_10.txt.gz","Plate_1084s_O06","symptomatic","macrophage","C9",-20.6237637724406,-1.75891047455322
"GSM8121903_athero_human_10.txt.gz","Plate_1084s_O07","symptomatic","macrophage","C5",-17.0679778913888,4.20690026433176
"GSM8121903_athero_human_10.txt.gz","Plate_1084s_O08","symptomatic","macrophage","C9",-19.7248936300132,-1.95420084449012
"GSM8121903_athero_human_10.txt.gz","Plate_1084s_O09","symptomatic","endothelial","C5",-17.7142561447326,0.232161039396633
"GSM8121903_athero_human_10.txt.gz","Plate_1084s_O10","symptomatic","macrophage","C3",-19.4875450496628,1.05577147256389
"GSM8121903_athero_human_10.txt.gz","Plate_1084s_O16","symptomatic","macrophage","C9",-17.3286782209363,-2.53146950367649
"GSM8121903_athero_human_10.txt.gz","Plate_1084s_O17","symptomatic","macrophage","C9",-15.2053668664194,-7.75532945865207
"GSM8121903_athero_human_10.txt.gz","Plate_1084s_O19","symptomatic","macrophage","C5",-22.2680115194895,2.56791131436726
"GSM8121903_athero_human_10.txt.gz","Plate_1084s_O20","symptomatic","macrophage","C3",-20.6746805707425,2.616614817329
"GSM8121903_athero_human_10.txt.gz","Plate_1084s_O24","symptomatic","macrophage","C5",-20.7314307483,7.7183397033605
"GSM8121903_athero_human_10.txt.gz","Plate_1084s_P02","symptomatic","macrophage","C3",-21.1893076905879,-3.04959222994714
"GSM8121903_athero_human_10.txt.gz","Plate_1084s_P04","symptomatic","macrophage","C3",-22.8526111121881,0.667729681553266
"GSM8121903_athero_human_10.txt.gz","Plate_1084s_P06","symptomatic","macrophage","C5",-20.4162077536461,5.90529033719164
"GSM8121903_athero_human_10.txt.gz","Plate_1084s_P07","symptomatic","mast","C9",-16.1534371647476,-2.60975619889324
"GSM8121903_athero_human_10.txt.gz","Plate_1084s_P08","symptomatic","unassigned","C5",-12.6400870489377,-2.41301214858795
"GSM8121903_athero_human_10.txt.gz","Plate_1084s_P09","symptomatic","macrophage","C5",-19.0705857197592,5.84752115179649
"GSM8121903_athero_human_10.txt.gz","Plate_1084s_P10","symptomatic","macrophage","C4",-18.2462451269665,-7.92982773482689
"GSM8121903_athero_human_10.txt.gz","Plate_1084s_P11","symptomatic","mast","C9",-11.5299647996534,-9.05843696885137
"GSM8121903_athero_human_10.txt.gz","Plate_1084s_P12","symptomatic","macrophage","C5",-17.0352678937066,1.0851867764093
"GSM8121903_athero_human_10.txt.gz","Plate_1084s_P13","symptomatic","macrophage","C3",-20.0883836420574,-2.83248358634763
"GSM8121903_athero_human_10.txt.gz","Plate_1084s_P14","symptomatic","macrophage","C9",-15.9815652142458,-2.66755971182433
"GSM8121903_athero_human_10.txt.gz","Plate_1084s_P15","symptomatic","macrophage","C5",-19.1470969259755,2.91463347786418
"GSM8121903_athero_human_10.txt.gz","Plate_1084s_P16","symptomatic","macrophage","C9",-20.4714260915897,-5.53423445342102
"GSM8121903_athero_human_10.txt.gz","Plate_1084s_P19","symptomatic","macrophage","C9",-14.1834076555142,-6.67988277383666
"GSM8121903_athero_human_10.txt.gz","Plate_1084s_P20","symptomatic","endothelial","C5",-22.0617620119639,2.8160557147294
"GSM8121903_athero_human_10.txt.gz","Plate_1084s_P21","symptomatic","macrophage","C3",-21.6847386813483,5.20618541841093
"GSM8121903_athero_human_10.txt.gz","Plate_1084s_P24","symptomatic","endothelial","C6",-0.626092891167215,10.5603231614915
"GSM8121904_athero_human_11.txt.gz","Plate_177s_A01","symptomatic","fibroblast","C7",14.580971075622,-7.99954144894822
"GSM8121904_athero_human_11.txt.gz","Plate_177s_A03","symptomatic","fibroblast","C10",16.2254674434019,-2.6737880094397
"GSM8121904_athero_human_11.txt.gz","Plate_177s_A04","symptomatic","vsmc","C10",17.4895315361484,-2.235040810461
"GSM8121904_athero_human_11.txt.gz","Plate_177s_A05","symptomatic","vsmc","C2",17.844466800492,-5.10472223278541
"GSM8121904_athero_human_11.txt.gz","Plate_177s_A06","symptomatic","vsmc","C2",19.5814469611639,-1.33802416417105
"GSM8121904_athero_human_11.txt.gz","Plate_177s_A07","symptomatic","vsmc","C2",15.058727404611,-5.52294769605712
"GSM8121904_athero_human_11.txt.gz","Plate_177s_A08","symptomatic","fibroblast","C10",15.6380786947011,-0.154284183569936
"GSM8121904_athero_human_11.txt.gz","Plate_177s_A10","symptomatic","fibroblast","C10",16.4204947672447,3.79265969044198
"GSM8121904_athero_human_11.txt.gz","Plate_177s_A11","symptomatic","vsmc","C2",19.1441830298348,-4.95096600638197
"GSM8121904_athero_human_11.txt.gz","Plate_177s_A12","symptomatic","fibroblast","C10",15.3379083765888,3.09310590289458
"GSM8121904_athero_human_11.txt.gz","Plate_177s_A13","symptomatic","fibroblast","C10",13.6868838341257,4.67612851085387
"GSM8121904_athero_human_11.txt.gz","Plate_177s_A14","symptomatic","fibroblast","C10",18.8431862085993,-0.501961573943783
"GSM8121904_athero_human_11.txt.gz","Plate_177s_A15","symptomatic","fibroblast","C10",17.1472381007454,-3.10910305133589
"GSM8121904_athero_human_11.txt.gz","Plate_177s_A17","symptomatic","fibroblast","C10",15.5931403323115,3.40607466199616
"GSM8121904_athero_human_11.txt.gz","Plate_177s_A19","symptomatic","vsmc","C10",19.1770594566881,-0.0151863459509065
"GSM8121904_athero_human_11.txt.gz","Plate_177s_A21","symptomatic","fibroblast","C10",14.161626620535,1.39963725756443
"GSM8121904_athero_human_11.txt.gz","Plate_177s_A22","symptomatic","fibroblast","C10",13.4395786554915,2.86566091191209
"GSM8121904_athero_human_11.txt.gz","Plate_177s_A23","symptomatic","fibroblast","C8",12.613475831893,1.87780309300086
"GSM8121904_athero_human_11.txt.gz","Plate_177s_B03","symptomatic","fibroblast","C10",13.5961771660856,4.23628524509138
"GSM8121904_athero_human_11.txt.gz","Plate_177s_B04","symptomatic","vsmc","C2",18.0504014132334,-4.59398742972644
"GSM8121904_athero_human_11.txt.gz","Plate_177s_B05","symptomatic","unassigned","C10",19.3199397906117,-3.58604404863176
"GSM8121904_athero_human_11.txt.gz","Plate_177s_B06","symptomatic","vsmc","C2",18.7529189665237,-3.45975059356007
"GSM8121904_athero_human_11.txt.gz","Plate_177s_B07","symptomatic","vsmc","C2",19.1879143353636,-1.79678564510717
"GSM8121904_athero_human_11.txt.gz","Plate_177s_B08","symptomatic","fibroblast","C10",16.686653168205,0.899383283569375
"GSM8121904_athero_human_11.txt.gz","Plate_177s_B09","symptomatic","fibroblast","C7",13.1215134819429,-5.3400096358287
"GSM8121904_athero_human_11.txt.gz","Plate_177s_B10","symptomatic","fibroblast","C10",15.5890596530207,-0.0258636098943626
"GSM8121904_athero_human_11.txt.gz","Plate_177s_B11","symptomatic","endothelial","C10",15.5138399588148,-3.74777245807081
"GSM8121904_athero_human_11.txt.gz","Plate_177s_B13","symptomatic","vsmc","C7",11.9646778068058,-7.25184416935886
"GSM8121904_athero_human_11.txt.gz","Plate_177s_B15","symptomatic","vsmc","C2",15.6911791781328,-7.39246775699902
"GSM8121904_athero_human_11.txt.gz","Plate_177s_B17","symptomatic","vsmc","C2",16.5889950786951,-3.94992897741171
"GSM8121904_athero_human_11.txt.gz","Plate_177s_B19","symptomatic","vsmc","C2",17.7444567715171,-5.19801167355777
"GSM8121904_athero_human_11.txt.gz","Plate_177s_B20","symptomatic","vsmc","C7",13.6764191096827,-7.56430005180393
"GSM8121904_athero_human_11.txt.gz","Plate_177s_B21","symptomatic","vsmc","C2",19.0000168229269,-1.0181245976897
"GSM8121904_athero_human_11.txt.gz","Plate_177s_B22","symptomatic","fibroblast","C10",16.3235867634734,-1.34008642716694
"GSM8121904_athero_human_11.txt.gz","Plate_177s_B24","symptomatic","fibroblast","C7",13.7302848856785,-7.83899900161475
"GSM8121904_athero_human_11.txt.gz","Plate_177s_C01","symptomatic","endothelial","C10",16.121978260409,5.71468386687018
"GSM8121904_athero_human_11.txt.gz","Plate_177s_C03","symptomatic","fibroblast","C10",16.7654665432233,2.01695069814006
"GSM8121904_athero_human_11.txt.gz","Plate_177s_C04","symptomatic","vsmc","C2",18.007350376116,-6.52306561633653
"GSM8121904_athero_human_11.txt.gz","Plate_177s_C05","symptomatic","vsmc","C2",18.6049822384483,-4.42557117920389
"GSM8121904_athero_human_11.txt.gz","Plate_177s_C06","symptomatic","fibroblast","C10",15.7617882220205,1.338322295475
"GSM8121904_athero_human_11.txt.gz","Plate_177s_C07","symptomatic","fibroblast","C10",18.2584645480858,-4.82324298791164
"GSM8121904_athero_human_11.txt.gz","Plate_177s_C09","symptomatic","fibroblast","C10",15.5593700446869,5.57574823331009
"GSM8121904_athero_human_11.txt.gz","Plate_177s_C10","symptomatic","fibroblast","C10",16.18300595005,2.86748790608361
"GSM8121904_athero_human_11.txt.gz","Plate_177s_C11","symptomatic","vsmc","C10",12.9669678626518,-0.539945576881789
"GSM8121904_athero_human_11.txt.gz","Plate_177s_C12","symptomatic","vsmc","C7",16.5486014712288,-9.58247003926202
"GSM8121904_athero_human_11.txt.gz","Plate_177s_C13","symptomatic","fibroblast","C10",15.4084444226916,6.12193302324509
"GSM8121904_athero_human_11.txt.gz","Plate_177s_C15","symptomatic","fibroblast","C10",12.4276189835562,1.80699658524362
"GSM8121904_athero_human_11.txt.gz","Plate_177s_C16","symptomatic","fibroblast","C10",15.6755635432093,4.25893934607534
"GSM8121904_athero_human_11.txt.gz","Plate_177s_C17","symptomatic","fibroblast","C10",16.9879758323445,1.13116448658245
"GSM8121904_athero_human_11.txt.gz","Plate_177s_C18","symptomatic","vsmc","C2",15.4314996376861,-4.99320163314462
"GSM8121904_athero_human_11.txt.gz","Plate_177s_C21","symptomatic","fibroblast","C7",16.1919648066898,-6.127810374676
"GSM8121904_athero_human_11.txt.gz","Plate_177s_C22","symptomatic","fibroblast","C10",14.2368498675893,-1.40349523419111
"GSM8121904_athero_human_11.txt.gz","Plate_177s_C23","symptomatic","vsmc","C2",18.7213287448468,-3.12686838326464
"GSM8121904_athero_human_11.txt.gz","Plate_177s_D01","symptomatic","fibroblast","C10",6.7889769714339,0.920446347233702
"GSM8121904_athero_human_11.txt.gz","Plate_177s_D02","symptomatic","vsmc","C10",16.8974998132251,0.465713071575393
"GSM8121904_athero_human_11.txt.gz","Plate_177s_D03","symptomatic","vsmc","C2",20.4426209035571,-2.11172534795043
"GSM8121904_athero_human_11.txt.gz","Plate_177s_D04","symptomatic","vsmc","C2",18.5677165462661,-3.778034921523
"GSM8121904_athero_human_11.txt.gz","Plate_177s_D05","symptomatic","fibroblast","C10",14.4565594984243,-3.03371964763669
"GSM8121904_athero_human_11.txt.gz","Plate_177s_D06","symptomatic","fibroblast","C10",16.7179056489985,4.73429664817362
"GSM8121904_athero_human_11.txt.gz","Plate_177s_D07","symptomatic","fibroblast","C10",14.4190955719851,-1.968416002998
"GSM8121904_athero_human_11.txt.gz","Plate_177s_D08","symptomatic","fibroblast","C10",18.7678722758387,2.61804750788054
"GSM8121904_athero_human_11.txt.gz","Plate_177s_D09","symptomatic","fibroblast","C10",15.9649947074033,0.947315977355377
"GSM8121904_athero_human_11.txt.gz","Plate_177s_D10","symptomatic","vsmc","C2",18.4442631386233,-0.328728005889252
"GSM8121904_athero_human_11.txt.gz","Plate_177s_D11","symptomatic","fibroblast","C10",18.7489545895288,-1.872336714328
"GSM8121904_athero_human_11.txt.gz","Plate_177s_D12","symptomatic","vsmc","C10",17.2065974059071,1.26231625538261
"GSM8121904_athero_human_11.txt.gz","Plate_177s_D15","symptomatic","fibroblast","C10",18.4230593760959,-0.652955513908398
"GSM8121904_athero_human_11.txt.gz","Plate_177s_D16","symptomatic","vsmc","C8",13.8984600976223,-1.26870073405198
"GSM8121904_athero_human_11.txt.gz","Plate_177s_D19","symptomatic","fibroblast","C10",16.7378212992452,1.89646218310753
"GSM8121904_athero_human_11.txt.gz","Plate_177s_D20","symptomatic","vsmc","C7",11.7914717907796,-13.9868419488502
"GSM8121904_athero_human_11.txt.gz","Plate_177s_D21","symptomatic","fibroblast","C10",14.2279729008995,2.33151820867785
"GSM8121904_athero_human_11.txt.gz","Plate_177s_D23","symptomatic","fibroblast","C10",14.2044961999798,5.43778480011488
"GSM8121904_athero_human_11.txt.gz","Plate_177s_D24","symptomatic","vsmc","C2",17.8151644983336,-8.58010617144123
"GSM8121904_athero_human_11.txt.gz","Plate_177s_E01","symptomatic","fibroblast","C10",16.1956675516626,0.819844723967122
"GSM8121904_athero_human_11.txt.gz","Plate_177s_E02","symptomatic","fibroblast","C7",13.6049395513592,-2.92726478070664
"GSM8121904_athero_human_11.txt.gz","Plate_177s_E03","symptomatic","vsmc","C10",16.0232382327766,0.271181189917324
"GSM8121904_athero_human_11.txt.gz","Plate_177s_E04","symptomatic","mast","C7",16.5714126380811,-7.16748273657747
"GSM8121904_athero_human_11.txt.gz","Plate_177s_E05","symptomatic","fibroblast","C10",13.0642013719728,1.13864038078162
"GSM8121904_athero_human_11.txt.gz","Plate_177s_E06","symptomatic","unassigned","C8",12.2027898561802,-1.48448048733168
"GSM8121904_athero_human_11.txt.gz","Plate_177s_E07","symptomatic","fibroblast","C10",15.444004089691,1.60956590683964
"GSM8121904_athero_human_11.txt.gz","Plate_177s_E08","symptomatic","fibroblast","C10",15.0352695875581,-1.07726336272787
"GSM8121904_athero_human_11.txt.gz","Plate_177s_E09","symptomatic","fibroblast","C10",15.9874282800748,3.98344105704431
"GSM8121904_athero_human_11.txt.gz","Plate_177s_E10","symptomatic","vsmc","C2",18.6724283401562,-4.9143502288805
"GSM8121904_athero_human_11.txt.gz","Plate_177s_E11","symptomatic","vsmc","C10",16.3374905183447,-1.16892326974215
"GSM8121904_athero_human_11.txt.gz","Plate_177s_E12","symptomatic","vsmc","C2",17.8326399615641,-6.09853057313933
"GSM8121904_athero_human_11.txt.gz","Plate_177s_E13","symptomatic","fibroblast","C10",16.2026200428604,3.00208802481588
"GSM8121904_athero_human_11.txt.gz","Plate_177s_E15","symptomatic","fibroblast","C10",13.5015729466558,3.18185066772971
"GSM8121904_athero_human_11.txt.gz","Plate_177s_E16","symptomatic","fibroblast","C10",17.1757409667665,1.09358708029868
"GSM8121904_athero_human_11.txt.gz","Plate_177s_E17","symptomatic","fibroblast","C10",16.7059086428246,-1.4932043716523
"GSM8121904_athero_human_11.txt.gz","Plate_177s_E18","symptomatic","vsmc","C2",18.3862754424404,-3.40526590013002
"GSM8121904_athero_human_11.txt.gz","Plate_177s_E19","symptomatic","fibroblast","C8",12.728208315902,2.44339784149655
"GSM8121904_athero_human_11.txt.gz","Plate_177s_E20","symptomatic","vsmc","C10",16.8188060959617,1.27351363774822
"GSM8121904_athero_human_11.txt.gz","Plate_177s_E21","symptomatic","fibroblast","C10",15.8204412248809,-5.20072914832611
"GSM8121904_athero_human_11.txt.gz","Plate_177s_E22","symptomatic","fibroblast","C7",15.8233906601236,-5.85924987431704
"GSM8121904_athero_human_11.txt.gz","Plate_177s_E23","symptomatic","mast","C2",18.6150171312854,-3.09671132466228
"GSM8121904_athero_human_11.txt.gz","Plate_177s_E24","symptomatic","vsmc","C2",17.1582469703078,-7.61749260716932
"GSM8121904_athero_human_11.txt.gz","Plate_177s_F01","symptomatic","vsmc","C2",17.8106592217931,-4.56939412081838
"GSM8121904_athero_human_11.txt.gz","Plate_177s_F02","symptomatic","fibroblast","C10",16.0500419372014,-0.267526794212412
"GSM8121904_athero_human_11.txt.gz","Plate_177s_F03","symptomatic","fibroblast","C10",15.4961055004366,1.33267897493245
"GSM8121904_athero_human_11.txt.gz","Plate_177s_F04","symptomatic","fibroblast","C10",13.8254277997333,-0.611234960609068
"GSM8121904_athero_human_11.txt.gz","Plate_177s_F05","symptomatic","fibroblast","C7",16.7313687595444,-4.29826850749104
"GSM8121904_athero_human_11.txt.gz","Plate_177s_F06","symptomatic","fibroblast","C10",15.3733152105151,4.42464977176432
"GSM8121904_athero_human_11.txt.gz","Plate_177s_F08","symptomatic","fibroblast","C10",15.2612364195982,-0.71462800060028
"GSM8121904_athero_human_11.txt.gz","Plate_177s_F09","symptomatic","fibroblast","C10",16.669770648518,1.52619838991064
"GSM8121904_athero_human_11.txt.gz","Plate_177s_F11","symptomatic","vsmc","C2",17.5449742259017,-3.30889275454302
"GSM8121904_athero_human_11.txt.gz","Plate_177s_F13","symptomatic","t_nk","C2",19.1681144587572,-0.865449335475295
"GSM8121904_athero_human_11.txt.gz","Plate_177s_F14","symptomatic","fibroblast","C7",13.477712706824,-9.69466165335027
"GSM8121904_athero_human_11.txt.gz","Plate_177s_F15","symptomatic","fibroblast","C10",15.533277863111,-3.85789213797506
"GSM8121904_athero_human_11.txt.gz","Plate_177s_F17","symptomatic","vsmc","C10",16.4908231051471,1.91811653934812
"GSM8121904_athero_human_11.txt.gz","Plate_177s_F18","symptomatic","vsmc","C7",12.0334691652847,-14.9243073644942
"GSM8121904_athero_human_11.txt.gz","Plate_177s_F19","symptomatic","fibroblast","C7",12.565365476464,-6.7631984480093
"GSM8121904_athero_human_11.txt.gz","Plate_177s_F20","symptomatic","fibroblast","C10",15.9879201530321,-1.21487656819423
"GSM8121904_athero_human_11.txt.gz","Plate_177s_F21","symptomatic","fibroblast","C10",18.0748737672646,-5.99602492619313
"GSM8121904_athero_human_11.txt.gz","Plate_177s_G01","symptomatic","fibroblast","C10",14.5030343375532,4.04879854904485
"GSM8121904_athero_human_11.txt.gz","Plate_177s_G02","symptomatic","fibroblast","C10",15.3033587696138,-1.51911139192248
"GSM8121904_athero_human_11.txt.gz","Plate_177s_G03","symptomatic","vsmc","C10",18.2491039519024,4.9825207395225
"GSM8121904_athero_human_11.txt.gz","Plate_177s_G04","symptomatic","fibroblast","C10",14.133744086907,0.159695894615086
"GSM8121904_athero_human_11.txt.gz","Plate_177s_G05","symptomatic","fibroblast","C10",12.8653903318946,-1.48703568826487
"GSM8121904_athero_human_11.txt.gz","Plate_177s_G06","symptomatic","vsmc","C2",17.1947202261425,-5.559917411632
"GSM8121904_athero_human_11.txt.gz","Plate_177s_G08","symptomatic","vsmc","C2",17.7682182549044,-2.25276430872158
"GSM8121904_athero_human_11.txt.gz","Plate_177s_G09","symptomatic","fibroblast","C10",17.3886168054987,-2.86296285191261
"GSM8121904_athero_human_11.txt.gz","Plate_177s_G11","symptomatic","fibroblast","C7",14.6616127907636,-5.57838507307182
"GSM8121904_athero_human_11.txt.gz","Plate_177s_G12","symptomatic","vsmc","C10",17.5967831163335,1.61597413618954
"GSM8121904_athero_human_11.txt.gz","Plate_177s_G13","symptomatic","vsmc","C7",16.7676740953893,-7.65010880451942
"GSM8121904_athero_human_11.txt.gz","Plate_177s_G14","symptomatic","fibroblast","C10",16.0552890605861,3.4311315371024
"GSM8121904_athero_human_11.txt.gz","Plate_177s_G15","symptomatic","vsmc","C2",13.6903281716814,-0.740219960652159
"GSM8121904_athero_human_11.txt.gz","Plate_177s_G17","symptomatic","vsmc","C2",15.6474775036504,-4.04481577231178
"GSM8121904_athero_human_11.txt.gz","Plate_177s_G20","symptomatic","vsmc","C2",19.4944987971716,-3.30741002439469
"GSM8121904_athero_human_11.txt.gz","Plate_177s_G22","symptomatic","fibroblast","C10",17.9008077721342,-3.2029337671631
"GSM8121904_athero_human_11.txt.gz","Plate_177s_G24","symptomatic","fibroblast","C10",16.5576994594056,-1.17147379187864
"GSM8121904_athero_human_11.txt.gz","Plate_177s_H01","symptomatic","fibroblast","C7",16.484446563669,-6.65393556630506
"GSM8121904_athero_human_11.txt.gz","Plate_177s_H02","symptomatic","vsmc","C2",18.506233286757,-4.6606671469169
"GSM8121904_athero_human_11.txt.gz","Plate_177s_H03","symptomatic","fibroblast","C10",17.3835085045619,2.27604824422556
"GSM8121904_athero_human_11.txt.gz","Plate_177s_H04","symptomatic","fibroblast","C10",16.1452920203596,-5.9006148326433
"GSM8121904_athero_human_11.txt.gz","Plate_177s_H05","symptomatic","vsmc","C2",17.083912354515,-3.45973613790646
"GSM8121904_athero_human_11.txt.gz","Plate_177s_H06","symptomatic","b_cell","C10",14.4526880014009,3.38756768396166
"GSM8121904_athero_human_11.txt.gz","Plate_177s_H07","symptomatic","fibroblast","C10",13.9811534096454,4.11531824111239
"GSM8121904_athero_human_11.txt.gz","Plate_177s_H08","symptomatic","fibroblast","C10",16.9209527020847,2.20161824968166
"GSM8121904_athero_human_11.txt.gz","Plate_177s_H09","symptomatic","vsmc","C2",15.7901855779276,-5.24907358524989
"GSM8121904_athero_human_11.txt.gz","Plate_177s_H11","symptomatic","vsmc","C2",17.0640021265298,0.88442230369909
"GSM8121904_athero_human_11.txt.gz","Plate_177s_H12","symptomatic","fibroblast","C7",11.7389224769542,-9.73087713832649
"GSM8121904_athero_human_11.txt.gz","Plate_177s_H13","symptomatic","fibroblast","C10",17.9890784973883,3.28899693204482
"GSM8121904_athero_human_11.txt.gz","Plate_177s_H14","symptomatic","fibroblast","C7",13.3510245323182,-9.77280328751581
"GSM8121904_athero_human_11.txt.gz","Plate_177s_H15","symptomatic","fibroblast","C10",14.5475099504921,-3.32260141605151
"GSM8121904_athero_human_11.txt.gz","Plate_177s_H16","symptomatic","fibroblast","C7",9.91461047768836,-13.665403536687
"GSM8121904_athero_human_11.txt.gz","Plate_177s_H17","symptomatic","fibroblast","C10",17.1993189296531,3.95948639249248
"GSM8121904_athero_human_11.txt.gz","Plate_177s_H18","symptomatic","fibroblast","C10",10.9488810302671,0.286619427412592
"GSM8121904_athero_human_11.txt.gz","Plate_177s_H19","symptomatic","vsmc","C7",0.63966860221291,-2.94164946781091
"GSM8121904_athero_human_11.txt.gz","Plate_177s_H20","symptomatic","fibroblast","C10",12.6935284451757,-3.1675749653521
"GSM8121904_athero_human_11.txt.gz","Plate_177s_H21","symptomatic","fibroblast","C10",16.5748826102019,-0.609723587985497
"GSM8121904_athero_human_11.txt.gz","Plate_177s_H22","symptomatic","fibroblast","C7",15.1490227551306,-5.6475912818495
"GSM8121904_athero_human_11.txt.gz","Plate_177s_H24","symptomatic","fibroblast","C7",8.72058360631498,-12.6293957034223
"GSM8121904_athero_human_11.txt.gz","Plate_177s_I01","symptomatic","fibroblast","C10",15.1121267995164,0.531430321303146
"GSM8121904_athero_human_11.txt.gz","Plate_177s_I02","symptomatic","fibroblast","C10",13.8453472394556,1.57793813322872
"GSM8121904_athero_human_11.txt.gz","Plate_177s_I03","symptomatic","fibroblast","C10",15.2184138814117,1.6797882623382
"GSM8121904_athero_human_11.txt.gz","Plate_177s_I04","symptomatic","fibroblast","C10",12.3596980882298,2.05291601320371
"GSM8121904_athero_human_11.txt.gz","Plate_177s_I05","symptomatic","vsmc","C2",17.6603673332903,-2.13457151003923
"GSM8121904_athero_human_11.txt.gz","Plate_177s_I06","symptomatic","unassigned","C10",18.5630374376855,3.08951085489877
"GSM8121904_athero_human_11.txt.gz","Plate_177s_I07","symptomatic","fibroblast","C10",16.1657946500536,1.64207783597155
"GSM8121904_athero_human_11.txt.gz","Plate_177s_I08","symptomatic","fibroblast","C8",14.9897828649088,3.34990144912585
"GSM8121904_athero_human_11.txt.gz","Plate_177s_I09","symptomatic","fibroblast","C10",15.5637145419593,-1.86929894699724
"GSM8121904_athero_human_11.txt.gz","Plate_177s_I10","symptomatic","fibroblast","C7",14.1645130657719,-3.65703369023121
"GSM8121904_athero_human_11.txt.gz","Plate_177s_I11","symptomatic","vsmc","C10",16.2739404373877,-0.326191005428774
"GSM8121904_athero_human_11.txt.gz","Plate_177s_I12","symptomatic","vsmc","C7",15.4252547444906,-9.80159654836174
"GSM8121904_athero_human_11.txt.gz","Plate_177s_I13","symptomatic","vsmc","C2",19.0818126859923,-3.96877262218366
"GSM8121904_athero_human_11.txt.gz","Plate_177s_I14","symptomatic","vsmc","C2",20.1225636574505,-4.69537236758306
"GSM8121904_athero_human_11.txt.gz","Plate_177s_I15","symptomatic","vsmc","C2",18.0143198959779,-3.60920868882763
"GSM8121904_athero_human_11.txt.gz","Plate_177s_I16","symptomatic","vsmc","C10",19.9385268053679,0.897549305781766
"GSM8121904_athero_human_11.txt.gz","Plate_177s_I17","symptomatic","fibroblast","C7",14.258730674685,-7.18685470566988
"GSM8121904_athero_human_11.txt.gz","Plate_177s_I18","symptomatic","fibroblast","C10",16.8458038949046,3.12206749141817
"GSM8121904_athero_human_11.txt.gz","Plate_177s_I19","symptomatic","fibroblast","C10",17.2984351135773,-2.85369252731866
"GSM8121904_athero_human_11.txt.gz","Plate_177s_I20","symptomatic","fibroblast","C10",8.24440262477408,2.59132746003916
"GSM8121904_athero_human_11.txt.gz","Plate_177s_I21","symptomatic","fibroblast","C10",15.6123063383296,1.47913175728947
"GSM8121904_athero_human_11.txt.gz","Plate_177s_I22","symptomatic","fibroblast","C10",16.795321651441,-0.90620828003059
"GSM8121904_athero_human_11.txt.gz","Plate_177s_I23","symptomatic","fibroblast","C10",15.9313650485513,-0.0231695491109199
"GSM8121904_athero_human_11.txt.gz","Plate_177s_I24","symptomatic","vsmc","C2",16.8105385503813,-3.29698542250469
"GSM8121904_athero_human_11.txt.gz","Plate_177s_J01","symptomatic","fibroblast","C10",15.9330560785991,2.57856320763633
"GSM8121904_athero_human_11.txt.gz","Plate_177s_J02","symptomatic","fibroblast","C10",18.4884073212997,0.636199160686463
"GSM8121904_athero_human_11.txt.gz","Plate_177s_J03","symptomatic","fibroblast","C10",12.803204535494,-0.104452904104393
"GSM8121904_athero_human_11.txt.gz","Plate_177s_J05","symptomatic","vsmc","C2",18.2530264517289,-6.55242762458067
"GSM8121904_athero_human_11.txt.gz","Plate_177s_J06","symptomatic","vsmc","C2",17.6067483947679,-1.45132517461331
"GSM8121904_athero_human_11.txt.gz","Plate_177s_J09","symptomatic","fibroblast","C10",15.1027405511208,1.16861537877437
"GSM8121904_athero_human_11.txt.gz","Plate_177s_J11","symptomatic","vsmc","C2",18.0468525040087,-0.577874040324127
"GSM8121904_athero_human_11.txt.gz","Plate_177s_J12","symptomatic","unassigned","C7",17.9143238072589,-7.81056161328519
"GSM8121904_athero_human_11.txt.gz","Plate_177s_J13","symptomatic","vsmc","C2",18.0343343354286,-4.63188785169385
"GSM8121904_athero_human_11.txt.gz","Plate_177s_J15","symptomatic","vsmc","C10",16.8087831834162,2.51101310257991
"GSM8121904_athero_human_11.txt.gz","Plate_177s_J16","symptomatic","vsmc","C7",17.0602866370446,-10.0059135765132
"GSM8121904_athero_human_11.txt.gz","Plate_177s_J17","symptomatic","vsmc","C2",19.8142163308854,-0.543958318191939
"GSM8121904_athero_human_11.txt.gz","Plate_177s_J19","symptomatic","vsmc","C10",18.0014284966247,1.54445700198699
"GSM8121904_athero_human_11.txt.gz","Plate_177s_J20","symptomatic","fibroblast","C7",10.48883276719,-12.6110177959924
"GSM8121904_athero_human_11.txt.gz","Plate_177s_J21","symptomatic","fibroblast","C10",15.8877383007813,-2.38179872866238
"GSM8121904_athero_human_11.txt.gz","Plate_177s_J22","symptomatic","fibroblast","C7",12.3455603986888,-8.46945640130946
"GSM8121904_athero_human_11.txt.gz","Plate_177s_J23","symptomatic","fibroblast","C10",16.4043373137877,-1.544427288295
"GSM8121904_athero_human_11.txt.gz","Plate_177s_J24","symptomatic","fibroblast","C7",16.7754606195193,-9.21552550705775
"GSM8121904_athero_human_11.txt.gz","Plate_177s_K01","symptomatic","fibroblast","C10",16.1274465577045,-1.60146753522588
"GSM8121904_athero_human_11.txt.gz","Plate_177s_K02","symptomatic","vsmc","C2",15.1769258731326,-8.45475931446384
"GSM8121904_athero_human_11.txt.gz","Plate_177s_K03","symptomatic","vsmc","C2",17.9074395134645,-1.89544169467699
"GSM8121904_athero_human_11.txt.gz","Plate_177s_K05","symptomatic","vsmc","C2",18.5529885047552,-5.04937995673114
"GSM8121904_athero_human_11.txt.gz","Plate_177s_K07","symptomatic","vsmc","C2",16.958219960893,-5.04512882318769
"GSM8121904_athero_human_11.txt.gz","Plate_177s_K08","symptomatic","fibroblast","C10",14.6739211643276,2.76408452370437
"GSM8121904_athero_human_11.txt.gz","Plate_177s_K09","symptomatic","vsmc","C2",18.2627742955088,-5.86097965893168
"GSM8121904_athero_human_11.txt.gz","Plate_177s_K10","symptomatic","vsmc","C2",19.0804948370666,-5.88217629173668
"GSM8121904_athero_human_11.txt.gz","Plate_177s_K11","symptomatic","vsmc","C2",16.0363848374578,-5.60040234831769
"GSM8121904_athero_human_11.txt.gz","Plate_177s_K13","symptomatic","fibroblast","C10",12.8520427218159,-0.837363899995052
"GSM8121904_athero_human_11.txt.gz","Plate_177s_K14","symptomatic","vsmc","C7",11.2849200368831,-14.9339484454681
"GSM8121904_athero_human_11.txt.gz","Plate_177s_K15","symptomatic","vsmc","C2",17.2430763471722,-7.51967480715418
"GSM8121904_athero_human_11.txt.gz","Plate_177s_K17","symptomatic","unassigned","C10",12.4717813079754,2.07535960662787
"GSM8121904_athero_human_11.txt.gz","Plate_177s_K18","symptomatic","vsmc","C2",21.1896622102194,-1.73274549342514
"GSM8121904_athero_human_11.txt.gz","Plate_177s_K19","symptomatic","unassigned","C7",14.5246154373057,-6.90866777897796
"GSM8121904_athero_human_11.txt.gz","Plate_177s_K21","symptomatic","vsmc","C2",16.6788305825069,-7.91752066918988
"GSM8121904_athero_human_11.txt.gz","Plate_177s_K22","symptomatic","fibroblast","C10",13.6870531338021,-4.48262890094542
"GSM8121904_athero_human_11.txt.gz","Plate_177s_K24","symptomatic","vsmc","C2",16.5098119895302,-3.52764040477671
"GSM8121904_athero_human_11.txt.gz","Plate_177s_L02","symptomatic","unassigned","C2",16.1909642853984,-4.60818330569303
"GSM8121904_athero_human_11.txt.gz","Plate_177s_L03","symptomatic","fibroblast","C10",14.5334256795603,3.53103548933644
"GSM8121904_athero_human_11.txt.gz","Plate_177s_L04","symptomatic","vsmc","C2",19.2645109068231,-1.96976378418566
"GSM8121904_athero_human_11.txt.gz","Plate_177s_L05","symptomatic","fibroblast","C10",12.0889870237618,1.08084465430309
"GSM8121904_athero_human_11.txt.gz","Plate_177s_L06","symptomatic","fibroblast","C10",15.2270333459865,3.10681284739078
"GSM8121904_athero_human_11.txt.gz","Plate_177s_L07","symptomatic","vsmc","C2",18.2250124030736,-6.01351004924152
"GSM8121904_athero_human_11.txt.gz","Plate_177s_L09","symptomatic","fibroblast","C10",14.9887078967329,2.91189227238152
"GSM8121904_athero_human_11.txt.gz","Plate_177s_L10","symptomatic","fibroblast","C7",13.3351611551876,-6.19693928871659
"GSM8121904_athero_human_11.txt.gz","Plate_177s_L11","symptomatic","fibroblast","C8",11.4994566372992,3.78909191332837
"GSM8121904_athero_human_11.txt.gz","Plate_177s_L12","symptomatic","fibroblast","C10",14.9759187501269,0.159237523172049
"GSM8121904_athero_human_11.txt.gz","Plate_177s_L13","symptomatic","vsmc","C10",14.6569251699541,-0.353018037917384
"GSM8121904_athero_human_11.txt.gz","Plate_177s_L18","symptomatic","fibroblast","C10",13.6394301471106,-1.3635353421562
"GSM8121904_athero_human_11.txt.gz","Plate_177s_L19","symptomatic","b_cell","C10",12.5832916425246,3.14914626230413
"GSM8121904_athero_human_11.txt.gz","Plate_177s_L20","symptomatic","fibroblast","C8",8.7531556527336,-2.64807026891864
"GSM8121904_athero_human_11.txt.gz","Plate_177s_L21","symptomatic","fibroblast","C10",16.0764197345135,3.51186640289764
"GSM8121904_athero_human_11.txt.gz","Plate_177s_L23","symptomatic","vsmc","C2",17.5750233636275,-5.78786729434375
"GSM8121904_athero_human_11.txt.gz","Plate_177s_L24","symptomatic","unassigned","C10",15.7256599650417,-1.15639598302365
"GSM8121904_athero_human_11.txt.gz","Plate_177s_M01","symptomatic","fibroblast","C10",16.7190499619954,2.18450981489029
"GSM8121904_athero_human_11.txt.gz","Plate_177s_M03","symptomatic","unassigned","C10",17.9980454168707,0.866171135342442
"GSM8121904_athero_human_11.txt.gz","Plate_177s_M05","symptomatic","fibroblast","C7",17.7392919552533,-6.90985116225775
"GSM8121904_athero_human_11.txt.gz","Plate_177s_M06","symptomatic","vsmc","C2",19.7873118001128,-2.00278302332872
"GSM8121904_athero_human_11.txt.gz","Plate_177s_M07","symptomatic","fibroblast","C8",12.5568437981648,2.36968297423656
"GSM8121904_athero_human_11.txt.gz","Plate_177s_M08","symptomatic","vsmc","C8",13.3485393892401,-1.82234573351843
"GSM8121904_athero_human_11.txt.gz","Plate_177s_M09","symptomatic","mast","C10",16.8671957550081,-4.47275296734083
"GSM8121904_athero_human_11.txt.gz","Plate_177s_M10","symptomatic","fibroblast","C10",15.20163310685,-0.652786789214318
"GSM8121904_athero_human_11.txt.gz","Plate_177s_M11","symptomatic","fibroblast","C10",14.8403522570826,1.72265461863239
"GSM8121904_athero_human_11.txt.gz","Plate_177s_M13","symptomatic","vsmc","C2",18.0724080557637,-4.54509850064986
"GSM8121904_athero_human_11.txt.gz","Plate_177s_M14","symptomatic","fibroblast","C10",16.7175329310355,-0.586089925023017
"GSM8121904_athero_human_11.txt.gz","Plate_177s_M15","symptomatic","fibroblast","C7",16.952178929167,-6.03825422820736
"GSM8121904_athero_human_11.txt.gz","Plate_177s_M16","symptomatic","vsmc","C2",19.6779211080113,-1.66347620039079
"GSM8121904_athero_human_11.txt.gz","Plate_177s_M17","symptomatic","unassigned","C10",16.1394835255124,1.07681773427009
"GSM8121904_athero_human_11.txt.gz","Plate_177s_M18","symptomatic","fibroblast","C10",15.2179579580916,-4.41405812551405
"GSM8121904_athero_human_11.txt.gz","Plate_177s_M19","symptomatic","vsmc","C7",15.4398596694839,-11.1051085952221
"GSM8121904_athero_human_11.txt.gz","Plate_177s_M20","symptomatic","vsmc","C10",18.0416261855952,-0.680068338116607
"GSM8121904_athero_human_11.txt.gz","Plate_177s_M21","symptomatic","fibroblast","C7",15.4994247225002,-6.50206564672917
"GSM8121904_athero_human_11.txt.gz","Plate_177s_M22","symptomatic","fibroblast","C10",15.5715737986259,1.81807532314655
"GSM8121904_athero_human_11.txt.gz","Plate_177s_M23","symptomatic","fibroblast","C10",10.1094564183152,2.88801004105079
"GSM8121904_athero_human_11.txt.gz","Plate_177s_N01","symptomatic","mast","C2",18.1223465113596,-0.617954786578528
"GSM8121904_athero_human_11.txt.gz","Plate_177s_N02","symptomatic","fibroblast","C10",16.9982404613796,1.49433178850343
"GSM8121904_athero_human_11.txt.gz","Plate_177s_N03","symptomatic","vsmc","C7",14.6080883721076,-8.5234700225563
"GSM8121904_athero_human_11.txt.gz","Plate_177s_N06","symptomatic","unassigned","C10",15.8208660660554,4.86836235046424
"GSM8121904_athero_human_11.txt.gz","Plate_177s_N07","symptomatic","fibroblast","C10",16.6786501818245,0.360326005586355
"GSM8121904_athero_human_11.txt.gz","Plate_177s_N09","symptomatic","fibroblast","C10",13.2190615768556,0.768752120186129
"GSM8121904_athero_human_11.txt.gz","Plate_177s_N10","symptomatic","fibroblast","C10",16.3757357887237,-0.967413533839477
"GSM8121904_athero_human_11.txt.gz","Plate_177s_N11","symptomatic","vsmc","C10",18.8676543611091,-0.258049001458205
"GSM8121904_athero_human_11.txt.gz","Plate_177s_N12","symptomatic","fibroblast","C10",13.7901281821138,2.72291652855026
"GSM8121904_athero_human_11.txt.gz","Plate_177s_N13","symptomatic","fibroblast","C10",16.1015085971512,0.635298368314102
"GSM8121904_athero_human_11.txt.gz","Plate_177s_N14","symptomatic","vsmc","C2",15.7593493194275,-3.90895590444858
"GSM8121904_athero_human_11.txt.gz","Plate_177s_N15","symptomatic","fibroblast","C10",17.2276532087976,-2.78668519338541
"GSM8121904_athero_human_11.txt.gz","Plate_177s_N16","symptomatic","fibroblast","C10",15.8460264693085,2.32885511504159
"GSM8121904_athero_human_11.txt.gz","Plate_177s_N17","symptomatic","vsmc","C2",18.0277997114797,-3.0096057347098
"GSM8121904_athero_human_11.txt.gz","Plate_177s_N18","symptomatic","vsmc","C2",17.0878214637507,-6.2797135186389
"GSM8121904_athero_human_11.txt.gz","Plate_177s_N20","symptomatic","fibroblast","C10",16.5169833242047,1.29339012545419
"GSM8121904_athero_human_11.txt.gz","Plate_177s_N21","symptomatic","unassigned","C10",17.8510094616292,2.40441438643395
"GSM8121904_athero_human_11.txt.gz","Plate_177s_O01","symptomatic","fibroblast","C10",14.7734582465001,3.24759811401556
"GSM8121904_athero_human_11.txt.gz","Plate_177s_O03","symptomatic","mast","C10",12.8578527913065,-3.22551030017718
"GSM8121904_athero_human_11.txt.gz","Plate_177s_O04","symptomatic","fibroblast","C10",15.7751565813634,-2.20833747979539
"GSM8121904_athero_human_11.txt.gz","Plate_177s_O05","symptomatic","fibroblast","C10",13.8227744333411,4.20996433147733
"GSM8121904_athero_human_11.txt.gz","Plate_177s_O06","symptomatic","vsmc","C2",18.2270352849839,-1.64547643967861
"GSM8121904_athero_human_11.txt.gz","Plate_177s_O07","symptomatic","fibroblast","C10",15.9560672641992,-0.123214596593205
"GSM8121904_athero_human_11.txt.gz","Plate_177s_O08","symptomatic","unassigned","C2",18.2398369591745,-3.93147337653374
"GSM8121904_athero_human_11.txt.gz","Plate_177s_O09","symptomatic","fibroblast","C10",15.1692524051425,0.860455704646796
"GSM8121904_athero_human_11.txt.gz","Plate_177s_O10","symptomatic","vsmc","C2",18.1457904835548,-8.76501200651871
"GSM8121904_athero_human_11.txt.gz","Plate_177s_O11","symptomatic","fibroblast","C10",15.6480294631029,-4.75116692665664
"GSM8121904_athero_human_11.txt.gz","Plate_177s_O12","symptomatic","vsmc","C10",16.1311068381127,-2.90457076773351
"GSM8121904_athero_human_11.txt.gz","Plate_177s_O13","symptomatic","vsmc","C10",13.7806465725673,-1.61636501573758
"GSM8121904_athero_human_11.txt.gz","Plate_177s_O14","symptomatic","vsmc","C10",14.9492991715521,-1.60957582770999
"GSM8121904_athero_human_11.txt.gz","Plate_177s_O15","symptomatic","vsmc","C10",19.2749962747526,-0.818497444694423
"GSM8121904_athero_human_11.txt.gz","Plate_177s_O16","symptomatic","vsmc","C2",17.8400620612175,-0.769208660709555
"GSM8121904_athero_human_11.txt.gz","Plate_177s_O18","symptomatic","vsmc","C2",16.0025827998876,-5.2592983237246
"GSM8121904_athero_human_11.txt.gz","Plate_177s_O19","symptomatic","fibroblast","C10",16.6459794587186,-0.141044673499941
"GSM8121904_athero_human_11.txt.gz","Plate_177s_O21","symptomatic","vsmc","C7",13.5113517481575,-10.942087040266
"GSM8121904_athero_human_11.txt.gz","Plate_177s_O22","symptomatic","fibroblast","C10",16.9558855777679,-4.93300073049367
"GSM8121904_athero_human_11.txt.gz","Plate_177s_P01","symptomatic","vsmc","C2",17.0758220390469,-5.80576708006521
"GSM8121904_athero_human_11.txt.gz","Plate_177s_P02","symptomatic","vsmc","C2",17.6430316295693,-4.68177753809777
"GSM8121904_athero_human_11.txt.gz","Plate_177s_P03","symptomatic","vsmc","C8",7.21345736146197,3.73876747399032
"GSM8121904_athero_human_11.txt.gz","Plate_177s_P04","symptomatic","vsmc","C2",15.087451212284,-4.07745176899278
"GSM8121904_athero_human_11.txt.gz","Plate_177s_P05","symptomatic","vsmc","C2",18.2787976058239,-2.14696124690462
"GSM8121904_athero_human_11.txt.gz","Plate_177s_P06","symptomatic","vsmc","C7",13.8198861928904,-10.3012059252699
"GSM8121904_athero_human_11.txt.gz","Plate_177s_P07","symptomatic","endothelial","C2",18.7600601666346,-5.00385714726302
"GSM8121904_athero_human_11.txt.gz","Plate_177s_P09","symptomatic","vsmc","C2",16.9803405181563,-6.44508546328091
"GSM8121904_athero_human_11.txt.gz","Plate_177s_P10","symptomatic","t_nk","C5",-2.86685310350427,3.99642173849043
"GSM8121904_athero_human_11.txt.gz","Plate_177s_P11","symptomatic","endothelial","C6",5.90491847696609,21.7597887403568
"GSM8121904_athero_human_11.txt.gz","Plate_177s_P12","symptomatic","fibroblast","C8",11.8087489214985,-0.133202219449909
"GSM8121904_athero_human_11.txt.gz","Plate_177s_P13","symptomatic","fibroblast","C10",15.0219589519331,-1.05402324810276
"GSM8121904_athero_human_11.txt.gz","Plate_177s_P15","symptomatic","fibroblast","C10",14.8828570830825,-1.29418154269514
"GSM8121904_athero_human_11.txt.gz","Plate_177s_P16","symptomatic","vsmc","C7",11.3047093848558,-14.561474685641
"GSM8121904_athero_human_11.txt.gz","Plate_177s_P17","symptomatic","vsmc","C2",15.6986073871572,-2.36796579385654
"GSM8121904_athero_human_11.txt.gz","Plate_177s_P18","symptomatic","fibroblast","C7",14.1677530967814,-7.39902533577291
"GSM8121904_athero_human_11.txt.gz","Plate_177s_P19","symptomatic","fibroblast","C10",15.7427090876038,-1.72360012179637
"GSM8121904_athero_human_11.txt.gz","Plate_177s_P20","symptomatic","fibroblast","C7",11.2974457375489,-9.67097236764702
"GSM8121904_athero_human_11.txt.gz","Plate_177s_P21","symptomatic","fibroblast","C10",15.8163992060063,-3.39519303127019
"GSM8121904_athero_human_11.txt.gz","Plate_177s_P22","symptomatic","vsmc","C2",16.2547856690411,-8.06946729418903
"GSM8121904_athero_human_11.txt.gz","Plate_177s_P24","symptomatic","endothelial","C10",4.95982917191455,8.90796174939875
"GSM8121904_athero_human_11.txt.gz","Plate_180s_A01","symptomatic","unassigned","C5",-5.26215826554187,2.96899775245004
"GSM8121904_athero_human_11.txt.gz","Plate_180s_A02","symptomatic","macrophage","C5",-20.4753036187362,3.72756311459309
"GSM8121904_athero_human_11.txt.gz","Plate_180s_A03","symptomatic","macrophage","C3",-21.9807079184135,2.64312321199112
"GSM8121904_athero_human_11.txt.gz","Plate_180s_A04","symptomatic","b_cell","C3",-20.7445869495967,0.534382307554432
"GSM8121904_athero_human_11.txt.gz","Plate_180s_A05","symptomatic","macrophage","C9",-21.4274423733588,-4.44567852941143
"GSM8121904_athero_human_11.txt.gz","Plate_180s_A06","symptomatic","macrophage","C3",-20.5718824401161,4.4070530483096
"GSM8121904_athero_human_11.txt.gz","Plate_180s_A08","symptomatic","macrophage","C3",-22.2833855611478,1.41846970312168
"GSM8121904_athero_human_11.txt.gz","Plate_180s_A09","symptomatic","macrophage","C3",-19.4274981741948,-3.0398798109153
"GSM8121904_athero_human_11.txt.gz","Plate_180s_A10","symptomatic","macrophage","C3",-19.9409779337808,1.57114220091404
"GSM8121904_athero_human_11.txt.gz","Plate_180s_A11","symptomatic","macrophage","C5",-17.57676739805,7.64588945694294
"GSM8121904_athero_human_11.txt.gz","Plate_180s_A12","symptomatic","macrophage","C3",-20.7186988980163,4.20854335508383
"GSM8121904_athero_human_11.txt.gz","Plate_180s_A14","symptomatic","macrophage","C5",-18.0048104818488,7.70893470915069
"GSM8121904_athero_human_11.txt.gz","Plate_180s_A15","symptomatic","macrophage","C3",-22.1578103890253,4.99826918453176
"GSM8121904_athero_human_11.txt.gz","Plate_180s_A16","symptomatic","macrophage","C5",-20.4954219299379,2.81898633657477
"GSM8121904_athero_human_11.txt.gz","Plate_180s_A18","symptomatic","macrophage","C3",-21.4659243153197,-2.62330240667882
"GSM8121904_athero_human_11.txt.gz","Plate_180s_A19","symptomatic","macrophage","C3",-21.0426563488459,-2.16337334676672
"GSM8121904_athero_human_11.txt.gz","Plate_180s_A20","symptomatic","macrophage","C5",-20.8735781776964,7.34947581127993
"GSM8121904_athero_human_11.txt.gz","Plate_180s_A21","symptomatic","macrophage","C3",-22.2079546005704,2.63067719708019
"GSM8121904_athero_human_11.txt.gz","Plate_180s_A23","symptomatic","macrophage","C3",-17.8734895874155,-3.27235844911364
"GSM8121904_athero_human_11.txt.gz","Plate_180s_A24","symptomatic","mast","C3",-20.4104789472262,1.9345805476087
"GSM8121904_athero_human_11.txt.gz","Plate_180s_B01","symptomatic","macrophage","C3",-21.6190570837881,-0.972497825405908
"GSM8121904_athero_human_11.txt.gz","Plate_180s_B03","symptomatic","macrophage","C4",-19.2638361384484,-5.47739909953573
"GSM8121904_athero_human_11.txt.gz","Plate_180s_B04","symptomatic","macrophage","C5",-18.7796919399466,6.72646117967502
"GSM8121904_athero_human_11.txt.gz","Plate_180s_B05","symptomatic","macrophage","C3",-21.2073731544366,-2.40615688776286
"GSM8121904_athero_human_11.txt.gz","Plate_180s_B06","symptomatic","macrophage","C3",-20.9287000186294,0.0221184022817285
"GSM8121904_athero_human_11.txt.gz","Plate_180s_B07","symptomatic","macrophage","C3",-21.4129895127822,-2.86036163588645
"GSM8121904_athero_human_11.txt.gz","Plate_180s_B08","symptomatic","macrophage","C3",-21.1161209467951,-1.52480130769074
"GSM8121904_athero_human_11.txt.gz","Plate_180s_B09","symptomatic","macrophage","C5",-16.9772716469845,0.723390196101904
"GSM8121904_athero_human_11.txt.gz","Plate_180s_B11","symptomatic","macrophage","C5",-20.1850972079007,2.65044653363337
"GSM8121904_athero_human_11.txt.gz","Plate_180s_B12","symptomatic","macrophage","C3",-21.2375254052223,-2.7500070786791
"GSM8121904_athero_human_11.txt.gz","Plate_180s_B13","symptomatic","macrophage","C3",-23.6952795754324,-1.51765933935757
"GSM8121904_athero_human_11.txt.gz","Plate_180s_B14","symptomatic","unassigned","C3",-20.5150387860952,-3.67824337667674
"GSM8121904_athero_human_11.txt.gz","Plate_180s_B15","symptomatic","macrophage","C3",-22.1390262575166,-1.67181518034335
"GSM8121904_athero_human_11.txt.gz","Plate_180s_B16","symptomatic","macrophage","C5",-19.3103555347539,7.51396186964784
"GSM8121904_athero_human_11.txt.gz","Plate_180s_B17","symptomatic","macrophage","C3",-21.4473907338505,-4.59396646052783
"GSM8121904_athero_human_11.txt.gz","Plate_180s_B18","symptomatic","macrophage","C3",-21.291418447969,1.5935426531665
"GSM8121904_athero_human_11.txt.gz","Plate_180s_B20","symptomatic","macrophage","C5",-20.8993478714655,-0.436326128496759
"GSM8121904_athero_human_11.txt.gz","Plate_180s_B21","symptomatic","t_nk","C5",-19.7798214547738,1.66987550609067
"GSM8121904_athero_human_11.txt.gz","Plate_180s_B24","symptomatic","macrophage","C5",-21.8199343273862,5.96598656322486
"GSM8121904_athero_human_11.txt.gz","Plate_180s_C01","symptomatic","macrophage","C5",-22.2517917980551,1.29143827989046
"GSM8121904_athero_human_11.txt.gz","Plate_180s_C02","symptomatic","macrophage","C5",-19.2918309862869,7.35983439241523
"GSM8121904_athero_human_11.txt.gz","Plate_180s_C03","symptomatic","macrophage","C5",-16.614006525515,0.382576544082393
"GSM8121904_athero_human_11.txt.gz","Plate_180s_C04","symptomatic","unassigned","C9",-20.1185313939692,-4.98446054258894
"GSM8121904_athero_human_11.txt.gz","Plate_180s_C05","symptomatic","macrophage","C4",-16.6721706695086,-4.77870049398519
"GSM8121904_athero_human_11.txt.gz","Plate_180s_C06","symptomatic","macrophage","C3",-21.0674130567451,2.60794124935759
"GSM8121904_athero_human_11.txt.gz","Plate_180s_C07","symptomatic","macrophage","C3",-22.9722289994648,1.56645960643174
"GSM8121904_athero_human_11.txt.gz","Plate_180s_C09","symptomatic","macrophage","C5",-17.6656954531272,3.85432721955303
"GSM8121904_athero_human_11.txt.gz","Plate_180s_C11","symptomatic","macrophage","C3",-21.0541946095112,0.278967807468901
"GSM8121904_athero_human_11.txt.gz","Plate_180s_C12","symptomatic","macrophage","C3",-20.8635689440982,-1.23169442267921
"GSM8121904_athero_human_11.txt.gz","Plate_180s_C14","symptomatic","macrophage","C3",-20.2459576075899,0.893407206522089
"GSM8121904_athero_human_11.txt.gz","Plate_180s_C17","symptomatic","macrophage","C3",-21.5774906015777,0.165429175070287
"GSM8121904_athero_human_11.txt.gz","Plate_180s_C18","symptomatic","macrophage","C5",-18.0711592464179,9.41006861570481
"GSM8121904_athero_human_11.txt.gz","Plate_180s_C19","symptomatic","macrophage","C9",-20.8681127149157,-0.818440161030819
"GSM8121904_athero_human_11.txt.gz","Plate_180s_C20","symptomatic","macrophage","C3",-21.3812460295976,-1.2284428824984
"GSM8121904_athero_human_11.txt.gz","Plate_180s_C21","symptomatic","macrophage","C3",-21.3468184029557,0.892883118423011
"GSM8121904_athero_human_11.txt.gz","Plate_180s_C22","symptomatic","macrophage","C3",-21.5267278229798,-3.92974329735987
"GSM8121904_athero_human_11.txt.gz","Plate_180s_C23","symptomatic","macrophage","C5",-18.1495273672254,2.33486633252105
"GSM8121904_athero_human_11.txt.gz","Plate_180s_C24","symptomatic","macrophage","C5",-18.6967333692772,6.19562583963718
"GSM8121904_athero_human_11.txt.gz","Plate_180s_D01","symptomatic","unassigned","C5",-17.9402120761301,8.43248870235038
"GSM8121904_athero_human_11.txt.gz","Plate_180s_D02","symptomatic","macrophage","C3",-21.8490565552353,-3.42045343731998
"GSM8121904_athero_human_11.txt.gz","Plate_180s_D03","symptomatic","macrophage","C3",-20.360466634624,-0.560203536938339
"GSM8121904_athero_human_11.txt.gz","Plate_180s_D05","symptomatic","macrophage","C5",-19.9331216445297,-0.507668521085748
"GSM8121904_athero_human_11.txt.gz","Plate_180s_D06","symptomatic","macrophage","C5",-19.4138893658423,0.93865481532449
"GSM8121904_athero_human_11.txt.gz","Plate_180s_D07","symptomatic","macrophage","C3",-20.1430944168579,-2.40474511089053
"GSM8121904_athero_human_11.txt.gz","Plate_180s_D08","symptomatic","mast","C4",-10.8390437600167,-7.39996603349629
"GSM8121904_athero_human_11.txt.gz","Plate_180s_D09","symptomatic","macrophage","C3",-20.0010799263128,1.25550677094284
"GSM8121904_athero_human_11.txt.gz","Plate_180s_D10","symptomatic","mast","C3",-19.0416355834031,4.85918606942204
"GSM8121904_athero_human_11.txt.gz","Plate_180s_D11","symptomatic","macrophage","C3",-20.9458767606567,-0.119904086488812
"GSM8121904_athero_human_11.txt.gz","Plate_180s_D13","symptomatic","macrophage","C3",-21.6902104275135,-1.13388087531886
"GSM8121904_athero_human_11.txt.gz","Plate_180s_D14","symptomatic","macrophage","C3",-19.2683636189779,-1.04207798457204
"GSM8121904_athero_human_11.txt.gz","Plate_180s_D15","symptomatic","macrophage","C5",-17.4017135509647,5.4192264737891
"GSM8121904_athero_human_11.txt.gz","Plate_180s_D16","symptomatic","macrophage","C3",-21.7278971613096,-0.474132380610085
"GSM8121904_athero_human_11.txt.gz","Plate_180s_D18","symptomatic","macrophage","C3",-21.1950452114503,-2.36083135406645
"GSM8121904_athero_human_11.txt.gz","Plate_180s_D19","symptomatic","macrophage","C3",-20.8580562291938,-3.51756321317901
"GSM8121904_athero_human_11.txt.gz","Plate_180s_D21","symptomatic","macrophage","C3",-21.5567755352886,-1.21524017404035
"GSM8121904_athero_human_11.txt.gz","Plate_180s_D22","symptomatic","fibroblast","C10",-0.627039705604097,-2.02341441476952
"GSM8121904_athero_human_11.txt.gz","Plate_180s_D23","symptomatic","mast","C3",-21.0178437775857,-1.8611896642263
"GSM8121904_athero_human_11.txt.gz","Plate_180s_D24","symptomatic","macrophage","C3",-22.2856380075777,-1.18832301478181
"GSM8121904_athero_human_11.txt.gz","Plate_180s_E02","symptomatic","macrophage","C5",-18.573625552055,2.90980567837387
"GSM8121904_athero_human_11.txt.gz","Plate_180s_E03","symptomatic","macrophage","C3",-20.1790607783856,-5.61246623826337
"GSM8121904_athero_human_11.txt.gz","Plate_180s_E04","symptomatic","macrophage","C3",-19.3309678572779,-3.05934643549402
"GSM8121904_athero_human_11.txt.gz","Plate_180s_E05","symptomatic","endothelial","C3",-20.4424692802398,0.749670963268949
"GSM8121904_athero_human_11.txt.gz","Plate_180s_E06","symptomatic","macrophage","C9",-20.2343764548505,-4.21396329756104
"GSM8121904_athero_human_11.txt.gz","Plate_180s_E07","symptomatic","macrophage","C5",-19.470731443153,3.87209248017011
"GSM8121904_athero_human_11.txt.gz","Plate_180s_E08","symptomatic","macrophage","C3",-21.5387728256302,0.836572216004011
"GSM8121904_athero_human_11.txt.gz","Plate_180s_E09","symptomatic","macrophage","C9",-19.6941635996632,-4.97383881384068
"GSM8121904_athero_human_11.txt.gz","Plate_180s_E10","symptomatic","macrophage","C3",-19.9879446647576,-0.0673462965257814
"GSM8121904_athero_human_11.txt.gz","Plate_180s_E11","symptomatic","macrophage","C3",-19.0535874140521,0.0770581392164577
"GSM8121904_athero_human_11.txt.gz","Plate_180s_E12","symptomatic","macrophage","C5",-19.9065375337935,2.94518766744804
"GSM8121904_athero_human_11.txt.gz","Plate_180s_E13","symptomatic","macrophage","C5",-19.170616312402,3.96433414546294
"GSM8121904_athero_human_11.txt.gz","Plate_180s_E14","symptomatic","macrophage","C9",-19.541333904716,-2.24452524450336
"GSM8121904_athero_human_11.txt.gz","Plate_180s_E15","symptomatic","macrophage","C3",-20.6679159905182,-2.13997548197138
"GSM8121904_athero_human_11.txt.gz","Plate_180s_E17","symptomatic","macrophage","C9",-21.7473641618264,-3.91176402352842
"GSM8121904_athero_human_11.txt.gz","Plate_180s_E18","symptomatic","macrophage","C3",-22.9004878015952,0.0543972072516573
"GSM8121904_athero_human_11.txt.gz","Plate_180s_E19","symptomatic","unassigned","C3",-19.2836249843691,-3.0460062024189
"GSM8121904_athero_human_11.txt.gz","Plate_180s_E20","symptomatic","mast","C5",-16.5875214164504,2.81504920382897
"GSM8121904_athero_human_11.txt.gz","Plate_180s_E22","symptomatic","unassigned","C3",-19.9126164500838,-2.18699591974844
"GSM8121904_athero_human_11.txt.gz","Plate_180s_E23","symptomatic","macrophage","C3",-20.2872973728588,-0.611167646598186
"GSM8121904_athero_human_11.txt.gz","Plate_180s_E24","symptomatic","macrophage","C5",-19.1295316065298,3.21250827929241
"GSM8121904_athero_human_11.txt.gz","Plate_180s_F01","symptomatic","macrophage","C3",-18.8467717567856,-2.81896556416902
"GSM8121904_athero_human_11.txt.gz","Plate_180s_F02","symptomatic","t_nk","C3",-22.0644565444098,-1.31057616189767
"GSM8121904_athero_human_11.txt.gz","Plate_180s_F03","symptomatic","macrophage","C3",-20.2794492555601,-1.33867688233314
"GSM8121904_athero_human_11.txt.gz","Plate_180s_F04","symptomatic","macrophage","C5",-20.3809913875331,-0.980487995588354
"GSM8121904_athero_human_11.txt.gz","Plate_180s_F05","symptomatic","macrophage","C3",-21.5871518137712,-1.99677978870271
"GSM8121904_athero_human_11.txt.gz","Plate_180s_F07","symptomatic","macrophage","C3",-20.5116263978564,-3.45705303539938
"GSM8121904_athero_human_11.txt.gz","Plate_180s_F08","symptomatic","mast","C9",-18.7609959635901,-5.10384768919967
"GSM8121904_athero_human_11.txt.gz","Plate_180s_F09","symptomatic","macrophage","C9",-21.5114773189729,-2.96362544879372
"GSM8121904_athero_human_11.txt.gz","Plate_180s_F10","symptomatic","macrophage","C3",-22.1767210035111,0.93021845015992
"GSM8121904_athero_human_11.txt.gz","Plate_180s_F11","symptomatic","macrophage","C5",-20.0916942256623,2.97033622270536
"GSM8121904_athero_human_11.txt.gz","Plate_180s_F12","symptomatic","macrophage","C3",-20.6055039371873,5.49651408685729
"GSM8121904_athero_human_11.txt.gz","Plate_180s_F13","symptomatic","macrophage","C9",-21.0496973935887,-2.61194674297733
"GSM8121904_athero_human_11.txt.gz","Plate_180s_F14","symptomatic","macrophage","C5",-20.9416267500617,3.62777850002457
"GSM8121904_athero_human_11.txt.gz","Plate_180s_F15","symptomatic","macrophage","C3",-20.6714794783419,-2.94470237323481
"GSM8121904_athero_human_11.txt.gz","Plate_180s_F16","symptomatic","macrophage","C5",-19.2845551181226,5.46273968457767
"GSM8121904_athero_human_11.txt.gz","Plate_180s_F17","symptomatic","macrophage","C3",-22.6036738129214,-0.193035456545603
"GSM8121904_athero_human_11.txt.gz","Plate_180s_F20","symptomatic","macrophage","C3",-19.8016809960611,4.58547079241029
"GSM8121904_athero_human_11.txt.gz","Plate_180s_F21","symptomatic","macrophage","C5",-19.1210765230652,6.48402862712842
"GSM8121904_athero_human_11.txt.gz","Plate_180s_F23","symptomatic","macrophage","C3",-21.0323218725631,4.91126658745838
"GSM8121904_athero_human_11.txt.gz","Plate_180s_F24","symptomatic","mast","C5",-20.6097469565463,5.1378921742594
"GSM8121904_athero_human_11.txt.gz","Plate_180s_G01","symptomatic","macrophage","C3",-19.1607395389013,-1.66278595526104
"GSM8121904_athero_human_11.txt.gz","Plate_180s_G02","symptomatic","macrophage","C3",-22.2379330910405,4.94175091835857
"GSM8121904_athero_human_11.txt.gz","Plate_180s_G04","symptomatic","macrophage","C5",-17.5103084472483,5.71855200973101
"GSM8121904_athero_human_11.txt.gz","Plate_180s_G05","symptomatic","macrophage","C3",-21.7932001404837,-3.00555666925646
"GSM8121904_athero_human_11.txt.gz","Plate_180s_G06","symptomatic","macrophage","C3",-21.4709247187393,-0.596464795906451
"GSM8121904_athero_human_11.txt.gz","Plate_180s_G07","symptomatic","macrophage","C3",-20.5694670385193,-2.98273053937865
"GSM8121904_athero_human_11.txt.gz","Plate_180s_G09","symptomatic","macrophage","C3",-20.7353833525086,-0.553891183173464
"GSM8121904_athero_human_11.txt.gz","Plate_180s_G10","symptomatic","macrophage","C9",-20.6754043337717,-5.42091278020739
"GSM8121904_athero_human_11.txt.gz","Plate_180s_G12","symptomatic","macrophage","C3",-22.9735179225982,1.78285811101728
"GSM8121904_athero_human_11.txt.gz","Plate_180s_G13","symptomatic","t_nk","C3",-22.8069106759243,0.6860461534619
"GSM8121904_athero_human_11.txt.gz","Plate_180s_G14","symptomatic","macrophage","C5",-19.4088639889024,2.85853343794415
"GSM8121904_athero_human_11.txt.gz","Plate_180s_G15","symptomatic","mast","C5",-17.4501775104503,3.32556561681045
"GSM8121904_athero_human_11.txt.gz","Plate_180s_G16","symptomatic","macrophage","C5",-20.1295474149555,5.15310917418399
"GSM8121904_athero_human_11.txt.gz","Plate_180s_G17","symptomatic","macrophage","C5",-19.8245421269909,0.0456927809950453
"GSM8121904_athero_human_11.txt.gz","Plate_180s_G18","symptomatic","macrophage","C5",-19.346429904775,2.08326415226476
"GSM8121904_athero_human_11.txt.gz","Plate_180s_G19","symptomatic","macrophage","C3",-22.8173584303833,0.0444847864399135
"GSM8121904_athero_human_11.txt.gz","Plate_180s_G21","symptomatic","macrophage","C3",-22.1170912023025,0.242092950711137
"GSM8121904_athero_human_11.txt.gz","Plate_180s_G22","symptomatic","macrophage","C3",-21.2224869135121,-1.34048843415589
"GSM8121904_athero_human_11.txt.gz","Plate_180s_G23","symptomatic","macrophage","C3",-20.4337399084245,3.72218992000591
"GSM8121904_athero_human_11.txt.gz","Plate_180s_G24","symptomatic","macrophage","C9",-21.843909232206,-3.77190190667079
"GSM8121904_athero_human_11.txt.gz","Plate_180s_H01","symptomatic","macrophage","C9",-20.2875625560378,-4.14615724516654
"GSM8121904_athero_human_11.txt.gz","Plate_180s_H02","symptomatic","macrophage","C5",-20.1272970153605,7.84212632065131
"GSM8121904_athero_human_11.txt.gz","Plate_180s_H03","symptomatic","macrophage","C5",-20.4648606826596,1.24737403541458
"GSM8121904_athero_human_11.txt.gz","Plate_180s_H05","symptomatic","macrophage","C3",-22.1977197624964,-2.20318329757683
"GSM8121904_athero_human_11.txt.gz","Plate_180s_H07","symptomatic","macrophage","C9",-19.4323254959942,-0.611613634410579
"GSM8121904_athero_human_11.txt.gz","Plate_180s_H08","symptomatic","mast","C5",-20.6166503353382,4.5282694279368
"GSM8121904_athero_human_11.txt.gz","Plate_180s_H09","symptomatic","macrophage","C3",-21.0773556300377,-2.37109329885145
"GSM8121904_athero_human_11.txt.gz","Plate_180s_H11","symptomatic","macrophage","C5",-21.6322505693721,1.99247559497697
"GSM8121904_athero_human_11.txt.gz","Plate_180s_H12","symptomatic","macrophage","C5",-18.4705348857757,6.51053891704136
"GSM8121904_athero_human_11.txt.gz","Plate_180s_H13","symptomatic","macrophage","C5",-22.500906489673,0.245495475085996
"GSM8121904_athero_human_11.txt.gz","Plate_180s_H14","symptomatic","macrophage","C3",-23.233084715966,1.11066578051778
"GSM8121904_athero_human_11.txt.gz","Plate_180s_H15","symptomatic","macrophage","C5",-19.1937821231849,0.171449367251113
"GSM8121904_athero_human_11.txt.gz","Plate_180s_H16","symptomatic","macrophage","C3",-21.9185381587678,0.648557012826755
"GSM8121904_athero_human_11.txt.gz","Plate_180s_H17","symptomatic","macrophage","C5",-22.7946549869925,-0.882485922930368
"GSM8121904_athero_human_11.txt.gz","Plate_180s_H20","symptomatic","mast","C5",-21.8889511025754,-0.765697488493919
"GSM8121904_athero_human_11.txt.gz","Plate_180s_H21","symptomatic","macrophage","C3",-21.3527535176056,1.278497954154
"GSM8121904_athero_human_11.txt.gz","Plate_180s_H22","symptomatic","macrophage","C3",-21.4743252902368,-0.878424086899359
"GSM8121904_athero_human_11.txt.gz","Plate_180s_H23","symptomatic","macrophage","C3",-23.4280915969749,0.569216767202978
"GSM8121904_athero_human_11.txt.gz","Plate_180s_H24","symptomatic","macrophage","C5",-21.3654445352131,2.13866858352815
"GSM8121904_athero_human_11.txt.gz","Plate_180s_I01","symptomatic","macrophage","C4",-18.8943013275245,-4.57513306169604
"GSM8121904_athero_human_11.txt.gz","Plate_180s_I02","symptomatic","macrophage","C5",-18.3170708791497,8.77315599616553
"GSM8121904_athero_human_11.txt.gz","Plate_180s_I03","symptomatic","macrophage","C3",-21.821966866875,1.68587374209672
"GSM8121904_athero_human_11.txt.gz","Plate_180s_I04","symptomatic","macrophage","C3",-22.1778703380903,-1.10152493582633
"GSM8121904_athero_human_11.txt.gz","Plate_180s_I05","symptomatic","endothelial","C3",-21.3766667456335,-3.54164794439035
"GSM8121904_athero_human_11.txt.gz","Plate_180s_I06","symptomatic","unassigned","C5",-17.8031728611795,7.90863283118596
"GSM8121904_athero_human_11.txt.gz","Plate_180s_I09","symptomatic","macrophage","C3",-19.8882395117877,-1.57914465790139
"GSM8121904_athero_human_11.txt.gz","Plate_180s_I10","symptomatic","macrophage","C3",-21.7964154368134,0.103140533056726
"GSM8121904_athero_human_11.txt.gz","Plate_180s_I11","symptomatic","macrophage","C9",-20.161137495213,-3.12050736663904
"GSM8121904_athero_human_11.txt.gz","Plate_180s_I16","symptomatic","mast","C5",-19.0044812376278,4.79079127168052
"GSM8121904_athero_human_11.txt.gz","Plate_180s_I18","symptomatic","mast","C3",-23.2192173846133,2.04098607251655
"GSM8121904_athero_human_11.txt.gz","Plate_180s_I21","symptomatic","macrophage","C5",-17.1537651548656,4.93452590135512
"GSM8121904_athero_human_11.txt.gz","Plate_180s_I23","symptomatic","mast","C3",-21.1730570355388,2.90005637787798
"GSM8121904_athero_human_11.txt.gz","Plate_180s_I24","symptomatic","mast","C5",-17.2213124226002,5.19206358807563
"GSM8121904_athero_human_11.txt.gz","Plate_180s_J01","symptomatic","b_cell","C3",-22.0883190766342,2.04876182829638
"GSM8121904_athero_human_11.txt.gz","Plate_180s_J02","symptomatic","macrophage","C3",-22.6542096352343,0.793178672549969
"GSM8121904_athero_human_11.txt.gz","Plate_180s_J03","symptomatic","mast","C5",-19.8554441921455,5.99175045190667
"GSM8121904_athero_human_11.txt.gz","Plate_180s_J04","symptomatic","unassigned","C5",-21.3275839824891,0.615030249641854
"GSM8121904_athero_human_11.txt.gz","Plate_180s_J05","symptomatic","mast","C9",-19.6472013836096,-3.32582648079221
"GSM8121904_athero_human_11.txt.gz","Plate_180s_J06","symptomatic","mast","C5",-18.4783585956213,7.11497022806258
"GSM8121904_athero_human_11.txt.gz","Plate_180s_J07","symptomatic","macrophage","C9",-22.6264099584865,-3.13900730603322
"GSM8121904_athero_human_11.txt.gz","Plate_180s_J08","symptomatic","mast","C9",-19.7847118009529,-4.75631468884128
"GSM8121904_athero_human_11.txt.gz","Plate_180s_J09","symptomatic","macrophage","C9",-21.0641376627358,-2.56937249907862
"GSM8121904_athero_human_11.txt.gz","Plate_180s_J11","symptomatic","macrophage","C5",-20.9593222452523,3.92531459114717
"GSM8121904_athero_human_11.txt.gz","Plate_180s_J12","symptomatic","macrophage","C3",-22.6032337769153,1.49067261965099
"GSM8121904_athero_human_11.txt.gz","Plate_180s_J13","symptomatic","macrophage","C3",-21.4614449155172,1.71206025085823
"GSM8121904_athero_human_11.txt.gz","Plate_180s_J14","symptomatic","macrophage","C5",-17.8008715875999,4.36223637332746
"GSM8121904_athero_human_11.txt.gz","Plate_180s_J15","symptomatic","macrophage","C3",-19.9730454733715,-2.47042662756295
"GSM8121904_athero_human_11.txt.gz","Plate_180s_J16","symptomatic","macrophage","C5",-21.5289048144676,4.70191100148725
"GSM8121904_athero_human_11.txt.gz","Plate_180s_J18","symptomatic","macrophage","C5",-20.8302131094953,5.11735318097406
"GSM8121904_athero_human_11.txt.gz","Plate_180s_J19","symptomatic","macrophage","C5",-21.3328449788084,1.92940548942338
"GSM8121904_athero_human_11.txt.gz","Plate_180s_J20","symptomatic","macrophage","C5",-20.3911043483281,1.84706008178491
"GSM8121904_athero_human_11.txt.gz","Plate_180s_J21","symptomatic","macrophage","C5",-21.5645008043495,0.931664563155304
"GSM8121904_athero_human_11.txt.gz","Plate_180s_J22","symptomatic","macrophage","C3",-23.1960585056504,-1.68163873647222
"GSM8121904_athero_human_11.txt.gz","Plate_180s_J23","symptomatic","t_nk","C5",-23.0944188716224,2.09158926060824
"GSM8121904_athero_human_11.txt.gz","Plate_180s_J24","symptomatic","t_nk","C5",-19.2209380809877,2.25599270223109
"GSM8121904_athero_human_11.txt.gz","Plate_180s_K02","symptomatic","macrophage","C5",-19.824323476989,5.02675095552689
"GSM8121904_athero_human_11.txt.gz","Plate_180s_K05","symptomatic","macrophage","C9",-19.6333946478291,-5.36226965694711
"GSM8121904_athero_human_11.txt.gz","Plate_180s_K06","symptomatic","macrophage","C9",-21.9788777386293,-7.44601160697861
"GSM8121904_athero_human_11.txt.gz","Plate_180s_K07","symptomatic","unassigned","C5",-18.8590205076192,2.05647362832782
"GSM8121904_athero_human_11.txt.gz","Plate_180s_K08","symptomatic","t_nk","C5",-20.4080474096961,3.0234817632203
"GSM8121904_athero_human_11.txt.gz","Plate_180s_K11","symptomatic","macrophage","C9",-21.4458317187612,-5.54115634433178
"GSM8121904_athero_human_11.txt.gz","Plate_180s_K12","symptomatic","macrophage","C5",-19.548646604899,3.10446788558897
"GSM8121904_athero_human_11.txt.gz","Plate_180s_K14","symptomatic","macrophage","C9",-21.8233657485114,-3.38448539386224
"GSM8121904_athero_human_11.txt.gz","Plate_180s_K16","symptomatic","macrophage","C3",-20.747580315804,-1.16188385405667
"GSM8121904_athero_human_11.txt.gz","Plate_180s_K17","symptomatic","macrophage","C5",-19.7200932336524,2.2151910795665
"GSM8121904_athero_human_11.txt.gz","Plate_180s_K18","symptomatic","macrophage","C3",-20.4928604585095,2.27926614409993
"GSM8121904_athero_human_11.txt.gz","Plate_180s_K20","symptomatic","macrophage","C3",-21.144480877601,-2.27883248842213
"GSM8121904_athero_human_11.txt.gz","Plate_180s_K21","symptomatic","macrophage","C3",-23.2408978566664,-0.858650694424464
"GSM8121904_athero_human_11.txt.gz","Plate_180s_K22","symptomatic","macrophage","C5",-18.4350783615645,3.01942871164135
"GSM8121904_athero_human_11.txt.gz","Plate_180s_K23","symptomatic","macrophage","C5",-17.8072564645994,1.8753920133181
"GSM8121904_athero_human_11.txt.gz","Plate_180s_L02","symptomatic","endothelial","C5",-17.4319843223229,9.01245236207956
"GSM8121904_athero_human_11.txt.gz","Plate_180s_L03","symptomatic","unassigned","C5",-16.0799791288961,7.40312039609288
"GSM8121904_athero_human_11.txt.gz","Plate_180s_L04","symptomatic","macrophage","C3",-21.0170223762823,-3.50562031934908
"GSM8121904_athero_human_11.txt.gz","Plate_180s_L05","symptomatic","macrophage","C9",-17.2261634632561,-1.23962580154947
"GSM8121904_athero_human_11.txt.gz","Plate_180s_L06","symptomatic","macrophage","C3",-22.2396215256146,-3.03961122553675
"GSM8121904_athero_human_11.txt.gz","Plate_180s_L07","symptomatic","mast","C5",-21.8145514683382,0.0154033110886532
"GSM8121904_athero_human_11.txt.gz","Plate_180s_L08","symptomatic","macrophage","C3",-22.2529796868587,1.83590745455291
"GSM8121904_athero_human_11.txt.gz","Plate_180s_L09","symptomatic","macrophage","C3",-20.7057769094225,5.57486342334917
"GSM8121904_athero_human_11.txt.gz","Plate_180s_L10","symptomatic","unassigned","C5",-7.88098822419995,2.35855835847
"GSM8121904_athero_human_11.txt.gz","Plate_180s_L13","symptomatic","macrophage","C5",-15.5609665072581,-0.2547609057747
"GSM8121904_athero_human_11.txt.gz","Plate_180s_L14","symptomatic","macrophage","C5",-17.2049965382052,5.30231607889079
"GSM8121904_athero_human_11.txt.gz","Plate_180s_L15","symptomatic","unassigned","C3",-21.2614097527072,0.51964024121145
"GSM8121904_athero_human_11.txt.gz","Plate_180s_L16","symptomatic","macrophage","C3",-20.6074622767582,-2.19171376773604
"GSM8121904_athero_human_11.txt.gz","Plate_180s_L17","symptomatic","macrophage","C3",-21.6597761405646,-3.04478143233522
"GSM8121904_athero_human_11.txt.gz","Plate_180s_L18","symptomatic","macrophage","C3",-21.4149239824593,-0.187395397378672
"GSM8121904_athero_human_11.txt.gz","Plate_180s_L19","symptomatic","macrophage","C3",-21.5676097449853,-0.519818213104002
"GSM8121904_athero_human_11.txt.gz","Plate_180s_L21","symptomatic","macrophage","C3",-22.4578960818369,1.51553459929397
"GSM8121904_athero_human_11.txt.gz","Plate_180s_L22","symptomatic","macrophage","C5",-19.655103072045,3.10278031028275
"GSM8121904_athero_human_11.txt.gz","Plate_180s_L23","symptomatic","macrophage","C5",-19.8345911151923,5.41839635795449
"GSM8121904_athero_human_11.txt.gz","Plate_180s_M01","symptomatic","macrophage","C3",-19.3419078638364,-5.34012542934159
"GSM8121904_athero_human_11.txt.gz","Plate_180s_M02","symptomatic","macrophage","C3",-20.8113398961706,2.11614677412358
"GSM8121904_athero_human_11.txt.gz","Plate_180s_M03","symptomatic","mast","C5",-19.2119274416844,5.78685797615058
"GSM8121904_athero_human_11.txt.gz","Plate_180s_M04","symptomatic","macrophage","C5",-17.6345493143366,6.7154752518127
"GSM8121904_athero_human_11.txt.gz","Plate_180s_M05","symptomatic","mast","C5",-20.6308505069296,4.16175512356491
"GSM8121904_athero_human_11.txt.gz","Plate_180s_M06","symptomatic","macrophage","C3",-22.4322806595998,-3.92388837325102
"GSM8121904_athero_human_11.txt.gz","Plate_180s_M08","symptomatic","macrophage","C3",-22.1172741657393,-0.867343578360809
"GSM8121904_athero_human_11.txt.gz","Plate_180s_M09","symptomatic","unassigned","C9",-3.70204398788067,-1.58134240284893
"GSM8121904_athero_human_11.txt.gz","Plate_180s_M10","symptomatic","macrophage","C3",-21.016154492041,-5.36477286080215
"GSM8121904_athero_human_11.txt.gz","Plate_180s_M11","symptomatic","macrophage","C3",-21.2641657904555,1.96898727544604
"GSM8121904_athero_human_11.txt.gz","Plate_180s_M15","symptomatic","macrophage","C5",-18.4949191522229,2.28231555653078
"GSM8121904_athero_human_11.txt.gz","Plate_180s_M16","symptomatic","macrophage","C9",-19.3270032488123,-2.98891046637178
"GSM8121904_athero_human_11.txt.gz","Plate_180s_M17","symptomatic","macrophage","C9",-21.2604437889428,-2.58825341989092
"GSM8121904_athero_human_11.txt.gz","Plate_180s_M20","symptomatic","macrophage","C3",-23.3294941617093,2.30155679903544
"GSM8121904_athero_human_11.txt.gz","Plate_180s_M21","symptomatic","macrophage","C3",-21.5296327328894,-0.805937220963575
"GSM8121904_athero_human_11.txt.gz","Plate_180s_M22","symptomatic","macrophage","C5",-19.3760608343133,4.88366076881206
"GSM8121904_athero_human_11.txt.gz","Plate_180s_M23","symptomatic","macrophage","C5",-17.7042923532034,4.7959906527097
"GSM8121904_athero_human_11.txt.gz","Plate_180s_M24","symptomatic","macrophage","C5",-20.8006158467565,-0.0626773846207308
"GSM8121904_athero_human_11.txt.gz","Plate_180s_N02","symptomatic","macrophage","C5",-19.0896244185522,5.04106226228871
"GSM8121904_athero_human_11.txt.gz","Plate_180s_N03","symptomatic","macrophage","C5",-19.6571951407631,5.2685207262946
"GSM8121904_athero_human_11.txt.gz","Plate_180s_N04","symptomatic","macrophage","C3",-23.6583752510807,0.00379523179711073
"GSM8121904_athero_human_11.txt.gz","Plate_180s_N05","symptomatic","macrophage","C3",-22.2755848827123,0.719677191655828
"GSM8121904_athero_human_11.txt.gz","Plate_180s_N07","symptomatic","macrophage","C3",-21.9477330578669,-0.188367807638005
"GSM8121904_athero_human_11.txt.gz","Plate_180s_N08","symptomatic","macrophage","C5",-22.4440309914484,0.208565132715745
"GSM8121904_athero_human_11.txt.gz","Plate_180s_N09","symptomatic","macrophage","C3",-20.5234419096013,-1.8924867501481
"GSM8121904_athero_human_11.txt.gz","Plate_180s_N10","symptomatic","macrophage","C3",-21.3857053621903,-1.45480143787771
"GSM8121904_athero_human_11.txt.gz","Plate_180s_N11","symptomatic","macrophage","C3",-20.9983360239947,0.815322252023773
"GSM8121904_athero_human_11.txt.gz","Plate_180s_N12","symptomatic","macrophage","C3",-21.3922304561115,0.0631704341759474
"GSM8121904_athero_human_11.txt.gz","Plate_180s_N13","symptomatic","macrophage","C5",-20.0829980707046,0.212980243372015
"GSM8121904_athero_human_11.txt.gz","Plate_180s_N14","symptomatic","macrophage","C5",-18.9867110656018,6.33105122738945
"GSM8121904_athero_human_11.txt.gz","Plate_180s_N15","symptomatic","macrophage","C3",-19.9657992088264,-4.59626338921361
"GSM8121904_athero_human_11.txt.gz","Plate_180s_N16","symptomatic","macrophage","C5",-17.0673351967702,7.27611939163587
"GSM8121904_athero_human_11.txt.gz","Plate_180s_N17","symptomatic","unassigned","C5",-18.4709430955162,2.08088004432616
"GSM8121904_athero_human_11.txt.gz","Plate_180s_N18","symptomatic","macrophage","C5",-20.109855298186,7.48203012611742
"GSM8121904_athero_human_11.txt.gz","Plate_180s_N19","symptomatic","macrophage","C3",-21.3150944188243,1.11505547162172
"GSM8121904_athero_human_11.txt.gz","Plate_180s_N20","symptomatic","macrophage","C3",-22.1929470999085,-0.0157479662974211
"GSM8121904_athero_human_11.txt.gz","Plate_180s_N21","symptomatic","macrophage","C3",-21.8055396283626,4.08249262006545
"GSM8121904_athero_human_11.txt.gz","Plate_180s_N22","symptomatic","macrophage","C3",-21.7728400474863,0.89231886769903
"GSM8121904_athero_human_11.txt.gz","Plate_180s_N23","symptomatic","macrophage","C3",-22.7136131688846,-0.0792773251199552
"GSM8121904_athero_human_11.txt.gz","Plate_180s_N24","symptomatic","macrophage","C3",-23.4258415997831,-0.278710463129814
"GSM8121904_athero_human_11.txt.gz","Plate_180s_O01","symptomatic","macrophage","C3",-17.64969094805,-0.584905499327403
"GSM8121904_athero_human_11.txt.gz","Plate_180s_O02","symptomatic","macrophage","C3",-20.9341712144189,3.15198273918716
"GSM8121904_athero_human_11.txt.gz","Plate_180s_O03","symptomatic","unassigned","C9",-7.83070700910577,-3.18072579626965
"GSM8121904_athero_human_11.txt.gz","Plate_180s_O04","symptomatic","macrophage","C3",-19.8823163942528,-2.38954232013892
"GSM8121904_athero_human_11.txt.gz","Plate_180s_O05","symptomatic","macrophage","C3",-21.2455042207491,3.15321471942851
"GSM8121904_athero_human_11.txt.gz","Plate_180s_O06","symptomatic","macrophage","C5",-21.8094516163874,2.36157346124876
"GSM8121904_athero_human_11.txt.gz","Plate_180s_O07","symptomatic","macrophage","C3",-20.4364454907579,-0.663014980016367
"GSM8121904_athero_human_11.txt.gz","Plate_180s_O08","symptomatic","macrophage","C3",-21.9503287929586,0.730123925140556
"GSM8121904_athero_human_11.txt.gz","Plate_180s_O09","symptomatic","fibroblast","C10",5.14500244480311,-1.84128913008128
"GSM8121904_athero_human_11.txt.gz","Plate_180s_O10","symptomatic","macrophage","C3",-20.3981972839523,-1.76232864033429
"GSM8121904_athero_human_11.txt.gz","Plate_180s_O11","symptomatic","macrophage","C9",-21.8273683533543,-1.74987043149922
"GSM8121904_athero_human_11.txt.gz","Plate_180s_O14","symptomatic","macrophage","C3",-21.0834138960654,-3.59009256037561
"GSM8121904_athero_human_11.txt.gz","Plate_180s_O15","symptomatic","macrophage","C3",-21.2957684962353,0.106145524443307
"GSM8121904_athero_human_11.txt.gz","Plate_180s_O16","symptomatic","macrophage","C3",-22.1554740890139,-2.23929359104037
"GSM8121904_athero_human_11.txt.gz","Plate_180s_O17","symptomatic","macrophage","C9",-19.6441977716901,-3.30067547291981
"GSM8121904_athero_human_11.txt.gz","Plate_180s_O18","symptomatic","macrophage","C5",-19.4397980717294,6.5051046688998
"GSM8121904_athero_human_11.txt.gz","Plate_180s_O19","symptomatic","macrophage","C3",-21.0490194709075,-2.54299886941842
"GSM8121904_athero_human_11.txt.gz","Plate_180s_O20","symptomatic","macrophage","C3",-22.7335289897808,0.101584568251626
"GSM8121904_athero_human_11.txt.gz","Plate_180s_O21","symptomatic","macrophage","C3",-22.8388210205402,0.0307714512343162
"GSM8121904_athero_human_11.txt.gz","Plate_180s_O22","symptomatic","mast","C5",-16.8118799621564,5.29085870764652
"GSM8121904_athero_human_11.txt.gz","Plate_180s_O23","symptomatic","macrophage","C9",-20.777582879719,-4.70173217615867
"GSM8121904_athero_human_11.txt.gz","Plate_180s_O24","symptomatic","macrophage","C3",-21.3845714266811,1.71172534626064
"GSM8121904_athero_human_11.txt.gz","Plate_180s_P01","symptomatic","macrophage","C3",-19.4145168431789,-2.60308658071284
"GSM8121904_athero_human_11.txt.gz","Plate_180s_P02","symptomatic","mast","C3",-23.5839350483562,1.87581246165585
"GSM8121904_athero_human_11.txt.gz","Plate_180s_P04","symptomatic","macrophage","C3",-22.9695721364135,-0.04028947603939
"GSM8121904_athero_human_11.txt.gz","Plate_180s_P05","symptomatic","macrophage","C3",-20.2543849576276,-1.26883618128198
"GSM8121904_athero_human_11.txt.gz","Plate_180s_P06","symptomatic","macrophage","C9",-18.4780292067371,-0.356233292060429
"GSM8121904_athero_human_11.txt.gz","Plate_180s_P08","symptomatic","mast","C5",-17.9378581974308,9.23907535968505
"GSM8121904_athero_human_11.txt.gz","Plate_180s_P09","symptomatic","macrophage","C3",-21.4621803616199,-0.546806842936639
"GSM8121904_athero_human_11.txt.gz","Plate_180s_P11","symptomatic","macrophage","C3",-22.5747939921327,2.04433917868601
"GSM8121904_athero_human_11.txt.gz","Plate_180s_P12","symptomatic","macrophage","C3",-21.3349548429914,7.96174022142329
"GSM8121904_athero_human_11.txt.gz","Plate_180s_P13","symptomatic","macrophage","C5",-17.3008460937332,6.50562280710853
"GSM8121904_athero_human_11.txt.gz","Plate_180s_P14","symptomatic","macrophage","C3",-21.7420289027271,0.861664613201627
"GSM8121904_athero_human_11.txt.gz","Plate_180s_P15","symptomatic","macrophage","C9",-21.5947857536573,-3.15427168375186
"GSM8121904_athero_human_11.txt.gz","Plate_180s_P16","symptomatic","macrophage","C5",-20.8122763335948,3.21731422564748
"GSM8121904_athero_human_11.txt.gz","Plate_180s_P17","symptomatic","unassigned","C5",-16.9121749476892,7.84851958693464
"GSM8121904_athero_human_11.txt.gz","Plate_180s_P18","symptomatic","macrophage","C3",-21.3307258408269,3.17057059872463
"GSM8121904_athero_human_11.txt.gz","Plate_180s_P19","symptomatic","macrophage","C5",-20.7083331990277,4.3887642769583
"GSM8121904_athero_human_11.txt.gz","Plate_180s_P20","symptomatic","macrophage","C3",-22.657293665302,3.73392541661201
"GSM8121904_athero_human_11.txt.gz","Plate_180s_P21","symptomatic","macrophage","C5",-17.6232155518912,7.73391447274563
"GSM8121904_athero_human_11.txt.gz","Plate_180s_P22","symptomatic","macrophage","C3",-19.5834176993457,10.1947702647036
"GSM8121904_athero_human_11.txt.gz","Plate_180s_P24","symptomatic","mast","C5",-9.06276886565088,3.82290044242825
"GSM8121905_athero_human_12.txt.gz","Plate_178s_A02","symptomatic","vsmc","C2",19.0094973891069,-3.7595879830309
"GSM8121905_athero_human_12.txt.gz","Plate_178s_A03","symptomatic","fibroblast","C10",15.3934337297663,-1.60835951667286
"GSM8121905_athero_human_12.txt.gz","Plate_178s_A04","symptomatic","vsmc","C8",13.4486088646938,-3.13907716338819
"GSM8121905_athero_human_12.txt.gz","Plate_178s_A05","symptomatic","fibroblast","C10",16.8895681787621,0.907881601053856
"GSM8121905_athero_human_12.txt.gz","Plate_178s_A06","symptomatic","fibroblast","C10",15.6528993401724,2.20321010200686
"GSM8121905_athero_human_12.txt.gz","Plate_178s_A07","symptomatic","vsmc","C2",18.6176349382201,-1.19508941359403
"GSM8121905_athero_human_12.txt.gz","Plate_178s_A08","symptomatic","vsmc","C10",15.697676799902,-0.436689281725964
"GSM8121905_athero_human_12.txt.gz","Plate_178s_A10","symptomatic","unassigned","C10",17.3255703876026,-0.709188230134989
"GSM8121905_athero_human_12.txt.gz","Plate_178s_A12","symptomatic","fibroblast","C10",17.2246553223678,-4.5337730899466
"GSM8121905_athero_human_12.txt.gz","Plate_178s_A13","symptomatic","unassigned","C8",13.9071782940061,3.79157525701185
"GSM8121905_athero_human_12.txt.gz","Plate_178s_A14","symptomatic","endothelial","C8",13.6510723980158,-1.97171445948938
"GSM8121905_athero_human_12.txt.gz","Plate_178s_A15","symptomatic","vsmc","C2",15.7631205289909,-3.07113293775421
"GSM8121905_athero_human_12.txt.gz","Plate_178s_A17","symptomatic","fibroblast","C10",1.54570426178872,1.54924606601494
"GSM8121905_athero_human_12.txt.gz","Plate_178s_A18","symptomatic","unassigned","C8",12.9164400107554,-1.75867548236674
"GSM8121905_athero_human_12.txt.gz","Plate_178s_A19","symptomatic","fibroblast","C8",13.6879575472852,3.93539457566669
"GSM8121905_athero_human_12.txt.gz","Plate_178s_A20","symptomatic","endothelial","C8",14.1576082647829,3.4633490237596
"GSM8121905_athero_human_12.txt.gz","Plate_178s_A22","symptomatic","fibroblast","C10",15.3335487923042,3.89662311558369
"GSM8121905_athero_human_12.txt.gz","Plate_178s_A23","symptomatic","vsmc","C8",13.8882162533509,-0.407086691053415
"GSM8121905_athero_human_12.txt.gz","Plate_178s_A24","symptomatic","unassigned","C10",17.3668162243055,1.8303531848874
"GSM8121905_athero_human_12.txt.gz","Plate_178s_B01","symptomatic","fibroblast","C10",15.3429192513971,-3.25437546914382
"GSM8121905_athero_human_12.txt.gz","Plate_178s_B02","symptomatic","vsmc","C8",13.6058303131557,2.15308085175527
"GSM8121905_athero_human_12.txt.gz","Plate_178s_B03","symptomatic","fibroblast","C10",13.5525237559644,-4.4891457376362
"GSM8121905_athero_human_12.txt.gz","Plate_178s_B04","symptomatic","fibroblast","C7",16.0597477679999,-5.88270742438318
"GSM8121905_athero_human_12.txt.gz","Plate_178s_B05","symptomatic","fibroblast","C10",16.4069972246904,-4.22427899427555
"GSM8121905_athero_human_12.txt.gz","Plate_178s_B06","symptomatic","unassigned","C7",14.5851695240747,-5.96273366794398
"GSM8121905_athero_human_12.txt.gz","Plate_178s_B07","symptomatic","fibroblast","C10",11.9458476937123,-0.473866548597874
"GSM8121905_athero_human_12.txt.gz","Plate_178s_B09","symptomatic","vsmc","C8",12.7821651080177,4.7330156329327
"GSM8121905_athero_human_12.txt.gz","Plate_178s_B10","symptomatic","fibroblast","C8",14.3965927700993,-1.63150637190135
"GSM8121905_athero_human_12.txt.gz","Plate_178s_B11","symptomatic","fibroblast","C10",16.8231575430671,-0.992767702769311
"GSM8121905_athero_human_12.txt.gz","Plate_178s_B12","symptomatic","vsmc","C8",15.8047456402201,-1.86632303612243
"GSM8121905_athero_human_12.txt.gz","Plate_178s_B13","symptomatic","vsmc","C8",13.7585124858511,-0.100712709640217
"GSM8121905_athero_human_12.txt.gz","Plate_178s_B14","symptomatic","fibroblast","C8",14.3190189784133,-1.98148018926023
"GSM8121905_athero_human_12.txt.gz","Plate_178s_B16","symptomatic","vsmc","C8",6.53304148211033,-0.687881605824347
"GSM8121905_athero_human_12.txt.gz","Plate_178s_B17","symptomatic","b_cell","C10",14.9984510989377,2.13967282300423
"GSM8121905_athero_human_12.txt.gz","Plate_178s_B18","symptomatic","fibroblast","C10",11.7772980516519,1.19124442871665
"GSM8121905_athero_human_12.txt.gz","Plate_178s_B20","symptomatic","fibroblast","C10",4.17830680306174,0.654461214846329
"GSM8121905_athero_human_12.txt.gz","Plate_178s_B21","symptomatic","fibroblast","C7",13.9096360542919,-9.14406494141675
"GSM8121905_athero_human_12.txt.gz","Plate_178s_B22","symptomatic","fibroblast","C10",15.9040290907413,4.05554937169227
"GSM8121905_athero_human_12.txt.gz","Plate_178s_B24","symptomatic","unassigned","C10",17.6187734615191,1.32090756144834
"GSM8121905_athero_human_12.txt.gz","Plate_178s_C03","symptomatic","unassigned","C8",13.2722751358461,1.48560393066439
"GSM8121905_athero_human_12.txt.gz","Plate_178s_C04","symptomatic","vsmc","C2",16.7773187480981,-1.15500330323425
"GSM8121905_athero_human_12.txt.gz","Plate_178s_C05","symptomatic","fibroblast","C7",12.9140408796669,-6.97223185742317
"GSM8121905_athero_human_12.txt.gz","Plate_178s_C08","symptomatic","fibroblast","C10",13.9223076729719,-3.93333308426222
"GSM8121905_athero_human_12.txt.gz","Plate_178s_C09","symptomatic","vsmc","C8",12.2419567781197,1.95511784958439
"GSM8121905_athero_human_12.txt.gz","Plate_178s_C10","symptomatic","fibroblast","C10",15.6524284900275,-0.665646846498507
"GSM8121905_athero_human_12.txt.gz","Plate_178s_C11","symptomatic","vsmc","C7",16.9491444604278,-7.31527122440731
"GSM8121905_athero_human_12.txt.gz","Plate_178s_C13","symptomatic","unassigned","C8",12.0990322186875,5.56487091972788
"GSM8121905_athero_human_12.txt.gz","Plate_178s_C15","symptomatic","fibroblast","C10",13.6719419703477,1.63353915235837
"GSM8121905_athero_human_12.txt.gz","Plate_178s_C16","symptomatic","unassigned","C5",-7.88827074251027,4.79346168879419
"GSM8121905_athero_human_12.txt.gz","Plate_178s_C17","symptomatic","fibroblast","C10",14.7473120082929,-1.21528119489041
"GSM8121905_athero_human_12.txt.gz","Plate_178s_C18","symptomatic","vsmc","C8",12.3158097488514,-5.39419321759885
"GSM8121905_athero_human_12.txt.gz","Plate_178s_C19","symptomatic","fibroblast","C10",13.3200744875573,1.86800829616896
"GSM8121905_athero_human_12.txt.gz","Plate_178s_C20","symptomatic","fibroblast","C8",12.2874961857213,-1.50847965911481
"GSM8121905_athero_human_12.txt.gz","Plate_178s_C21","symptomatic","fibroblast","C10",14.88116411087,-0.770308863885472
"GSM8121905_athero_human_12.txt.gz","Plate_178s_C22","symptomatic","fibroblast","C10",16.9270059319957,3.34795013000308
"GSM8121905_athero_human_12.txt.gz","Plate_178s_C23","symptomatic","vsmc","C8",15.2330121851355,-3.29397671476726
"GSM8121905_athero_human_12.txt.gz","Plate_178s_C24","symptomatic","unassigned","C10",17.989664085611,1.75099698005244
"GSM8121905_athero_human_12.txt.gz","Plate_178s_D01","symptomatic","fibroblast","C10",14.6653814872485,3.05300855001251
"GSM8121905_athero_human_12.txt.gz","Plate_178s_D02","symptomatic","fibroblast","C10",13.855756501099,-2.01895744199716
"GSM8121905_athero_human_12.txt.gz","Plate_178s_D03","symptomatic","unassigned","C8",12.7917301855062,4.22713542253641
"GSM8121905_athero_human_12.txt.gz","Plate_178s_D05","symptomatic","unassigned","C8",13.4088024618244,-2.99205601273512
"GSM8121905_athero_human_12.txt.gz","Plate_178s_D06","symptomatic","unassigned","C10",15.0784924812134,6.10910148428376
"GSM8121905_athero_human_12.txt.gz","Plate_178s_D07","symptomatic","fibroblast","C10",13.3001899540216,-3.07993190503938
"GSM8121905_athero_human_12.txt.gz","Plate_178s_D08","symptomatic","vsmc","C7",15.4757408684238,-8.45906153524235
"GSM8121905_athero_human_12.txt.gz","Plate_178s_D09","symptomatic","vsmc","C10",16.5705997722687,0.265721237700756
"GSM8121905_athero_human_12.txt.gz","Plate_178s_D10","symptomatic","fibroblast","C7",14.6331686704631,-8.63044789009672
"GSM8121905_athero_human_12.txt.gz","Plate_178s_D12","symptomatic","fibroblast","C10",14.3642195108048,0.674933025991876
"GSM8121905_athero_human_12.txt.gz","Plate_178s_D13","symptomatic","unassigned","C8",12.6967936612565,-5.22152158668074
"GSM8121905_athero_human_12.txt.gz","Plate_178s_D14","symptomatic","macrophage","C3",-10.4054367428026,-2.45347213218508
"GSM8121905_athero_human_12.txt.gz","Plate_178s_D17","symptomatic","fibroblast","C10",16.1665361622071,-1.06971538099058
"GSM8121905_athero_human_12.txt.gz","Plate_178s_D18","symptomatic","fibroblast","C10",15.5327021128316,1.55066438538879
"GSM8121905_athero_human_12.txt.gz","Plate_178s_D19","symptomatic","unassigned","C8",15.0286244425638,7.35395819298935
"GSM8121905_athero_human_12.txt.gz","Plate_178s_D20","symptomatic","fibroblast","C10",15.3086262933851,-2.18975017184566
"GSM8121905_athero_human_12.txt.gz","Plate_178s_D21","symptomatic","fibroblast","C8",15.2566654910222,-3.07002623611589
"GSM8121905_athero_human_12.txt.gz","Plate_178s_D22","symptomatic","vsmc","C10",17.4071938811102,-0.273886063037108
"GSM8121905_athero_human_12.txt.gz","Plate_178s_D23","symptomatic","fibroblast","C10",16.8508394826514,-3.39170910528908
"GSM8121905_athero_human_12.txt.gz","Plate_178s_D24","symptomatic","unassigned","C10",18.2629650146381,0.568893584856417
"GSM8121905_athero_human_12.txt.gz","Plate_178s_E01","symptomatic","fibroblast","C7",14.004167082494,-7.94172140732356
"GSM8121905_athero_human_12.txt.gz","Plate_178s_E03","symptomatic","fibroblast","C10",17.4042848507532,-4.58103812716387
"GSM8121905_athero_human_12.txt.gz","Plate_178s_E04","symptomatic","vsmc","C2",18.7650774562387,-5.10803173888514
"GSM8121905_athero_human_12.txt.gz","Plate_178s_E05","symptomatic","fibroblast","C10",14.4756285617469,-0.892840745977682
"GSM8121905_athero_human_12.txt.gz","Plate_178s_E06","symptomatic","fibroblast","C8",9.76060607698381,3.40428494258418
"GSM8121905_athero_human_12.txt.gz","Plate_178s_E07","symptomatic","fibroblast","C10",16.2702506435793,3.18572283958801
"GSM8121905_athero_human_12.txt.gz","Plate_178s_E08","symptomatic","fibroblast","C7",15.1590985275659,-7.92380721182493
"GSM8121905_athero_human_12.txt.gz","Plate_178s_E09","symptomatic","unassigned","C8",12.1580103060036,-4.74609093768521
"GSM8121905_athero_human_12.txt.gz","Plate_178s_E10","symptomatic","unassigned","C2",18.7934442045419,-4.7733316102032
"GSM8121905_athero_human_12.txt.gz","Plate_178s_E11","symptomatic","fibroblast","C10",15.1237098693185,2.56949536019741
"GSM8121905_athero_human_12.txt.gz","Plate_178s_E12","symptomatic","fibroblast","C7",13.9988981597301,-7.1865199001174
"GSM8121905_athero_human_12.txt.gz","Plate_178s_E14","symptomatic","fibroblast","C10",16.506955405233,-2.33529690202712
"GSM8121905_athero_human_12.txt.gz","Plate_178s_E15","symptomatic","fibroblast","C7",15.9721747291493,-6.10459177692059
"GSM8121905_athero_human_12.txt.gz","Plate_178s_E16","symptomatic","fibroblast","C7",11.3152997760836,-11.3358696807045
"GSM8121905_athero_human_12.txt.gz","Plate_178s_E17","symptomatic","fibroblast","C7",15.1027320532091,-5.49470629372932
"GSM8121905_athero_human_12.txt.gz","Plate_178s_E19","symptomatic","fibroblast","C7",12.7034696534029,-7.21120689834433
"GSM8121905_athero_human_12.txt.gz","Plate_178s_E22","symptomatic","fibroblast","C10",16.9289177746077,2.28257636534486
"GSM8121905_athero_human_12.txt.gz","Plate_178s_E23","symptomatic","fibroblast","C10",18.9791558253191,-0.357305248078792
"GSM8121905_athero_human_12.txt.gz","Plate_178s_F01","symptomatic","vsmc","C8",15.6129596811002,-2.59955545141035
"GSM8121905_athero_human_12.txt.gz","Plate_178s_F03","symptomatic","fibroblast","C7",15.2458851657385,-7.69635479581599
"GSM8121905_athero_human_12.txt.gz","Plate_178s_F04","symptomatic","fibroblast","C8",10.6525699737489,-0.574547008996201
"GSM8121905_athero_human_12.txt.gz","Plate_178s_F05","symptomatic","vsmc","C8",14.6917872646968,0.570871616600343
"GSM8121905_athero_human_12.txt.gz","Plate_178s_F06","symptomatic","vsmc","C8",13.5934818036454,-2.38281058554317
"GSM8121905_athero_human_12.txt.gz","Plate_178s_F08","symptomatic","fibroblast","C10",16.5413089723734,-0.185604255829313
"GSM8121905_athero_human_12.txt.gz","Plate_178s_F10","symptomatic","unassigned","C10",18.3720946145924,-2.18325026211313
"GSM8121905_athero_human_12.txt.gz","Plate_178s_F11","symptomatic","vsmc","C2",18.4889842966364,-2.37791413180574
"GSM8121905_athero_human_12.txt.gz","Plate_178s_F12","symptomatic","unassigned","C10",18.6374323383841,-1.27091532031271
"GSM8121905_athero_human_12.txt.gz","Plate_178s_F13","symptomatic","fibroblast","C10",15.3664182493025,-0.121654374088309
"GSM8121905_athero_human_12.txt.gz","Plate_178s_F14","symptomatic","vsmc","C8",12.0830621994988,1.14193738298077
"GSM8121905_athero_human_12.txt.gz","Plate_178s_F16","symptomatic","vsmc","C10",17.1728582442359,-0.304727672102545
"GSM8121905_athero_human_12.txt.gz","Plate_178s_F17","symptomatic","fibroblast","C7",11.3380347994571,-3.81367527555252
"GSM8121905_athero_human_12.txt.gz","Plate_178s_F18","symptomatic","fibroblast","C10",14.2937794466445,-1.32585765535949
"GSM8121905_athero_human_12.txt.gz","Plate_178s_F20","symptomatic","fibroblast","C10",15.3559334152832,-1.31178094612996
"GSM8121905_athero_human_12.txt.gz","Plate_178s_F21","symptomatic","fibroblast","C10",16.3187310664205,-2.45709369016603
"GSM8121905_athero_human_12.txt.gz","Plate_178s_F22","symptomatic","fibroblast","C10",14.8731863690311,3.72929421155979
"GSM8121905_athero_human_12.txt.gz","Plate_178s_F23","symptomatic","fibroblast","C10",12.8664819018766,-0.399091175160858
"GSM8121905_athero_human_12.txt.gz","Plate_178s_F24","symptomatic","unassigned","C10",18.4678810394294,1.76840968136778
"GSM8121905_athero_human_12.txt.gz","Plate_178s_G01","symptomatic","fibroblast","C8",13.9087185477755,-0.691742418976044
"GSM8121905_athero_human_12.txt.gz","Plate_178s_G02","symptomatic","vsmc","C7",17.0561785119473,-7.36461672980094
"GSM8121905_athero_human_12.txt.gz","Plate_178s_G05","symptomatic","fibroblast","C10",17.2180945826987,-0.681318706892076
"GSM8121905_athero_human_12.txt.gz","Plate_178s_G06","symptomatic","b_cell","C10",15.4254241429057,1.06581072676415
"GSM8121905_athero_human_12.txt.gz","Plate_178s_G07","symptomatic","fibroblast","C10",16.1103587334261,1.13445003661363
"GSM8121905_athero_human_12.txt.gz","Plate_178s_G08","symptomatic","unassigned","C10",13.1428197511905,0.0494235731652884
"GSM8121905_athero_human_12.txt.gz","Plate_178s_G09","symptomatic","vsmc","C8",13.2863001925746,-3.81591901246068
"GSM8121905_athero_human_12.txt.gz","Plate_178s_G10","symptomatic","vsmc","C7",15.2461455479967,-6.68040766456662
"GSM8121905_athero_human_12.txt.gz","Plate_178s_G11","symptomatic","fibroblast","C7",13.2754855086008,-7.00167478960528
"GSM8121905_athero_human_12.txt.gz","Plate_178s_G12","symptomatic","fibroblast","C10",16.378330287076,-2.89319459900738
"GSM8121905_athero_human_12.txt.gz","Plate_178s_G15","symptomatic","endothelial","C8",12.3346973318703,8.84077695949068
"GSM8121905_athero_human_12.txt.gz","Plate_178s_G16","symptomatic","unassigned","C10",16.1384268304107,-4.048791475397
"GSM8121905_athero_human_12.txt.gz","Plate_178s_G17","symptomatic","fibroblast","C10",16.8654031653289,-2.11944424347573
"GSM8121905_athero_human_12.txt.gz","Plate_178s_G18","symptomatic","fibroblast","C10",15.419028630839,-0.871408830969892
"GSM8121905_athero_human_12.txt.gz","Plate_178s_G19","symptomatic","fibroblast","C10",14.7671031333506,-2.64929574973529
"GSM8121905_athero_human_12.txt.gz","Plate_178s_G20","symptomatic","vsmc","C2",18.2901237296354,-4.74821345408415
"GSM8121905_athero_human_12.txt.gz","Plate_178s_G22","symptomatic","fibroblast","C10",14.2473223377849,-4.60783209170305
"GSM8121905_athero_human_12.txt.gz","Plate_178s_G24","symptomatic","fibroblast","C10",18.3992447441669,1.75206518900722
"GSM8121905_athero_human_12.txt.gz","Plate_178s_H01","symptomatic","vsmc","C10",16.9982602646246,-1.06143659173854
"GSM8121905_athero_human_12.txt.gz","Plate_178s_H02","symptomatic","vsmc","C8",14.7012565120194,4.46577484178604
"GSM8121905_athero_human_12.txt.gz","Plate_178s_H04","symptomatic","vsmc","C8",13.1526201928872,-2.56665678231257
"GSM8121905_athero_human_12.txt.gz","Plate_178s_H05","symptomatic","vsmc","C8",13.6190583794851,-1.46906634973232
"GSM8121905_athero_human_12.txt.gz","Plate_178s_H08","symptomatic","fibroblast","C10",14.811761092826,-0.245421269421279
"GSM8121905_athero_human_12.txt.gz","Plate_178s_H09","symptomatic","fibroblast","C10",12.4230331056652,-1.8806713050376
"GSM8121905_athero_human_12.txt.gz","Plate_178s_H10","symptomatic","vsmc","C8",12.8487689327053,-1.42529531722864
"GSM8121905_athero_human_12.txt.gz","Plate_178s_H11","symptomatic","fibroblast","C10",17.4565126323975,2.2056668966868
"GSM8121905_athero_human_12.txt.gz","Plate_178s_H12","symptomatic","fibroblast","C8",12.718305888587,4.9103270615813
"GSM8121905_athero_human_12.txt.gz","Plate_178s_H13","symptomatic","unassigned","C10",13.6554561596043,7.53551927832264
"GSM8121905_athero_human_12.txt.gz","Plate_178s_H14","symptomatic","fibroblast","C7",13.8819622505174,-6.04302312290681
"GSM8121905_athero_human_12.txt.gz","Plate_178s_H15","symptomatic","vsmc","C7",16.2931147302128,-9.12909578719399
"GSM8121905_athero_human_12.txt.gz","Plate_178s_H16","symptomatic","vsmc","C2",20.010956728907,-1.67830079442948
"GSM8121905_athero_human_12.txt.gz","Plate_178s_H17","symptomatic","fibroblast","C10",13.591236787349,6.84231401631618
"GSM8121905_athero_human_12.txt.gz","Plate_178s_H18","symptomatic","fibroblast","C8",13.1971206723368,-0.340537279414314
"GSM8121905_athero_human_12.txt.gz","Plate_178s_H19","symptomatic","fibroblast","C7",15.1750421490075,-9.428198730175
"GSM8121905_athero_human_12.txt.gz","Plate_178s_H20","symptomatic","vsmc","C8",15.2794469899129,0.332976732438037
"GSM8121905_athero_human_12.txt.gz","Plate_178s_H21","symptomatic","fibroblast","C10",17.030395900379,-0.223159719912059
"GSM8121905_athero_human_12.txt.gz","Plate_178s_H22","symptomatic","fibroblast","C10",19.4305474826397,-2.75019657344135
"GSM8121905_athero_human_12.txt.gz","Plate_178s_H23","symptomatic","fibroblast","C7",11.6556405933523,-6.80709238390515
"GSM8121905_athero_human_12.txt.gz","Plate_178s_H24","symptomatic","fibroblast","C10",18.6951910852352,1.71546108029661
"GSM8121905_athero_human_12.txt.gz","Plate_178s_I01","symptomatic","vsmc","C10",18.2051607753277,-2.87599938188021
"GSM8121905_athero_human_12.txt.gz","Plate_178s_I03","symptomatic","fibroblast","C10",15.1852643846358,-1.37787219902701
"GSM8121905_athero_human_12.txt.gz","Plate_178s_I04","symptomatic","vsmc","C8",12.3163073072874,-4.05461604717665
"GSM8121905_athero_human_12.txt.gz","Plate_178s_I07","symptomatic","fibroblast","C10",14.4729130784793,5.93349987408332
"GSM8121905_athero_human_12.txt.gz","Plate_178s_I08","symptomatic","fibroblast","C10",15.7927183343098,2.10288287582325
"GSM8121905_athero_human_12.txt.gz","Plate_178s_I09","symptomatic","vsmc","C2",19.4951872932261,-2.10127089386813
"GSM8121905_athero_human_12.txt.gz","Plate_178s_I10","symptomatic","vsmc","C10",19.8444118146044,-2.30624356657487
"GSM8121905_athero_human_12.txt.gz","Plate_178s_I12","symptomatic","vsmc","C8",11.9844529572904,3.52089912538958
"GSM8121905_athero_human_12.txt.gz","Plate_178s_I15","symptomatic","vsmc","C8",12.2206385646188,3.79982167588879
"GSM8121905_athero_human_12.txt.gz","Plate_178s_I16","symptomatic","fibroblast","C10",14.8076976044268,-3.24294117272573
"GSM8121905_athero_human_12.txt.gz","Plate_178s_I17","symptomatic","fibroblast","C10",13.9950086833416,3.30580994275204
"GSM8121905_athero_human_12.txt.gz","Plate_178s_I18","symptomatic","fibroblast","C7",13.7632921660465,-4.5623671607048
"GSM8121905_athero_human_12.txt.gz","Plate_178s_I20","symptomatic","fibroblast","C10",14.8005357676291,-1.28511718854676
"GSM8121905_athero_human_12.txt.gz","Plate_178s_I21","symptomatic","fibroblast","C10",14.2936633966431,-0.374579743792695
"GSM8121905_athero_human_12.txt.gz","Plate_178s_I23","symptomatic","fibroblast","C10",16.0153347815921,-2.33049075190597
"GSM8121905_athero_human_12.txt.gz","Plate_178s_I24","symptomatic","fibroblast","C10",18.4195141378924,1.3877916975454
"GSM8121905_athero_human_12.txt.gz","Plate_178s_J01","symptomatic","vsmc","C8",15.1733519498358,1.55837636940696
"GSM8121905_athero_human_12.txt.gz","Plate_178s_J03","symptomatic","fibroblast","C10",13.0181992810513,0.670789620287643
"GSM8121905_athero_human_12.txt.gz","Plate_178s_J04","symptomatic","fibroblast","C10",14.9275788910846,3.30982190626384
"GSM8121905_athero_human_12.txt.gz","Plate_178s_J06","symptomatic","macrophage","C5",-14.8201428312874,7.63380554902474
"GSM8121905_athero_human_12.txt.gz","Plate_178s_J07","symptomatic","endothelial","C8",13.1933864592723,-0.714776880127723
"GSM8121905_athero_human_12.txt.gz","Plate_178s_J08","symptomatic","fibroblast","C8",13.9213306837994,-0.744835473305733
"GSM8121905_athero_human_12.txt.gz","Plate_178s_J09","symptomatic","vsmc","C10",16.2985082844788,-1.6037795490686
"GSM8121905_athero_human_12.txt.gz","Plate_178s_J12","symptomatic","fibroblast","C10",18.0304476984509,-4.67221282868457
"GSM8121905_athero_human_12.txt.gz","Plate_178s_J13","symptomatic","vsmc","C8",12.5344461005232,-3.58066197521088
"GSM8121905_athero_human_12.txt.gz","Plate_178s_J14","symptomatic","vsmc","C8",12.5960056619606,-1.11682036993113
"GSM8121905_athero_human_12.txt.gz","Plate_178s_J15","symptomatic","vsmc","C8",13.2530809055432,1.73458807136829
"GSM8121905_athero_human_12.txt.gz","Plate_178s_J18","symptomatic","b_cell","C10",14.6312265487996,0.548119973708345
"GSM8121905_athero_human_12.txt.gz","Plate_178s_J20","symptomatic","vsmc","C7",16.3203240873533,-4.46775101173578
"GSM8121905_athero_human_12.txt.gz","Plate_178s_J22","symptomatic","fibroblast","C10",12.8837869424593,2.64636571889543
"GSM8121905_athero_human_12.txt.gz","Plate_178s_J23","symptomatic","vsmc","C2",18.050572344231,-3.2219939960671
"GSM8121905_athero_human_12.txt.gz","Plate_178s_J24","symptomatic","fibroblast","C10",18.3810119556119,1.93363013660692
"GSM8121905_athero_human_12.txt.gz","Plate_178s_K01","symptomatic","vsmc","C2",18.7446373952016,-3.08832942284576
"GSM8121905_athero_human_12.txt.gz","Plate_178s_K02","symptomatic","fibroblast","C10",13.2312109973866,1.69719638279168
"GSM8121905_athero_human_12.txt.gz","Plate_178s_K05","symptomatic","fibroblast","C10",15.181147279753,-3.09858199175356
"GSM8121905_athero_human_12.txt.gz","Plate_178s_K06","symptomatic","fibroblast","C10",15.0317228790922,-2.66921151810384
"GSM8121905_athero_human_12.txt.gz","Plate_178s_K07","symptomatic","vsmc","C8",12.9292225150753,-5.20539514495307
"GSM8121905_athero_human_12.txt.gz","Plate_178s_K08","symptomatic","fibroblast","C8",13.7061356499829,-1.52109784485428
"GSM8121905_athero_human_12.txt.gz","Plate_178s_K09","symptomatic","fibroblast","C10",14.3997074324915,6.08930981500816
"GSM8121905_athero_human_12.txt.gz","Plate_178s_K10","symptomatic","vsmc","C10",15.4435262678614,-5.62266069517006
"GSM8121905_athero_human_12.txt.gz","Plate_178s_K11","symptomatic","fibroblast","C10",12.9941289322608,-3.52745053263685
"GSM8121905_athero_human_12.txt.gz","Plate_178s_K12","symptomatic","fibroblast","C10",15.8660257623974,1.84464066251396
"GSM8121905_athero_human_12.txt.gz","Plate_178s_K13","symptomatic","vsmc","C8",13.2303454633941,-3.2819016940614
"GSM8121905_athero_human_12.txt.gz","Plate_178s_K16","symptomatic","fibroblast","C10",16.7016895875464,2.57570347275325
"GSM8121905_athero_human_12.txt.gz","Plate_178s_K17","symptomatic","unassigned","C7",12.5577953774455,-4.29440706357307
"GSM8121905_athero_human_12.txt.gz","Plate_178s_K18","symptomatic","fibroblast","C10",16.6873318018944,-3.28793134802914
"GSM8121905_athero_human_12.txt.gz","Plate_178s_K19","symptomatic","fibroblast","C7",14.7473083212228,-5.16196863664635
"GSM8121905_athero_human_12.txt.gz","Plate_178s_K20","symptomatic","vsmc","C8",16.5544232695643,-3.33338287845639
"GSM8121905_athero_human_12.txt.gz","Plate_178s_K21","symptomatic","vsmc","C8",14.8019960867746,3.22731241867629
"GSM8121905_athero_human_12.txt.gz","Plate_178s_K23","symptomatic","fibroblast","C7",17.0233109317823,-5.7449829955986
"GSM8121905_athero_human_12.txt.gz","Plate_178s_K24","symptomatic","fibroblast","C10",18.4321258579863,1.81952412446056
"GSM8121905_athero_human_12.txt.gz","Plate_178s_L02","symptomatic","vsmc","C7",13.8049096232002,-5.86244602583332
"GSM8121905_athero_human_12.txt.gz","Plate_178s_L03","symptomatic","b_cell","C8",12.7108865868239,1.90414451781697
"GSM8121905_athero_human_12.txt.gz","Plate_178s_L04","symptomatic","vsmc","C10",17.5539154356941,-3.23374256528904
"GSM8121905_athero_human_12.txt.gz","Plate_178s_L05","symptomatic","vsmc","C7",17.5734785282522,-10.1049311845574
"GSM8121905_athero_human_12.txt.gz","Plate_178s_L07","symptomatic","fibroblast","C10",15.7169774217849,-1.2890732204742
"GSM8121905_athero_human_12.txt.gz","Plate_178s_L08","symptomatic","fibroblast","C10",8.81097630679578,0.256055948097678
"GSM8121905_athero_human_12.txt.gz","Plate_178s_L09","symptomatic","fibroblast","C7",15.093647626638,-6.60692623724405
"GSM8121905_athero_human_12.txt.gz","Plate_178s_L10","symptomatic","vsmc","C2",18.9991495071995,-2.3418219635202
"GSM8121905_athero_human_12.txt.gz","Plate_178s_L12","symptomatic","fibroblast","C10",16.5631858827155,-3.1841415185207
"GSM8121905_athero_human_12.txt.gz","Plate_178s_L13","symptomatic","unassigned","C8",11.6284201149427,-0.220906493944119
"GSM8121905_athero_human_12.txt.gz","Plate_178s_L14","symptomatic","fibroblast","C10",16.3831072108209,3.23183513685716
"GSM8121905_athero_human_12.txt.gz","Plate_178s_L15","symptomatic","fibroblast","C8",13.2436070856748,-0.249514091641735
"GSM8121905_athero_human_12.txt.gz","Plate_178s_L20","symptomatic","fibroblast","C8",13.0465822209998,-0.484867609618211
"GSM8121905_athero_human_12.txt.gz","Plate_178s_L21","symptomatic","fibroblast","C10",14.20785789882,-1.5205674186537
"GSM8121905_athero_human_12.txt.gz","Plate_178s_L22","symptomatic","fibroblast","C8",13.8345875276586,-2.88185691137989
"GSM8121905_athero_human_12.txt.gz","Plate_178s_L23","symptomatic","fibroblast","C10",15.7274864575418,-3.02516297942556
"GSM8121905_athero_human_12.txt.gz","Plate_178s_L24","symptomatic","fibroblast","C10",18.508031366947,2.35352474939453
"GSM8121905_athero_human_12.txt.gz","Plate_178s_M01","symptomatic","fibroblast","C10",15.7028285019941,-3.65867171249631
"GSM8121905_athero_human_12.txt.gz","Plate_178s_M03","symptomatic","fibroblast","C10",17.7673125376526,-0.0656173424856312
"GSM8121905_athero_human_12.txt.gz","Plate_178s_M04","symptomatic","fibroblast","C8",12.8632910644843,-2.15468076732337
"GSM8121905_athero_human_12.txt.gz","Plate_178s_M05","symptomatic","fibroblast","C10",14.7454847450049,0.96032646400083
"GSM8121905_athero_human_12.txt.gz","Plate_178s_M06","symptomatic","unassigned","C8",12.6699520636639,-3.11336878262282
"GSM8121905_athero_human_12.txt.gz","Plate_178s_M07","symptomatic","vsmc","C8",12.3570085887301,2.42824822380618
"GSM8121905_athero_human_12.txt.gz","Plate_178s_M08","symptomatic","fibroblast","C10",13.2143706783082,3.04571911224573
"GSM8121905_athero_human_12.txt.gz","Plate_178s_M09","symptomatic","fibroblast","C10",15.5346363808394,1.07785974923457
"GSM8121905_athero_human_12.txt.gz","Plate_178s_M11","symptomatic","fibroblast","C10",15.5879283730029,-0.556421246951498
"GSM8121905_athero_human_12.txt.gz","Plate_178s_M14","symptomatic","fibroblast","C8",13.1752615686918,-3.44980533100821
"GSM8121905_athero_human_12.txt.gz","Plate_178s_M15","symptomatic","fibroblast","C10",14.5072859977444,0.262746526282633
"GSM8121905_athero_human_12.txt.gz","Plate_178s_M16","symptomatic","fibroblast","C8",11.1783480366209,3.55019850071498
"GSM8121905_athero_human_12.txt.gz","Plate_178s_M17","symptomatic","fibroblast","C10",14.1303969485718,-4.04274920498489
"GSM8121905_athero_human_12.txt.gz","Plate_178s_M18","symptomatic","fibroblast","C10",14.2459476822235,1.53098573226804
"GSM8121905_athero_human_12.txt.gz","Plate_178s_M19","symptomatic","fibroblast","C7",14.2158735732547,-9.17697689697693
"GSM8121905_athero_human_12.txt.gz","Plate_178s_M20","symptomatic","fibroblast","C10",14.7961053906894,-3.22881342859167
"GSM8121905_athero_human_12.txt.gz","Plate_178s_M21","symptomatic","fibroblast","C10",13.1826337704892,-0.646933527629516
"GSM8121905_athero_human_12.txt.gz","Plate_178s_M22","symptomatic","vsmc","C8",13.4099163202781,4.83093621743752
"GSM8121905_athero_human_12.txt.gz","Plate_178s_M23","symptomatic","fibroblast","C10",15.3623950951294,1.17187703122275
"GSM8121905_athero_human_12.txt.gz","Plate_178s_M24","symptomatic","unassigned","C10",18.5547602628483,1.68071361399868
"GSM8121905_athero_human_12.txt.gz","Plate_178s_N01","symptomatic","fibroblast","C10",13.7774341192709,2.54148539871793
"GSM8121905_athero_human_12.txt.gz","Plate_178s_N03","symptomatic","vsmc","C10",17.5954240514083,2.7500807755794
"GSM8121905_athero_human_12.txt.gz","Plate_178s_N04","symptomatic","fibroblast","C10",13.5824823635836,5.19707798946934
"GSM8121905_athero_human_12.txt.gz","Plate_178s_N06","symptomatic","fibroblast","C7",14.3195992434695,-5.05249485252874
"GSM8121905_athero_human_12.txt.gz","Plate_178s_N07","symptomatic","fibroblast","C10",14.4596886733742,1.22869693546963
"GSM8121905_athero_human_12.txt.gz","Plate_178s_N08","symptomatic","fibroblast","C10",15.4195161616089,1.67143496710862
"GSM8121905_athero_human_12.txt.gz","Plate_178s_N09","symptomatic","vsmc","C8",12.1072418028534,-5.74930967474773
"GSM8121905_athero_human_12.txt.gz","Plate_178s_N10","symptomatic","fibroblast","C8",11.4901233460827,1.27787687015332
"GSM8121905_athero_human_12.txt.gz","Plate_178s_N11","symptomatic","vsmc","C8",11.343118398112,-0.950772014941442
"GSM8121905_athero_human_12.txt.gz","Plate_178s_N12","symptomatic","fibroblast","C10",11.3511183787476,3.77417255026163
"GSM8121905_athero_human_12.txt.gz","Plate_178s_N13","symptomatic","vsmc","C8",12.7782623883049,-5.22468279114863
"GSM8121905_athero_human_12.txt.gz","Plate_178s_N14","symptomatic","fibroblast","C10",17.2809120010278,-2.91842125609227
"GSM8121905_athero_human_12.txt.gz","Plate_178s_N16","symptomatic","fibroblast","C10",16.5743864812953,1.67897110733397
"GSM8121905_athero_human_12.txt.gz","Plate_178s_N17","symptomatic","fibroblast","C7",13.5423889203026,-8.52614406368752
"GSM8121905_athero_human_12.txt.gz","Plate_178s_N18","symptomatic","vsmc","C8",14.1940080984893,5.01677393078623
"GSM8121905_athero_human_12.txt.gz","Plate_178s_N19","symptomatic","fibroblast","C10",15.8299783888274,-3.23510690456943
"GSM8121905_athero_human_12.txt.gz","Plate_178s_N20","symptomatic","fibroblast","C10",16.3052829537128,0.860006715894623
"GSM8121905_athero_human_12.txt.gz","Plate_178s_N21","symptomatic","fibroblast","C10",12.2207107760026,-1.29583454344808
"GSM8121905_athero_human_12.txt.gz","Plate_178s_N22","symptomatic","vsmc","C10",18.8127215611285,0.0943072195129593
"GSM8121905_athero_human_12.txt.gz","Plate_178s_N24","symptomatic","vsmc","C10",18.0089186679243,2.56765735664482
"GSM8121905_athero_human_12.txt.gz","Plate_178s_O01","symptomatic","fibroblast","C10",16.9901723176665,-0.62497804645466
"GSM8121905_athero_human_12.txt.gz","Plate_178s_O03","symptomatic","fibroblast","C8",11.5361459601856,2.10258760805668
"GSM8121905_athero_human_12.txt.gz","Plate_178s_O04","symptomatic","fibroblast","C7",12.9247084952219,-9.65801589569071
"GSM8121905_athero_human_12.txt.gz","Plate_178s_O05","symptomatic","fibroblast","C10",11.9608103657827,4.28615515382523
"GSM8121905_athero_human_12.txt.gz","Plate_178s_O06","symptomatic","vsmc","C10",19.0635671712895,-2.84278735355273
"GSM8121905_athero_human_12.txt.gz","Plate_178s_O07","symptomatic","fibroblast","C10",16.2633639777143,-2.08838476514607
"GSM8121905_athero_human_12.txt.gz","Plate_178s_O08","symptomatic","fibroblast","C7",12.3758675162111,-12.3774669336568
"GSM8121905_athero_human_12.txt.gz","Plate_178s_O09","symptomatic","vsmc","C7",15.9048458435839,-9.04586089653099
"GSM8121905_athero_human_12.txt.gz","Plate_178s_O10","symptomatic","fibroblast","C8",9.7203365680925,-3.6541825636535
"GSM8121905_athero_human_12.txt.gz","Plate_178s_O11","symptomatic","vsmc","C8",11.5311415648257,4.26107647530119
"GSM8121905_athero_human_12.txt.gz","Plate_178s_O13","symptomatic","fibroblast","C7",13.970509746237,-7.19925752527737
"GSM8121905_athero_human_12.txt.gz","Plate_178s_O15","symptomatic","unassigned","C8",11.430276540459,1.50007888694245
"GSM8121905_athero_human_12.txt.gz","Plate_178s_O16","symptomatic","fibroblast","C10",17.0100608036234,-1.81922878422306
"GSM8121905_athero_human_12.txt.gz","Plate_178s_O17","symptomatic","fibroblast","C8",13.2831778534762,-5.43213898897121
"GSM8121905_athero_human_12.txt.gz","Plate_178s_O18","symptomatic","fibroblast","C10",14.609712714722,-3.38891376087944
"GSM8121905_athero_human_12.txt.gz","Plate_178s_O19","symptomatic","unassigned","C10",15.5608058594023,-0.0723302124484691
"GSM8121905_athero_human_12.txt.gz","Plate_178s_O20","symptomatic","vsmc","C8",12.5046733091418,-6.08928232925776
"GSM8121905_athero_human_12.txt.gz","Plate_178s_O21","symptomatic","unassigned","C7",11.1198582930312,-6.97038136673666
"GSM8121905_athero_human_12.txt.gz","Plate_178s_O22","symptomatic","fibroblast","C10",16.3867481611561,2.4588032136694
"GSM8121905_athero_human_12.txt.gz","Plate_178s_O23","symptomatic","fibroblast","C7",11.1674611140387,-8.67059338858891
"GSM8121905_athero_human_12.txt.gz","Plate_178s_O24","symptomatic","vsmc","C10",17.4867372248395,1.25507734645712
"GSM8121905_athero_human_12.txt.gz","Plate_178s_P01","symptomatic","vsmc","C8",12.0714719934164,6.86618880021266
"GSM8121905_athero_human_12.txt.gz","Plate_178s_P02","symptomatic","fibroblast","C10",14.2291681918242,-1.75004906157944
"GSM8121905_athero_human_12.txt.gz","Plate_178s_P03","symptomatic","vsmc","C10",12.8486925432735,-1.08568206171757
"GSM8121905_athero_human_12.txt.gz","Plate_178s_P05","symptomatic","fibroblast","C7",15.5553903668581,-6.06089220002253
"GSM8121905_athero_human_12.txt.gz","Plate_178s_P06","symptomatic","vsmc","C2",19.0679449636491,-2.60541887252217
"GSM8121905_athero_human_12.txt.gz","Plate_178s_P07","symptomatic","fibroblast","C10",16.4195906337792,0.156824582955824
"GSM8121905_athero_human_12.txt.gz","Plate_178s_P08","symptomatic","fibroblast","C10",16.3013793826949,1.44534366944288
"GSM8121905_athero_human_12.txt.gz","Plate_178s_P10","symptomatic","fibroblast","C8",10.5645824277553,-7.93727402756021
"GSM8121905_athero_human_12.txt.gz","Plate_178s_P12","symptomatic","vsmc","C2",18.2864856832896,-3.36874523829737
"GSM8121905_athero_human_12.txt.gz","Plate_178s_P13","symptomatic","fibroblast","C10",17.1080784232658,-5.31776323423047
"GSM8121905_athero_human_12.txt.gz","Plate_178s_P14","symptomatic","vsmc","C10",18.128528618868,-2.17375726384835
"GSM8121905_athero_human_12.txt.gz","Plate_178s_P16","symptomatic","fibroblast","C10",16.109746443484,1.69544726467701
"GSM8121905_athero_human_12.txt.gz","Plate_178s_P18","symptomatic","fibroblast","C7",10.2545200625594,-8.94043033993781
"GSM8121905_athero_human_12.txt.gz","Plate_178s_P19","symptomatic","vsmc","C10",17.4924030955554,-3.11503396307962
"GSM8121905_athero_human_12.txt.gz","Plate_178s_P20","symptomatic","endothelial","C6",9.25743601319999,18.1310036280541
"GSM8121905_athero_human_12.txt.gz","Plate_178s_P21","symptomatic","unassigned","C8",11.001468751597,-0.725394006777223
"GSM8121905_athero_human_12.txt.gz","Plate_178s_P22","symptomatic","fibroblast","C10",16.3486852264149,-0.677378381091908
"GSM8121905_athero_human_12.txt.gz","Plate_178s_P24","symptomatic","endothelial","C10",9.96729794042147,7.78636575476793
"GSM8121905_athero_human_12.txt.gz","Plate_179s_A01","symptomatic","macrophage","C5",-22.3700075588677,6.13754076928182
"GSM8121905_athero_human_12.txt.gz","Plate_179s_A04","symptomatic","macrophage","C3",-22.7212016540221,0.725514143256014
"GSM8121905_athero_human_12.txt.gz","Plate_179s_A05","symptomatic","macrophage","C3",-23.2741987533814,0.838649619804583
"GSM8121905_athero_human_12.txt.gz","Plate_179s_A06","symptomatic","macrophage","C5",-20.8210740910415,5.31537685093351
"GSM8121905_athero_human_12.txt.gz","Plate_179s_A07","symptomatic","macrophage","C3",-22.3380228169482,1.67204316977732
"GSM8121905_athero_human_12.txt.gz","Plate_179s_A08","symptomatic","macrophage","C3",-22.5139634349714,-1.9225230993228
"GSM8121905_athero_human_12.txt.gz","Plate_179s_A09","symptomatic","macrophage","C3",-17.8429203224205,-0.595968814434451
"GSM8121905_athero_human_12.txt.gz","Plate_179s_A10","symptomatic","macrophage","C3",-23.4416841105841,3.33082804093513
"GSM8121905_athero_human_12.txt.gz","Plate_179s_A11","symptomatic","macrophage","C5",-21.6790987097526,5.86221721498176
"GSM8121905_athero_human_12.txt.gz","Plate_179s_A12","symptomatic","macrophage","C3",-22.3635021739486,4.11608803806717
"GSM8121905_athero_human_12.txt.gz","Plate_179s_A13","symptomatic","macrophage","C3",-21.0475236909077,-2.29222948401674
"GSM8121905_athero_human_12.txt.gz","Plate_179s_A14","symptomatic","macrophage","C5",-22.5719742072265,1.24073270467217
"GSM8121905_athero_human_12.txt.gz","Plate_179s_A15","symptomatic","b_cell","C3",-22.3606216980326,-0.464002176082936
"GSM8121905_athero_human_12.txt.gz","Plate_179s_A16","symptomatic","macrophage","C3",-23.0342923315322,-0.220875010175356
"GSM8121905_athero_human_12.txt.gz","Plate_179s_A21","symptomatic","macrophage","C5",-20.6995643478212,4.48544314424207
"GSM8121905_athero_human_12.txt.gz","Plate_179s_A22","symptomatic","macrophage","C3",-23.1358434459567,0.762705201018485
"GSM8121905_athero_human_12.txt.gz","Plate_179s_A23","symptomatic","macrophage","C5",-20.6382257946808,2.53739811229749
"GSM8121905_athero_human_12.txt.gz","Plate_179s_A24","symptomatic","t_nk","C9",-20.2947760849505,-0.810826171370805
"GSM8121905_athero_human_12.txt.gz","Plate_179s_B01","symptomatic","macrophage","C3",-22.1003221687657,3.33636493842637
"GSM8121905_athero_human_12.txt.gz","Plate_179s_B03","symptomatic","mast","C9",-22.2205408428011,0.518735967862144
"GSM8121905_athero_human_12.txt.gz","Plate_179s_B04","symptomatic","macrophage","C3",-24.2909548973499,3.76696343701807
"GSM8121905_athero_human_12.txt.gz","Plate_179s_B05","symptomatic","macrophage","C3",-23.2462166631126,1.57586992523896
"GSM8121905_athero_human_12.txt.gz","Plate_179s_B06","symptomatic","macrophage","C3",-21.9829957822931,-0.278555522178717
"GSM8121905_athero_human_12.txt.gz","Plate_179s_B08","symptomatic","macrophage","C9",-21.9414472879284,-4.77112408990524
"GSM8121905_athero_human_12.txt.gz","Plate_179s_B09","symptomatic","macrophage","C5",-19.6731833740839,5.88529198611274
"GSM8121905_athero_human_12.txt.gz","Plate_179s_B12","symptomatic","macrophage","C3",-23.53796963462,1.31858021729571
"GSM8121905_athero_human_12.txt.gz","Plate_179s_B13","symptomatic","macrophage","C3",-22.8610492327687,-1.61209209553534
"GSM8121905_athero_human_12.txt.gz","Plate_179s_B18","symptomatic","macrophage","C3",-23.242003535065,1.39583442283651
"GSM8121905_athero_human_12.txt.gz","Plate_179s_B20","symptomatic","macrophage","C3",-22.091048156212,0.926064906036004
"GSM8121905_athero_human_12.txt.gz","Plate_179s_B21","symptomatic","macrophage","C3",-22.4717790954179,1.0052308892514
"GSM8121905_athero_human_12.txt.gz","Plate_179s_B23","symptomatic","macrophage","C3",-23.1542165344014,-2.62507935733834
"GSM8121905_athero_human_12.txt.gz","Plate_179s_C01","symptomatic","macrophage","C3",-22.4859564658937,1.90001181556795
"GSM8121905_athero_human_12.txt.gz","Plate_179s_C03","symptomatic","mast","C3",-22.8231786321402,-1.17704769618649
"GSM8121905_athero_human_12.txt.gz","Plate_179s_C07","symptomatic","b_cell","C3",-22.1655058993007,-3.84287698941398
"GSM8121905_athero_human_12.txt.gz","Plate_179s_C09","symptomatic","macrophage","C3",-20.7616091302526,-0.763849625770068
"GSM8121905_athero_human_12.txt.gz","Plate_179s_C10","symptomatic","macrophage","C3",-22.5898589222711,-3.20856731856649
"GSM8121905_athero_human_12.txt.gz","Plate_179s_C11","symptomatic","macrophage","C3",-22.9893573540969,0.408636241224699
"GSM8121905_athero_human_12.txt.gz","Plate_179s_C13","symptomatic","macrophage","C5",-22.7433905201763,2.31845643271471
"GSM8121905_athero_human_12.txt.gz","Plate_179s_C14","symptomatic","macrophage","C5",-19.9746813471884,5.6841280925945
"GSM8121905_athero_human_12.txt.gz","Plate_179s_C17","symptomatic","macrophage","C3",-21.7931740235507,-0.299005362365872
"GSM8121905_athero_human_12.txt.gz","Plate_179s_C20","symptomatic","macrophage","C3",-21.4951606996749,4.36705765050315
"GSM8121905_athero_human_12.txt.gz","Plate_179s_C22","symptomatic","macrophage","C3",-22.1084624172631,-2.23228161561805
"GSM8121905_athero_human_12.txt.gz","Plate_179s_C23","symptomatic","macrophage","C9",-21.2420454791572,-1.84822534167988
"GSM8121905_athero_human_12.txt.gz","Plate_179s_C24","symptomatic","macrophage","C3",-20.735851981083,-2.36664796470716
"GSM8121905_athero_human_12.txt.gz","Plate_179s_D03","symptomatic","mast","C3",-22.0038006920986,2.11064454919309
"GSM8121905_athero_human_12.txt.gz","Plate_179s_D04","symptomatic","t_nk","C1",-14.8874691645766,-1.64122770090239
"GSM8121905_athero_human_12.txt.gz","Plate_179s_D05","symptomatic","macrophage","C3",-22.5855373870918,-1.24830380502066
"GSM8121905_athero_human_12.txt.gz","Plate_179s_D06","symptomatic","t_nk","C3",-18.9592582319024,0.827157623898234
"GSM8121905_athero_human_12.txt.gz","Plate_179s_D07","symptomatic","macrophage","C3",-22.2158022958863,0.411550362174569
"GSM8121905_athero_human_12.txt.gz","Plate_179s_D08","symptomatic","unassigned","C3",-22.8890099368147,3.29037726916052
"GSM8121905_athero_human_12.txt.gz","Plate_179s_D09","symptomatic","unassigned","C3",-20.4359076028541,1.33016783277021
"GSM8121905_athero_human_12.txt.gz","Plate_179s_D10","symptomatic","macrophage","C3",-22.5533188916803,1.98531891777164
"GSM8121905_athero_human_12.txt.gz","Plate_179s_D11","symptomatic","macrophage","C3",-20.1882527140468,-1.94781016647371
"GSM8121905_athero_human_12.txt.gz","Plate_179s_D12","symptomatic","macrophage","C9",-17.9950636522198,-4.67769657641248
"GSM8121905_athero_human_12.txt.gz","Plate_179s_D13","symptomatic","macrophage","C3",-20.784089457569,-1.08849181061716
"GSM8121905_athero_human_12.txt.gz","Plate_179s_D14","symptomatic","macrophage","C3",-23.6163546726526,1.74543391612944
"GSM8121905_athero_human_12.txt.gz","Plate_179s_D15","symptomatic","b_cell","C3",-21.1111705305375,-1.98361787585528
"GSM8121905_athero_human_12.txt.gz","Plate_179s_D18","symptomatic","macrophage","C3",-22.9066727471562,-0.78218896246568
"GSM8121905_athero_human_12.txt.gz","Plate_179s_D19","symptomatic","macrophage","C3",-22.0655639493082,-2.37245121082581
"GSM8121905_athero_human_12.txt.gz","Plate_179s_D20","symptomatic","macrophage","C3",-22.2482651944017,1.86701827136476
"GSM8121905_athero_human_12.txt.gz","Plate_179s_D22","symptomatic","macrophage","C3",-21.8646284872565,0.823138782971007
"GSM8121905_athero_human_12.txt.gz","Plate_179s_D23","symptomatic","macrophage","C5",-23.158087686095,0.413118651578658
"GSM8121905_athero_human_12.txt.gz","Plate_179s_D24","symptomatic","macrophage","C3",-21.9361323849288,-2.63322087552594
"GSM8121905_athero_human_12.txt.gz","Plate_179s_E01","symptomatic","b_cell","C3",-22.5650976242397,-0.520682255854914
"GSM8121905_athero_human_12.txt.gz","Plate_179s_E03","symptomatic","mast","C3",-22.0362507268567,1.71229079725022
"GSM8121905_athero_human_12.txt.gz","Plate_179s_E04","symptomatic","macrophage","C3",-23.9475078341565,-1.95250792315447
"GSM8121905_athero_human_12.txt.gz","Plate_179s_E05","symptomatic","macrophage","C3",-22.0885865215494,-0.367329188228179
"GSM8121905_athero_human_12.txt.gz","Plate_179s_E06","symptomatic","macrophage","C3",-23.1800101316401,-2.25804466636921
"GSM8121905_athero_human_12.txt.gz","Plate_179s_E07","symptomatic","macrophage","C5",-22.4500177395676,1.47368758867369
"GSM8121905_athero_human_12.txt.gz","Plate_179s_E08","symptomatic","macrophage","C9",-21.1294098204934,0.272343398388273
"GSM8121905_athero_human_12.txt.gz","Plate_179s_E09","symptomatic","macrophage","C3",-21.5609322134122,0.857870947649127
"GSM8121905_athero_human_12.txt.gz","Plate_179s_E10","symptomatic","macrophage","C5",-22.3062891091918,1.78629024563401
"GSM8121905_athero_human_12.txt.gz","Plate_179s_E11","symptomatic","macrophage","C5",-20.3831478948887,2.59655849252048
"GSM8121905_athero_human_12.txt.gz","Plate_179s_E12","symptomatic","macrophage","C3",-23.4145093236661,-0.174296341559311
"GSM8121905_athero_human_12.txt.gz","Plate_179s_E14","symptomatic","macrophage","C3",-22.6084086581299,-1.48018510188011
"GSM8121905_athero_human_12.txt.gz","Plate_179s_E15","symptomatic","macrophage","C3",-20.6538033442626,4.81565457649869
"GSM8121905_athero_human_12.txt.gz","Plate_179s_E16","symptomatic","macrophage","C3",-20.3078470126078,1.41946442704645
"GSM8121905_athero_human_12.txt.gz","Plate_179s_E17","symptomatic","macrophage","C3",-22.124358120639,2.94220992094408
"GSM8121905_athero_human_12.txt.gz","Plate_179s_E18","symptomatic","macrophage","C3",-22.7565084156961,-1.3426421508718
"GSM8121905_athero_human_12.txt.gz","Plate_179s_E19","symptomatic","macrophage","C4",-19.2637598995422,-6.78851549446224
"GSM8121905_athero_human_12.txt.gz","Plate_179s_E20","symptomatic","macrophage","C9",-22.2949409589411,-3.89072569460074
"GSM8121905_athero_human_12.txt.gz","Plate_179s_E22","symptomatic","macrophage","C3",-22.8918892885977,-0.0070808483224662
"GSM8121905_athero_human_12.txt.gz","Plate_179s_E23","symptomatic","macrophage","C3",-23.3082673580307,1.34546666368797
"GSM8121905_athero_human_12.txt.gz","Plate_179s_F03","symptomatic","mast","C3",-19.688290350331,2.24724653516463
"GSM8121905_athero_human_12.txt.gz","Plate_179s_F04","symptomatic","macrophage","C5",-20.2595088293678,4.06905075126788
"GSM8121905_athero_human_12.txt.gz","Plate_179s_F05","symptomatic","macrophage","C3",-20.9912658537359,1.11175885357868
"GSM8121905_athero_human_12.txt.gz","Plate_179s_F06","symptomatic","macrophage","C3",-19.3237603388421,-0.546686931398249
"GSM8121905_athero_human_12.txt.gz","Plate_179s_F10","symptomatic","macrophage","C3",-19.3707775808878,2.61500198993336
"GSM8121905_athero_human_12.txt.gz","Plate_179s_F13","symptomatic","macrophage","C3",-17.575393415159,0.352633957876826
"GSM8121905_athero_human_12.txt.gz","Plate_179s_F14","symptomatic","macrophage","C5",-20.1785472939068,2.92119721718706
"GSM8121905_athero_human_12.txt.gz","Plate_179s_F17","symptomatic","macrophage","C5",-19.3486698363414,4.0362353018089
"GSM8121905_athero_human_12.txt.gz","Plate_179s_F20","symptomatic","macrophage","C5",-17.0725149808838,1.61141867990865
"GSM8121905_athero_human_12.txt.gz","Plate_179s_F22","symptomatic","macrophage","C3",-18.5425189294388,-1.3637062366163
"GSM8121905_athero_human_12.txt.gz","Plate_179s_F23","symptomatic","macrophage","C3",-20.1021097689141,0.408035681479087
"GSM8121905_athero_human_12.txt.gz","Plate_179s_G01","symptomatic","macrophage","C3",-22.1924018486218,-0.46344346950139
"GSM8121905_athero_human_12.txt.gz","Plate_179s_G03","symptomatic","mast","C3",-22.605931813984,2.36249748731019
"GSM8121905_athero_human_12.txt.gz","Plate_179s_G05","symptomatic","macrophage","C5",-21.8923057497703,7.26068944728663
"GSM8121905_athero_human_12.txt.gz","Plate_179s_G06","symptomatic","macrophage","C5",-21.7412615531401,2.20312857279202
"GSM8121905_athero_human_12.txt.gz","Plate_179s_G07","symptomatic","macrophage","C3",-21.6235265849398,-3.09419441384903
"GSM8121905_athero_human_12.txt.gz","Plate_179s_G09","symptomatic","macrophage","C5",-20.1751906512067,3.08149936403869
"GSM8121905_athero_human_12.txt.gz","Plate_179s_G11","symptomatic","macrophage","C3",-22.9455304264395,0.121978862526848
"GSM8121905_athero_human_12.txt.gz","Plate_179s_G12","symptomatic","macrophage","C3",-23.0552034243595,-2.55647019880412
"GSM8121905_athero_human_12.txt.gz","Plate_179s_G13","symptomatic","macrophage","C3",-22.3530347700158,3.46589592835893
"GSM8121905_athero_human_12.txt.gz","Plate_179s_G17","symptomatic","macrophage","C3",-24.0871603701297,-1.21118455190066
"GSM8121905_athero_human_12.txt.gz","Plate_179s_G18","symptomatic","macrophage","C3",-22.9018785133128,-2.73511932926413
"GSM8121905_athero_human_12.txt.gz","Plate_179s_G19","symptomatic","macrophage","C3",-22.1626765795801,-0.883716984394941
"GSM8121905_athero_human_12.txt.gz","Plate_179s_G20","symptomatic","macrophage","C3",-22.1694457274016,4.77949429767902
"GSM8121905_athero_human_12.txt.gz","Plate_179s_G21","symptomatic","macrophage","C3",-21.8935845813959,-0.603144165146748
"GSM8121905_athero_human_12.txt.gz","Plate_179s_G22","symptomatic","macrophage","C3",-21.808924694517,2.03133676775425
"GSM8121905_athero_human_12.txt.gz","Plate_179s_G23","symptomatic","macrophage","C3",-23.4273117244036,-1.98767422332386
"GSM8121905_athero_human_12.txt.gz","Plate_179s_G24","symptomatic","macrophage","C3",-22.0184102354447,-2.03242945833587
"GSM8121905_athero_human_12.txt.gz","Plate_179s_H01","symptomatic","macrophage","C3",-22.3867915341764,0.740548426052113
"GSM8121905_athero_human_12.txt.gz","Plate_179s_H03","symptomatic","macrophage","C3",-21.9705471682558,3.24634673562349
"GSM8121905_athero_human_12.txt.gz","Plate_179s_H04","symptomatic","macrophage","C3",-21.6847764295292,4.76074120578266
"GSM8121905_athero_human_12.txt.gz","Plate_179s_H05","symptomatic","macrophage","C3",-22.0657815561056,1.25994972007339
"GSM8121905_athero_human_12.txt.gz","Plate_179s_H06","symptomatic","macrophage","C5",-20.8803118685424,1.11067097166467
"GSM8121905_athero_human_12.txt.gz","Plate_179s_H07","symptomatic","macrophage","C3",-22.1920116480645,1.50816300311256
"GSM8121905_athero_human_12.txt.gz","Plate_179s_H08","symptomatic","macrophage","C3",-22.0870311496605,4.10225202448991
"GSM8121905_athero_human_12.txt.gz","Plate_179s_H09","symptomatic","macrophage","C4",-19.8376080206105,-4.53549129207391
"GSM8121905_athero_human_12.txt.gz","Plate_179s_H10","symptomatic","macrophage","C5",-18.3897781097974,4.0332359626886
"GSM8121905_athero_human_12.txt.gz","Plate_179s_H12","symptomatic","macrophage","C3",-21.0470015511087,-3.80931049259717
"GSM8121905_athero_human_12.txt.gz","Plate_179s_H13","symptomatic","macrophage","C3",-23.3022664652456,0.641985432487464
"GSM8121905_athero_human_12.txt.gz","Plate_179s_H15","symptomatic","macrophage","C3",-22.6893603264509,-0.145384836727623
"GSM8121905_athero_human_12.txt.gz","Plate_179s_H16","symptomatic","macrophage","C3",-21.8560478107091,-1.54349207720121
"GSM8121905_athero_human_12.txt.gz","Plate_179s_H18","symptomatic","macrophage","C3",-23.2629796609552,1.42111686933375
"GSM8121905_athero_human_12.txt.gz","Plate_179s_H20","symptomatic","macrophage","C3",-20.4136688866568,0.203535596362196
"GSM8121905_athero_human_12.txt.gz","Plate_179s_H23","symptomatic","macrophage","C5",-22.1138870249479,3.12441532676892
"GSM8121905_athero_human_12.txt.gz","Plate_179s_I01","symptomatic","unassigned","C3",-21.9507172331426,-0.398974203840473
"GSM8121905_athero_human_12.txt.gz","Plate_179s_I03","symptomatic","mast","C3",-21.2558131721387,-4.14772483862856
"GSM8121905_athero_human_12.txt.gz","Plate_179s_I05","symptomatic","macrophage","C3",-21.3277757162358,-1.28348903507309
"GSM8121905_athero_human_12.txt.gz","Plate_179s_I06","symptomatic","macrophage","C3",-22.5163026657803,1.16365836392384
"GSM8121905_athero_human_12.txt.gz","Plate_179s_I09","symptomatic","macrophage","C3",-22.039939352199,1.67150908389393
"GSM8121905_athero_human_12.txt.gz","Plate_179s_I11","symptomatic","macrophage","C3",-23.6026035449031,-2.8548179999682
"GSM8121905_athero_human_12.txt.gz","Plate_179s_I12","symptomatic","macrophage","C3",-22.0814770734072,2.26506926724541
"GSM8121905_athero_human_12.txt.gz","Plate_179s_I15","symptomatic","macrophage","C3",-22.4455177587636,-1.06042586670146
"GSM8121905_athero_human_12.txt.gz","Plate_179s_I17","symptomatic","macrophage","C3",-22.4189065939934,-2.5422405000415
"GSM8121905_athero_human_12.txt.gz","Plate_179s_I18","symptomatic","macrophage","C3",-22.4680462864684,0.26714382219113
"GSM8121905_athero_human_12.txt.gz","Plate_179s_I21","symptomatic","macrophage","C5",-22.0157616386988,3.27317294691051
"GSM8121905_athero_human_12.txt.gz","Plate_179s_I22","symptomatic","macrophage","C3",-21.5262462158938,-2.36263994718674
"GSM8121905_athero_human_12.txt.gz","Plate_179s_I23","symptomatic","macrophage","C3",-22.351063077396,3.83530040324831
"GSM8121905_athero_human_12.txt.gz","Plate_179s_I24","symptomatic","macrophage","C3",-22.1703892919978,-1.24452016990943
"GSM8121905_athero_human_12.txt.gz","Plate_179s_J02","symptomatic","b_cell","C3",-22.9880872686524,0.126027797576473
"GSM8121905_athero_human_12.txt.gz","Plate_179s_J03","symptomatic","macrophage","C3",-22.1375836612462,4.75997968730591
"GSM8121905_athero_human_12.txt.gz","Plate_179s_J05","symptomatic","macrophage","C3",-23.4960477810513,0.74816608469998
"GSM8121905_athero_human_12.txt.gz","Plate_179s_J06","symptomatic","macrophage","C3",-21.7094601750636,-0.263851005227605
"GSM8121905_athero_human_12.txt.gz","Plate_179s_J08","symptomatic","macrophage","C3",-23.2470060480894,3.1644171412402
"GSM8121905_athero_human_12.txt.gz","Plate_179s_J09","symptomatic","macrophage","C5",-20.6614383317839,3.25478492851115
"GSM8121905_athero_human_12.txt.gz","Plate_179s_J10","symptomatic","macrophage","C3",-22.3348997141793,0.757891084461863
"GSM8121905_athero_human_12.txt.gz","Plate_179s_J11","symptomatic","macrophage","C3",-21.9167517782348,1.58890808918898
"GSM8121905_athero_human_12.txt.gz","Plate_179s_J14","symptomatic","macrophage","C5",-22.7342870935616,2.6251441960502
"GSM8121905_athero_human_12.txt.gz","Plate_179s_J15","symptomatic","macrophage","C3",-23.4459373150901,1.3457275822915
"GSM8121905_athero_human_12.txt.gz","Plate_179s_J16","symptomatic","macrophage","C5",-20.6764378377141,3.44706988014319
"GSM8121905_athero_human_12.txt.gz","Plate_179s_J17","symptomatic","macrophage","C3",-21.6965422054786,1.07136363928148
"GSM8121905_athero_human_12.txt.gz","Plate_179s_J18","symptomatic","macrophage","C5",-23.1405890644039,3.67142095557287
"GSM8121905_athero_human_12.txt.gz","Plate_179s_J22","symptomatic","macrophage","C3",-21.5545661959312,3.88450257004282
"GSM8121905_athero_human_12.txt.gz","Plate_179s_J23","symptomatic","macrophage","C3",-23.7346719970685,2.65978430057762
"GSM8121905_athero_human_12.txt.gz","Plate_179s_K01","symptomatic","mast","C3",-22.3268226466607,4.66109576936473
"GSM8121905_athero_human_12.txt.gz","Plate_179s_K03","symptomatic","mast","C5",-14.4904522290207,3.21423677542704
"GSM8121905_athero_human_12.txt.gz","Plate_179s_K04","symptomatic","mast","C3",-21.5063847299288,1.14707288601245
"GSM8121905_athero_human_12.txt.gz","Plate_179s_K05","symptomatic","mast","C3",-23.0533282436812,0.981956233627359
"GSM8121905_athero_human_12.txt.gz","Plate_179s_K06","symptomatic","mast","C3",-22.6684122049953,1.32073406551052
"GSM8121905_athero_human_12.txt.gz","Plate_179s_K07","symptomatic","unassigned","C3",-21.0072435865554,-2.0291616195508
"GSM8121905_athero_human_12.txt.gz","Plate_179s_K08","symptomatic","mast","C3",-22.6204886654974,2.62112391693231
"GSM8121905_athero_human_12.txt.gz","Plate_179s_K10","symptomatic","mast","C3",-22.8276648898165,1.02869707504785
"GSM8121905_athero_human_12.txt.gz","Plate_179s_K11","symptomatic","macrophage","C5",-20.6211554739814,6.83981951598505
"GSM8121905_athero_human_12.txt.gz","Plate_179s_K12","symptomatic","mast","C3",-23.7343442420428,4.37355186662081
"GSM8121905_athero_human_12.txt.gz","Plate_179s_K13","symptomatic","mast","C5",-22.3393024642861,2.05811684088693
"GSM8121905_athero_human_12.txt.gz","Plate_179s_K14","symptomatic","mast","C4",-21.8944041204953,-4.23658960527546
"GSM8121905_athero_human_12.txt.gz","Plate_179s_K15","symptomatic","mast","C4",-20.5317744224509,-5.70922078159337
"GSM8121905_athero_human_12.txt.gz","Plate_179s_K18","symptomatic","mast","C5",-20.5153354951336,5.61066991449511
"GSM8121905_athero_human_12.txt.gz","Plate_179s_K20","symptomatic","mast","C3",-21.8283332185152,-0.979359322820376
"GSM8121905_athero_human_12.txt.gz","Plate_179s_K22","symptomatic","mast","C3",-21.7375681963765,4.64600283717797
"GSM8121905_athero_human_12.txt.gz","Plate_179s_K24","symptomatic","t_nk","C1",-16.7725000036398,-0.629448003229258
"GSM8121905_athero_human_12.txt.gz","Plate_179s_L01","symptomatic","macrophage","C3",-21.9019266595223,4.50704201259319
"GSM8121905_athero_human_12.txt.gz","Plate_179s_L02","symptomatic","macrophage","C3",-22.675751647548,1.15308487811574
"GSM8121905_athero_human_12.txt.gz","Plate_179s_L03","symptomatic","mast","C3",-21.6159097345621,0.979637624169962
"GSM8121905_athero_human_12.txt.gz","Plate_179s_L04","symptomatic","macrophage","C3",-21.34293201081,0.385584998068022
"GSM8121905_athero_human_12.txt.gz","Plate_179s_L05","symptomatic","macrophage","C3",-19.8459159837011,-1.15981404513659
"GSM8121905_athero_human_12.txt.gz","Plate_179s_L06","symptomatic","macrophage","C3",-23.7857863224372,0.80957374606363
"GSM8121905_athero_human_12.txt.gz","Plate_179s_L08","symptomatic","macrophage","C3",-22.7834608861886,-3.01923450989001
"GSM8121905_athero_human_12.txt.gz","Plate_179s_L09","symptomatic","macrophage","C3",-21.7835743331818,2.27635396753912
"GSM8121905_athero_human_12.txt.gz","Plate_179s_L10","symptomatic","macrophage","C3",-22.4013230495944,1.13624966271263
"GSM8121905_athero_human_12.txt.gz","Plate_179s_L11","symptomatic","macrophage","C5",-18.525995892766,2.54330930085727
"GSM8121905_athero_human_12.txt.gz","Plate_179s_L12","symptomatic","macrophage","C3",-20.6448229446661,3.24895984375245
"GSM8121905_athero_human_12.txt.gz","Plate_179s_L13","symptomatic","macrophage","C3",-22.5347242573308,-1.37679614379813
"GSM8121905_athero_human_12.txt.gz","Plate_179s_L16","symptomatic","macrophage","C3",-23.2752154355648,1.34930045496009
"GSM8121905_athero_human_12.txt.gz","Plate_179s_L17","symptomatic","macrophage","C5",-19.8669964884891,6.38680389136262
"GSM8121905_athero_human_12.txt.gz","Plate_179s_L18","symptomatic","b_cell","C9",-17.7688783743949,-5.03987484767061
"GSM8121905_athero_human_12.txt.gz","Plate_179s_L19","symptomatic","macrophage","C3",-22.123458127708,-0.498280014053774
"GSM8121905_athero_human_12.txt.gz","Plate_179s_L20","symptomatic","t_nk","C3",-19.3092094625971,0.255127164130652
"GSM8121905_athero_human_12.txt.gz","Plate_179s_L22","symptomatic","t_nk","C1",-17.3947509596259,2.33740605605136
"GSM8121905_athero_human_12.txt.gz","Plate_179s_L23","symptomatic","macrophage","C3",-22.2575568637468,-0.178300787867345
"GSM8121905_athero_human_12.txt.gz","Plate_179s_L24","symptomatic","macrophage","C3",-22.2629476046603,1.3671498489186
"GSM8121905_athero_human_12.txt.gz","Plate_179s_M01","symptomatic","macrophage","C3",-22.5745765164649,2.35000730541328
"GSM8121905_athero_human_12.txt.gz","Plate_179s_M02","symptomatic","b_cell","C3",-22.3760115557531,0.396843664440865
"GSM8121905_athero_human_12.txt.gz","Plate_179s_M03","symptomatic","mast","C5",-19.7446690735797,4.11717562359773
"GSM8121905_athero_human_12.txt.gz","Plate_179s_M04","symptomatic","macrophage","C3",-22.982273156725,-0.700917517116506
"GSM8121905_athero_human_12.txt.gz","Plate_179s_M06","symptomatic","macrophage","C5",-22.526625445921,1.72927636951263
"GSM8121905_athero_human_12.txt.gz","Plate_179s_M08","symptomatic","macrophage","C3",-22.51399566759,3.35380745987782
"GSM8121905_athero_human_12.txt.gz","Plate_179s_M10","symptomatic","macrophage","C3",-20.292497257933,4.33423069468427
"GSM8121905_athero_human_12.txt.gz","Plate_179s_M11","symptomatic","macrophage","C3",-22.1791793113318,-2.72611157483262
"GSM8121905_athero_human_12.txt.gz","Plate_179s_M12","symptomatic","macrophage","C3",-22.2051392892257,0.912637889332577
"GSM8121905_athero_human_12.txt.gz","Plate_179s_M13","symptomatic","macrophage","C3",-23.5846082174035,4.02656199509028
"GSM8121905_athero_human_12.txt.gz","Plate_179s_M15","symptomatic","macrophage","C3",-20.8092690702642,1.51595080087456
"GSM8121905_athero_human_12.txt.gz","Plate_179s_M16","symptomatic","macrophage","C3",-22.1584030375373,0.329696512571526
"GSM8121905_athero_human_12.txt.gz","Plate_179s_M20","symptomatic","macrophage","C3",-21.6818679090034,1.90144592711087
"GSM8121905_athero_human_12.txt.gz","Plate_179s_M21","symptomatic","macrophage","C3",-22.8291025293213,-0.542660870037645
"GSM8121905_athero_human_12.txt.gz","Plate_179s_M22","symptomatic","macrophage","C3",-21.7634324475343,-2.44514899378456
"GSM8121905_athero_human_12.txt.gz","Plate_179s_M23","symptomatic","macrophage","C3",-21.8090592266452,-1.93468518649997
"GSM8121905_athero_human_12.txt.gz","Plate_179s_N01","symptomatic","macrophage","C3",-21.4516471121063,-0.745312595315554
"GSM8121905_athero_human_12.txt.gz","Plate_179s_N02","symptomatic","macrophage","C3",-20.6855229130423,-3.55005381744868
"GSM8121905_athero_human_12.txt.gz","Plate_179s_N03","symptomatic","mast","C3",-22.9180433448248,0.157005038084317
"GSM8121905_athero_human_12.txt.gz","Plate_179s_N04","symptomatic","macrophage","C3",-21.2666847204933,-2.88096379004979
"GSM8121905_athero_human_12.txt.gz","Plate_179s_N05","symptomatic","macrophage","C3",-21.5659996437097,0.517518664459802
"GSM8121905_athero_human_12.txt.gz","Plate_179s_N06","symptomatic","macrophage","C3",-22.8109658770069,2.58401168209918
"GSM8121905_athero_human_12.txt.gz","Plate_179s_N07","symptomatic","macrophage","C3",-22.5347964260511,0.803177440202118
"GSM8121905_athero_human_12.txt.gz","Plate_179s_N08","symptomatic","macrophage","C3",-22.7376321373853,2.00942597890259
"GSM8121905_athero_human_12.txt.gz","Plate_179s_N09","symptomatic","macrophage","C3",-20.7632591528864,-0.667637137251696
"GSM8121905_athero_human_12.txt.gz","Plate_179s_N10","symptomatic","unassigned","C3",-22.3700864568138,3.01921538428508
"GSM8121905_athero_human_12.txt.gz","Plate_179s_N11","symptomatic","macrophage","C3",-20.8831592741428,6.15144651623688
"GSM8121905_athero_human_12.txt.gz","Plate_179s_N13","symptomatic","macrophage","C3",-22.7381209639472,4.03633109488962
"GSM8121905_athero_human_12.txt.gz","Plate_179s_N14","symptomatic","macrophage","C3",-23.544498588229,2.69172275828679
"GSM8121905_athero_human_12.txt.gz","Plate_179s_N16","symptomatic","macrophage","C3",-18.3772741104493,-1.01948009731469
"GSM8121905_athero_human_12.txt.gz","Plate_179s_N17","symptomatic","macrophage","C3",-19.1533773736736,0.589249529440111
"GSM8121905_athero_human_12.txt.gz","Plate_179s_N19","symptomatic","macrophage","C3",-22.6498617375536,3.44632184429039
"GSM8121905_athero_human_12.txt.gz","Plate_179s_N20","symptomatic","macrophage","C3",-22.0007848567733,2.9452123261445
"GSM8121905_athero_human_12.txt.gz","Plate_179s_N22","symptomatic","macrophage","C9",-18.6596080138873,-1.3191190589605
"GSM8121905_athero_human_12.txt.gz","Plate_179s_N23","symptomatic","macrophage","C3",-21.9376039165279,1.64096783590252
"GSM8121905_athero_human_12.txt.gz","Plate_179s_N24","symptomatic","macrophage","C3",-20.3824922852201,-2.67625999445647
"GSM8121905_athero_human_12.txt.gz","Plate_179s_O01","symptomatic","macrophage","C3",-23.8082567104309,3.51580884890072
"GSM8121905_athero_human_12.txt.gz","Plate_179s_O02","symptomatic","b_cell","C3",-23.3404368249127,1.93746767521276
"GSM8121905_athero_human_12.txt.gz","Plate_179s_O03","symptomatic","mast","C3",-21.6301044601759,2.14672666507577
"GSM8121905_athero_human_12.txt.gz","Plate_179s_O04","symptomatic","unassigned","C3",-22.7806133696679,-0.654281644047629
"GSM8121905_athero_human_12.txt.gz","Plate_179s_O07","symptomatic","macrophage","C3",-23.2893063218534,0.0965168639530174
"GSM8121905_athero_human_12.txt.gz","Plate_179s_O08","symptomatic","macrophage","C3",-23.0926251098327,3.85405419672322
"GSM8121905_athero_human_12.txt.gz","Plate_179s_O09","symptomatic","b_cell","C3",-21.035981810222,0.958729094520062
"GSM8121905_athero_human_12.txt.gz","Plate_179s_O10","symptomatic","macrophage","C3",-21.9237863846375,3.41869372282622
"GSM8121905_athero_human_12.txt.gz","Plate_179s_O11","symptomatic","macrophage","C3",-21.4441408075687,0.326574388225723
"GSM8121905_athero_human_12.txt.gz","Plate_179s_O12","symptomatic","macrophage","C3",-23.1343477272071,2.96377950505636
"GSM8121905_athero_human_12.txt.gz","Plate_179s_O13","symptomatic","macrophage","C3",-21.5617282197391,1.11538752604176
"GSM8121905_athero_human_12.txt.gz","Plate_179s_O14","symptomatic","macrophage","C5",-22.5977315251735,4.1427095745133
"GSM8121905_athero_human_12.txt.gz","Plate_179s_O15","symptomatic","macrophage","C3",-22.2628782200185,2.51915516805135
"GSM8121905_athero_human_12.txt.gz","Plate_179s_O17","symptomatic","t_nk","C1",-16.3261111915015,-0.899772864471902
"GSM8121905_athero_human_12.txt.gz","Plate_179s_O18","symptomatic","macrophage","C5",-20.9094360833076,6.81967484760372
"GSM8121905_athero_human_12.txt.gz","Plate_179s_O19","symptomatic","unassigned","C3",-23.4627276723657,2.8041881873803
"GSM8121905_athero_human_12.txt.gz","Plate_179s_O21","symptomatic","macrophage","C3",-22.8166869689909,1.61863697863097
"GSM8121905_athero_human_12.txt.gz","Plate_179s_O22","symptomatic","t_nk","C3",-22.22828879675,4.66004363218865
"GSM8121905_athero_human_12.txt.gz","Plate_179s_O23","symptomatic","t_nk","C9",-20.5029496083641,-0.499910816309541
"GSM8121905_athero_human_12.txt.gz","Plate_179s_O24","symptomatic","macrophage","C4",-21.0980015968981,-4.46792215123971
"GSM8121905_athero_human_12.txt.gz","Plate_179s_P01","symptomatic","macrophage","C3",-21.2751737872519,0.486867275382921
"GSM8121905_athero_human_12.txt.gz","Plate_179s_P02","symptomatic","macrophage","C3",-21.9987164571847,0.342782378782102
"GSM8121905_athero_human_12.txt.gz","Plate_179s_P04","symptomatic","macrophage","C3",-22.1902838518456,-2.30310205170658
"GSM8121905_athero_human_12.txt.gz","Plate_179s_P07","symptomatic","macrophage","C3",-21.6169617666026,2.2584025070273
"GSM8121905_athero_human_12.txt.gz","Plate_179s_P09","symptomatic","macrophage","C5",-19.4930189270209,5.46160318003372
"GSM8121905_athero_human_12.txt.gz","Plate_179s_P10","symptomatic","macrophage","C3",-21.4897136033961,0.675697675187656
"GSM8121905_athero_human_12.txt.gz","Plate_179s_P12","symptomatic","macrophage","C3",-21.7628094715173,-1.37945445930568
"GSM8121905_athero_human_12.txt.gz","Plate_179s_P13","symptomatic","macrophage","C3",-21.0466044276145,-1.27568940053632
"GSM8121905_athero_human_12.txt.gz","Plate_179s_P14","symptomatic","macrophage","C3",-20.6013338128451,-2.07148848845739
"GSM8121905_athero_human_12.txt.gz","Plate_179s_P15","symptomatic","macrophage","C3",-22.9726062545144,-0.0461473023339609
"GSM8121905_athero_human_12.txt.gz","Plate_179s_P16","symptomatic","macrophage","C5",-22.6910362151409,2.88203988821358
"GSM8121905_athero_human_12.txt.gz","Plate_179s_P18","symptomatic","macrophage","C3",-21.113385962195,3.19435557805731
"GSM8121905_athero_human_12.txt.gz","Plate_179s_P19","symptomatic","macrophage","C3",-22.730746807158,2.75521650307779
"GSM8121905_athero_human_12.txt.gz","Plate_179s_P20","symptomatic","macrophage","C5",-20.6383571981145,5.34936478408994
"GSM8121905_athero_human_12.txt.gz","Plate_179s_P21","symptomatic","macrophage","C3",-22.903608334647,2.44020211393737
"GSM8121906_athero_human_13.txt.gz","Plate_588s_A01","asymptomatic","vsmc","C2",16.2700991626099,-9.66009386916026
"GSM8121906_athero_human_13.txt.gz","Plate_588s_A02","asymptomatic","vsmc","C2",18.0687475861138,-3.26204636485195
"GSM8121906_athero_human_13.txt.gz","Plate_588s_A03","asymptomatic","fibroblast","C10",17.4535713711791,3.00709330559655
"GSM8121906_athero_human_13.txt.gz","Plate_588s_A04","asymptomatic","fibroblast","C10",19.9715744695175,-1.91233310320521
"GSM8121906_athero_human_13.txt.gz","Plate_588s_A05","asymptomatic","vsmc","C2",13.885815913733,-10.0245220774409
"GSM8121906_athero_human_13.txt.gz","Plate_588s_A06","asymptomatic","vsmc","C2",15.656504219976,-8.02577524523072
"GSM8121906_athero_human_13.txt.gz","Plate_588s_A07","asymptomatic","vsmc","C7",14.3732185165364,-12.0329146195221
"GSM8121906_athero_human_13.txt.gz","Plate_588s_A08","asymptomatic","fibroblast","C2",18.6103893923643,-3.65276817978736
"GSM8121906_athero_human_13.txt.gz","Plate_588s_A09","asymptomatic","vsmc","C2",19.1481577559842,-2.76017411969731
"GSM8121906_athero_human_13.txt.gz","Plate_588s_A10","asymptomatic","vsmc","C2",15.1325884751491,-7.41569478904932
"GSM8121906_athero_human_13.txt.gz","Plate_588s_A11","asymptomatic","fibroblast","C8",14.2065486439496,-0.440392045818647
"GSM8121906_athero_human_13.txt.gz","Plate_588s_A12","asymptomatic","fibroblast","C8",10.479838896759,-3.44394706888139
"GSM8121906_athero_human_13.txt.gz","Plate_588s_A13","asymptomatic","vsmc","C7",11.2478763026684,-9.54772931374702
"GSM8121906_athero_human_13.txt.gz","Plate_588s_A14","asymptomatic","fibroblast","C8",11.0102709719227,-8.96604435738993
"GSM8121906_athero_human_13.txt.gz","Plate_588s_A15","asymptomatic","vsmc","C2",18.1107189910281,-3.02750352447319
"GSM8121906_athero_human_13.txt.gz","Plate_588s_A17","asymptomatic","fibroblast","C2",17.2905099278162,-3.82778901098323
"GSM8121906_athero_human_13.txt.gz","Plate_588s_A18","asymptomatic","vsmc","C2",16.8736653994244,-4.36909660111844
"GSM8121906_athero_human_13.txt.gz","Plate_588s_A20","asymptomatic","fibroblast","C10",14.8844716744847,5.70602754419969
"GSM8121906_athero_human_13.txt.gz","Plate_588s_A21","asymptomatic","fibroblast","C7",17.4079789244401,-9.90220745199987
"GSM8121906_athero_human_13.txt.gz","Plate_588s_A22","asymptomatic","macrophage","C4",-7.19279507623375,-10.8190552115802
"GSM8121906_athero_human_13.txt.gz","Plate_588s_A23","asymptomatic","fibroblast","C7",17.0320313185066,-6.24095714367555
"GSM8121906_athero_human_13.txt.gz","Plate_588s_A24","asymptomatic","vsmc","C2",17.3594671617862,-5.10048536504129
"GSM8121906_athero_human_13.txt.gz","Plate_588s_B01","asymptomatic","vsmc","C2",15.6039514443247,-7.13474235883554
"GSM8121906_athero_human_13.txt.gz","Plate_588s_B02","asymptomatic","fibroblast","C8",11.4359926303697,-1.26893206185086
"GSM8121906_athero_human_13.txt.gz","Plate_588s_B03","asymptomatic","macrophage","C4",-12.9700751856112,-11.595540784022
"GSM8121906_athero_human_13.txt.gz","Plate_588s_B04","asymptomatic","vsmc","C2",12.0767705252837,-10.1477363552823
"GSM8121906_athero_human_13.txt.gz","Plate_588s_B05","asymptomatic","vsmc","C2",13.4145261463347,-8.322909356616
"GSM8121906_athero_human_13.txt.gz","Plate_588s_B06","asymptomatic","mast","C2",16.7065041817959,-3.73783629883139
"GSM8121906_athero_human_13.txt.gz","Plate_588s_B07","asymptomatic","vsmc","C2",16.5422434053346,-4.76554529661423
"GSM8121906_athero_human_13.txt.gz","Plate_588s_B08","asymptomatic","vsmc","C2",18.6523661325168,-1.87224507250952
"GSM8121906_athero_human_13.txt.gz","Plate_588s_B09","asymptomatic","unassigned","C2",14.2211558172808,-5.25659843397491
"GSM8121906_athero_human_13.txt.gz","Plate_588s_B10","asymptomatic","fibroblast","C7",12.8812391922484,-15.823696055339
"GSM8121906_athero_human_13.txt.gz","Plate_588s_B11","asymptomatic","vsmc","C2",17.172187098806,-3.24414401370784
"GSM8121906_athero_human_13.txt.gz","Plate_588s_B12","asymptomatic","vsmc","C2",15.9547154657594,-7.4654551212903
"GSM8121906_athero_human_13.txt.gz","Plate_588s_B13","asymptomatic","macrophage","C4",-15.4337096576692,-5.59652272455262
"GSM8121906_athero_human_13.txt.gz","Plate_588s_B14","asymptomatic","vsmc","C2",16.9861349194788,-7.42593804476363
"GSM8121906_athero_human_13.txt.gz","Plate_588s_B15","asymptomatic","vsmc","C2",17.9311278938431,-4.20655411017382
"GSM8121906_athero_human_13.txt.gz","Plate_588s_B16","asymptomatic","vsmc","C2",16.2778772719329,-6.10270145279959
"GSM8121906_athero_human_13.txt.gz","Plate_588s_B17","asymptomatic","fibroblast","C10",20.3049614514212,1.32262464968587
"GSM8121906_athero_human_13.txt.gz","Plate_588s_B18","asymptomatic","fibroblast","C10",14.2205679428702,-0.321327031376946
"GSM8121906_athero_human_13.txt.gz","Plate_588s_B19","asymptomatic","vsmc","C2",15.8009855790723,-7.87332320083704
"GSM8121906_athero_human_13.txt.gz","Plate_588s_B20","asymptomatic","unassigned","C2",14.4865297279624,-3.72552052338997
"GSM8121906_athero_human_13.txt.gz","Plate_588s_B21","asymptomatic","vsmc","C2",15.5007076890448,-7.06226709725248
"GSM8121906_athero_human_13.txt.gz","Plate_588s_B22","asymptomatic","vsmc","C2",16.2943314030979,-5.98939172052904
"GSM8121906_athero_human_13.txt.gz","Plate_588s_B23","asymptomatic","fibroblast","C2",16.8069547182805,-5.20277289250119
"GSM8121906_athero_human_13.txt.gz","Plate_588s_B24","asymptomatic","fibroblast","C10",14.935790041846,1.72985611400876
"GSM8121906_athero_human_13.txt.gz","Plate_588s_C01","asymptomatic","vsmc","C2",13.9399357512078,-6.78138783425304
"GSM8121906_athero_human_13.txt.gz","Plate_588s_C02","asymptomatic","fibroblast","C10",19.7742899422866,-0.223059712864157
"GSM8121906_athero_human_13.txt.gz","Plate_588s_C03","asymptomatic","macrophage","C4",-13.7493750350347,-10.1174586852594
"GSM8121906_athero_human_13.txt.gz","Plate_588s_C05","asymptomatic","vsmc","C2",17.0834669528309,-6.9457951296852
"GSM8121906_athero_human_13.txt.gz","Plate_588s_C06","asymptomatic","fibroblast","C7",14.8390040302729,-7.10302745064896
"GSM8121906_athero_human_13.txt.gz","Plate_588s_C07","asymptomatic","vsmc","C2",16.8723043484704,-5.7876105198505
"GSM8121906_athero_human_13.txt.gz","Plate_588s_C08","asymptomatic","vsmc","C7",11.668120476551,-13.3918561392703
"GSM8121906_athero_human_13.txt.gz","Plate_588s_C10","asymptomatic","macrophage","C9",-18.8337576252996,-7.17198850158635
"GSM8121906_athero_human_13.txt.gz","Plate_588s_C11","asymptomatic","vsmc","C2",16.9915594735648,3.82437617345598
"GSM8121906_athero_human_13.txt.gz","Plate_588s_C13","asymptomatic","unassigned","C10",17.6359083166496,-2.92175595524622
"GSM8121906_athero_human_13.txt.gz","Plate_588s_C15","asymptomatic","vsmc","C2",19.1064471043813,-3.29017307534734
"GSM8121906_athero_human_13.txt.gz","Plate_588s_C16","asymptomatic","vsmc","C2",16.1805247117718,-8.49956715140774
"GSM8121906_athero_human_13.txt.gz","Plate_588s_C17","asymptomatic","fibroblast","C2",18.0877620436442,-0.825987461252075
"GSM8121906_athero_human_13.txt.gz","Plate_588s_C18","asymptomatic","vsmc","C2",14.293300820911,-7.8570776482322
"GSM8121906_athero_human_13.txt.gz","Plate_588s_C19","asymptomatic","unassigned","C8",16.1450620769695,0.721162678276206
"GSM8121906_athero_human_13.txt.gz","Plate_588s_C20","asymptomatic","fibroblast","C8",11.1059965863338,-4.19683706418115
"GSM8121906_athero_human_13.txt.gz","Plate_588s_C21","asymptomatic","vsmc","C2",17.9816726890182,4.53500945106016
"GSM8121906_athero_human_13.txt.gz","Plate_588s_C22","asymptomatic","vsmc","C2",17.1954331304678,-4.95767673590088
"GSM8121906_athero_human_13.txt.gz","Plate_588s_C23","asymptomatic","vsmc","C2",15.7473543502726,-2.90466011560387
"GSM8121906_athero_human_13.txt.gz","Plate_588s_C24","asymptomatic","fibroblast","C7",11.9467592466763,-11.3609474021506
"GSM8121906_athero_human_13.txt.gz","Plate_588s_D01","asymptomatic","vsmc","C2",17.0645543828545,-7.5024766577364
"GSM8121906_athero_human_13.txt.gz","Plate_588s_D02","asymptomatic","fibroblast","C2",17.7500408449806,-4.1780643567314
"GSM8121906_athero_human_13.txt.gz","Plate_588s_D03","asymptomatic","fibroblast","C7",12.2132750736394,-12.5927047664603
"GSM8121906_athero_human_13.txt.gz","Plate_588s_D04","asymptomatic","vsmc","C2",12.2011081493987,-5.11188869549155
"GSM8121906_athero_human_13.txt.gz","Plate_588s_D05","asymptomatic","vsmc","C2",17.3610729619437,-1.93594544436622
"GSM8121906_athero_human_13.txt.gz","Plate_588s_D06","asymptomatic","vsmc","C2",15.9814272579481,-6.09091987864242
"GSM8121906_athero_human_13.txt.gz","Plate_588s_D07","asymptomatic","vsmc","C2",16.2616649799486,-6.1567269600701
"GSM8121906_athero_human_13.txt.gz","Plate_588s_D08","asymptomatic","vsmc","C2",17.3366591038949,-4.32468446665944
"GSM8121906_athero_human_13.txt.gz","Plate_588s_D09","asymptomatic","fibroblast","C2",19.2962382558972,-1.41437297477362
"GSM8121906_athero_human_13.txt.gz","Plate_588s_D10","asymptomatic","vsmc","C2",15.0748731193161,-6.0892160220765
"GSM8121906_athero_human_13.txt.gz","Plate_588s_D11","asymptomatic","vsmc","C2",17.9526423079894,0.212461884815452
"GSM8121906_athero_human_13.txt.gz","Plate_588s_D13","asymptomatic","fibroblast","C7",8.82752549811952,-15.1178259495275
"GSM8121906_athero_human_13.txt.gz","Plate_588s_D14","asymptomatic","unassigned","C8",11.577672230536,-6.02077191849421
"GSM8121906_athero_human_13.txt.gz","Plate_588s_D15","asymptomatic","fibroblast","C2",18.2917190080291,-5.76127161275441
"GSM8121906_athero_human_13.txt.gz","Plate_588s_D16","asymptomatic","vsmc","C2",15.6139610083411,-6.73877171382739
"GSM8121906_athero_human_13.txt.gz","Plate_588s_D17","asymptomatic","vsmc","C2",16.0472559762266,-6.0540006933157
"GSM8121906_athero_human_13.txt.gz","Plate_588s_D19","asymptomatic","vsmc","C2",18.7480354130033,-3.43397291046619
"GSM8121906_athero_human_13.txt.gz","Plate_588s_D20","asymptomatic","fibroblast","C2",19.2362537791391,-1.83372119674634
"GSM8121906_athero_human_13.txt.gz","Plate_588s_D21","asymptomatic","fibroblast","C7",11.5636883319926,-3.0618643147669
"GSM8121906_athero_human_13.txt.gz","Plate_588s_D22","asymptomatic","fibroblast","C7",12.3754828014376,-11.8640099163814
"GSM8121906_athero_human_13.txt.gz","Plate_588s_D23","asymptomatic","vsmc","C2",17.8148157607971,-4.34072448702973
"GSM8121906_athero_human_13.txt.gz","Plate_588s_D24","asymptomatic","vsmc","C7",12.1531643157226,-14.1479469760839
"GSM8121906_athero_human_13.txt.gz","Plate_588s_E01","asymptomatic","vsmc","C2",17.0184019338566,-8.53304128122803
"GSM8121906_athero_human_13.txt.gz","Plate_588s_E02","asymptomatic","vsmc","C2",17.221857443381,-9.15930656151995
"GSM8121906_athero_human_13.txt.gz","Plate_588s_E03","asymptomatic","fibroblast","C7",9.51334015745046,-8.94763445191298
"GSM8121906_athero_human_13.txt.gz","Plate_588s_E04","asymptomatic","fibroblast","C7",14.1299282627074,-12.2912278969145
"GSM8121906_athero_human_13.txt.gz","Plate_588s_E05","asymptomatic","unassigned","C2",18.3355010679695,2.25155923250415
"GSM8121906_athero_human_13.txt.gz","Plate_588s_E06","asymptomatic","vsmc","C2",14.5638567113046,-7.46103015450222
"GSM8121906_athero_human_13.txt.gz","Plate_588s_E07","asymptomatic","fibroblast","C7",14.5657233669426,-11.0428729956654
"GSM8121906_athero_human_13.txt.gz","Plate_588s_E08","asymptomatic","vsmc","C7",13.4010075501852,-12.027616372137
"GSM8121906_athero_human_13.txt.gz","Plate_588s_E09","asymptomatic","vsmc","C2",14.0639312795598,-6.56547953008238
"GSM8121906_athero_human_13.txt.gz","Plate_588s_E10","asymptomatic","fibroblast","C7",18.1614583765675,-9.24527262487798
"GSM8121906_athero_human_13.txt.gz","Plate_588s_E11","asymptomatic","vsmc","C2",15.6285250918814,-8.59048401775778
"GSM8121906_athero_human_13.txt.gz","Plate_588s_E12","asymptomatic","t_nk","C1",-2.63754282968435,-3.27429423401058
"GSM8121906_athero_human_13.txt.gz","Plate_588s_E14","asymptomatic","fibroblast","C10",16.6680675950022,-1.29355656980578
"GSM8121906_athero_human_13.txt.gz","Plate_588s_E15","asymptomatic","vsmc","C2",15.8297843074952,-7.94595973565887
"GSM8121906_athero_human_13.txt.gz","Plate_588s_E16","asymptomatic","unassigned","C8",11.8580773805168,-3.97807972671654
"GSM8121906_athero_human_13.txt.gz","Plate_588s_E17","asymptomatic","endothelial","C8",11.6635130648988,-1.64678529755177
"GSM8121906_athero_human_13.txt.gz","Plate_588s_E18","asymptomatic","vsmc","C2",18.2404028971407,-4.62795228868935
"GSM8121906_athero_human_13.txt.gz","Plate_588s_E19","asymptomatic","vsmc","C2",15.3097910889403,-6.730498966628
"GSM8121906_athero_human_13.txt.gz","Plate_588s_E20","asymptomatic","vsmc","C2",18.0467418694418,0.128277197447778
"GSM8121906_athero_human_13.txt.gz","Plate_588s_E21","asymptomatic","vsmc","C2",15.4043135969601,-3.84584251949764
"GSM8121906_athero_human_13.txt.gz","Plate_588s_E22","asymptomatic","vsmc","C2",15.8437180537219,-4.5143311056454
"GSM8121906_athero_human_13.txt.gz","Plate_588s_E23","asymptomatic","vsmc","C2",15.591469174592,-6.7793178701553
"GSM8121906_athero_human_13.txt.gz","Plate_588s_E24","asymptomatic","fibroblast","C7",14.8752896705751,-7.38250779222937
"GSM8121906_athero_human_13.txt.gz","Plate_588s_F01","asymptomatic","vsmc","C2",16.4763801935287,-9.4278092324286
"GSM8121906_athero_human_13.txt.gz","Plate_588s_F03","asymptomatic","vsmc","C7",16.4934040375967,-9.16365797870465
"GSM8121906_athero_human_13.txt.gz","Plate_588s_F04","asymptomatic","fibroblast","C8",14.4013507701743,-3.18669520278587
"GSM8121906_athero_human_13.txt.gz","Plate_588s_F05","asymptomatic","unassigned","C10",18.3317026510422,1.30406110700871
"GSM8121906_athero_human_13.txt.gz","Plate_588s_F06","asymptomatic","vsmc","C2",14.5118099031002,-9.7429436996608
"GSM8121906_athero_human_13.txt.gz","Plate_588s_F08","asymptomatic","vsmc","C2",18.7252536800964,-4.09384155143899
"GSM8121906_athero_human_13.txt.gz","Plate_588s_F09","asymptomatic","vsmc","C2",17.8074394450827,-6.18527924992952
"GSM8121906_athero_human_13.txt.gz","Plate_588s_F10","asymptomatic","fibroblast","C10",17.9983401597072,-1.54935424996969
"GSM8121906_athero_human_13.txt.gz","Plate_588s_F11","asymptomatic","b_cell","C1",-1.08236111098808,0.811306829478212
"GSM8121906_athero_human_13.txt.gz","Plate_588s_F12","asymptomatic","fibroblast","C10",17.7875522934569,-4.17229468662974
"GSM8121906_athero_human_13.txt.gz","Plate_588s_F13","asymptomatic","vsmc","C2",18.4701781548615,-3.01604196147387
"GSM8121906_athero_human_13.txt.gz","Plate_588s_F14","asymptomatic","vsmc","C2",13.2210516069772,-5.54906138058821
"GSM8121906_athero_human_13.txt.gz","Plate_588s_F15","asymptomatic","fibroblast","C7",14.2879330672422,-10.0650609962376
"GSM8121906_athero_human_13.txt.gz","Plate_588s_F16","asymptomatic","macrophage","C4",-9.89326177918293,-8.93795432932202
"GSM8121906_athero_human_13.txt.gz","Plate_588s_F17","asymptomatic","vsmc","C2",15.0309610102989,-5.69234439650083
"GSM8121906_athero_human_13.txt.gz","Plate_588s_F18","asymptomatic","vsmc","C7",14.459267360634,-13.9064626856584
"GSM8121906_athero_human_13.txt.gz","Plate_588s_F19","asymptomatic","vsmc","C2",18.1186636519065,1.26253571872878
"GSM8121906_athero_human_13.txt.gz","Plate_588s_F20","asymptomatic","vsmc","C2",17.6828507448817,-8.44972311356238
"GSM8121906_athero_human_13.txt.gz","Plate_588s_F21","asymptomatic","vsmc","C2",15.6504114493468,-11.1385583955239
"GSM8121906_athero_human_13.txt.gz","Plate_588s_F22","asymptomatic","vsmc","C2",15.8514614369749,-5.46816144145319
"GSM8121906_athero_human_13.txt.gz","Plate_588s_F23","asymptomatic","vsmc","C2",17.7583940980276,-6.92839137107017
"GSM8121906_athero_human_13.txt.gz","Plate_588s_F24","asymptomatic","vsmc","C2",14.3293214815138,-9.16180606590052
"GSM8121906_athero_human_13.txt.gz","Plate_588s_G01","asymptomatic","fibroblast","C8",14.9315873025973,0.0128381626842245
"GSM8121906_athero_human_13.txt.gz","Plate_588s_G02","asymptomatic","vsmc","C2",15.5206515216207,-5.37228836267212
"GSM8121906_athero_human_13.txt.gz","Plate_588s_G03","asymptomatic","fibroblast","C8",12.5621583489662,-0.442985802028983
"GSM8121906_athero_human_13.txt.gz","Plate_588s_G04","asymptomatic","vsmc","C2",17.7300912537514,-0.573099696874549
"GSM8121906_athero_human_13.txt.gz","Plate_588s_G05","asymptomatic","vsmc","C2",16.5127404085451,-5.01428242825829
"GSM8121906_athero_human_13.txt.gz","Plate_588s_G06","asymptomatic","fibroblast","C8",9.57142578014425,-6.72880609328844
"GSM8121906_athero_human_13.txt.gz","Plate_588s_G07","asymptomatic","vsmc","C2",16.8647518881959,1.3090751115253
"GSM8121906_athero_human_13.txt.gz","Plate_588s_G08","asymptomatic","macrophage","C4",-17.9132642749112,-9.99210486426826
"GSM8121906_athero_human_13.txt.gz","Plate_588s_G09","asymptomatic","vsmc","C2",19.0028237380314,-5.72446955985617
"GSM8121906_athero_human_13.txt.gz","Plate_588s_G10","asymptomatic","vsmc","C2",13.8639381254661,-7.49686172865287
"GSM8121906_athero_human_13.txt.gz","Plate_588s_G11","asymptomatic","t_nk","C7",6.88759968038981,-8.87510552916725
"GSM8121906_athero_human_13.txt.gz","Plate_588s_G12","asymptomatic","fibroblast","C7",10.8429950598975,-15.0308022716894
"GSM8121906_athero_human_13.txt.gz","Plate_588s_G13","asymptomatic","vsmc","C7",14.5751349710853,-14.9333619033023
"GSM8121906_athero_human_13.txt.gz","Plate_588s_G14","asymptomatic","vsmc","C2",15.3769290748306,-9.59121488838939
"GSM8121906_athero_human_13.txt.gz","Plate_588s_G15","asymptomatic","endothelial","C2",17.153954963023,3.07051623679515
"GSM8121906_athero_human_13.txt.gz","Plate_588s_G18","asymptomatic","vsmc","C2",14.8781340361106,-6.45772319880391
"GSM8121906_athero_human_13.txt.gz","Plate_588s_G19","asymptomatic","fibroblast","C7",11.4086823658031,-11.622065274418
"GSM8121906_athero_human_13.txt.gz","Plate_588s_G20","asymptomatic","vsmc","C2",16.6903128484835,-5.03274687210094
"GSM8121906_athero_human_13.txt.gz","Plate_588s_G22","asymptomatic","macrophage","C4",-14.7652368710636,-9.5381846487011
"GSM8121906_athero_human_13.txt.gz","Plate_588s_G23","asymptomatic","vsmc","C2",17.6830554573656,-3.5841934567309
"GSM8121906_athero_human_13.txt.gz","Plate_588s_G24","asymptomatic","vsmc","C2",14.0737821714384,-7.96515850475404
"GSM8121906_athero_human_13.txt.gz","Plate_588s_H01","asymptomatic","fibroblast","C8",12.1911533506139,0.78357948396123
"GSM8121906_athero_human_13.txt.gz","Plate_588s_H02","asymptomatic","macrophage","C5",-16.5286871351614,0.584212643748762
"GSM8121906_athero_human_13.txt.gz","Plate_588s_H03","asymptomatic","unassigned","C2",16.9387146930483,-7.23796250730042
"GSM8121906_athero_human_13.txt.gz","Plate_588s_H04","asymptomatic","vsmc","C2",16.2695558734093,-8.41291452137213
"GSM8121906_athero_human_13.txt.gz","Plate_588s_H05","asymptomatic","macrophage","C5",-17.5983591608226,5.52871932732996
"GSM8121906_athero_human_13.txt.gz","Plate_588s_H06","asymptomatic","vsmc","C2",14.2550145146866,-5.74484346628817
"GSM8121906_athero_human_13.txt.gz","Plate_588s_H07","asymptomatic","fibroblast","C10",16.6968289940718,-6.98166203345659
"GSM8121906_athero_human_13.txt.gz","Plate_588s_H08","asymptomatic","vsmc","C7",11.2530687659861,-11.8863331159614
"GSM8121906_athero_human_13.txt.gz","Plate_588s_H09","asymptomatic","fibroblast","C8",12.4774672982281,-2.84430618576338
"GSM8121906_athero_human_13.txt.gz","Plate_588s_H10","asymptomatic","vsmc","C2",19.4574019232128,-5.96230843332532
"GSM8121906_athero_human_13.txt.gz","Plate_588s_H11","asymptomatic","vsmc","C2",16.3894491132785,-3.76337227544976
"GSM8121906_athero_human_13.txt.gz","Plate_588s_H12","asymptomatic","vsmc","C2",14.4773434394093,-6.79502639975779
"GSM8121906_athero_human_13.txt.gz","Plate_588s_H13","asymptomatic","vsmc","C2",18.2603205474242,-3.42883986099483
"GSM8121906_athero_human_13.txt.gz","Plate_588s_H14","asymptomatic","vsmc","C2",16.3072310599928,-6.98831532257412
"GSM8121906_athero_human_13.txt.gz","Plate_588s_H15","asymptomatic","vsmc","C2",17.568347143045,-5.81359979583699
"GSM8121906_athero_human_13.txt.gz","Plate_588s_H16","asymptomatic","fibroblast","C2",18.4294630907449,-2.91313718413059
"GSM8121906_athero_human_13.txt.gz","Plate_588s_H19","asymptomatic","vsmc","C2",15.293426895278,-8.69106983770967
"GSM8121906_athero_human_13.txt.gz","Plate_588s_H20","asymptomatic","fibroblast","C10",16.5548544477986,3.48957916475815
"GSM8121906_athero_human_13.txt.gz","Plate_588s_H21","asymptomatic","fibroblast","C2",19.1151393348602,-4.14027129670517
"GSM8121906_athero_human_13.txt.gz","Plate_588s_H22","asymptomatic","fibroblast","C10",14.5055825200363,-1.98293214202577
"GSM8121906_athero_human_13.txt.gz","Plate_588s_H23","asymptomatic","vsmc","C8",14.4262124368442,4.09168255824577
"GSM8121906_athero_human_13.txt.gz","Plate_588s_H24","asymptomatic","vsmc","C2",16.6934522804114,-4.50298611133891
"GSM8121906_athero_human_13.txt.gz","Plate_588s_I01","asymptomatic","vsmc","C2",19.0209757492014,-1.08023816965119
"GSM8121906_athero_human_13.txt.gz","Plate_588s_I02","asymptomatic","macrophage","C4",-8.66340322866865,-8.87668160299528
"GSM8121906_athero_human_13.txt.gz","Plate_588s_I03","asymptomatic","fibroblast","C8",11.2335299064897,-6.32412313873253
"GSM8121906_athero_human_13.txt.gz","Plate_588s_I04","asymptomatic","endothelial","C7",10.6272575094439,-2.59192453781469
"GSM8121906_athero_human_13.txt.gz","Plate_588s_I05","asymptomatic","fibroblast","C10",15.7598586839256,5.6378393288588
"GSM8121906_athero_human_13.txt.gz","Plate_588s_I06","asymptomatic","vsmc","C8",14.0996348243752,-5.79361913857558
"GSM8121906_athero_human_13.txt.gz","Plate_588s_I07","asymptomatic","macrophage","C4",-14.3754432405808,-9.10193100850017
"GSM8121906_athero_human_13.txt.gz","Plate_588s_I08","asymptomatic","vsmc","C2",15.6578803517714,-5.2739345488683
"GSM8121906_athero_human_13.txt.gz","Plate_588s_I09","asymptomatic","unassigned","C2",12.5122202287501,-8.33026097950654
"GSM8121906_athero_human_13.txt.gz","Plate_588s_I10","asymptomatic","vsmc","C2",13.2319405814299,-9.74200565536591
"GSM8121906_athero_human_13.txt.gz","Plate_588s_I11","asymptomatic","unassigned","C8",12.7338033076745,-1.64759573186244
"GSM8121906_athero_human_13.txt.gz","Plate_588s_I12","asymptomatic","vsmc","C2",18.283420714874,-6.0869287134932
"GSM8121906_athero_human_13.txt.gz","Plate_588s_I13","asymptomatic","vsmc","C2",14.9655967630234,-5.64841519093276
"GSM8121906_athero_human_13.txt.gz","Plate_588s_I14","asymptomatic","vsmc","C2",17.8272245252924,-6.41603600965481
"GSM8121906_athero_human_13.txt.gz","Plate_588s_I15","asymptomatic","vsmc","C2",16.4872295009582,-4.30021458201639
"GSM8121906_athero_human_13.txt.gz","Plate_588s_I16","asymptomatic","vsmc","C2",17.7814301816652,-3.55519282199661
"GSM8121906_athero_human_13.txt.gz","Plate_588s_I17","asymptomatic","unassigned","C2",17.1029249507935,2.17906539598432
"GSM8121906_athero_human_13.txt.gz","Plate_588s_I18","asymptomatic","unassigned","C2",17.0542594353268,-1.95396509565911
"GSM8121906_athero_human_13.txt.gz","Plate_588s_I19","asymptomatic","vsmc","C2",16.9854526116006,-4.20274234254501
"GSM8121906_athero_human_13.txt.gz","Plate_588s_I20","asymptomatic","fibroblast","C2",19.8552865981088,-5.39875653740385
"GSM8121906_athero_human_13.txt.gz","Plate_588s_I21","asymptomatic","vsmc","C2",18.2188661719198,-1.06377271599406
"GSM8121906_athero_human_13.txt.gz","Plate_588s_I22","asymptomatic","macrophage","C3",-17.2610218730002,-0.251498021932129
"GSM8121906_athero_human_13.txt.gz","Plate_588s_I23","asymptomatic","vsmc","C2",11.907815938442,-7.02809269437851
"GSM8121906_athero_human_13.txt.gz","Plate_588s_I24","asymptomatic","vsmc","C2",13.7320016482122,-6.48260743571762
"GSM8121906_athero_human_13.txt.gz","Plate_588s_J01","asymptomatic","unassigned","C2",15.9545459564955,-8.16837891069764
"GSM8121906_athero_human_13.txt.gz","Plate_588s_J02","asymptomatic","vsmc","C2",17.7000450475458,-7.20620379001607
"GSM8121906_athero_human_13.txt.gz","Plate_588s_J04","asymptomatic","macrophage","C9",-16.7048313058662,-10.6109607296302
"GSM8121906_athero_human_13.txt.gz","Plate_588s_J05","asymptomatic","vsmc","C2",18.1731550932411,-4.80790486397466
"GSM8121906_athero_human_13.txt.gz","Plate_588s_J06","asymptomatic","vsmc","C2",14.2543603797583,-7.07112449424457
"GSM8121906_athero_human_13.txt.gz","Plate_588s_J07","asymptomatic","vsmc","C2",14.5680145523763,-6.07026591336524
"GSM8121906_athero_human_13.txt.gz","Plate_588s_J08","asymptomatic","fibroblast","C7",15.1381226679579,-5.99524853789132
"GSM8121906_athero_human_13.txt.gz","Plate_588s_J09","asymptomatic","vsmc","C2",17.1223984960733,-5.97087036129879
"GSM8121906_athero_human_13.txt.gz","Plate_588s_J10","asymptomatic","vsmc","C2",16.5097850371031,-6.53255413873009
"GSM8121906_athero_human_13.txt.gz","Plate_588s_J11","asymptomatic","fibroblast","C2",19.1086171909656,2.00486960055874
"GSM8121906_athero_human_13.txt.gz","Plate_588s_J12","asymptomatic","unassigned","C2",15.7126800076488,-5.68687815459452
"GSM8121906_athero_human_13.txt.gz","Plate_588s_J13","asymptomatic","fibroblast","C7",9.22254252578052,-11.8641652804468
"GSM8121906_athero_human_13.txt.gz","Plate_588s_J14","asymptomatic","vsmc","C7",13.9317762710638,-13.5725718584564
"GSM8121906_athero_human_13.txt.gz","Plate_588s_J15","asymptomatic","vsmc","C2",18.8668964544095,-4.92940176310245
"GSM8121906_athero_human_13.txt.gz","Plate_588s_J16","asymptomatic","vsmc","C2",19.6510425700003,-4.67918735331215
"GSM8121906_athero_human_13.txt.gz","Plate_588s_J17","asymptomatic","fibroblast","C2",18.3418059329905,-9.48799694615168
"GSM8121906_athero_human_13.txt.gz","Plate_588s_J18","asymptomatic","vsmc","C2",19.3069598552666,-1.6228021647155
"GSM8121906_athero_human_13.txt.gz","Plate_588s_J19","asymptomatic","vsmc","C2",17.2818680011535,-6.31203639305398
"GSM8121906_athero_human_13.txt.gz","Plate_588s_J20","asymptomatic","vsmc","C2",12.9098294058611,-8.49482701722695
"GSM8121906_athero_human_13.txt.gz","Plate_588s_J21","asymptomatic","vsmc","C2",14.7248281996657,-10.1350592452105
"GSM8121906_athero_human_13.txt.gz","Plate_588s_J22","asymptomatic","fibroblast","C2",18.5813463544893,-2.6194465733061
"GSM8121906_athero_human_13.txt.gz","Plate_588s_J23","asymptomatic","vsmc","C2",14.4911043748092,-8.19722386423793
"GSM8121906_athero_human_13.txt.gz","Plate_588s_J24","asymptomatic","fibroblast","C2",17.5117709752199,-2.70897330829289
"GSM8121906_athero_human_13.txt.gz","Plate_588s_K01","asymptomatic","macrophage","C4",-13.4142424792656,-8.03975368241124
"GSM8121906_athero_human_13.txt.gz","Plate_588s_K02","asymptomatic","vsmc","C2",15.4779989492147,-6.13618749853642
"GSM8121906_athero_human_13.txt.gz","Plate_588s_K03","asymptomatic","vsmc","C2",16.9279521569823,-6.70228282443072
"GSM8121906_athero_human_13.txt.gz","Plate_588s_K04","asymptomatic","fibroblast","C2",17.1870224050312,-4.26793258552765
"GSM8121906_athero_human_13.txt.gz","Plate_588s_K05","asymptomatic","t_nk","C2",16.1391530116848,-1.82956180577619
"GSM8121906_athero_human_13.txt.gz","Plate_588s_K06","asymptomatic","vsmc","C7",12.4829203898773,-10.7144038423299
"GSM8121906_athero_human_13.txt.gz","Plate_588s_K07","asymptomatic","unassigned","C10",15.1160749204064,8.25484472104542
"GSM8121906_athero_human_13.txt.gz","Plate_588s_K08","asymptomatic","vsmc","C2",14.6603428346012,-10.5110339735844
"GSM8121906_athero_human_13.txt.gz","Plate_588s_K09","asymptomatic","vsmc","C7",10.771005300157,-10.5532165529334
"GSM8121906_athero_human_13.txt.gz","Plate_588s_K10","asymptomatic","fibroblast","C2",16.1241875734738,-8.94464135292129
"GSM8121906_athero_human_13.txt.gz","Plate_588s_K11","asymptomatic","vsmc","C2",18.2097491578518,-4.86862552408889
"GSM8121906_athero_human_13.txt.gz","Plate_588s_K12","asymptomatic","fibroblast","C7",12.5666632702893,-6.28324592340836
"GSM8121906_athero_human_13.txt.gz","Plate_588s_K13","asymptomatic","fibroblast","C7",11.5364755931972,-9.87902762766216
"GSM8121906_athero_human_13.txt.gz","Plate_588s_K14","asymptomatic","vsmc","C2",17.3768568770806,-4.07932740856594
"GSM8121906_athero_human_13.txt.gz","Plate_588s_K15","asymptomatic","vsmc","C2",16.7390046393097,-2.4374305015603
"GSM8121906_athero_human_13.txt.gz","Plate_588s_K16","asymptomatic","fibroblast","C2",19.1164943085041,-2.12736674470056
"GSM8121906_athero_human_13.txt.gz","Plate_588s_K17","asymptomatic","vsmc","C2",16.1553158940573,-7.31859709231344
"GSM8121906_athero_human_13.txt.gz","Plate_588s_K18","asymptomatic","vsmc","C2",17.4157379757864,-2.49965361075777
"GSM8121906_athero_human_13.txt.gz","Plate_588s_K19","asymptomatic","vsmc","C2",18.5081848328724,-4.68505197171059
"GSM8121906_athero_human_13.txt.gz","Plate_588s_K21","asymptomatic","vsmc","C2",18.3204445359595,-4.71126429242823
"GSM8121906_athero_human_13.txt.gz","Plate_588s_K22","asymptomatic","fibroblast","C2",19.4637652610006,0.510539009753041
"GSM8121906_athero_human_13.txt.gz","Plate_588s_K23","asymptomatic","vsmc","C2",17.8904133799324,-1.9052471899043
"GSM8121906_athero_human_13.txt.gz","Plate_588s_K24","asymptomatic","vsmc","C2",15.2865967025612,-11.0678420377463
"GSM8121906_athero_human_13.txt.gz","Plate_588s_L01","asymptomatic","fibroblast","C7",15.3538432937857,-10.1479666321694
"GSM8121906_athero_human_13.txt.gz","Plate_588s_L02","asymptomatic","fibroblast","C2",16.7610725672213,-3.85084409251668
"GSM8121906_athero_human_13.txt.gz","Plate_588s_L03","asymptomatic","fibroblast","C8",9.04278844049421,-6.54193990404506
"GSM8121906_athero_human_13.txt.gz","Plate_588s_L04","asymptomatic","vsmc","C2",16.8926718929931,-7.91412022429691
"GSM8121906_athero_human_13.txt.gz","Plate_588s_L05","asymptomatic","vsmc","C2",18.0935878683702,-2.92780142930736
"GSM8121906_athero_human_13.txt.gz","Plate_588s_L06","asymptomatic","fibroblast","C7",12.0190789628946,-10.0530449627208
"GSM8121906_athero_human_13.txt.gz","Plate_588s_L07","asymptomatic","fibroblast","C7",14.5767639050297,-7.971813628391
"GSM8121906_athero_human_13.txt.gz","Plate_588s_L08","asymptomatic","vsmc","C2",16.4689583220706,-5.73218968276595
"GSM8121906_athero_human_13.txt.gz","Plate_588s_L09","asymptomatic","vsmc","C2",12.9865378495766,-9.04647631793669
"GSM8121906_athero_human_13.txt.gz","Plate_588s_L10","asymptomatic","vsmc","C2",17.2316531773439,-6.48707751939465
"GSM8121906_athero_human_13.txt.gz","Plate_588s_L11","asymptomatic","fibroblast","C2",18.673017050706,-3.04990069717987
"GSM8121906_athero_human_13.txt.gz","Plate_588s_L12","asymptomatic","vsmc","C2",16.1275564030584,-8.00115162884018
"GSM8121906_athero_human_13.txt.gz","Plate_588s_L13","asymptomatic","fibroblast","C2",20.5330792470863,0.95074953895236
"GSM8121906_athero_human_13.txt.gz","Plate_588s_L14","asymptomatic","vsmc","C2",19.1353753216058,-6.01110135409889
"GSM8121906_athero_human_13.txt.gz","Plate_588s_L15","asymptomatic","vsmc","C2",14.7914120595529,-6.17806403413972
"GSM8121906_athero_human_13.txt.gz","Plate_588s_L17","asymptomatic","endothelial","C10",14.760870590039,3.92219751706154
"GSM8121906_athero_human_13.txt.gz","Plate_588s_L18","asymptomatic","vsmc","C2",16.0382883339238,-2.01326795682813
"GSM8121906_athero_human_13.txt.gz","Plate_588s_L19","asymptomatic","macrophage","C4",-4.10668767935703,-9.68165873424006
"GSM8121906_athero_human_13.txt.gz","Plate_588s_L20","asymptomatic","vsmc","C2",15.7067181294537,-5.63673747464903
"GSM8121906_athero_human_13.txt.gz","Plate_588s_L21","asymptomatic","vsmc","C2",17.1886587607846,-8.07179915407002
"GSM8121906_athero_human_13.txt.gz","Plate_588s_L22","asymptomatic","vsmc","C2",14.1873548466939,-5.17027050742376
"GSM8121906_athero_human_13.txt.gz","Plate_588s_L23","asymptomatic","vsmc","C2",17.9849188115706,-2.62482447111794
"GSM8121906_athero_human_13.txt.gz","Plate_588s_L24","asymptomatic","vsmc","C2",13.7031804281123,-5.25930139154679
"GSM8121906_athero_human_13.txt.gz","Plate_588s_M01","asymptomatic","fibroblast","C7",12.600130466485,-11.6491871707007
"GSM8121906_athero_human_13.txt.gz","Plate_588s_M02","asymptomatic","vsmc","C7",12.5795405218996,-12.6902512937792
"GSM8121906_athero_human_13.txt.gz","Plate_588s_M03","asymptomatic","vsmc","C2",17.4121509873798,-4.4080918565993
"GSM8121906_athero_human_13.txt.gz","Plate_588s_M04","asymptomatic","fibroblast","C7",13.2017218253734,-9.0760030078465
"GSM8121906_athero_human_13.txt.gz","Plate_588s_M05","asymptomatic","t_nk","C1",-10.7863626224364,-4.45043834522214
"GSM8121906_athero_human_13.txt.gz","Plate_588s_M06","asymptomatic","vsmc","C2",15.3596038930284,-7.03055969094418
"GSM8121906_athero_human_13.txt.gz","Plate_588s_M07","asymptomatic","vsmc","C2",15.9432895978911,-4.75144038417078
"GSM8121906_athero_human_13.txt.gz","Plate_588s_M09","asymptomatic","vsmc","C2",16.6196465670396,-7.99527901150782
"GSM8121906_athero_human_13.txt.gz","Plate_588s_M10","asymptomatic","vsmc","C2",14.1765407317799,-8.79045098971225
"GSM8121906_athero_human_13.txt.gz","Plate_588s_M11","asymptomatic","macrophage","C4",-15.9946436892966,-3.10502280893311
"GSM8121906_athero_human_13.txt.gz","Plate_588s_M12","asymptomatic","fibroblast","C8",13.2776456322229,-3.58499339070642
"GSM8121906_athero_human_13.txt.gz","Plate_588s_M13","asymptomatic","fibroblast","C7",10.5429487402278,-6.82794341080683
"GSM8121906_athero_human_13.txt.gz","Plate_588s_M14","asymptomatic","vsmc","C2",14.7729973048845,-9.20358394989634
"GSM8121906_athero_human_13.txt.gz","Plate_588s_M15","asymptomatic","vsmc","C2",19.3798926667374,-2.01870524821424
"GSM8121906_athero_human_13.txt.gz","Plate_588s_M16","asymptomatic","endothelial","C6",8.80604940195689,10.1155614030558
"GSM8121906_athero_human_13.txt.gz","Plate_588s_M17","asymptomatic","unassigned","C7",7.07987287680222,-3.64422098926781
"GSM8121906_athero_human_13.txt.gz","Plate_588s_M18","asymptomatic","vsmc","C7",11.0658228914622,-12.6715477198177
"GSM8121906_athero_human_13.txt.gz","Plate_588s_M19","asymptomatic","vsmc","C2",17.0494914751141,-4.29523416948452
"GSM8121906_athero_human_13.txt.gz","Plate_588s_M20","asymptomatic","vsmc","C2",15.4556666491343,-10.0332738839872
"GSM8121906_athero_human_13.txt.gz","Plate_588s_M21","asymptomatic","fibroblast","C2",18.7253536824835,-3.09049588764849
"GSM8121906_athero_human_13.txt.gz","Plate_588s_M22","asymptomatic","vsmc","C2",16.5853477856975,-3.19785645493477
"GSM8121906_athero_human_13.txt.gz","Plate_588s_M23","asymptomatic","fibroblast","C2",16.1893233477143,-4.38154665178207
"GSM8121906_athero_human_13.txt.gz","Plate_588s_N01","asymptomatic","vsmc","C2",16.2487676897765,-4.41400024032029
"GSM8121906_athero_human_13.txt.gz","Plate_588s_N02","asymptomatic","vsmc","C2",15.5635425695792,-4.16438620646741
"GSM8121906_athero_human_13.txt.gz","Plate_588s_N03","asymptomatic","macrophage","C4",-19.5258628022457,-4.65829060611407
"GSM8121906_athero_human_13.txt.gz","Plate_588s_N05","asymptomatic","fibroblast","C7",12.0536339947583,-12.0476916583911
"GSM8121906_athero_human_13.txt.gz","Plate_588s_N06","asymptomatic","vsmc","C2",15.9630569157151,-6.40736147377096
"GSM8121906_athero_human_13.txt.gz","Plate_588s_N07","asymptomatic","vsmc","C7",12.5731521614732,-11.4192546301871
"GSM8121906_athero_human_13.txt.gz","Plate_588s_N08","asymptomatic","endothelial","C7",10.611363894539,-5.66546151218282
"GSM8121906_athero_human_13.txt.gz","Plate_588s_N09","asymptomatic","fibroblast","C10",15.0576188254518,6.94161493692694
"GSM8121906_athero_human_13.txt.gz","Plate_588s_N10","asymptomatic","vsmc","C2",18.3874609905378,-4.47864379818878
"GSM8121906_athero_human_13.txt.gz","Plate_588s_N12","asymptomatic","vsmc","C2",13.5166949142714,-7.03665362028653
"GSM8121906_athero_human_13.txt.gz","Plate_588s_N13","asymptomatic","vsmc","C7",11.2060720635028,-12.4391138073843
"GSM8121906_athero_human_13.txt.gz","Plate_588s_N14","asymptomatic","vsmc","C2",15.3148511621096,-6.75653778330463
"GSM8121906_athero_human_13.txt.gz","Plate_588s_N15","asymptomatic","fibroblast","C2",18.4232777037983,-1.15049837327727
"GSM8121906_athero_human_13.txt.gz","Plate_588s_N17","asymptomatic","fibroblast","C7",12.9573586643648,-9.25914657956861
"GSM8121906_athero_human_13.txt.gz","Plate_588s_N18","asymptomatic","vsmc","C2",11.2623598352721,-8.39197284942876
"GSM8121906_athero_human_13.txt.gz","Plate_588s_N19","asymptomatic","fibroblast","C2",18.2516682601478,-2.22901151675313
"GSM8121906_athero_human_13.txt.gz","Plate_588s_N20","asymptomatic","vsmc","C2",17.2874232734746,-8.56769357239144
"GSM8121906_athero_human_13.txt.gz","Plate_588s_N21","asymptomatic","unassigned","C2",17.6601894210856,-0.0530579893960939
"GSM8121906_athero_human_13.txt.gz","Plate_588s_N22","asymptomatic","vsmc","C2",18.0232500079375,-4.91800998695376
"GSM8121906_athero_human_13.txt.gz","Plate_588s_N23","asymptomatic","vsmc","C2",15.4608952734163,-7.45405539374961
"GSM8121906_athero_human_13.txt.gz","Plate_588s_N24","asymptomatic","vsmc","C2",15.5339150739793,-5.95520668492995
"GSM8121906_athero_human_13.txt.gz","Plate_588s_O01","asymptomatic","macrophage","C4",-15.8834450079377,-4.72454244223202
"GSM8121906_athero_human_13.txt.gz","Plate_588s_O02","asymptomatic","macrophage","C4",-12.1435577337716,-9.37875432241509
"GSM8121906_athero_human_13.txt.gz","Plate_588s_O03","asymptomatic","unassigned","C8",9.28660184581563,-6.01840276619168
"GSM8121906_athero_human_13.txt.gz","Plate_588s_O04","asymptomatic","macrophage","C4",-12.0459376159605,-9.37266139666126
"GSM8121906_athero_human_13.txt.gz","Plate_588s_O05","asymptomatic","vsmc","C2",18.6144149728016,-3.67333600830939
"GSM8121906_athero_human_13.txt.gz","Plate_588s_O06","asymptomatic","vsmc","C7",14.7614562248936,-12.5411078727545
"GSM8121906_athero_human_13.txt.gz","Plate_588s_O07","asymptomatic","vsmc","C2",16.8344262055605,-5.4816393499195
"GSM8121906_athero_human_13.txt.gz","Plate_588s_O08","asymptomatic","vsmc","C2",19.9927630397558,-3.20921636987872
"GSM8121906_athero_human_13.txt.gz","Plate_588s_O09","asymptomatic","fibroblast","C2",15.1134629725685,-2.89835438784492
"GSM8121906_athero_human_13.txt.gz","Plate_588s_O10","asymptomatic","vsmc","C2",15.2993646239098,-7.32367954827103
"GSM8121906_athero_human_13.txt.gz","Plate_588s_O11","asymptomatic","vsmc","C2",16.2481607653011,-6.31488712565017
"GSM8121906_athero_human_13.txt.gz","Plate_588s_O12","asymptomatic","vsmc","C7",13.9736959591967,-10.1383200849869
"GSM8121906_athero_human_13.txt.gz","Plate_588s_O13","asymptomatic","fibroblast","C2",16.3106042965417,-6.83377390388807
"GSM8121906_athero_human_13.txt.gz","Plate_588s_O14","asymptomatic","unassigned","C2",13.4205720744326,1.79167514976479
"GSM8121906_athero_human_13.txt.gz","Plate_588s_O15","asymptomatic","vsmc","C2",17.7197149274671,-1.14883333596863
"GSM8121906_athero_human_13.txt.gz","Plate_588s_O16","asymptomatic","vsmc","C2",17.7189793202573,-8.29341482079157
"GSM8121906_athero_human_13.txt.gz","Plate_588s_O17","asymptomatic","fibroblast","C10",17.7776408823885,-2.42285984434504
"GSM8121906_athero_human_13.txt.gz","Plate_588s_O18","asymptomatic","vsmc","C2",18.5721424765614,-4.68151051762796
"GSM8121906_athero_human_13.txt.gz","Plate_588s_O19","asymptomatic","fibroblast","C10",16.9144500191401,-3.61859024049187
"GSM8121906_athero_human_13.txt.gz","Plate_588s_O20","asymptomatic","fibroblast","C7",15.3353374194094,-4.54209724456161
"GSM8121906_athero_human_13.txt.gz","Plate_588s_O22","asymptomatic","vsmc","C2",13.3591768785888,-6.84299360406853
"GSM8121906_athero_human_13.txt.gz","Plate_588s_O23","asymptomatic","macrophage","C4",-10.7643901303364,-10.548885764121
"GSM8121906_athero_human_13.txt.gz","Plate_588s_O24","asymptomatic","vsmc","C2",12.7935041711582,-9.82174389764103
"GSM8121906_athero_human_13.txt.gz","Plate_588s_P01","asymptomatic","macrophage","C4",-15.5737217743453,-7.02996101822023
"GSM8121906_athero_human_13.txt.gz","Plate_588s_P02","asymptomatic","unassigned","C7",13.3032188907828,-5.12663949546926
"GSM8121906_athero_human_13.txt.gz","Plate_588s_P03","asymptomatic","vsmc","C2",13.6679206880436,-8.49778251897915
"GSM8121906_athero_human_13.txt.gz","Plate_588s_P04","asymptomatic","macrophage","C4",-14.5830150711737,-7.20188683545298
"GSM8121906_athero_human_13.txt.gz","Plate_588s_P05","asymptomatic","macrophage","C9",-17.990603242389,-6.93048919952611
"GSM8121906_athero_human_13.txt.gz","Plate_588s_P06","asymptomatic","fibroblast","C7",15.8540202559159,-6.93083113330526
"GSM8121906_athero_human_13.txt.gz","Plate_588s_P07","asymptomatic","macrophage","C4",-13.0604647782063,-9.27037730049249
"GSM8121906_athero_human_13.txt.gz","Plate_588s_P08","asymptomatic","fibroblast","C8",15.8182111072198,-1.45453647865
"GSM8121906_athero_human_13.txt.gz","Plate_588s_P09","asymptomatic","unassigned","C2",19.5083586028511,-3.53698698273622
"GSM8121906_athero_human_13.txt.gz","Plate_588s_P10","asymptomatic","fibroblast","C2",19.2209299616555,-3.91691963168155
"GSM8121906_athero_human_13.txt.gz","Plate_588s_P12","asymptomatic","fibroblast","C8",12.638345744787,-5.09329727565913
"GSM8121906_athero_human_13.txt.gz","Plate_588s_P13","asymptomatic","fibroblast","C7",11.7737661906151,-10.9429457743758
"GSM8121906_athero_human_13.txt.gz","Plate_588s_P14","asymptomatic","fibroblast","C10",19.3940463513037,-4.62824262344726
"GSM8121906_athero_human_13.txt.gz","Plate_588s_P15","asymptomatic","vsmc","C2",17.0495706454884,0.000216948884562388
"GSM8121906_athero_human_13.txt.gz","Plate_588s_P16","asymptomatic","fibroblast","C7",11.316958005865,-11.9623003554369
"GSM8121906_athero_human_13.txt.gz","Plate_588s_P17","asymptomatic","vsmc","C2",14.2939286115621,-8.5324379560428
"GSM8121906_athero_human_13.txt.gz","Plate_588s_P18","asymptomatic","vsmc","C7",12.352755016291,-13.9483375093779
"GSM8121906_athero_human_13.txt.gz","Plate_588s_P19","asymptomatic","macrophage","C4",-14.4723832416137,-7.36152185531839
"GSM8121906_athero_human_13.txt.gz","Plate_588s_P20","asymptomatic","vsmc","C2",16.4046585070565,3.81050563200588
"GSM8121906_athero_human_13.txt.gz","Plate_588s_P21","asymptomatic","fibroblast","C2",16.5956705016812,-8.17072086987343
"GSM8121906_athero_human_13.txt.gz","Plate_588s_P22","asymptomatic","fibroblast","C2",20.3164970689561,-3.53745712001201
"GSM8121906_athero_human_13.txt.gz","Plate_589s_A01","asymptomatic","vsmc","C2",18.7842619594912,-1.58905056236622
"GSM8121906_athero_human_13.txt.gz","Plate_589s_A03","asymptomatic","fibroblast","C2",16.8846187292427,-6.29566200247129
"GSM8121906_athero_human_13.txt.gz","Plate_589s_A04","asymptomatic","macrophage","C3",-20.4864877198496,-1.62625412161576
"GSM8121906_athero_human_13.txt.gz","Plate_589s_A05","asymptomatic","vsmc","C2",15.0038492804127,-9.8113984164661
"GSM8121906_athero_human_13.txt.gz","Plate_589s_A07","asymptomatic","macrophage","C4",-19.2509521150224,-4.7954866189529
"GSM8121906_athero_human_13.txt.gz","Plate_589s_A08","asymptomatic","vsmc","C2",18.1298628437766,-1.00542313408534
"GSM8121906_athero_human_13.txt.gz","Plate_589s_A09","asymptomatic","unassigned","C10",13.8703971044675,4.22267129714483
"GSM8121906_athero_human_13.txt.gz","Plate_589s_A10","asymptomatic","unassigned","C2",18.7440293203527,-2.71736358329364
"GSM8121906_athero_human_13.txt.gz","Plate_589s_A11","asymptomatic","macrophage","C4",-14.4090963535877,-9.98261017373379
"GSM8121906_athero_human_13.txt.gz","Plate_589s_A12","asymptomatic","macrophage","C5",-18.4912544984965,7.50094443733664
"GSM8121906_athero_human_13.txt.gz","Plate_589s_A13","asymptomatic","macrophage","C4",-16.5177236615993,-10.4522943928263
"GSM8121906_athero_human_13.txt.gz","Plate_589s_A15","asymptomatic","vsmc","C2",18.6461228606887,-2.43599495454481
"GSM8121906_athero_human_13.txt.gz","Plate_589s_A16","asymptomatic","vsmc","C2",16.1001303753907,-4.01621092065841
"GSM8121906_athero_human_13.txt.gz","Plate_589s_A17","asymptomatic","macrophage","C3",-20.1669077956617,1.7888244546874
"GSM8121906_athero_human_13.txt.gz","Plate_589s_A18","asymptomatic","b_cell","C1",-9.4766973571196,-0.64881095564444
"GSM8121906_athero_human_13.txt.gz","Plate_589s_A20","asymptomatic","fibroblast","C10",16.7975033538111,-5.04623579630143
"GSM8121906_athero_human_13.txt.gz","Plate_589s_A21","asymptomatic","macrophage","C3",-17.1530490033685,-5.01701149314929
"GSM8121906_athero_human_13.txt.gz","Plate_589s_A24","asymptomatic","fibroblast","C2",17.6375653759939,-7.01888292928003
"GSM8121906_athero_human_13.txt.gz","Plate_589s_B02","asymptomatic","vsmc","C2",18.5451241880803,0.00102214285126514
"GSM8121906_athero_human_13.txt.gz","Plate_589s_B03","asymptomatic","vsmc","C2",18.468761503727,-3.68802514918115
"GSM8121906_athero_human_13.txt.gz","Plate_589s_B04","asymptomatic","fibroblast","C8",15.6385554059217,-1.43727568451195
"GSM8121906_athero_human_13.txt.gz","Plate_589s_B05","asymptomatic","vsmc","C2",18.546373799151,-0.633176239678825
"GSM8121906_athero_human_13.txt.gz","Plate_589s_B07","asymptomatic","fibroblast","C10",17.8288149253179,-0.305636382618498
"GSM8121906_athero_human_13.txt.gz","Plate_589s_B08","asymptomatic","macrophage","C4",-18.8141475864608,-3.94628923496468
"GSM8121906_athero_human_13.txt.gz","Plate_589s_B09","asymptomatic","macrophage","C4",-18.369655529181,-7.21150773857156
"GSM8121906_athero_human_13.txt.gz","Plate_589s_B10","asymptomatic","endothelial","C6",5.1223042594569,21.9041183727977
"GSM8121906_athero_human_13.txt.gz","Plate_589s_B12","asymptomatic","macrophage","C9",-18.4469855212219,-6.15869995066852
"GSM8121906_athero_human_13.txt.gz","Plate_589s_B13","asymptomatic","macrophage","C9",-19.5608857349603,-5.41028276019957
"GSM8121906_athero_human_13.txt.gz","Plate_589s_B14","asymptomatic","vsmc","C2",17.5975104291966,-2.35587110872006
"GSM8121906_athero_human_13.txt.gz","Plate_589s_B15","asymptomatic","vsmc","C7",12.2738399930543,-10.6337127864062
"GSM8121906_athero_human_13.txt.gz","Plate_589s_B16","asymptomatic","macrophage","C4",-16.8301598008103,-2.73754278442245
"GSM8121906_athero_human_13.txt.gz","Plate_589s_B17","asymptomatic","macrophage","C4",-13.4747295519763,-8.68846173204065
"GSM8121906_athero_human_13.txt.gz","Plate_589s_B18","asymptomatic","vsmc","C2",18.8333067722939,2.20555125563166
"GSM8121906_athero_human_13.txt.gz","Plate_589s_B19","asymptomatic","macrophage","C5",-20.0287644375034,0.105131484958007
"GSM8121906_athero_human_13.txt.gz","Plate_589s_B21","asymptomatic","fibroblast","C10",13.6972401499905,1.28996369977414
"GSM8121906_athero_human_13.txt.gz","Plate_589s_B23","asymptomatic","macrophage","C9",-19.4627919077428,-5.47980026144201
"GSM8121906_athero_human_13.txt.gz","Plate_589s_B24","asymptomatic","fibroblast","C2",20.5933047378445,-0.503095689481008
"GSM8121906_athero_human_13.txt.gz","Plate_589s_C01","asymptomatic","macrophage","C4",-13.0503742261576,-7.88633243553631
"GSM8121906_athero_human_13.txt.gz","Plate_589s_C02","asymptomatic","macrophage","C9",-17.947698573433,-6.07617122313557
"GSM8121906_athero_human_13.txt.gz","Plate_589s_C03","asymptomatic","macrophage","C4",-14.4297386857017,-12.3068908524705
"GSM8121906_athero_human_13.txt.gz","Plate_589s_C04","asymptomatic","macrophage","C4",-16.4620268663046,-2.94407902087581
"GSM8121906_athero_human_13.txt.gz","Plate_589s_C05","asymptomatic","macrophage","C5",-20.3583872581095,4.38706857111901
"GSM8121906_athero_human_13.txt.gz","Plate_589s_C06","asymptomatic","fibroblast","C10",16.2045092613359,-2.83254549478694
"GSM8121906_athero_human_13.txt.gz","Plate_589s_C07","asymptomatic","vsmc","C2",16.7470463197226,-5.54513755827671
"GSM8121906_athero_human_13.txt.gz","Plate_589s_C08","asymptomatic","macrophage","C4",-9.97350502281466,-10.1682601515967
"GSM8121906_athero_human_13.txt.gz","Plate_589s_C09","asymptomatic","macrophage","C4",-13.2426220333999,-8.5968582165513
"GSM8121906_athero_human_13.txt.gz","Plate_589s_C10","asymptomatic","vsmc","C2",15.6819631129696,-0.907779042784304
"GSM8121906_athero_human_13.txt.gz","Plate_589s_C11","asymptomatic","endothelial","C10",14.822045638267,7.64898342413006
"GSM8121906_athero_human_13.txt.gz","Plate_589s_C12","asymptomatic","vsmc","C2",18.5282466814621,1.62974261280191
"GSM8121906_athero_human_13.txt.gz","Plate_589s_C13","asymptomatic","vsmc","C2",17.9433902590618,-1.22270286705592
"GSM8121906_athero_human_13.txt.gz","Plate_589s_C14","asymptomatic","vsmc","C2",18.5064609028815,-1.92593040730589
"GSM8121906_athero_human_13.txt.gz","Plate_589s_C15","asymptomatic","fibroblast","C2",19.0590496009793,-3.49103929895583
"GSM8121906_athero_human_13.txt.gz","Plate_589s_C18","asymptomatic","vsmc","C2",17.5036615650427,-4.35243335053883
"GSM8121906_athero_human_13.txt.gz","Plate_589s_C19","asymptomatic","vsmc","C2",19.0527926557394,-0.901931169720488
"GSM8121906_athero_human_13.txt.gz","Plate_589s_C20","asymptomatic","macrophage","C3",-18.9440740731818,-0.95285383515634
"GSM8121906_athero_human_13.txt.gz","Plate_589s_C21","asymptomatic","b_cell","C4",-9.39261652439021,-14.0540008832847
"GSM8121906_athero_human_13.txt.gz","Plate_589s_C22","asymptomatic","vsmc","C2",17.9720677742826,1.02604939490578
"GSM8121906_athero_human_13.txt.gz","Plate_589s_C23","asymptomatic","fibroblast","C10",16.5278818828395,1.72469982422458
"GSM8121906_athero_human_13.txt.gz","Plate_589s_D01","asymptomatic","vsmc","C2",18.8905696785649,0.487684288025675
"GSM8121906_athero_human_13.txt.gz","Plate_589s_D02","asymptomatic","fibroblast","C10",17.8445150068405,2.09293096469769
"GSM8121906_athero_human_13.txt.gz","Plate_589s_D03","asymptomatic","macrophage","C4",-15.008491074542,-9.81789390201406
"GSM8121906_athero_human_13.txt.gz","Plate_589s_D05","asymptomatic","macrophage","C9",-16.4379082509923,-7.83317931236748
"GSM8121906_athero_human_13.txt.gz","Plate_589s_D06","asymptomatic","macrophage","C3",-20.3091231043192,-2.56846009011108
"GSM8121906_athero_human_13.txt.gz","Plate_589s_D07","asymptomatic","macrophage","C9",-18.6096500993852,-5.26185176368803
"GSM8121906_athero_human_13.txt.gz","Plate_589s_D08","asymptomatic","vsmc","C2",15.2114300344013,-7.61078248920807
"GSM8121906_athero_human_13.txt.gz","Plate_589s_D09","asymptomatic","macrophage","C4",-14.5243239654144,-11.2300035922519
"GSM8121906_athero_human_13.txt.gz","Plate_589s_D10","asymptomatic","macrophage","C3",-19.7317791375696,-4.5432946500034
"GSM8121906_athero_human_13.txt.gz","Plate_589s_D11","asymptomatic","vsmc","C2",18.4859270791499,-1.84647506228485
"GSM8121906_athero_human_13.txt.gz","Plate_589s_D12","asymptomatic","macrophage","C3",-19.4948284226507,-3.56919592351889
"GSM8121906_athero_human_13.txt.gz","Plate_589s_D13","asymptomatic","macrophage","C5",-21.6615502665211,3.41056504432815
"GSM8121906_athero_human_13.txt.gz","Plate_589s_D14","asymptomatic","fibroblast","C10",16.3840954834746,-3.18686028081004
"GSM8121906_athero_human_13.txt.gz","Plate_589s_D15","asymptomatic","macrophage","C5",-21.4844747253494,1.32466027971479
"GSM8121906_athero_human_13.txt.gz","Plate_589s_D16","asymptomatic","fibroblast","C2",19.261734393933,1.50819244474615
"GSM8121906_athero_human_13.txt.gz","Plate_589s_D17","asymptomatic","macrophage","C4",-12.3832057170236,-10.4780566604257
"GSM8121906_athero_human_13.txt.gz","Plate_589s_D19","asymptomatic","macrophage","C9",-17.644266428864,-4.71170035555027
"GSM8121906_athero_human_13.txt.gz","Plate_589s_D20","asymptomatic","vsmc","C2",17.827325213727,0.302706998169384
"GSM8121906_athero_human_13.txt.gz","Plate_589s_D21","asymptomatic","vsmc","C2",18.7203162482397,0.0180521497590608
"GSM8121906_athero_human_13.txt.gz","Plate_589s_D22","asymptomatic","endothelial","C10",16.005870967844,3.8805865232501
"GSM8121906_athero_human_13.txt.gz","Plate_589s_D23","asymptomatic","macrophage","C5",-20.3666482304464,2.39237278796679
"GSM8121906_athero_human_13.txt.gz","Plate_589s_E01","asymptomatic","vsmc","C7",9.04697091440607,-12.4311049818113
"GSM8121906_athero_human_13.txt.gz","Plate_589s_E02","asymptomatic","vsmc","C2",17.2394732415595,-1.08753183938389
"GSM8121906_athero_human_13.txt.gz","Plate_589s_E03","asymptomatic","macrophage","C4",-17.6905183405035,-4.23792822680699
"GSM8121906_athero_human_13.txt.gz","Plate_589s_E04","asymptomatic","fibroblast","C10",15.8858175694856,0.0860358988841296
"GSM8121906_athero_human_13.txt.gz","Plate_589s_E05","asymptomatic","macrophage","C3",-19.9314778621925,-0.814101173200299
"GSM8121906_athero_human_13.txt.gz","Plate_589s_E06","asymptomatic","vsmc","C2",15.0923909706018,-7.15810176692502
"GSM8121906_athero_human_13.txt.gz","Plate_589s_E08","asymptomatic","fibroblast","C10",19.1011124022246,-0.145855864353509
"GSM8121906_athero_human_13.txt.gz","Plate_589s_E11","asymptomatic","macrophage","C3",-17.8365172150219,-2.75929596301057
"GSM8121906_athero_human_13.txt.gz","Plate_589s_E12","asymptomatic","vsmc","C2",17.0602967424754,-1.72056314661019
"GSM8121906_athero_human_13.txt.gz","Plate_589s_E13","asymptomatic","macrophage","C3",-19.022131646549,-2.8047339843616
"GSM8121906_athero_human_13.txt.gz","Plate_589s_E14","asymptomatic","macrophage","C3",-17.3319467198224,0.759804492545873
"GSM8121906_athero_human_13.txt.gz","Plate_589s_E16","asymptomatic","vsmc","C2",18.9771172041495,-0.179866115856904
"GSM8121906_athero_human_13.txt.gz","Plate_589s_E17","asymptomatic","macrophage","C4",-18.6845545947067,-7.49415259833712
"GSM8121906_athero_human_13.txt.gz","Plate_589s_E18","asymptomatic","vsmc","C2",18.5987281541767,0.34274323793923
"GSM8121906_athero_human_13.txt.gz","Plate_589s_E19","asymptomatic","fibroblast","C10",17.3819621657429,4.79925878837606
"GSM8121906_athero_human_13.txt.gz","Plate_589s_E20","asymptomatic","macrophage","C5",-12.3640700494201,4.35001188664839
"GSM8121906_athero_human_13.txt.gz","Plate_589s_E21","asymptomatic","fibroblast","C8",12.0430764095576,3.34301252303491
"GSM8121906_athero_human_13.txt.gz","Plate_589s_E22","asymptomatic","fibroblast","C10",16.6727360629361,7.05363463393129
"GSM8121906_athero_human_13.txt.gz","Plate_589s_E23","asymptomatic","vsmc","C2",18.1492438863489,-2.28060990202327
"GSM8121906_athero_human_13.txt.gz","Plate_589s_E24","asymptomatic","t_nk","C1",-2.97386915690049,-9.96925828129939
"GSM8121906_athero_human_13.txt.gz","Plate_589s_F02","asymptomatic","vsmc","C2",19.3291108839607,-0.803615648452641
"GSM8121906_athero_human_13.txt.gz","Plate_589s_F03","asymptomatic","unassigned","C8",12.1883459710423,1.5546136250912
"GSM8121906_athero_human_13.txt.gz","Plate_589s_F04","asymptomatic","vsmc","C2",17.506889513476,-1.89829821651987
"GSM8121906_athero_human_13.txt.gz","Plate_589s_F06","asymptomatic","vsmc","C2",17.5607144894287,-2.70533882122861
"GSM8121906_athero_human_13.txt.gz","Plate_589s_F07","asymptomatic","t_nk","C3",-17.929911301355,-0.658278818359088
"GSM8121906_athero_human_13.txt.gz","Plate_589s_F08","asymptomatic","macrophage","C9",-16.2013466171046,-11.37451688098
"GSM8121906_athero_human_13.txt.gz","Plate_589s_F09","asymptomatic","vsmc","C2",17.5093291237691,-1.20905387786585
"GSM8121906_athero_human_13.txt.gz","Plate_589s_F10","asymptomatic","macrophage","C9",-14.5544455170158,-11.7662665879635
"GSM8121906_athero_human_13.txt.gz","Plate_589s_F11","asymptomatic","unassigned","C2",19.8925928867129,0.355915050139447
"GSM8121906_athero_human_13.txt.gz","Plate_589s_F12","asymptomatic","macrophage","C5",-20.1957874965312,-0.743412491350698
"GSM8121906_athero_human_13.txt.gz","Plate_589s_F13","asymptomatic","macrophage","C4",-12.6977954126623,-13.3896959887905
"GSM8121906_athero_human_13.txt.gz","Plate_589s_F14","asymptomatic","fibroblast","C10",15.456452328467,9.83068348882641
"GSM8121906_athero_human_13.txt.gz","Plate_589s_F16","asymptomatic","fibroblast","C2",20.3452778732647,-0.652027139476098
"GSM8121906_athero_human_13.txt.gz","Plate_589s_F17","asymptomatic","vsmc","C2",17.7456383394585,-2.86197901855711
"GSM8121906_athero_human_13.txt.gz","Plate_589s_F19","asymptomatic","vsmc","C2",19.7974155473688,-1.37612856850245
"GSM8121906_athero_human_13.txt.gz","Plate_589s_F20","asymptomatic","vsmc","C2",18.8159176874985,-3.64485758241093
"GSM8121906_athero_human_13.txt.gz","Plate_589s_F21","asymptomatic","macrophage","C4",-17.2041161507811,-4.30162656382587
"GSM8121906_athero_human_13.txt.gz","Plate_589s_F22","asymptomatic","fibroblast","C10",5.69570479309942,2.11550793895488
"GSM8121906_athero_human_13.txt.gz","Plate_589s_F23","asymptomatic","vsmc","C2",19.382717761932,-3.29975062146432
"GSM8121906_athero_human_13.txt.gz","Plate_589s_F24","asymptomatic","fibroblast","C10",15.8630746562533,4.19806904072376
"GSM8121906_athero_human_13.txt.gz","Plate_589s_G01","asymptomatic","macrophage","C4",-13.5772067659059,-12.0722502332462
"GSM8121906_athero_human_13.txt.gz","Plate_589s_G02","asymptomatic","macrophage","C9",-18.491749990384,-4.66401201733475
"GSM8121906_athero_human_13.txt.gz","Plate_589s_G03","asymptomatic","vsmc","C2",17.0035081665022,-3.93598221481117
"GSM8121906_athero_human_13.txt.gz","Plate_589s_G04","asymptomatic","vsmc","C2",15.9298725601022,-1.20839599217996
"GSM8121906_athero_human_13.txt.gz","Plate_589s_G05","asymptomatic","macrophage","C3",-16.9357633957733,-1.87014344581876
"GSM8121906_athero_human_13.txt.gz","Plate_589s_G06","asymptomatic","fibroblast","C7",11.8001329721164,-7.18815796126985
"GSM8121906_athero_human_13.txt.gz","Plate_589s_G07","asymptomatic","macrophage","C3",-19.8928575744146,-0.713902566172952
"GSM8121906_athero_human_13.txt.gz","Plate_589s_G08","asymptomatic","fibroblast","C10",16.3459784055935,0.36554604637349
"GSM8121906_athero_human_13.txt.gz","Plate_589s_G10","asymptomatic","endothelial","C6",9.58013222981419,15.5757393075274
"GSM8121906_athero_human_13.txt.gz","Plate_589s_G11","asymptomatic","macrophage","C3",-18.5032304760645,-3.24027540187619
"GSM8121906_athero_human_13.txt.gz","Plate_589s_G12","asymptomatic","macrophage","C4",-12.4719186470518,-12.5507258196154
"GSM8121906_athero_human_13.txt.gz","Plate_589s_G13","asymptomatic","macrophage","C3",-19.2322141007994,1.72729390540553
"GSM8121906_athero_human_13.txt.gz","Plate_589s_G14","asymptomatic","vsmc","C2",16.3501386533993,-7.84572438849862
"GSM8121906_athero_human_13.txt.gz","Plate_589s_G15","asymptomatic","macrophage","C5",-22.107050030899,1.14120472954369
"GSM8121906_athero_human_13.txt.gz","Plate_589s_G16","asymptomatic","fibroblast","C10",15.5967354838708,-1.7923060716277
"GSM8121906_athero_human_13.txt.gz","Plate_589s_G17","asymptomatic","vsmc","C2",19.1986496960518,-0.9320119846397
"GSM8121906_athero_human_13.txt.gz","Plate_589s_G18","asymptomatic","vsmc","C2",18.4819999765302,-0.586560372361758
"GSM8121906_athero_human_13.txt.gz","Plate_589s_G20","asymptomatic","macrophage","C4",-17.0031127716937,-7.31629456361219
"GSM8121906_athero_human_13.txt.gz","Plate_589s_G21","asymptomatic","vsmc","C2",17.8331205015535,-1.21114191153164
"GSM8121906_athero_human_13.txt.gz","Plate_589s_G23","asymptomatic","macrophage","C9",-20.2719267409884,-7.71861808425216
"GSM8121906_athero_human_13.txt.gz","Plate_589s_G24","asymptomatic","vsmc","C2",17.1287810038273,-1.03465022823934
"GSM8121906_athero_human_13.txt.gz","Plate_589s_H01","asymptomatic","vsmc","C2",17.2859312198673,-1.46094913905333
"GSM8121906_athero_human_13.txt.gz","Plate_589s_H02","asymptomatic","vsmc","C2",17.4807114455012,-2.63747726023505
"GSM8121906_athero_human_13.txt.gz","Plate_589s_H04","asymptomatic","b_cell","C1",-8.03913523814106,-8.60918542623288
"GSM8121906_athero_human_13.txt.gz","Plate_589s_H05","asymptomatic","vsmc","C2",15.6220695347456,-1.82844822452082
"GSM8121906_athero_human_13.txt.gz","Plate_589s_H06","asymptomatic","macrophage","C4",-14.2553622430651,-11.3233260971548
"GSM8121906_athero_human_13.txt.gz","Plate_589s_H07","asymptomatic","fibroblast","C7",12.7627161104125,-9.45218603671419
"GSM8121906_athero_human_13.txt.gz","Plate_589s_H08","asymptomatic","unassigned","C10",13.1035500963408,6.99905032033555
"GSM8121906_athero_human_13.txt.gz","Plate_589s_H09","asymptomatic","macrophage","C4",-8.95646549292418,-2.44033241003524
"GSM8121906_athero_human_13.txt.gz","Plate_589s_H10","asymptomatic","macrophage","C4",-16.7773994755746,-6.40090555305442
"GSM8121906_athero_human_13.txt.gz","Plate_589s_H11","asymptomatic","fibroblast","C10",19.3358416996308,1.44789739594827
"GSM8121906_athero_human_13.txt.gz","Plate_589s_H12","asymptomatic","vsmc","C2",15.4713905190825,-8.01434917382119
"GSM8121906_athero_human_13.txt.gz","Plate_589s_H13","asymptomatic","vsmc","C2",15.7888552124772,-6.05625025478402
"GSM8121906_athero_human_13.txt.gz","Plate_589s_H14","asymptomatic","fibroblast","C10",16.9178733096249,2.13184438135714
"GSM8121906_athero_human_13.txt.gz","Plate_589s_H15","asymptomatic","macrophage","C4",-19.1170174716237,-6.48522944972578
"GSM8121906_athero_human_13.txt.gz","Plate_589s_H17","asymptomatic","vsmc","C2",17.665680410275,-4.76991993898572
"GSM8121906_athero_human_13.txt.gz","Plate_589s_H18","asymptomatic","macrophage","C4",-15.6496205650043,-8.05891169969503
"GSM8121906_athero_human_13.txt.gz","Plate_589s_H20","asymptomatic","macrophage","C3",-21.7494520895354,0.472678677468045
"GSM8121906_athero_human_13.txt.gz","Plate_589s_H21","asymptomatic","b_cell","C1",-5.03110581510999,-0.235607361297814
"GSM8121906_athero_human_13.txt.gz","Plate_589s_H22","asymptomatic","fibroblast","C10",16.5359279389968,-2.00519549817236
"GSM8121906_athero_human_13.txt.gz","Plate_589s_H23","asymptomatic","macrophage","C3",-18.3097295318083,-3.59999039035404
"GSM8121906_athero_human_13.txt.gz","Plate_589s_H24","asymptomatic","unassigned","C4",-13.3048678084748,-10.6226918185216
"GSM8121906_athero_human_13.txt.gz","Plate_589s_I01","asymptomatic","vsmc","C2",17.2838378993212,-3.2130751305599
"GSM8121906_athero_human_13.txt.gz","Plate_589s_I02","asymptomatic","fibroblast","C2",14.786610338603,-5.66203432995315
"GSM8121906_athero_human_13.txt.gz","Plate_589s_I03","asymptomatic","fibroblast","C2",18.5117007119569,-2.52301494003929
"GSM8121906_athero_human_13.txt.gz","Plate_589s_I05","asymptomatic","vsmc","C2",18.997636682375,-3.96976210740299
"GSM8121906_athero_human_13.txt.gz","Plate_589s_I06","asymptomatic","macrophage","C9",-9.42854191033507,-6.98279980587596
"GSM8121906_athero_human_13.txt.gz","Plate_589s_I07","asymptomatic","macrophage","C4",-16.4215088848351,-9.57375269870884
"GSM8121906_athero_human_13.txt.gz","Plate_589s_I08","asymptomatic","macrophage","C9",-15.5566105804837,-11.5507429364302
"GSM8121906_athero_human_13.txt.gz","Plate_589s_I09","asymptomatic","vsmc","C2",12.3826950095884,-9.07067962621506
"GSM8121906_athero_human_13.txt.gz","Plate_589s_I11","asymptomatic","macrophage","C4",-14.0703856578832,-8.334005107962
"GSM8121906_athero_human_13.txt.gz","Plate_589s_I12","asymptomatic","vsmc","C2",19.5657524371093,1.8397345934057
"GSM8121906_athero_human_13.txt.gz","Plate_589s_I13","asymptomatic","macrophage","C4",-15.4318528591998,-9.71229639184784
"GSM8121906_athero_human_13.txt.gz","Plate_589s_I14","asymptomatic","macrophage","C5",-20.5753392524171,-0.781906074469507
"GSM8121906_athero_human_13.txt.gz","Plate_589s_I16","asymptomatic","fibroblast","C2",16.7182275733541,-5.6049670702473
"GSM8121906_athero_human_13.txt.gz","Plate_589s_I17","asymptomatic","fibroblast","C10",14.1864884732972,5.23334178542254
"GSM8121906_athero_human_13.txt.gz","Plate_589s_I19","asymptomatic","macrophage","C4",-15.8845982864197,-5.95754987008689
"GSM8121906_athero_human_13.txt.gz","Plate_589s_I20","asymptomatic","macrophage","C5",-20.2389847011808,2.20023175743771
"GSM8121906_athero_human_13.txt.gz","Plate_589s_I21","asymptomatic","macrophage","C3",-21.4917907626062,-0.336672674425597
"GSM8121906_athero_human_13.txt.gz","Plate_589s_I22","asymptomatic","macrophage","C4",-17.0088762527814,-6.76240671246048
"GSM8121906_athero_human_13.txt.gz","Plate_589s_I23","asymptomatic","fibroblast","C2",15.971763187135,-5.42324909260875
"GSM8121906_athero_human_13.txt.gz","Plate_589s_J02","asymptomatic","macrophage","C4",-17.0029620187162,-5.68697710327613
"GSM8121906_athero_human_13.txt.gz","Plate_589s_J03","asymptomatic","macrophage","C9",-16.4869744162376,-11.9599383632949
"GSM8121906_athero_human_13.txt.gz","Plate_589s_J04","asymptomatic","fibroblast","C8",12.466313156977,0.887150552352422
"GSM8121906_athero_human_13.txt.gz","Plate_589s_J05","asymptomatic","fibroblast","C10",17.0146294425266,5.7162417025105
"GSM8121906_athero_human_13.txt.gz","Plate_589s_J06","asymptomatic","fibroblast","C2",19.470883880937,1.10228135592276
"GSM8121906_athero_human_13.txt.gz","Plate_589s_J07","asymptomatic","endothelial","C6",7.66128860660515,21.3707831297238
"GSM8121906_athero_human_13.txt.gz","Plate_589s_J08","asymptomatic","unassigned","C4",-9.69878464105551,5.55379122409823
"GSM8121906_athero_human_13.txt.gz","Plate_589s_J09","asymptomatic","fibroblast","C7",12.5865490479584,-10.6233774534636
"GSM8121906_athero_human_13.txt.gz","Plate_589s_J10","asymptomatic","vsmc","C2",18.2602329350839,-2.45636903748947
"GSM8121906_athero_human_13.txt.gz","Plate_589s_J11","asymptomatic","fibroblast","C10",14.3860506436012,-2.99832581248861
"GSM8121906_athero_human_13.txt.gz","Plate_589s_J12","asymptomatic","macrophage","C3",-20.3811368377268,1.09633399253225
"GSM8121906_athero_human_13.txt.gz","Plate_589s_J13","asymptomatic","macrophage","C5",-21.1954573559565,3.06576186064525
"GSM8121906_athero_human_13.txt.gz","Plate_589s_J14","asymptomatic","fibroblast","C7",15.1498901371389,-11.106044235386
"GSM8121906_athero_human_13.txt.gz","Plate_589s_J15","asymptomatic","fibroblast","C10",14.1379173722982,1.00924557535115
"GSM8121906_athero_human_13.txt.gz","Plate_589s_J16","asymptomatic","macrophage","C4",-6.81460482117673,-7.36462292532719
"GSM8121906_athero_human_13.txt.gz","Plate_589s_J18","asymptomatic","macrophage","C4",-15.9704724066781,-7.77343689879953
"GSM8121906_athero_human_13.txt.gz","Plate_589s_J20","asymptomatic","macrophage","C4",-15.5087972458532,-5.2136868606403
"GSM8121906_athero_human_13.txt.gz","Plate_589s_J21","asymptomatic","fibroblast","C2",19.6583943576061,-3.26003464351933
"GSM8121906_athero_human_13.txt.gz","Plate_589s_J22","asymptomatic","macrophage","C4",-15.6759969630883,-6.60876089754086
"GSM8121906_athero_human_13.txt.gz","Plate_589s_J23","asymptomatic","macrophage","C4",-11.7740610662003,-12.4005424685469
"GSM8121906_athero_human_13.txt.gz","Plate_589s_J24","asymptomatic","macrophage","C4",-16.0196575973247,-8.76118025802242
"GSM8121906_athero_human_13.txt.gz","Plate_589s_K01","asymptomatic","fibroblast","C10",16.1914171336298,5.74294337994731
"GSM8121906_athero_human_13.txt.gz","Plate_589s_K02","asymptomatic","vsmc","C2",15.1414097666557,-5.79518263152711
"GSM8121906_athero_human_13.txt.gz","Plate_589s_K04","asymptomatic","macrophage","C4",-11.9446291556601,-10.838532080243
"GSM8121906_athero_human_13.txt.gz","Plate_589s_K05","asymptomatic","vsmc","C2",18.7345452543786,-2.70576479925443
"GSM8121906_athero_human_13.txt.gz","Plate_589s_K06","asymptomatic","vsmc","C2",16.8892224372076,-3.42988948556579
"GSM8121906_athero_human_13.txt.gz","Plate_589s_K07","asymptomatic","vsmc","C2",17.1388693581567,-1.34561421154854
"GSM8121906_athero_human_13.txt.gz","Plate_589s_K08","asymptomatic","fibroblast","C10",3.2519081767755,1.4737136898041
"GSM8121906_athero_human_13.txt.gz","Plate_589s_K09","asymptomatic","vsmc","C2",17.4269604564044,0.50672235941422
"GSM8121906_athero_human_13.txt.gz","Plate_589s_K10","asymptomatic","fibroblast","C10",14.3970807576595,-4.74802618473675
"GSM8121906_athero_human_13.txt.gz","Plate_589s_K11","asymptomatic","vsmc","C8",12.8220048149991,0.326842886996903
"GSM8121906_athero_human_13.txt.gz","Plate_589s_K12","asymptomatic","macrophage","C3",-19.7989444510447,-3.565378612111
"GSM8121906_athero_human_13.txt.gz","Plate_589s_K13","asymptomatic","vsmc","C2",18.2202529677602,-1.62976706799427
"GSM8121906_athero_human_13.txt.gz","Plate_589s_K14","asymptomatic","macrophage","C4",-14.7909216113253,-5.7365552717346
"GSM8121906_athero_human_13.txt.gz","Plate_589s_K15","asymptomatic","unassigned","C8",9.68792472721159,2.86166222057337
"GSM8121906_athero_human_13.txt.gz","Plate_589s_K16","asymptomatic","fibroblast","C10",19.2100539274992,2.48978026183633
"GSM8121906_athero_human_13.txt.gz","Plate_589s_K17","asymptomatic","macrophage","C3",-21.7036731176288,-0.901511879829091
"GSM8121906_athero_human_13.txt.gz","Plate_589s_K19","asymptomatic","vsmc","C2",17.6180676314119,-4.57323863244085
"GSM8121906_athero_human_13.txt.gz","Plate_589s_K20","asymptomatic","fibroblast","C8",14.1210231422448,-0.640450188168456
"GSM8121906_athero_human_13.txt.gz","Plate_589s_K21","asymptomatic","macrophage","C5",-20.6992413631826,1.15602532389658
"GSM8121906_athero_human_13.txt.gz","Plate_589s_K22","asymptomatic","macrophage","C5",-20.6559859776921,3.83683447878177
"GSM8121906_athero_human_13.txt.gz","Plate_589s_K23","asymptomatic","macrophage","C4",-14.423489906409,-8.07464442618558
"GSM8121906_athero_human_13.txt.gz","Plate_589s_K24","asymptomatic","b_cell","C4",-14.2737560887073,-3.37900359294393
"GSM8121906_athero_human_13.txt.gz","Plate_589s_L01","asymptomatic","fibroblast","C8",13.4764399178901,1.96578131829043
"GSM8121906_athero_human_13.txt.gz","Plate_589s_L04","asymptomatic","macrophage","C3",-13.5116208807039,-2.21062016899669
"GSM8121906_athero_human_13.txt.gz","Plate_589s_L05","asymptomatic","fibroblast","C8",15.3296509777611,1.6665599418765
"GSM8121906_athero_human_13.txt.gz","Plate_589s_L06","asymptomatic","vsmc","C2",19.1844488411121,-2.61716970097215
"GSM8121906_athero_human_13.txt.gz","Plate_589s_L07","asymptomatic","macrophage","C9",-8.73197419392644,-3.9544748513134
"GSM8121906_athero_human_13.txt.gz","Plate_589s_L08","asymptomatic","macrophage","C9",-11.5155485430021,-7.98365866651439
"GSM8121906_athero_human_13.txt.gz","Plate_589s_L09","asymptomatic","vsmc","C2",18.5838471898058,1.21895743368884
"GSM8121906_athero_human_13.txt.gz","Plate_589s_L10","asymptomatic","fibroblast","C8",15.5005832488433,-0.576410087756531
"GSM8121906_athero_human_13.txt.gz","Plate_589s_L11","asymptomatic","fibroblast","C2",19.6664387650107,0.705424015701829
"GSM8121906_athero_human_13.txt.gz","Plate_589s_L12","asymptomatic","macrophage","C4",-5.9559581491393,-7.87906346289176
"GSM8121906_athero_human_13.txt.gz","Plate_589s_L13","asymptomatic","vsmc","C2",17.8400756817241,-0.966096084342032
"GSM8121906_athero_human_13.txt.gz","Plate_589s_L14","asymptomatic","fibroblast","C2",18.636900422243,1.28800389992645
"GSM8121906_athero_human_13.txt.gz","Plate_589s_L15","asymptomatic","endothelial","C6",4.5023315157602,19.6247444711364
"GSM8121906_athero_human_13.txt.gz","Plate_589s_L16","asymptomatic","fibroblast","C10",16.5837180040903,8.29714327254692
"GSM8121906_athero_human_13.txt.gz","Plate_589s_L17","asymptomatic","unassigned","C2",15.6053272603452,4.44349935867492
"GSM8121906_athero_human_13.txt.gz","Plate_589s_L19","asymptomatic","macrophage","C3",-18.6852899892958,0.469339579153412
"GSM8121906_athero_human_13.txt.gz","Plate_589s_L22","asymptomatic","vsmc","C2",15.0404509148178,-4.44288378762095
"GSM8121906_athero_human_13.txt.gz","Plate_589s_L23","asymptomatic","fibroblast","C10",17.8467447935427,-0.66577325170602
"GSM8121906_athero_human_13.txt.gz","Plate_589s_L24","asymptomatic","fibroblast","C2",19.1024489494488,-1.07303886373093
"GSM8121906_athero_human_13.txt.gz","Plate_589s_M01","asymptomatic","endothelial","C6",6.40827777111937,17.2015592198161
"GSM8121906_athero_human_13.txt.gz","Plate_589s_M03","asymptomatic","fibroblast","C8",15.8098691257337,-1.61883295507168
"GSM8121906_athero_human_13.txt.gz","Plate_589s_M04","asymptomatic","vsmc","C2",17.1091612105089,-1.12440236925309
"GSM8121906_athero_human_13.txt.gz","Plate_589s_M05","asymptomatic","vsmc","C2",18.4837579721127,-1.48887093835508
"GSM8121906_athero_human_13.txt.gz","Plate_589s_M06","asymptomatic","vsmc","C2",18.5243674960926,-2.66654394652249
"GSM8121906_athero_human_13.txt.gz","Plate_589s_M08","asymptomatic","fibroblast","C8",12.2603555023516,-0.289997713202957
"GSM8121906_athero_human_13.txt.gz","Plate_589s_M09","asymptomatic","vsmc","C7",17.2660402146151,-8.33019800016692
"GSM8121906_athero_human_13.txt.gz","Plate_589s_M10","asymptomatic","vsmc","C2",19.0757004454377,0.855477653358086
"GSM8121906_athero_human_13.txt.gz","Plate_589s_M12","asymptomatic","fibroblast","C10",16.0471648634885,2.77292657266455
"GSM8121906_athero_human_13.txt.gz","Plate_589s_M13","asymptomatic","fibroblast","C10",15.557787295063,5.0453051225702
"GSM8121906_athero_human_13.txt.gz","Plate_589s_M14","asymptomatic","macrophage","C3",-16.4032630815225,-3.63424946495065
"GSM8121906_athero_human_13.txt.gz","Plate_589s_M15","asymptomatic","macrophage","C4",-18.2483867464188,-5.67374210936683
"GSM8121906_athero_human_13.txt.gz","Plate_589s_M16","asymptomatic","fibroblast","C2",18.2685808620446,-0.596662833252079
"GSM8121906_athero_human_13.txt.gz","Plate_589s_M17","asymptomatic","macrophage","C9",-19.5628260071111,-1.46821066813606
"GSM8121906_athero_human_13.txt.gz","Plate_589s_M19","asymptomatic","fibroblast","C2",19.43001431892,0.797432171452345
"GSM8121906_athero_human_13.txt.gz","Plate_589s_M22","asymptomatic","fibroblast","C8",12.8409350083084,0.656445857921457
"GSM8121906_athero_human_13.txt.gz","Plate_589s_M23","asymptomatic","vsmc","C2",17.5798483296617,-2.12676996413877
"GSM8121906_athero_human_13.txt.gz","Plate_589s_M24","asymptomatic","vsmc","C2",17.8129700497906,-2.73281113939419
"GSM8121906_athero_human_13.txt.gz","Plate_589s_N01","asymptomatic","vsmc","C2",18.2989504803708,-4.484175902854
"GSM8121906_athero_human_13.txt.gz","Plate_589s_N02","asymptomatic","fibroblast","C2",18.7750068099604,-5.15517128882099
"GSM8121906_athero_human_13.txt.gz","Plate_589s_N03","asymptomatic","macrophage","C4",-17.7343075855855,-9.51695868987147
"GSM8121906_athero_human_13.txt.gz","Plate_589s_N04","asymptomatic","vsmc","C2",15.3314378712892,-6.73196249762622
"GSM8121906_athero_human_13.txt.gz","Plate_589s_N05","asymptomatic","unassigned","C10",14.4714326559013,3.36291871981679
"GSM8121906_athero_human_13.txt.gz","Plate_589s_N06","asymptomatic","vsmc","C2",19.2692366647899,-2.26858238147372
"GSM8121906_athero_human_13.txt.gz","Plate_589s_N07","asymptomatic","fibroblast","C2",19.313506025672,-2.77321289177264
"GSM8121906_athero_human_13.txt.gz","Plate_589s_N08","asymptomatic","vsmc","C2",16.972281848582,-2.94960110134758
"GSM8121906_athero_human_13.txt.gz","Plate_589s_N09","asymptomatic","macrophage","C5",-19.8209017393334,4.58261918114598
"GSM8121906_athero_human_13.txt.gz","Plate_599s_A02","asymptomatic","vsmc","C2",14.8413197835065,-5.36602441193376
"GSM8121906_athero_human_13.txt.gz","Plate_599s_A03","asymptomatic","macrophage","C4",-18.6296783163512,-5.68921260428502
"GSM8121906_athero_human_13.txt.gz","Plate_599s_A04","asymptomatic","unassigned","C2",14.6840876960673,-6.72846310159586
"GSM8121906_athero_human_13.txt.gz","Plate_599s_A05","asymptomatic","fibroblast","C10",16.5261525290773,0.724739404956328
"GSM8121906_athero_human_13.txt.gz","Plate_599s_A06","asymptomatic","vsmc","C2",14.2478057424287,-6.85875187321777
"GSM8121906_athero_human_13.txt.gz","Plate_599s_A07","asymptomatic","vsmc","C2",15.07299563961,-6.87839482235435
"GSM8121906_athero_human_13.txt.gz","Plate_599s_A09","asymptomatic","fibroblast","C8",11.6805216733974,-1.43874410278203
"GSM8121906_athero_human_13.txt.gz","Plate_599s_A10","asymptomatic","vsmc","C2",13.1502553909051,-6.61788218383854
"GSM8121906_athero_human_13.txt.gz","Plate_599s_A11","asymptomatic","macrophage","C4",-12.849060888336,-9.3219448700674
"GSM8121906_athero_human_13.txt.gz","Plate_599s_A12","asymptomatic","macrophage","C4",-9.10698823010951,-9.28860946066881
"GSM8121906_athero_human_13.txt.gz","Plate_599s_A14","asymptomatic","macrophage","C9",-18.2621773107364,-7.15126937694933
"GSM8121906_athero_human_13.txt.gz","Plate_599s_A15","asymptomatic","vsmc","C2",14.4299561999238,-7.10240014451569
"GSM8121906_athero_human_13.txt.gz","Plate_599s_A16","asymptomatic","vsmc","C2",17.3023056632292,-4.03517053975479
"GSM8121906_athero_human_13.txt.gz","Plate_599s_A17","asymptomatic","fibroblast","C10",12.2163452668637,6.18809661218157
"GSM8121906_athero_human_13.txt.gz","Plate_599s_A18","asymptomatic","fibroblast","C2",17.0875618829239,2.42190766190391
"GSM8121906_athero_human_13.txt.gz","Plate_599s_A19","asymptomatic","macrophage","C4",-15.08956681155,-3.80992680665395
"GSM8121906_athero_human_13.txt.gz","Plate_599s_A20","asymptomatic","vsmc","C2",13.6044909972104,-6.69040375778214
"GSM8121906_athero_human_13.txt.gz","Plate_599s_A21","asymptomatic","vsmc","C2",15.9939377031076,-3.4483829211872
"GSM8121906_athero_human_13.txt.gz","Plate_599s_A22","asymptomatic","vsmc","C2",15.8883261954379,-5.95500584920422
"GSM8121906_athero_human_13.txt.gz","Plate_599s_A23","asymptomatic","vsmc","C2",17.3049594845794,-2.26138182015558
"GSM8121906_athero_human_13.txt.gz","Plate_599s_A24","asymptomatic","macrophage","C5",-19.1417985022858,6.41926736499017
"GSM8121906_athero_human_13.txt.gz","Plate_599s_B01","asymptomatic","unassigned","C8",11.6908619627019,-0.830353663614657
"GSM8121906_athero_human_13.txt.gz","Plate_599s_B02","asymptomatic","macrophage","C4",-7.06087801962578,-3.46247072620575
"GSM8121906_athero_human_13.txt.gz","Plate_599s_B05","asymptomatic","vsmc","C2",10.2951922028607,-8.75956876302524
"GSM8121906_athero_human_13.txt.gz","Plate_599s_B06","asymptomatic","t_nk","C1",-3.53776493526185,-9.77967218716224
"GSM8121906_athero_human_13.txt.gz","Plate_599s_B09","asymptomatic","vsmc","C2",16.9073872887391,-1.3352410619303
"GSM8121906_athero_human_13.txt.gz","Plate_599s_B10","asymptomatic","macrophage","C4",-16.0978507693393,-3.47247793672931
"GSM8121906_athero_human_13.txt.gz","Plate_599s_B11","asymptomatic","fibroblast","C7",8.09749065157847,-7.12533912758535
"GSM8121906_athero_human_13.txt.gz","Plate_599s_B12","asymptomatic","vsmc","C2",15.8225737112186,-4.78397818517051
"GSM8121906_athero_human_13.txt.gz","Plate_599s_B14","asymptomatic","macrophage","C4",-10.6523520016096,-9.27905466284129
"GSM8121906_athero_human_13.txt.gz","Plate_599s_B16","asymptomatic","vsmc","C2",14.4658968075943,-5.3923030708355
"GSM8121906_athero_human_13.txt.gz","Plate_599s_B17","asymptomatic","macrophage","C5",-20.5757025877312,2.15434424045012
"GSM8121906_athero_human_13.txt.gz","Plate_599s_B18","asymptomatic","macrophage","C5",-17.7592219698998,4.71992260923693
"GSM8121906_athero_human_13.txt.gz","Plate_599s_B20","asymptomatic","endothelial","C6",5.59611397394154,15.6426597684357
"GSM8121906_athero_human_13.txt.gz","Plate_599s_B21","asymptomatic","fibroblast","C7",16.997886493331,-7.65462941088268
"GSM8121906_athero_human_13.txt.gz","Plate_599s_B22","asymptomatic","vsmc","C2",14.5372710678349,-8.35439844347956
"GSM8121906_athero_human_13.txt.gz","Plate_599s_B23","asymptomatic","macrophage","C3",-17.0886261700834,1.93372513237504
"GSM8121906_athero_human_13.txt.gz","Plate_599s_B24","asymptomatic","fibroblast","C7",9.66420997845924,-12.4549668460245
"GSM8121906_athero_human_13.txt.gz","Plate_599s_C01","asymptomatic","mast","C1",-8.04144301671582,-1.14993281965959
"GSM8121906_athero_human_13.txt.gz","Plate_599s_C02","asymptomatic","endothelial","C6",7.25187691899992,4.42603204567941
"GSM8121906_athero_human_13.txt.gz","Plate_599s_C03","asymptomatic","t_nk","C1",-5.27228677171302,-4.85858799227506
"GSM8121906_athero_human_13.txt.gz","Plate_599s_C04","asymptomatic","b_cell","C4",-15.0542108511251,-9.4510029922367
"GSM8121906_athero_human_13.txt.gz","Plate_599s_C05","asymptomatic","macrophage","C3",-18.3240343813621,-0.740129225103026
"GSM8121906_athero_human_13.txt.gz","Plate_599s_C06","asymptomatic","fibroblast","C10",15.8352377988605,0.710342912929002
"GSM8121906_athero_human_13.txt.gz","Plate_599s_C07","asymptomatic","macrophage","C4",-12.3762819436147,-9.39938053978881
"GSM8121906_athero_human_13.txt.gz","Plate_599s_C09","asymptomatic","macrophage","C4",-15.0574200643444,-5.72092657161823
"GSM8121906_athero_human_13.txt.gz","Plate_599s_C10","asymptomatic","vsmc","C2",13.9522049110218,-8.25155420454198
"GSM8121906_athero_human_13.txt.gz","Plate_599s_C12","asymptomatic","macrophage","C4",-10.23312113507,-9.99798646174222
"GSM8121906_athero_human_13.txt.gz","Plate_599s_C15","asymptomatic","macrophage","C9",-18.0311665593112,-2.68234597639337
"GSM8121906_athero_human_13.txt.gz","Plate_599s_C16","asymptomatic","t_nk","C1",-5.48157960651669,-8.02956184871139
"GSM8121906_athero_human_13.txt.gz","Plate_599s_C18","asymptomatic","fibroblast","C2",16.3085879144623,-4.67044420743431
"GSM8121906_athero_human_13.txt.gz","Plate_599s_C19","asymptomatic","vsmc","C2",16.0308694512166,-2.61988856879014
"GSM8121906_athero_human_13.txt.gz","Plate_599s_C21","asymptomatic","vsmc","C2",16.2377795974277,-4.08091062108179
"GSM8121906_athero_human_13.txt.gz","Plate_599s_C22","asymptomatic","vsmc","C2",15.7316063149075,-0.0936240432308281
"GSM8121906_athero_human_13.txt.gz","Plate_599s_C23","asymptomatic","vsmc","C2",17.2101945240851,-5.25053188981462
"GSM8121906_athero_human_13.txt.gz","Plate_599s_C24","asymptomatic","unassigned","C4",-11.7692086852424,-4.05568870180691
"GSM8121906_athero_human_13.txt.gz","Plate_599s_D01","asymptomatic","t_nk","C1",-6.38356857343841,-6.44416868998502
"GSM8121906_athero_human_13.txt.gz","Plate_599s_D02","asymptomatic","b_cell","C2",16.4635037246674,-3.11514623164132
"GSM8121906_athero_human_13.txt.gz","Plate_599s_D04","asymptomatic","b_cell","C1",-3.37903852841177,1.56390063605641
"GSM8121906_athero_human_13.txt.gz","Plate_599s_D05","asymptomatic","vsmc","C2",15.1235934860563,-8.35062209988079
"GSM8121906_athero_human_13.txt.gz","Plate_599s_D06","asymptomatic","vsmc","C2",15.5324926798176,-4.0512637750954
"GSM8121906_athero_human_13.txt.gz","Plate_599s_D07","asymptomatic","macrophage","C9",-19.2592868065017,-1.11242824887501
"GSM8121906_athero_human_13.txt.gz","Plate_599s_D09","asymptomatic","fibroblast","C7",12.1687501448744,-4.75015322075095
"GSM8121906_athero_human_13.txt.gz","Plate_599s_D10","asymptomatic","vsmc","C2",15.9817132082285,-5.16463264576808
"GSM8121906_athero_human_13.txt.gz","Plate_599s_D11","asymptomatic","vsmc","C2",17.8006413708424,-2.05517172915081
"GSM8121906_athero_human_13.txt.gz","Plate_599s_D12","asymptomatic","b_cell","C4",-12.2293795831987,-9.81132116772502
"GSM8121906_athero_human_13.txt.gz","Plate_599s_D13","asymptomatic","b_cell","C1",-4.01271359212391,-0.408484534663741
"GSM8121906_athero_human_13.txt.gz","Plate_599s_D14","asymptomatic","t_nk","C1",-4.840578790291,-5.24787321496243
"GSM8121906_athero_human_13.txt.gz","Plate_599s_D15","asymptomatic","macrophage","C3",-17.3681690275238,-2.5019434239204
"GSM8121906_athero_human_13.txt.gz","Plate_599s_D17","asymptomatic","fibroblast","C7",14.8488659193792,-7.88001631994555
"GSM8121906_athero_human_13.txt.gz","Plate_599s_D18","asymptomatic","b_cell","C4",-14.5993191296609,-4.19108592773023
"GSM8121906_athero_human_13.txt.gz","Plate_599s_D19","asymptomatic","macrophage","C3",-17.1832547203219,0.292721878923582
"GSM8121906_athero_human_13.txt.gz","Plate_599s_D22","asymptomatic","fibroblast","C7",10.4284368296173,-6.47919210333696
"GSM8121906_athero_human_13.txt.gz","Plate_599s_D23","asymptomatic","unassigned","C2",18.1894687860831,-0.237613871109185
"GSM8121906_athero_human_13.txt.gz","Plate_599s_D24","asymptomatic","b_cell","C2",14.6035691163351,-5.56865207870358
"GSM8121906_athero_human_13.txt.gz","Plate_599s_E02","asymptomatic","fibroblast","C8",10.2325210110749,1.59617148759356
"GSM8121906_athero_human_13.txt.gz","Plate_599s_E03","asymptomatic","vsmc","C7",8.40700056963416,-13.1392898333064
"GSM8121906_athero_human_13.txt.gz","Plate_599s_E04","asymptomatic","b_cell","C2",17.9250557177036,-5.4469875125579
"GSM8121906_athero_human_13.txt.gz","Plate_599s_E05","asymptomatic","endothelial","C7",2.45870003240995,-1.27296493389555
"GSM8121906_athero_human_13.txt.gz","Plate_599s_E06","asymptomatic","fibroblast","C8",10.6779165194865,-2.56598128248652
"GSM8121906_athero_human_13.txt.gz","Plate_599s_E07","asymptomatic","macrophage","C4",-12.7434565328088,-8.74243952980104
"GSM8121906_athero_human_13.txt.gz","Plate_599s_E09","asymptomatic","unassigned","C2",14.6812193465273,-0.202798657240089
"GSM8121906_athero_human_13.txt.gz","Plate_599s_E10","asymptomatic","unassigned","C4",-11.2482662253314,-9.12937829104519
"GSM8121906_athero_human_13.txt.gz","Plate_599s_E11","asymptomatic","macrophage","C4",-16.432599917519,-5.84087380685737
"GSM8121906_athero_human_13.txt.gz","Plate_599s_E13","asymptomatic","vsmc","C2",14.5089466499428,-3.60484066281643
"GSM8121906_athero_human_13.txt.gz","Plate_599s_E15","asymptomatic","endothelial","C7",4.8784146712254,-1.72346483235405
"GSM8121906_athero_human_13.txt.gz","Plate_599s_E16","asymptomatic","vsmc","C2",18.9261387870448,-3.51504102353423
"GSM8121906_athero_human_13.txt.gz","Plate_599s_E17","asymptomatic","macrophage","C4",-8.45373838593018,-4.51320696048824
"GSM8121906_athero_human_13.txt.gz","Plate_599s_E18","asymptomatic","mast","C9",-2.58377885104495,0.370214485733316
"GSM8121906_athero_human_13.txt.gz","Plate_599s_E19","asymptomatic","unassigned","C2",15.7901063273763,-5.08592426176738
"GSM8121906_athero_human_13.txt.gz","Plate_599s_E20","asymptomatic","unassigned","C2",17.718906760583,1.39082014547714
"GSM8121906_athero_human_13.txt.gz","Plate_599s_E21","asymptomatic","fibroblast","C10",18.1108899638955,0.581528333426671
"GSM8121906_athero_human_13.txt.gz","Plate_599s_E22","asymptomatic","macrophage","C4",-12.6368807172502,-8.79074497055499
"GSM8121906_athero_human_13.txt.gz","Plate_599s_E23","asymptomatic","macrophage","C3",-15.600421836476,2.02256218657173
"GSM8121906_athero_human_13.txt.gz","Plate_599s_F01","asymptomatic","mast","C1",-8.63864370842203,-0.941146278498667
"GSM8121906_athero_human_13.txt.gz","Plate_599s_F05","asymptomatic","vsmc","C7",12.1548824246174,-9.67921325751598
"GSM8121906_athero_human_13.txt.gz","Plate_599s_F06","asymptomatic","endothelial","C6",5.73711710460372,5.75231194953478
"GSM8121906_athero_human_13.txt.gz","Plate_599s_F10","asymptomatic","macrophage","C4",-12.5472727406953,-11.4313578161752
"GSM8121906_athero_human_13.txt.gz","Plate_599s_F12","asymptomatic","macrophage","C4",-15.4576390595625,-6.60219681504719
"GSM8121906_athero_human_13.txt.gz","Plate_599s_F15","asymptomatic","fibroblast","C2",17.4387559766198,-5.25071325303941
"GSM8121906_athero_human_13.txt.gz","Plate_599s_F16","asymptomatic","macrophage","C4",-15.7512495428803,-3.7957139877728
"GSM8121906_athero_human_13.txt.gz","Plate_599s_F17","asymptomatic","fibroblast","C7",10.6272370579577,-11.2575448677232
"GSM8121906_athero_human_13.txt.gz","Plate_599s_F18","asymptomatic","fibroblast","C8",13.2952527585615,0.729213839810865
"GSM8121906_athero_human_13.txt.gz","Plate_599s_F22","asymptomatic","vsmc","C2",16.0158053465466,-1.98832290637852
"GSM8121906_athero_human_13.txt.gz","Plate_599s_G01","asymptomatic","mast","C2",14.6047984358944,-2.88191840315129
"GSM8121906_athero_human_13.txt.gz","Plate_599s_G02","asymptomatic","macrophage","C3",-18.7731369472914,-0.362758698420026
"GSM8121906_athero_human_13.txt.gz","Plate_599s_G03","asymptomatic","vsmc","C2",14.588434959897,-6.43336084908491
"GSM8121906_athero_human_13.txt.gz","Plate_599s_G04","asymptomatic","b_cell","C4",-11.1733089373626,-11.9787474194711
"GSM8121906_athero_human_13.txt.gz","Plate_599s_G06","asymptomatic","unassigned","C2",13.016913480611,3.07581960769593
"GSM8121906_athero_human_13.txt.gz","Plate_599s_G07","asymptomatic","macrophage","C4",-15.6313010859796,-3.73119125844423
"GSM8121906_athero_human_13.txt.gz","Plate_599s_G09","asymptomatic","macrophage","C4",-9.81170781855683,-10.5295785623469
"GSM8121906_athero_human_13.txt.gz","Plate_599s_G10","asymptomatic","b_cell","C4",-14.1736135679007,-11.5228538420257
"GSM8121906_athero_human_13.txt.gz","Plate_599s_G11","asymptomatic","macrophage","C4",-16.9501118144146,-6.6380021806378
"GSM8121906_athero_human_13.txt.gz","Plate_599s_G12","asymptomatic","vsmc","C2",18.1944812122206,-3.66774970999803
"GSM8121906_athero_human_13.txt.gz","Plate_599s_G14","asymptomatic","vsmc","C2",12.9697568663694,-7.05204387039624
"GSM8121906_athero_human_13.txt.gz","Plate_599s_G16","asymptomatic","macrophage","C4",-10.4094795890773,-8.11592464556582
"GSM8121906_athero_human_13.txt.gz","Plate_599s_G17","asymptomatic","vsmc","C2",14.1823967454485,-5.70161790338983
"GSM8121906_athero_human_13.txt.gz","Plate_599s_G18","asymptomatic","vsmc","C2",13.0870776964412,-9.33632646339123
"GSM8121906_athero_human_13.txt.gz","Plate_599s_G19","asymptomatic","fibroblast","C2",17.4470100776308,-4.66494065687766
"GSM8121906_athero_human_13.txt.gz","Plate_599s_G23","asymptomatic","macrophage","C4",-13.0425500827416,-9.61678505249812
"GSM8121906_athero_human_13.txt.gz","Plate_599s_G24","asymptomatic","unassigned","C9",-18.1211285850826,-1.43871888253497
"GSM8121906_athero_human_13.txt.gz","Plate_599s_H02","asymptomatic","vsmc","C2",18.3628053482346,-3.91709695051745
"GSM8121906_athero_human_13.txt.gz","Plate_599s_H03","asymptomatic","macrophage","C3",-17.0669611385745,-0.310665752247754
"GSM8121906_athero_human_13.txt.gz","Plate_599s_H04","asymptomatic","b_cell","C1",-4.50393190047365,1.42205367502309
"GSM8121906_athero_human_13.txt.gz","Plate_599s_H05","asymptomatic","b_cell","C2",16.3814252057773,3.87828176644014
"GSM8121906_athero_human_13.txt.gz","Plate_599s_H07","asymptomatic","macrophage","C4",-15.8338487609799,-7.29109918801939
"GSM8121906_athero_human_13.txt.gz","Plate_599s_H10","asymptomatic","b_cell","C4",-10.9314501815929,-12.2725524332085
"GSM8121906_athero_human_13.txt.gz","Plate_599s_H13","asymptomatic","macrophage","C9",-18.1382687896182,-4.94681502668948
"GSM8121906_athero_human_13.txt.gz","Plate_599s_H14","asymptomatic","unassigned","C7",10.690068112591,-11.6131828462459
"GSM8121906_athero_human_13.txt.gz","Plate_599s_H16","asymptomatic","unassigned","C2",16.0076888166715,-4.93846614067885
"GSM8121906_athero_human_13.txt.gz","Plate_599s_H17","asymptomatic","macrophage","C3",-15.6043306776958,-1.9156198376327
"GSM8121906_athero_human_13.txt.gz","Plate_599s_H18","asymptomatic","b_cell","C7",12.3531885982946,-13.1918180735654
"GSM8121906_athero_human_13.txt.gz","Plate_599s_H23","asymptomatic","macrophage","C9",-17.9174226190703,-0.597360168997578
"GSM8121906_athero_human_13.txt.gz","Plate_599s_I01","asymptomatic","macrophage","C4",-14.4895053661829,-8.17407155753974
"GSM8121906_athero_human_13.txt.gz","Plate_599s_I03","asymptomatic","macrophage","C4",-17.1560659087941,-1.8843019403035
"GSM8121906_athero_human_13.txt.gz","Plate_599s_I04","asymptomatic","macrophage","C4",-17.9916229881826,-5.47295745876056
"GSM8121906_athero_human_13.txt.gz","Plate_599s_I05","asymptomatic","vsmc","C2",14.1126952741882,-4.03285081876536
"GSM8121906_athero_human_13.txt.gz","Plate_599s_I07","asymptomatic","macrophage","C3",-19.4913788455843,-2.93260489549917
"GSM8121906_athero_human_13.txt.gz","Plate_599s_I09","asymptomatic","vsmc","C2",15.7364686474476,-2.19653994765543
"GSM8121906_athero_human_13.txt.gz","Plate_599s_I10","asymptomatic","vsmc","C2",14.4177646109723,-7.55841403191513
"GSM8121906_athero_human_13.txt.gz","Plate_599s_I12","asymptomatic","vsmc","C2",15.0332959809969,-4.94428567946915
"GSM8121906_athero_human_13.txt.gz","Plate_599s_I14","asymptomatic","macrophage","C4",-13.4748759102533,-9.21614127222597
"GSM8121906_athero_human_13.txt.gz","Plate_599s_I15","asymptomatic","vsmc","C2",16.2544080105069,-4.8720399757164
"GSM8121906_athero_human_13.txt.gz","Plate_599s_I16","asymptomatic","vsmc","C2",13.2568868076938,-8.00307046512829
"GSM8121906_athero_human_13.txt.gz","Plate_599s_I17","asymptomatic","macrophage","C4",-13.3390996487242,-5.86808665533343
"GSM8121906_athero_human_13.txt.gz","Plate_599s_I18","asymptomatic","fibroblast","C8",14.335228777033,-6.14634149824219
"GSM8121906_athero_human_13.txt.gz","Plate_599s_I19","asymptomatic","unassigned","C2",19.7884266118822,-0.170738891469425
"GSM8121906_athero_human_13.txt.gz","Plate_599s_I20","asymptomatic","fibroblast","C7",16.1418544266114,-6.55471025566811
"GSM8121906_athero_human_13.txt.gz","Plate_599s_I22","asymptomatic","fibroblast","C7",14.5818355119123,-3.4608926502028
"GSM8121906_athero_human_13.txt.gz","Plate_599s_I23","asymptomatic","t_nk","C1",-3.53575765948112,-3.44913698630706
"GSM8121906_athero_human_13.txt.gz","Plate_599s_I24","asymptomatic","vsmc","C2",17.1659767774469,-1.80772229372442
"GSM8121906_athero_human_13.txt.gz","Plate_599s_J01","asymptomatic","t_nk","C1",-7.71256262779347,-7.01342765933819
"GSM8121906_athero_human_13.txt.gz","Plate_599s_J02","asymptomatic","vsmc","C2",15.0334584136186,-3.04112824458176
"GSM8121906_athero_human_13.txt.gz","Plate_599s_J03","asymptomatic","vsmc","C2",13.1293495003915,-7.57459522253267
"GSM8121906_athero_human_13.txt.gz","Plate_599s_J04","asymptomatic","b_cell","C4",-11.5254502827138,-9.19263883628616
"GSM8121906_athero_human_13.txt.gz","Plate_599s_J07","asymptomatic","vsmc","C2",14.7920528627478,-4.57968544583715
"GSM8121906_athero_human_13.txt.gz","Plate_599s_J09","asymptomatic","unassigned","C8",9.50071932578115,-5.42104992270115
"GSM8121906_athero_human_13.txt.gz","Plate_599s_J11","asymptomatic","mast","C10",12.7206630349808,4.05890044130451
"GSM8121906_athero_human_13.txt.gz","Plate_599s_J12","asymptomatic","macrophage","C9",-21.017061825323,-1.3431796122685
"GSM8121906_athero_human_13.txt.gz","Plate_599s_J13","asymptomatic","vsmc","C2",13.7755058934713,-10.696152449561
"GSM8121906_athero_human_13.txt.gz","Plate_599s_J14","asymptomatic","macrophage","C9",-19.6371008407113,-6.24661172261835
"GSM8121906_athero_human_13.txt.gz","Plate_599s_J15","asymptomatic","unassigned","C2",19.5580135672291,-1.2655762543441
"GSM8121906_athero_human_13.txt.gz","Plate_599s_J16","asymptomatic","mast","C4",-9.91186569213828,-9.0685403315072
"GSM8121906_athero_human_13.txt.gz","Plate_599s_J17","asymptomatic","macrophage","C4",-13.8314765208413,-8.13559833656117
"GSM8121906_athero_human_13.txt.gz","Plate_599s_J18","asymptomatic","mast","C2",11.9502752234892,-4.881107725975
"GSM8121906_athero_human_13.txt.gz","Plate_599s_J19","asymptomatic","mast","C1",-7.89588072791972,2.29588868695346
"GSM8121906_athero_human_13.txt.gz","Plate_599s_J20","asymptomatic","t_nk","C1",-1.78641012464842,-5.53589778952038
"GSM8121906_athero_human_13.txt.gz","Plate_599s_J21","asymptomatic","vsmc","C2",14.0970978257359,-6.56592583440848
"GSM8121906_athero_human_13.txt.gz","Plate_599s_J22","asymptomatic","vsmc","C2",16.7292722534622,-4.71027514852377
"GSM8121906_athero_human_13.txt.gz","Plate_599s_J23","asymptomatic","fibroblast","C10",15.8018034025756,-2.99462015254941
"GSM8121906_athero_human_13.txt.gz","Plate_599s_J24","asymptomatic","vsmc","C2",14.5216096594992,-8.72700499270903
"GSM8121906_athero_human_13.txt.gz","Plate_599s_K01","asymptomatic","fibroblast","C10",15.8148747555737,-1.65387749321011
"GSM8121906_athero_human_13.txt.gz","Plate_599s_K02","asymptomatic","macrophage","C4",-9.67938839800254,-8.42185286601028
"GSM8121906_athero_human_13.txt.gz","Plate_599s_K03","asymptomatic","vsmc","C2",12.9077203612719,-9.86002072736623
"GSM8121906_athero_human_13.txt.gz","Plate_599s_K05","asymptomatic","macrophage","C5",-16.6021227026095,4.4560040139276
"GSM8121906_athero_human_13.txt.gz","Plate_599s_K07","asymptomatic","macrophage","C4",-12.7515503588954,-5.17857238459619
"GSM8121906_athero_human_13.txt.gz","Plate_599s_K09","asymptomatic","fibroblast","C7",15.464758781267,-4.33886285066361
"GSM8121906_athero_human_13.txt.gz","Plate_599s_K10","asymptomatic","vsmc","C2",15.551465347083,-8.12870818658779
"GSM8121906_athero_human_13.txt.gz","Plate_599s_K11","asymptomatic","macrophage","C4",-11.8056671761831,-10.7616271235166
"GSM8121906_athero_human_13.txt.gz","Plate_599s_K12","asymptomatic","fibroblast","C8",12.8454568683404,0.820028407941159
"GSM8121906_athero_human_13.txt.gz","Plate_599s_K13","asymptomatic","endothelial","C6",9.31779514960662,14.1509321224413
"GSM8121906_athero_human_13.txt.gz","Plate_599s_K14","asymptomatic","fibroblast","C7",14.9989062311394,-9.89279513946144
"GSM8121906_athero_human_13.txt.gz","Plate_599s_K15","asymptomatic","fibroblast","C7",13.8979448523153,-7.00510201292876
"GSM8121906_athero_human_13.txt.gz","Plate_599s_K16","asymptomatic","vsmc","C2",17.1786821514665,-2.54076380394501
"GSM8121906_athero_human_13.txt.gz","Plate_599s_K17","asymptomatic","macrophage","C3",-16.1839053187576,-3.4595189792766
"GSM8121906_athero_human_13.txt.gz","Plate_599s_K18","asymptomatic","vsmc","C2",13.0591850403704,-2.56819071762761
"GSM8121906_athero_human_13.txt.gz","Plate_599s_K19","asymptomatic","macrophage","C9",-15.9577864140779,-7.17308446990766
"GSM8121906_athero_human_13.txt.gz","Plate_599s_K20","asymptomatic","fibroblast","C7",7.20882265509209,-6.33947292270817
"GSM8121906_athero_human_13.txt.gz","Plate_599s_K21","asymptomatic","macrophage","C4",-13.4010354574515,-5.88769037659336
"GSM8121906_athero_human_13.txt.gz","Plate_599s_K24","asymptomatic","macrophage","C9",-18.7579775213437,-0.855174790588435
"GSM8121906_athero_human_13.txt.gz","Plate_599s_L02","asymptomatic","macrophage","C4",-14.4328728586374,-4.83284644265058
"GSM8121906_athero_human_13.txt.gz","Plate_599s_L04","asymptomatic","endothelial","C2",14.3495311052063,-3.28326446224114
"GSM8121906_athero_human_13.txt.gz","Plate_599s_L05","asymptomatic","macrophage","C4",-15.7244347526941,-5.47840152585188
"GSM8121906_athero_human_13.txt.gz","Plate_599s_L07","asymptomatic","macrophage","C4",-15.6674816358066,-11.1477011047413
"GSM8121906_athero_human_13.txt.gz","Plate_599s_L09","asymptomatic","t_nk","C1",-1.49655753994391,-6.9363940345508
"GSM8121906_athero_human_13.txt.gz","Plate_599s_L10","asymptomatic","macrophage","C5",-20.6004729532572,5.634472753269
"GSM8121906_athero_human_13.txt.gz","Plate_599s_L12","asymptomatic","macrophage","C4",-4.71824485599838,-11.0142344656374
"GSM8121906_athero_human_13.txt.gz","Plate_599s_L13","asymptomatic","fibroblast","C10",17.9658245483899,-4.9484369095633
"GSM8121906_athero_human_13.txt.gz","Plate_599s_L14","asymptomatic","vsmc","C2",14.3192148177914,-4.96487592062394
"GSM8121906_athero_human_13.txt.gz","Plate_599s_L15","asymptomatic","endothelial","C6",5.0519644143504,5.88098569630663
"GSM8121906_athero_human_13.txt.gz","Plate_599s_L16","asymptomatic","macrophage","C3",-17.5388854707975,0.902229516384318
"GSM8121906_athero_human_13.txt.gz","Plate_599s_L17","asymptomatic","macrophage","C4",-15.1465578416636,-2.61080421272047
"GSM8121906_athero_human_13.txt.gz","Plate_599s_L18","asymptomatic","macrophage","C4",-12.5284119138758,-7.45204159240042
"GSM8121906_athero_human_13.txt.gz","Plate_599s_L19","asymptomatic","unassigned","C2",17.2486305638769,-3.12480133516903
"GSM8121906_athero_human_13.txt.gz","Plate_599s_L20","asymptomatic","macrophage","C3",-17.7180654907579,-0.0544426023337451
"GSM8121906_athero_human_13.txt.gz","Plate_599s_L21","asymptomatic","vsmc","C2",13.3377425584837,-9.33651432357718
"GSM8121906_athero_human_13.txt.gz","Plate_599s_L22","asymptomatic","fibroblast","C7",11.5849446413706,-10.0067242078547
"GSM8121906_athero_human_13.txt.gz","Plate_599s_L23","asymptomatic","vsmc","C2",14.1333475272143,-4.60590936123503
"GSM8121906_athero_human_13.txt.gz","Plate_599s_M02","asymptomatic","unassigned","C8",11.6195370132012,-4.75341948075986
"GSM8121906_athero_human_13.txt.gz","Plate_599s_M03","asymptomatic","b_cell","C8",8.26254505566703,-5.30228308495726
"GSM8121906_athero_human_13.txt.gz","Plate_599s_M04","asymptomatic","b_cell","C4",-11.8959211176182,-10.4437462307036
"GSM8121906_athero_human_13.txt.gz","Plate_599s_M05","asymptomatic","fibroblast","C10",18.3047650858131,1.60068216398059
"GSM8121906_athero_human_13.txt.gz","Plate_599s_M06","asymptomatic","t_nk","C1",-5.22123385423543,-7.1337064033836
"GSM8121906_athero_human_13.txt.gz","Plate_599s_M07","asymptomatic","macrophage","C3",-19.4332856633788,-1.11973284622819
"GSM8121906_athero_human_13.txt.gz","Plate_599s_M09","asymptomatic","fibroblast","C7",9.53955261403785,-9.19275859902293
"GSM8121906_athero_human_13.txt.gz","Plate_599s_M10","asymptomatic","fibroblast","C10",17.3613957134082,-4.4051328243827
"GSM8121906_athero_human_13.txt.gz","Plate_599s_M11","asymptomatic","macrophage","C3",-22.2142073687127,-1.75771410801009
"GSM8121906_athero_human_13.txt.gz","Plate_599s_M12","asymptomatic","fibroblast","C10",18.0231304011853,-0.613763411564021
"GSM8121906_athero_human_13.txt.gz","Plate_599s_M14","asymptomatic","vsmc","C2",12.0891118470123,-7.98749856067316
"GSM8121906_athero_human_13.txt.gz","Plate_599s_M15","asymptomatic","vsmc","C2",12.9077249356137,-6.77814391772397
"GSM8121906_athero_human_13.txt.gz","Plate_599s_M16","asymptomatic","fibroblast","C7",16.5939447717145,-6.2157502254005
"GSM8121906_athero_human_13.txt.gz","Plate_599s_M17","asymptomatic","macrophage","C4",-6.71998408167933,-10.5320395897088
"GSM8121906_athero_human_13.txt.gz","Plate_599s_M18","asymptomatic","mast","C10",17.539160335171,2.30035058864452
"GSM8121906_athero_human_13.txt.gz","Plate_599s_M19","asymptomatic","vsmc","C2",15.4864165621517,-5.91137127570704
"GSM8121906_athero_human_13.txt.gz","Plate_599s_M20","asymptomatic","unassigned","C6",3.90687625133562,4.25740298406429
"GSM8121906_athero_human_13.txt.gz","Plate_599s_M21","asymptomatic","macrophage","C4",-12.7917181660593,-5.9694041595705
"GSM8121906_athero_human_13.txt.gz","Plate_599s_M22","asymptomatic","vsmc","C2",15.5984658988861,-8.8744736454493
"GSM8121906_athero_human_13.txt.gz","Plate_599s_M23","asymptomatic","vsmc","C2",16.7844565610656,-5.73865796764543
"GSM8121906_athero_human_13.txt.gz","Plate_599s_M24","asymptomatic","vsmc","C2",16.5822901971274,-1.84254131941782
"GSM8121906_athero_human_13.txt.gz","Plate_599s_N01","asymptomatic","macrophage","C4",-17.054869136931,-6.94676927630118
"GSM8121906_athero_human_13.txt.gz","Plate_599s_N02","asymptomatic","endothelial","C2",11.6546366947447,-0.468411799169408
"GSM8121906_athero_human_13.txt.gz","Plate_599s_N03","asymptomatic","macrophage","C5",-18.1881715255433,5.60938716142788
"GSM8121906_athero_human_13.txt.gz","Plate_599s_N04","asymptomatic","unassigned","C7",12.675314150787,-12.8235863571703
"GSM8121906_athero_human_13.txt.gz","Plate_599s_N05","asymptomatic","macrophage","C9",-17.3535618809691,-4.65709769176612
"GSM8121906_athero_human_13.txt.gz","Plate_599s_N06","asymptomatic","fibroblast","C2",19.3152914467464,-2.92000934937851
"GSM8121906_athero_human_13.txt.gz","Plate_599s_N09","asymptomatic","vsmc","C2",19.1289724867578,-3.03645938867712
"GSM8121906_athero_human_13.txt.gz","Plate_599s_N10","asymptomatic","vsmc","C2",16.2539478954713,-2.39621635091891
"GSM8121906_athero_human_13.txt.gz","Plate_599s_N11","asymptomatic","macrophage","C4",-11.532285346048,-13.5431388043029
"GSM8121906_athero_human_13.txt.gz","Plate_599s_N12","asymptomatic","macrophage","C3",-14.6970389299783,-2.21452662677949
"GSM8121906_athero_human_13.txt.gz","Plate_599s_N14","asymptomatic","macrophage","C4",-10.9104512679008,-11.7779267992433
"GSM8121906_athero_human_13.txt.gz","Plate_599s_N15","asymptomatic","vsmc","C2",16.2026507621952,-6.33243955100164
"GSM8121906_athero_human_13.txt.gz","Plate_599s_N16","asymptomatic","macrophage","C4",-13.3934774382282,-8.95337632933567
"GSM8121906_athero_human_13.txt.gz","Plate_599s_N17","asymptomatic","macrophage","C9",-11.8062858373875,-10.4970658177254
"GSM8121906_athero_human_13.txt.gz","Plate_599s_N18","asymptomatic","unassigned","C2",16.3505027224952,-5.70601606908154
"GSM8121906_athero_human_13.txt.gz","Plate_599s_N19","asymptomatic","vsmc","C2",13.3026933508374,-8.80764530493635
"GSM8121906_athero_human_13.txt.gz","Plate_599s_N21","asymptomatic","vsmc","C2",14.3905747513234,-5.49832206368614
"GSM8121906_athero_human_13.txt.gz","Plate_599s_N22","asymptomatic","macrophage","C4",-14.7475359487193,-5.88675279823894
"GSM8121906_athero_human_13.txt.gz","Plate_599s_N24","asymptomatic","endothelial","C2",15.7976703187946,-1.42449069004951
"GSM8121906_athero_human_13.txt.gz","Plate_599s_O03","asymptomatic","fibroblast","C8",11.5715081664993,-2.24080820881868
"GSM8121906_athero_human_13.txt.gz","Plate_599s_O05","asymptomatic","macrophage","C4",-13.7923600698714,-9.20142101266712
"GSM8121906_athero_human_13.txt.gz","Plate_599s_O07","asymptomatic","macrophage","C4",-15.4771487655287,-8.83101980974376
"GSM8121906_athero_human_13.txt.gz","Plate_599s_O09","asymptomatic","mast","C4",-9.80704209190008,-6.34735280091042
"GSM8121906_athero_human_13.txt.gz","Plate_599s_O10","asymptomatic","macrophage","C3",-19.3072086784188,2.85504482900385
"GSM8121906_athero_human_13.txt.gz","Plate_599s_O11","asymptomatic","fibroblast","C8",9.98511869553811,-3.07457714442259
"GSM8121906_athero_human_13.txt.gz","Plate_599s_O13","asymptomatic","macrophage","C4",-12.5620111617699,-8.96194610422825
"GSM8121906_athero_human_13.txt.gz","Plate_599s_O16","asymptomatic","t_nk","C1",-5.83765211083288,-8.24790494613395
"GSM8121906_athero_human_13.txt.gz","Plate_599s_O18","asymptomatic","fibroblast","C7",16.8619734468753,-7.81203305144837
"GSM8121906_athero_human_13.txt.gz","Plate_599s_O20","asymptomatic","vsmc","C2",15.9538690190675,-6.34052248833484
"GSM8121906_athero_human_13.txt.gz","Plate_599s_O21","asymptomatic","macrophage","C4",-11.2477645098234,-8.87975090224973
"GSM8121906_athero_human_13.txt.gz","Plate_599s_O22","asymptomatic","vsmc","C2",13.4645647460816,-7.24332718206857
"GSM8121906_athero_human_13.txt.gz","Plate_599s_O23","asymptomatic","mast","C9",-8.71427984261363,-4.7269487167838
"GSM8121906_athero_human_13.txt.gz","Plate_599s_O24","asymptomatic","macrophage","C4",-16.459568982397,-9.18575421562242
"GSM8121906_athero_human_13.txt.gz","Plate_599s_P05","asymptomatic","macrophage","C4",-19.5548355512238,-5.84800486763843
"GSM8121906_athero_human_13.txt.gz","Plate_599s_P06","asymptomatic","b_cell","C1",-5.36761370005374,1.86304708921936
"GSM8121906_athero_human_13.txt.gz","Plate_599s_P07","asymptomatic","t_nk","C1",-7.77111497888046,-8.86161173104972
"GSM8121906_athero_human_13.txt.gz","Plate_599s_P09","asymptomatic","macrophage","C4",-14.4027389292397,-4.48947973371446
"GSM8121906_athero_human_13.txt.gz","Plate_599s_P11","asymptomatic","macrophage","C9",-17.826821042021,-0.558577301037307
"GSM8121906_athero_human_13.txt.gz","Plate_599s_P14","asymptomatic","t_nk","C1",-6.39401428563112,-11.0001645961159
"GSM8121906_athero_human_13.txt.gz","Plate_599s_P15","asymptomatic","t_nk","C10",16.7044352202445,3.40313372134081
"GSM8121906_athero_human_13.txt.gz","Plate_599s_P16","asymptomatic","fibroblast","C8",13.2843231469647,-1.2861772822812
"GSM8121906_athero_human_13.txt.gz","Plate_599s_P19","asymptomatic","fibroblast","C8",12.1118690270019,-1.70715515705468
"GSM8121906_athero_human_13.txt.gz","Plate_599s_P20","asymptomatic","unassigned","C2",11.3978383176598,-0.0392804210535612
"GSM8121907_athero_human_14.txt.gz","Plate_725s_A01","asymptomatic","endothelial","C6",8.64851748993503,21.0156197579224
"GSM8121907_athero_human_14.txt.gz","Plate_725s_A02","asymptomatic","endothelial","C6",8.80200991331581,20.3128445364464
"GSM8121907_athero_human_14.txt.gz","Plate_725s_A03","asymptomatic","endothelial","C6",6.23104419385773,21.9986017191007
"GSM8121907_athero_human_14.txt.gz","Plate_725s_A04","asymptomatic","endothelial","C6",5.12396599244517,11.0519100194785
"GSM8121907_athero_human_14.txt.gz","Plate_725s_A05","asymptomatic","macrophage","C3",-17.5164146292857,2.42852936333444
"GSM8121907_athero_human_14.txt.gz","Plate_725s_A06","asymptomatic","endothelial","C6",4.02730903896808,14.1038687111891
"GSM8121907_athero_human_14.txt.gz","Plate_725s_A07","asymptomatic","endothelial","C6",5.63730630816469,13.6005498724009
"GSM8121907_athero_human_14.txt.gz","Plate_725s_A08","asymptomatic","endothelial","C6",9.11332035437942,19.4623316433938
"GSM8121907_athero_human_14.txt.gz","Plate_725s_A09","asymptomatic","endothelial","C6",7.19132812697437,16.4002531323675
"GSM8121907_athero_human_14.txt.gz","Plate_725s_A10","asymptomatic","endothelial","C6",3.60673968940547,19.4959293566836
"GSM8121907_athero_human_14.txt.gz","Plate_725s_A11","asymptomatic","macrophage","C5",-17.3151940778275,9.70854446659963
"GSM8121907_athero_human_14.txt.gz","Plate_725s_A12","asymptomatic","endothelial","C6",6.27056639977089,15.613014078877
"GSM8121907_athero_human_14.txt.gz","Plate_725s_A13","asymptomatic","endothelial","C6",8.43040394916517,20.7011554121385
"GSM8121907_athero_human_14.txt.gz","Plate_725s_A14","asymptomatic","endothelial","C6",5.93641766016893,21.7976868258828
"GSM8121907_athero_human_14.txt.gz","Plate_725s_A15","asymptomatic","endothelial","C6",7.22915915652146,20.0818260803121
"GSM8121907_athero_human_14.txt.gz","Plate_725s_A16","asymptomatic","endothelial","C6",10.0265542399237,17.8973354110749
"GSM8121907_athero_human_14.txt.gz","Plate_725s_A17","asymptomatic","endothelial","C6",8.18013099243522,19.2047265038263
"GSM8121907_athero_human_14.txt.gz","Plate_725s_A18","asymptomatic","endothelial","C6",5.43540169610966,17.0169305482675
"GSM8121907_athero_human_14.txt.gz","Plate_725s_A19","asymptomatic","endothelial","C6",3.75278325002297,12.9405178955482
"GSM8121907_athero_human_14.txt.gz","Plate_725s_A21","asymptomatic","macrophage","C3",-16.8837605941564,3.59993390011716
"GSM8121907_athero_human_14.txt.gz","Plate_725s_A22","asymptomatic","endothelial","C6",3.75384258541234,22.6735635775353
"GSM8121907_athero_human_14.txt.gz","Plate_725s_A24","asymptomatic","endothelial","C6",5.79301355715525,20.6902735395889
"GSM8121907_athero_human_14.txt.gz","Plate_725s_B01","asymptomatic","endothelial","C6",10.8752658877106,12.9082991138741
"GSM8121907_athero_human_14.txt.gz","Plate_725s_B02","asymptomatic","endothelial","C6",6.93458696772477,19.6184581483034
"GSM8121907_athero_human_14.txt.gz","Plate_725s_B03","asymptomatic","endothelial","C6",5.83684745559218,16.1497492565216
"GSM8121907_athero_human_14.txt.gz","Plate_725s_B04","asymptomatic","endothelial","C6",6.11627629721904,18.1974629421075
"GSM8121907_athero_human_14.txt.gz","Plate_725s_B05","asymptomatic","endothelial","C6",7.38652319495953,20.763529918892
"GSM8121907_athero_human_14.txt.gz","Plate_725s_B06","asymptomatic","endothelial","C6",5.69900786712479,17.2082080600522
"GSM8121907_athero_human_14.txt.gz","Plate_725s_B07","asymptomatic","fibroblast","C10",16.0691350271503,3.8003762795027
"GSM8121907_athero_human_14.txt.gz","Plate_725s_B08","asymptomatic","endothelial","C6",9.3772466073972,17.2017553545074
"GSM8121907_athero_human_14.txt.gz","Plate_725s_B09","asymptomatic","endothelial","C6",4.44774199920494,18.6347537857522
"GSM8121907_athero_human_14.txt.gz","Plate_725s_B10","asymptomatic","endothelial","C6",9.17545273123518,17.5216386407413
"GSM8121907_athero_human_14.txt.gz","Plate_725s_B11","asymptomatic","endothelial","C6",8.95079740849368,18.072562016198
"GSM8121907_athero_human_14.txt.gz","Plate_725s_B12","asymptomatic","endothelial","C6",6.92880556700953,10.7235770627548
"GSM8121907_athero_human_14.txt.gz","Plate_725s_B13","asymptomatic","endothelial","C6",6.04083877528056,22.6066281683965
"GSM8121907_athero_human_14.txt.gz","Plate_725s_B14","asymptomatic","vsmc","C2",19.0213655828787,0.20573506362007
"GSM8121907_athero_human_14.txt.gz","Plate_725s_B17","asymptomatic","endothelial","C6",9.00016092904841,15.8714808725302
"GSM8121907_athero_human_14.txt.gz","Plate_725s_B18","asymptomatic","fibroblast","C7",11.7175686442942,-4.86560341915635
"GSM8121907_athero_human_14.txt.gz","Plate_725s_B20","asymptomatic","endothelial","C6",6.24324987226222,22.5956688982374
"GSM8121907_athero_human_14.txt.gz","Plate_725s_B21","asymptomatic","endothelial","C6",9.58015932044669,17.0365305899756
"GSM8121907_athero_human_14.txt.gz","Plate_725s_B22","asymptomatic","endothelial","C6",5.59430790902897,22.8094549386819
"GSM8121907_athero_human_14.txt.gz","Plate_725s_B23","asymptomatic","fibroblast","C10",14.5337641849839,2.30598795877828
"GSM8121907_athero_human_14.txt.gz","Plate_725s_B24","asymptomatic","endothelial","C6",4.83519329213897,20.3566671326382
"GSM8121907_athero_human_14.txt.gz","Plate_725s_C01","asymptomatic","endothelial","C6",4.80255267429814,15.5158568349406
"GSM8121907_athero_human_14.txt.gz","Plate_725s_C03","asymptomatic","macrophage","C3",-18.1534240177023,6.45753702427591
"GSM8121907_athero_human_14.txt.gz","Plate_725s_C04","asymptomatic","endothelial","C6",4.87987172635823,13.3207559207103
"GSM8121907_athero_human_14.txt.gz","Plate_725s_C06","asymptomatic","endothelial","C6",8.32095005263887,11.2899353272454
"GSM8121907_athero_human_14.txt.gz","Plate_725s_C08","asymptomatic","endothelial","C6",8.62810825404888,14.4401237715608
"GSM8121907_athero_human_14.txt.gz","Plate_725s_C09","asymptomatic","endothelial","C6",6.75672671015581,16.2947163414082
"GSM8121907_athero_human_14.txt.gz","Plate_725s_C11","asymptomatic","macrophage","C4",-18.4133074757708,-3.00011276448792
"GSM8121907_athero_human_14.txt.gz","Plate_725s_C13","asymptomatic","unassigned","C10",17.9193996684672,-1.02352322257663
"GSM8121907_athero_human_14.txt.gz","Plate_725s_C15","asymptomatic","t_nk","C1",-3.12814733890794,1.41571098100421
"GSM8121907_athero_human_14.txt.gz","Plate_725s_C16","asymptomatic","endothelial","C6",8.31948344163808,15.4485186318619
"GSM8121907_athero_human_14.txt.gz","Plate_725s_C17","asymptomatic","endothelial","C6",7.11536187660963,17.4992509984006
"GSM8121907_athero_human_14.txt.gz","Plate_725s_C18","asymptomatic","endothelial","C6",6.88485942976544,17.1855262514555
"GSM8121907_athero_human_14.txt.gz","Plate_725s_C19","asymptomatic","endothelial","C6",4.66273598969081,12.8766729143563
"GSM8121907_athero_human_14.txt.gz","Plate_725s_C20","asymptomatic","endothelial","C6",5.91743323323254,10.0804957148375
"GSM8121907_athero_human_14.txt.gz","Plate_725s_C21","asymptomatic","endothelial","C6",4.87601770148911,20.9751234663228
"GSM8121907_athero_human_14.txt.gz","Plate_725s_C22","asymptomatic","endothelial","C6",5.82672947777905,14.226432304132
"GSM8121907_athero_human_14.txt.gz","Plate_725s_C23","asymptomatic","endothelial","C6",9.06634617150896,19.4152335487682
"GSM8121907_athero_human_14.txt.gz","Plate_725s_C24","asymptomatic","endothelial","C6",6.33563918521581,24.0627028608759
"GSM8121907_athero_human_14.txt.gz","Plate_725s_D01","asymptomatic","macrophage","C3",-17.6682819194185,4.97177429771433
"GSM8121907_athero_human_14.txt.gz","Plate_725s_D03","asymptomatic","endothelial","C6",4.00329185671667,15.195864821877
"GSM8121907_athero_human_14.txt.gz","Plate_725s_D05","asymptomatic","endothelial","C6",7.82588277277373,18.2823471361368
"GSM8121907_athero_human_14.txt.gz","Plate_725s_D06","asymptomatic","endothelial","C6",6.53030705678067,24.2540525270245
"GSM8121907_athero_human_14.txt.gz","Plate_725s_D07","asymptomatic","endothelial","C6",7.68265596266111,24.4128518006874
"GSM8121907_athero_human_14.txt.gz","Plate_725s_D08","asymptomatic","endothelial","C6",6.85058984573217,17.6380826663442
"GSM8121907_athero_human_14.txt.gz","Plate_725s_D09","asymptomatic","endothelial","C6",9.19484653715217,12.2146465230617
"GSM8121907_athero_human_14.txt.gz","Plate_725s_D10","asymptomatic","fibroblast","C10",16.9239283701849,3.07510597008119
"GSM8121907_athero_human_14.txt.gz","Plate_725s_D11","asymptomatic","endothelial","C6",4.5871899881439,18.2493841193488
"GSM8121907_athero_human_14.txt.gz","Plate_725s_D12","asymptomatic","endothelial","C6",2.78344467421725,15.8354357625437
"GSM8121907_athero_human_14.txt.gz","Plate_725s_D13","asymptomatic","macrophage","C5",-15.2216266268444,6.47203798824358
"GSM8121907_athero_human_14.txt.gz","Plate_725s_D14","asymptomatic","endothelial","C6",7.90046776522083,14.2310405869771
"GSM8121907_athero_human_14.txt.gz","Plate_725s_D15","asymptomatic","endothelial","C6",9.23164145735822,14.8802608170551
"GSM8121907_athero_human_14.txt.gz","Plate_725s_D16","asymptomatic","endothelial","C6",6.59008644893179,16.8355007233723
"GSM8121907_athero_human_14.txt.gz","Plate_725s_D17","asymptomatic","fibroblast","C10",17.8620529747459,-1.83908583725438
"GSM8121907_athero_human_14.txt.gz","Plate_725s_D18","asymptomatic","endothelial","C6",7.24558536747057,22.3858801318124
"GSM8121907_athero_human_14.txt.gz","Plate_725s_D19","asymptomatic","endothelial","C6",4.5228367250879,14.1157007187343
"GSM8121907_athero_human_14.txt.gz","Plate_725s_D20","asymptomatic","endothelial","C6",6.01763332494623,14.9262563932513
"GSM8121907_athero_human_14.txt.gz","Plate_725s_D21","asymptomatic","endothelial","C6",7.4477399087684,14.2000257550503
"GSM8121907_athero_human_14.txt.gz","Plate_725s_D22","asymptomatic","macrophage","C5",-20.0396720352841,3.10597882381353
"GSM8121907_athero_human_14.txt.gz","Plate_725s_D23","asymptomatic","endothelial","C6",4.78555130472429,16.6001192092297
"GSM8121907_athero_human_14.txt.gz","Plate_725s_D24","asymptomatic","endothelial","C6",7.28264114958,24.3778304253546
"GSM8121907_athero_human_14.txt.gz","Plate_725s_E01","asymptomatic","endothelial","C6",4.17275369496755,21.4003482594059
"GSM8121907_athero_human_14.txt.gz","Plate_725s_E02","asymptomatic","endothelial","C6",6.85458746882391,12.36895906595
"GSM8121907_athero_human_14.txt.gz","Plate_725s_E03","asymptomatic","mast","C9",-8.4460882431665,1.96960844896167
"GSM8121907_athero_human_14.txt.gz","Plate_725s_E04","asymptomatic","endothelial","C6",4.19755716551772,18.0999542321686
"GSM8121907_athero_human_14.txt.gz","Plate_725s_E05","asymptomatic","macrophage","C3",-17.9269063882441,4.80429777211899
"GSM8121907_athero_human_14.txt.gz","Plate_725s_E06","asymptomatic","macrophage","C9",-19.132972657818,-0.557376599180104
"GSM8121907_athero_human_14.txt.gz","Plate_725s_E07","asymptomatic","macrophage","C3",-19.4874432136469,4.88838470285482
"GSM8121907_athero_human_14.txt.gz","Plate_725s_E08","asymptomatic","endothelial","C6",5.32463436723969,22.1810147276217
"GSM8121907_athero_human_14.txt.gz","Plate_725s_E09","asymptomatic","endothelial","C6",7.02564169485956,18.7631569708825
"GSM8121907_athero_human_14.txt.gz","Plate_725s_E10","asymptomatic","fibroblast","C10",15.8280046777157,1.07607588565357
"GSM8121907_athero_human_14.txt.gz","Plate_725s_E11","asymptomatic","macrophage","C3",-19.9106533121334,2.72987447549993
"GSM8121907_athero_human_14.txt.gz","Plate_725s_E12","asymptomatic","endothelial","C6",7.76956531820255,14.6248649115994
"GSM8121907_athero_human_14.txt.gz","Plate_725s_E13","asymptomatic","endothelial","C6",5.90709657595105,22.2486597988159
"GSM8121907_athero_human_14.txt.gz","Plate_725s_E15","asymptomatic","endothelial","C6",4.93075477181318,18.0944905595066
"GSM8121907_athero_human_14.txt.gz","Plate_725s_E16","asymptomatic","endothelial","C6",6.77124495835813,17.2826398224914
"GSM8121907_athero_human_14.txt.gz","Plate_725s_E17","asymptomatic","endothelial","C6",8.70121751233479,19.6023486921868
"GSM8121907_athero_human_14.txt.gz","Plate_725s_E18","asymptomatic","endothelial","C6",6.37765013709902,13.6067582948743
"GSM8121907_athero_human_14.txt.gz","Plate_725s_E19","asymptomatic","macrophage","C9",-16.2030865991367,-8.05665976909893
"GSM8121907_athero_human_14.txt.gz","Plate_725s_E20","asymptomatic","endothelial","C6",5.43815714233078,20.4021109603183
"GSM8121907_athero_human_14.txt.gz","Plate_725s_E22","asymptomatic","endothelial","C6",3.84349066665134,9.77174555570097
"GSM8121907_athero_human_14.txt.gz","Plate_725s_E23","asymptomatic","endothelial","C6",4.62360300388477,20.681664779734
"GSM8121907_athero_human_14.txt.gz","Plate_725s_E24","asymptomatic","endothelial","C6",7.80201395857074,16.6505168539343
"GSM8121907_athero_human_14.txt.gz","Plate_725s_F01","asymptomatic","endothelial","C6",6.74822894340288,18.3448319336744
"GSM8121907_athero_human_14.txt.gz","Plate_725s_F03","asymptomatic","macrophage","C3",-17.0141368564975,2.23805105797586
"GSM8121907_athero_human_14.txt.gz","Plate_725s_F04","asymptomatic","endothelial","C6",5.99204673535682,9.95376669783688
"GSM8121907_athero_human_14.txt.gz","Plate_725s_F05","asymptomatic","endothelial","C6",9.65724383725648,19.9112318337616
"GSM8121907_athero_human_14.txt.gz","Plate_725s_F06","asymptomatic","endothelial","C6",6.7436333259413,17.8286383883985
"GSM8121907_athero_human_14.txt.gz","Plate_725s_F07","asymptomatic","endothelial","C6",5.60731848032191,20.0202249116682
"GSM8121907_athero_human_14.txt.gz","Plate_725s_F08","asymptomatic","endothelial","C6",6.89656813020618,14.4223936435456
"GSM8121907_athero_human_14.txt.gz","Plate_725s_F09","asymptomatic","endothelial","C6",7.79342318141022,20.3681312136604
"GSM8121907_athero_human_14.txt.gz","Plate_725s_F10","asymptomatic","macrophage","C3",-18.5858632012575,5.780548136774
"GSM8121907_athero_human_14.txt.gz","Plate_725s_F12","asymptomatic","endothelial","C6",5.62128690734055,11.4246249108838
"GSM8121907_athero_human_14.txt.gz","Plate_725s_F13","asymptomatic","endothelial","C6",7.56743896819453,20.2210311893085
"GSM8121907_athero_human_14.txt.gz","Plate_725s_F14","asymptomatic","endothelial","C6",6.2757351495191,25.1305551073052
"GSM8121907_athero_human_14.txt.gz","Plate_725s_F15","asymptomatic","endothelial","C6",5.43699674560228,20.6816768414133
"GSM8121907_athero_human_14.txt.gz","Plate_725s_F16","asymptomatic","endothelial","C6",8.51065638335186,22.8233229859116
"GSM8121907_athero_human_14.txt.gz","Plate_725s_F17","asymptomatic","macrophage","C3",-16.5621578038029,3.97138892109699
"GSM8121907_athero_human_14.txt.gz","Plate_725s_F18","asymptomatic","endothelial","C6",7.37879418120623,22.6677833870932
"GSM8121907_athero_human_14.txt.gz","Plate_725s_F19","asymptomatic","endothelial","C6",4.36035952547396,20.8303795447254
"GSM8121907_athero_human_14.txt.gz","Plate_725s_F20","asymptomatic","endothelial","C6",9.80489762143177,13.5662804958683
"GSM8121907_athero_human_14.txt.gz","Plate_725s_F21","asymptomatic","endothelial","C6",5.96157509868123,23.4431769895847
"GSM8121907_athero_human_14.txt.gz","Plate_725s_F22","asymptomatic","endothelial","C6",1.10057999079295,12.1588899683992
"GSM8121907_athero_human_14.txt.gz","Plate_725s_F23","asymptomatic","fibroblast","C10",7.54257327774246,2.00238176306497
"GSM8121907_athero_human_14.txt.gz","Plate_725s_F24","asymptomatic","endothelial","C6",6.37135478247238,23.1853592889486
"GSM8121907_athero_human_14.txt.gz","Plate_725s_G01","asymptomatic","endothelial","C6",7.50319966813169,18.3685906835174
"GSM8121907_athero_human_14.txt.gz","Plate_725s_G02","asymptomatic","endothelial","C6",4.04172578869425,21.8925635247535
"GSM8121907_athero_human_14.txt.gz","Plate_725s_G04","asymptomatic","macrophage","C3",-17.2675563526947,2.42436237670114
"GSM8121907_athero_human_14.txt.gz","Plate_725s_G05","asymptomatic","endothelial","C6",5.30610185277401,9.9212360076486
"GSM8121907_athero_human_14.txt.gz","Plate_725s_G06","asymptomatic","macrophage","C5",-14.8727258191329,5.55998303926824
"GSM8121907_athero_human_14.txt.gz","Plate_725s_G07","asymptomatic","endothelial","C6",4.6567406013722,12.6068050558932
"GSM8121907_athero_human_14.txt.gz","Plate_725s_G08","asymptomatic","endothelial","C6",7.52538656261776,22.9412218149814
"GSM8121907_athero_human_14.txt.gz","Plate_725s_G09","asymptomatic","endothelial","C6",9.17645653727732,19.9265375553637
"GSM8121907_athero_human_14.txt.gz","Plate_725s_G10","asymptomatic","endothelial","C6",7.51219528700327,19.6681514027486
"GSM8121907_athero_human_14.txt.gz","Plate_725s_G11","asymptomatic","macrophage","C5",-20.1530098816427,1.33664295635693
"GSM8121907_athero_human_14.txt.gz","Plate_725s_G12","asymptomatic","endothelial","C6",8.89323796884689,19.805796198903
"GSM8121907_athero_human_14.txt.gz","Plate_725s_G13","asymptomatic","endothelial","C6",6.80402509748809,15.0506124529178
"GSM8121907_athero_human_14.txt.gz","Plate_725s_G14","asymptomatic","vsmc","C2",17.0851394586796,-0.0381757131332772
"GSM8121907_athero_human_14.txt.gz","Plate_725s_G15","asymptomatic","endothelial","C6",8.08090369288999,19.7998170718737
"GSM8121907_athero_human_14.txt.gz","Plate_725s_G16","asymptomatic","endothelial","C6",4.88281000339323,22.6324330780108
"GSM8121907_athero_human_14.txt.gz","Plate_725s_G17","asymptomatic","vsmc","C2",15.3197728958837,-4.50585316799176
"GSM8121907_athero_human_14.txt.gz","Plate_725s_G18","asymptomatic","endothelial","C6",8.46661339599386,16.4226567417763
"GSM8121907_athero_human_14.txt.gz","Plate_725s_G19","asymptomatic","endothelial","C6",6.6685241886779,18.1441439182036
"GSM8121907_athero_human_14.txt.gz","Plate_725s_G20","asymptomatic","endothelial","C6",5.89604331941704,17.8518639160916
"GSM8121907_athero_human_14.txt.gz","Plate_725s_G21","asymptomatic","endothelial","C6",8.34525969517488,20.1139103340817
"GSM8121907_athero_human_14.txt.gz","Plate_725s_G24","asymptomatic","endothelial","C6",8.34215274275998,21.7153112226855
"GSM8121907_athero_human_14.txt.gz","Plate_725s_H01","asymptomatic","macrophage","C3",-16.2594158159138,4.29264344821365
"GSM8121907_athero_human_14.txt.gz","Plate_725s_H03","asymptomatic","endothelial","C6",4.82106974743007,25.2955513439966
"GSM8121907_athero_human_14.txt.gz","Plate_725s_H04","asymptomatic","endothelial","C6",9.51715840803005,17.8243125568027
"GSM8121907_athero_human_14.txt.gz","Plate_725s_H05","asymptomatic","endothelial","C6",5.4520995698078,21.6475253617556
"GSM8121907_athero_human_14.txt.gz","Plate_725s_H06","asymptomatic","endothelial","C6",4.67800958817889,11.9384720402451
"GSM8121907_athero_human_14.txt.gz","Plate_725s_H07","asymptomatic","endothelial","C6",7.42470228519744,9.54007845591302
"GSM8121907_athero_human_14.txt.gz","Plate_725s_H08","asymptomatic","endothelial","C6",6.4059056431667,22.8999728502844
"GSM8121907_athero_human_14.txt.gz","Plate_725s_H09","asymptomatic","endothelial","C6",6.48150374078167,16.985741575998
"GSM8121907_athero_human_14.txt.gz","Plate_725s_H10","asymptomatic","endothelial","C6",3.73123888733635,12.3938942840989
"GSM8121907_athero_human_14.txt.gz","Plate_725s_H12","asymptomatic","endothelial","C6",6.49285346449822,19.9368385806964
"GSM8121907_athero_human_14.txt.gz","Plate_725s_H13","asymptomatic","endothelial","C6",6.68103069069956,16.9511157554344
"GSM8121907_athero_human_14.txt.gz","Plate_725s_H14","asymptomatic","endothelial","C6",7.45481073083781,15.8473937507006
"GSM8121907_athero_human_14.txt.gz","Plate_725s_H15","asymptomatic","endothelial","C6",8.81151443450668,17.5961356166977
"GSM8121907_athero_human_14.txt.gz","Plate_725s_H16","asymptomatic","endothelial","C6",3.48860974645501,12.6547752687595
"GSM8121907_athero_human_14.txt.gz","Plate_725s_H17","asymptomatic","endothelial","C6",5.76239660694826,18.2073464221547
"GSM8121907_athero_human_14.txt.gz","Plate_725s_H18","asymptomatic","endothelial","C6",5.53913140244749,17.5270237289804
"GSM8121907_athero_human_14.txt.gz","Plate_725s_H19","asymptomatic","macrophage","C3",-14.5787549328294,-0.142571291955814
"GSM8121907_athero_human_14.txt.gz","Plate_725s_H20","asymptomatic","endothelial","C6",5.19886652913846,20.1927484861317
"GSM8121907_athero_human_14.txt.gz","Plate_725s_H21","asymptomatic","macrophage","C3",-19.4559566938592,2.11686525105185
"GSM8121907_athero_human_14.txt.gz","Plate_725s_H22","asymptomatic","macrophage","C3",-18.3534153232463,5.88495270915996
"GSM8121907_athero_human_14.txt.gz","Plate_725s_H23","asymptomatic","endothelial","C6",7.93273427091986,17.2291914358672
"GSM8121907_athero_human_14.txt.gz","Plate_725s_H24","asymptomatic","endothelial","C6",5.99202991680467,16.121540714369
"GSM8121907_athero_human_14.txt.gz","Plate_725s_I01","asymptomatic","endothelial","C6",6.13153514485315,8.89247194204359
"GSM8121907_athero_human_14.txt.gz","Plate_725s_I04","asymptomatic","endothelial","C6",5.73722969636327,17.6100869124647
"GSM8121907_athero_human_14.txt.gz","Plate_725s_I05","asymptomatic","endothelial","C6",9.32418143107964,17.6614728365339
"GSM8121907_athero_human_14.txt.gz","Plate_725s_I06","asymptomatic","endothelial","C6",7.54713073620444,16.8748593529541
"GSM8121907_athero_human_14.txt.gz","Plate_725s_I07","asymptomatic","endothelial","C6",6.02072781825202,19.7563567966387
"GSM8121907_athero_human_14.txt.gz","Plate_725s_I09","asymptomatic","macrophage","C3",-15.1401100922989,5.58600926292119
"GSM8121907_athero_human_14.txt.gz","Plate_725s_I10","asymptomatic","endothelial","C6",6.67893179899831,7.90809685591399
"GSM8121907_athero_human_14.txt.gz","Plate_725s_I12","asymptomatic","endothelial","C6",7.84646843373443,14.3029652945352
"GSM8121907_athero_human_14.txt.gz","Plate_725s_I13","asymptomatic","endothelial","C6",4.92445935973228,15.8996481514104
"GSM8121907_athero_human_14.txt.gz","Plate_725s_I14","asymptomatic","endothelial","C6",9.57256251418198,16.2158362236192
"GSM8121907_athero_human_14.txt.gz","Plate_725s_I15","asymptomatic","fibroblast","C10",17.6232385408994,3.65430451270609
"GSM8121907_athero_human_14.txt.gz","Plate_725s_I16","asymptomatic","endothelial","C6",4.41443984153053,16.5832654852209
"GSM8121907_athero_human_14.txt.gz","Plate_725s_I17","asymptomatic","endothelial","C6",8.7793437090985,19.0623473663314
"GSM8121907_athero_human_14.txt.gz","Plate_725s_I18","asymptomatic","endothelial","C6",6.41115841665744,6.6139391244944
"GSM8121907_athero_human_14.txt.gz","Plate_725s_I19","asymptomatic","endothelial","C6",4.43114369090895,14.4512627325335
"GSM8121907_athero_human_14.txt.gz","Plate_725s_I20","asymptomatic","endothelial","C6",8.62983542922,16.0615419437107
"GSM8121907_athero_human_14.txt.gz","Plate_725s_I23","asymptomatic","endothelial","C6",4.88069563807205,16.2907501037766
"GSM8121907_athero_human_14.txt.gz","Plate_725s_I24","asymptomatic","vsmc","C6",6.80914437343884,9.47021685470699
"GSM8121907_athero_human_14.txt.gz","Plate_725s_J02","asymptomatic","macrophage","C5",-13.7778310722546,2.24379245113048
"GSM8121907_athero_human_14.txt.gz","Plate_725s_J03","asymptomatic","endothelial","C6",6.15743678262225,10.0847121761339
"GSM8121907_athero_human_14.txt.gz","Plate_725s_J05","asymptomatic","endothelial","C6",7.76186516234676,9.49131705719062
"GSM8121907_athero_human_14.txt.gz","Plate_725s_J06","asymptomatic","endothelial","C6",7.12506234087574,15.4260187994208
"GSM8121907_athero_human_14.txt.gz","Plate_725s_J07","asymptomatic","endothelial","C6",7.15207119147369,20.9682477896348
"GSM8121907_athero_human_14.txt.gz","Plate_725s_J08","asymptomatic","endothelial","C6",6.74835985058608,21.012151860007
"GSM8121907_athero_human_14.txt.gz","Plate_725s_J10","asymptomatic","endothelial","C6",6.67930678572563,12.7577757664508
"GSM8121907_athero_human_14.txt.gz","Plate_726s_A01","asymptomatic","macrophage","C5",-21.1371248413467,2.43757078265486
"GSM8121907_athero_human_14.txt.gz","Plate_726s_A03","asymptomatic","vsmc","C2",18.7678554762528,-3.29744606748861
"GSM8121907_athero_human_14.txt.gz","Plate_726s_A04","asymptomatic","vsmc","C2",15.8662704394691,-2.44664544475237
"GSM8121907_athero_human_14.txt.gz","Plate_726s_A06","asymptomatic","fibroblast","C7",15.3875451661407,-5.85847970851618
"GSM8121907_athero_human_14.txt.gz","Plate_726s_A07","asymptomatic","unassigned","C7",15.9333270953569,-7.07050264883933
"GSM8121907_athero_human_14.txt.gz","Plate_726s_A08","asymptomatic","fibroblast","C10",17.1604215057523,4.313892656465
"GSM8121907_athero_human_14.txt.gz","Plate_726s_A09","asymptomatic","vsmc","C2",18.7115841785389,-5.82933876465125
"GSM8121907_athero_human_14.txt.gz","Plate_726s_A11","asymptomatic","vsmc","C2",17.2732490039472,-0.748687361500585
"GSM8121907_athero_human_14.txt.gz","Plate_726s_A12","asymptomatic","fibroblast","C8",12.4286917532023,1.4910672266945
"GSM8121907_athero_human_14.txt.gz","Plate_726s_A13","asymptomatic","vsmc","C10",18.9980547834205,3.0942779272021
"GSM8121907_athero_human_14.txt.gz","Plate_726s_A15","asymptomatic","vsmc","C2",18.9492625539559,-0.158880946394208
"GSM8121907_athero_human_14.txt.gz","Plate_726s_A16","asymptomatic","vsmc","C10",19.0450219474484,2.23803370759692
"GSM8121907_athero_human_14.txt.gz","Plate_726s_A17","asymptomatic","fibroblast","C10",16.7587130251607,6.43432902815021
"GSM8121907_athero_human_14.txt.gz","Plate_726s_A18","asymptomatic","vsmc","C2",18.3556463455156,-3.17039975586438
"GSM8121907_athero_human_14.txt.gz","Plate_726s_A19","asymptomatic","vsmc","C2",18.7226810413174,1.0968506459199
"GSM8121907_athero_human_14.txt.gz","Plate_726s_A20","asymptomatic","fibroblast","C10",17.959501286322,0.41022038952324
"GSM8121907_athero_human_14.txt.gz","Plate_726s_A21","asymptomatic","vsmc","C2",17.1412973083981,-5.42520855290708
"GSM8121907_athero_human_14.txt.gz","Plate_726s_A22","asymptomatic","fibroblast","C10",17.8745368160013,3.29337289902926
"GSM8121907_athero_human_14.txt.gz","Plate_726s_A23","asymptomatic","fibroblast","C10",19.6639919306606,-1.66011039249792
"GSM8121907_athero_human_14.txt.gz","Plate_726s_B01","asymptomatic","vsmc","C2",17.0149098822076,-5.55547420581637
"GSM8121907_athero_human_14.txt.gz","Plate_726s_B02","asymptomatic","unassigned","C2",17.3542929900512,-2.92940546659921
"GSM8121907_athero_human_14.txt.gz","Plate_726s_B03","asymptomatic","fibroblast","C10",16.3834610731584,6.42867541300431
"GSM8121907_athero_human_14.txt.gz","Plate_726s_B04","asymptomatic","fibroblast","C10",17.850301756758,6.36411252315656
"GSM8121907_athero_human_14.txt.gz","Plate_726s_B06","asymptomatic","fibroblast","C7",11.8760893879233,-8.68935747213948
"GSM8121907_athero_human_14.txt.gz","Plate_726s_B07","asymptomatic","fibroblast","C10",19.0177701151028,1.58949662963645
"GSM8121907_athero_human_14.txt.gz","Plate_726s_B08","asymptomatic","vsmc","C2",16.6514279428324,-6.61874052024682
"GSM8121907_athero_human_14.txt.gz","Plate_726s_B10","asymptomatic","vsmc","C2",19.4672811053618,-2.65932297428507
"GSM8121907_athero_human_14.txt.gz","Plate_726s_B11","asymptomatic","fibroblast","C10",12.030554559682,3.85565389216666
"GSM8121907_athero_human_14.txt.gz","Plate_726s_B12","asymptomatic","vsmc","C2",18.451807421829,-3.80805499008355
"GSM8121907_athero_human_14.txt.gz","Plate_726s_B13","asymptomatic","fibroblast","C10",17.7540293208642,-5.86516287463556
"GSM8121907_athero_human_14.txt.gz","Plate_726s_B14","asymptomatic","vsmc","C2",19.5476808093752,0.258269253929727
"GSM8121907_athero_human_14.txt.gz","Plate_726s_B15","asymptomatic","vsmc","C2",16.643441280291,-3.04663443955151
"GSM8121907_athero_human_14.txt.gz","Plate_726s_B16","asymptomatic","fibroblast","C10",18.6930293973671,-0.0259392786462036
"GSM8121907_athero_human_14.txt.gz","Plate_726s_B17","asymptomatic","vsmc","C2",19.3019776234088,-3.74256829707724
"GSM8121907_athero_human_14.txt.gz","Plate_726s_B18","asymptomatic","vsmc","C8",13.4654618678537,-7.19549271565882
"GSM8121907_athero_human_14.txt.gz","Plate_726s_B20","asymptomatic","unassigned","C10",17.4168598651019,3.74256382866336
"GSM8121907_athero_human_14.txt.gz","Plate_726s_B21","asymptomatic","fibroblast","C10",14.3468914884669,0.105039069656813
"GSM8121907_athero_human_14.txt.gz","Plate_726s_B22","asymptomatic","fibroblast","C7",15.8769272235856,-5.27625626082379
"GSM8121907_athero_human_14.txt.gz","Plate_726s_B23","asymptomatic","vsmc","C2",18.2462919370673,-2.90708312848892
"GSM8121907_athero_human_14.txt.gz","Plate_726s_C03","asymptomatic","vsmc","C2",18.7527376398955,-0.660359746589164
"GSM8121907_athero_human_14.txt.gz","Plate_726s_C04","asymptomatic","vsmc","C10",16.1287835649931,-0.810541151479634
"GSM8121907_athero_human_14.txt.gz","Plate_726s_C05","asymptomatic","vsmc","C2",16.7431482301548,-5.40372006840249
"GSM8121907_athero_human_14.txt.gz","Plate_726s_C06","asymptomatic","fibroblast","C10",13.9536563648056,-3.50594650157667
"GSM8121907_athero_human_14.txt.gz","Plate_726s_C07","asymptomatic","vsmc","C2",17.6752256747037,-5.76634705318496
"GSM8121907_athero_human_14.txt.gz","Plate_726s_C08","asymptomatic","fibroblast","C10",15.6295682661342,-2.15212819938129
"GSM8121907_athero_human_14.txt.gz","Plate_726s_C09","asymptomatic","fibroblast","C10",16.6268330938217,-0.26869664360586
"GSM8121907_athero_human_14.txt.gz","Plate_726s_C10","asymptomatic","vsmc","C2",18.9414971923482,-3.11726070239718
"GSM8121907_athero_human_14.txt.gz","Plate_726s_C11","asymptomatic","vsmc","C2",18.1137230823438,0.0964967594837605
"GSM8121907_athero_human_14.txt.gz","Plate_726s_C12","asymptomatic","fibroblast","C10",17.1538922916348,-1.30856111781303
"GSM8121907_athero_human_14.txt.gz","Plate_726s_C13","asymptomatic","unassigned","C2",16.6305389950643,-0.0195106097371481
"GSM8121907_athero_human_14.txt.gz","Plate_726s_C14","asymptomatic","fibroblast","C10",14.6257938240964,-2.35191911945591
"GSM8121907_athero_human_14.txt.gz","Plate_726s_C17","asymptomatic","vsmc","C2",16.7638810566097,-0.930659850542799
"GSM8121907_athero_human_14.txt.gz","Plate_726s_C19","asymptomatic","fibroblast","C7",14.2251184592604,-4.04564554118807
"GSM8121907_athero_human_14.txt.gz","Plate_726s_C20","asymptomatic","vsmc","C10",15.755068179577,6.95844011723738
"GSM8121907_athero_human_14.txt.gz","Plate_726s_C22","asymptomatic","vsmc","C2",17.207122891112,-5.20006373214288
"GSM8121907_athero_human_14.txt.gz","Plate_726s_D03","asymptomatic","endothelial","C6",8.96626614373831,18.4682380858487
"GSM8121907_athero_human_14.txt.gz","Plate_726s_D04","asymptomatic","vsmc","C2",17.9069454044284,-3.63134795258366
"GSM8121907_athero_human_14.txt.gz","Plate_726s_D05","asymptomatic","fibroblast","C7",14.6956942343885,-5.256988620621
"GSM8121907_athero_human_14.txt.gz","Plate_726s_D06","asymptomatic","unassigned","C7",14.6327355925195,-8.238974867139
"GSM8121907_athero_human_14.txt.gz","Plate_726s_D08","asymptomatic","fibroblast","C10",15.3598502303451,1.56224373241073
"GSM8121907_athero_human_14.txt.gz","Plate_726s_D09","asymptomatic","vsmc","C2",19.9118818271156,-0.228268140486544
"GSM8121907_athero_human_14.txt.gz","Plate_726s_D10","asymptomatic","vsmc","C10",16.1629496745569,4.93237389346588
"GSM8121907_athero_human_14.txt.gz","Plate_726s_D11","asymptomatic","vsmc","C2",18.2462319562546,-3.48479241704695
"GSM8121907_athero_human_14.txt.gz","Plate_726s_D12","asymptomatic","fibroblast","C7",15.333833133771,-5.9573563370293
"GSM8121907_athero_human_14.txt.gz","Plate_726s_D17","asymptomatic","unassigned","C2",20.3127263991506,-2.38522879647157
"GSM8121907_athero_human_14.txt.gz","Plate_726s_D18","asymptomatic","fibroblast","C10",18.3514875159918,2.94197345942203
"GSM8121907_athero_human_14.txt.gz","Plate_726s_D19","asymptomatic","fibroblast","C10",17.2111343569311,-2.37314920264538
"GSM8121907_athero_human_14.txt.gz","Plate_726s_D21","asymptomatic","vsmc","C2",18.1483369715631,0.242329188758351
"GSM8121907_athero_human_14.txt.gz","Plate_726s_D23","asymptomatic","vsmc","C2",16.9654528823717,0.124408957645707
"GSM8121907_athero_human_14.txt.gz","Plate_726s_D24","asymptomatic","vsmc","C2",19.0633929089171,0.709148077383819
"GSM8121907_athero_human_14.txt.gz","Plate_726s_E01","asymptomatic","macrophage","C3",-16.6600118954593,-1.6910368694986
"GSM8121907_athero_human_14.txt.gz","Plate_726s_E02","asymptomatic","vsmc","C2",19.042576007435,-0.580939600596491
"GSM8121907_athero_human_14.txt.gz","Plate_726s_E03","asymptomatic","fibroblast","C7",12.4991399721936,-3.59511631456187
"GSM8121907_athero_human_14.txt.gz","Plate_726s_E04","asymptomatic","fibroblast","C7",11.2170792816279,-4.43519704918906
"GSM8121907_athero_human_14.txt.gz","Plate_726s_E05","asymptomatic","unassigned","C2",20.1085312944606,0.700245396626197
"GSM8121907_athero_human_14.txt.gz","Plate_726s_E06","asymptomatic","vsmc","C2",16.1676195554172,-5.13694353052815
"GSM8121907_athero_human_14.txt.gz","Plate_726s_E07","asymptomatic","vsmc","C2",15.7173173027088,-7.28944870326258
"GSM8121907_athero_human_14.txt.gz","Plate_726s_E09","asymptomatic","fibroblast","C7",15.1348146671137,-8.26265807612409
"GSM8121907_athero_human_14.txt.gz","Plate_726s_E10","asymptomatic","fibroblast","C8",16.1731590313377,-1.71877792156893
"GSM8121907_athero_human_14.txt.gz","Plate_726s_E11","asymptomatic","macrophage","C5",-19.6268027658749,1.10656263609427
"GSM8121907_athero_human_14.txt.gz","Plate_726s_E12","asymptomatic","vsmc","C2",19.3464572463549,-1.72543055657879
"GSM8121907_athero_human_14.txt.gz","Plate_726s_E13","asymptomatic","fibroblast","C10",17.9296480170644,-4.63063964233281
"GSM8121907_athero_human_14.txt.gz","Plate_726s_E15","asymptomatic","fibroblast","C10",18.0929913642916,2.51968867515344
"GSM8121907_athero_human_14.txt.gz","Plate_726s_E16","asymptomatic","vsmc","C2",19.0060221702199,-2.84711134704528
"GSM8121907_athero_human_14.txt.gz","Plate_726s_E18","asymptomatic","vsmc","C2",16.0003287326967,-3.99087491547898
"GSM8121907_athero_human_14.txt.gz","Plate_726s_E19","asymptomatic","fibroblast","C10",17.2954737289786,2.19636991431135
"GSM8121907_athero_human_14.txt.gz","Plate_726s_E20","asymptomatic","fibroblast","C7",13.276004821327,-3.47366823496451
"GSM8121907_athero_human_14.txt.gz","Plate_726s_E22","asymptomatic","vsmc","C2",19.487007798177,1.87604893765952
"GSM8121907_athero_human_14.txt.gz","Plate_726s_E23","asymptomatic","vsmc","C2",16.8489858961728,-3.58723023178691
"GSM8121907_athero_human_14.txt.gz","Plate_726s_E24","asymptomatic","fibroblast","C7",16.0182944246909,-6.21680147630707
"GSM8121907_athero_human_14.txt.gz","Plate_726s_F03","asymptomatic","vsmc","C2",19.4188581082315,-4.5537471134014
"GSM8121907_athero_human_14.txt.gz","Plate_726s_F04","asymptomatic","vsmc","C2",19.1019293240928,-3.01003771981637
"GSM8121907_athero_human_14.txt.gz","Plate_726s_F05","asymptomatic","vsmc","C2",17.2408649547361,-0.714316047829271
"GSM8121907_athero_human_14.txt.gz","Plate_726s_F06","asymptomatic","vsmc","C10",19.6875318291995,0.0245882565077332
"GSM8121907_athero_human_14.txt.gz","Plate_726s_F08","asymptomatic","fibroblast","C10",15.5642369781857,2.90551216358694
"GSM8121907_athero_human_14.txt.gz","Plate_726s_F09","asymptomatic","fibroblast","C10",18.0254084968234,-0.479876281025544
"GSM8121907_athero_human_14.txt.gz","Plate_726s_F10","asymptomatic","fibroblast","C10",17.6089950379854,2.20112857873799
"GSM8121907_athero_human_14.txt.gz","Plate_726s_F11","asymptomatic","vsmc","C2",17.9028533477082,-4.91716163802496
"GSM8121907_athero_human_14.txt.gz","Plate_726s_F12","asymptomatic","vsmc","C7",15.2294215586064,-10.1491072842264
"GSM8121907_athero_human_14.txt.gz","Plate_726s_F13","asymptomatic","vsmc","C2",18.3706502919162,-4.66499637748029
"GSM8121907_athero_human_14.txt.gz","Plate_726s_F14","asymptomatic","vsmc","C10",19.3209075127984,2.79523779097103
"GSM8121907_athero_human_14.txt.gz","Plate_726s_F15","asymptomatic","fibroblast","C10",17.4698480976869,-2.33789788288726
"GSM8121907_athero_human_14.txt.gz","Plate_726s_F17","asymptomatic","macrophage","C3",-15.7759367559619,-1.37730029153582
"GSM8121907_athero_human_14.txt.gz","Plate_726s_F18","asymptomatic","vsmc","C2",19.2629176182942,-0.238739498135225
"GSM8121907_athero_human_14.txt.gz","Plate_726s_F19","asymptomatic","vsmc","C8",14.2031692675388,-1.53770634078574
"GSM8121907_athero_human_14.txt.gz","Plate_726s_F20","asymptomatic","fibroblast","C2",19.0606858003076,-1.86137864702327
"GSM8121907_athero_human_14.txt.gz","Plate_726s_F21","asymptomatic","macrophage","C4",-13.4828987342561,-5.84803141689652
"GSM8121907_athero_human_14.txt.gz","Plate_726s_F24","asymptomatic","macrophage","C4",-16.5611747712783,-4.51435478764564
"GSM8121907_athero_human_14.txt.gz","Plate_726s_G01","asymptomatic","vsmc","C2",19.0216429845818,-1.343338084851
"GSM8121907_athero_human_14.txt.gz","Plate_726s_G02","asymptomatic","fibroblast","C10",17.1764596172327,2.61919193183822
"GSM8121907_athero_human_14.txt.gz","Plate_726s_G03","asymptomatic","macrophage","C3",-19.3814307643195,1.40444838478882
"GSM8121907_athero_human_14.txt.gz","Plate_726s_G04","asymptomatic","vsmc","C2",17.8362406287665,2.06143857292901
"GSM8121907_athero_human_14.txt.gz","Plate_726s_G05","asymptomatic","vsmc","C2",11.8590259429256,-3.26511861684638
"GSM8121907_athero_human_14.txt.gz","Plate_726s_G06","asymptomatic","fibroblast","C7",16.0435242681366,-4.25826950301212
"GSM8121907_athero_human_14.txt.gz","Plate_726s_G07","asymptomatic","vsmc","C2",16.8332272960473,-3.65557920311931
"GSM8121907_athero_human_14.txt.gz","Plate_726s_G08","asymptomatic","vsmc","C2",17.8086769768042,-2.69700661406355
"GSM8121907_athero_human_14.txt.gz","Plate_726s_G12","asymptomatic","vsmc","C2",19.405917083184,2.3077904846518
"GSM8121907_athero_human_14.txt.gz","Plate_726s_G13","asymptomatic","fibroblast","C8",14.8151770406151,2.15408332481313
"GSM8121907_athero_human_14.txt.gz","Plate_726s_G14","asymptomatic","vsmc","C2",18.1200861933778,-2.41190680878345
"GSM8121907_athero_human_14.txt.gz","Plate_726s_G15","asymptomatic","vsmc","C2",17.2336754157524,-2.56902975029816
"GSM8121907_athero_human_14.txt.gz","Plate_726s_G17","asymptomatic","fibroblast","C10",18.2515017393434,1.84853249689833
"GSM8121907_athero_human_14.txt.gz","Plate_726s_G18","asymptomatic","vsmc","C2",17.7211217320205,-6.43027349887318
"GSM8121907_athero_human_14.txt.gz","Plate_726s_G19","asymptomatic","fibroblast","C10",17.6137856360358,-5.58544627983149
"GSM8121907_athero_human_14.txt.gz","Plate_726s_G20","asymptomatic","fibroblast","C10",14.8474951084343,1.17902623760743
"GSM8121907_athero_human_14.txt.gz","Plate_726s_G21","asymptomatic","fibroblast","C7",15.6154774081998,-5.97888171916353
"GSM8121907_athero_human_14.txt.gz","Plate_726s_G22","asymptomatic","fibroblast","C2",18.5695709292445,-6.59002046464171
"GSM8121907_athero_human_14.txt.gz","Plate_726s_G24","asymptomatic","vsmc","C2",17.256549864136,-4.53468742917489
"GSM8121907_athero_human_14.txt.gz","Plate_726s_H01","asymptomatic","vsmc","C2",19.7526701561581,-1.61678406545936
"GSM8121907_athero_human_14.txt.gz","Plate_726s_H02","asymptomatic","vsmc","C10",19.7393419216636,4.10845664649054
"GSM8121907_athero_human_14.txt.gz","Plate_726s_H03","asymptomatic","fibroblast","C7",14.945567102361,-6.08062243492788
"GSM8121907_athero_human_14.txt.gz","Plate_726s_H04","asymptomatic","fibroblast","C2",19.6051531504235,0.257239132850221
"GSM8121907_athero_human_14.txt.gz","Plate_726s_H05","asymptomatic","vsmc","C2",20.1312298003336,-0.249201922374306
"GSM8121907_athero_human_14.txt.gz","Plate_726s_H06","asymptomatic","fibroblast","C7",9.30665288463013,-11.7865228692677
"GSM8121907_athero_human_14.txt.gz","Plate_726s_H07","asymptomatic","fibroblast","C2",17.4065595673629,-1.63575767642018
"GSM8121907_athero_human_14.txt.gz","Plate_726s_H08","asymptomatic","fibroblast","C10",18.0819575208203,-2.30643825975527
"GSM8121907_athero_human_14.txt.gz","Plate_726s_H10","asymptomatic","fibroblast","C10",17.9977426962399,4.58225520686172
"GSM8121907_athero_human_14.txt.gz","Plate_726s_H11","asymptomatic","vsmc","C2",17.9801580854022,-3.82078593319498
"GSM8121907_athero_human_14.txt.gz","Plate_726s_H12","asymptomatic","fibroblast","C2",16.5357581937861,-4.373066214242
"GSM8121907_athero_human_14.txt.gz","Plate_726s_H13","asymptomatic","vsmc","C2",16.741244289639,-4.71115274346855
"GSM8121907_athero_human_14.txt.gz","Plate_726s_H14","asymptomatic","unassigned","C10",18.9159021492279,6.2555691766096
"GSM8121907_athero_human_14.txt.gz","Plate_726s_H15","asymptomatic","vsmc","C2",15.4740228647641,-8.54621481282134
"GSM8121907_athero_human_14.txt.gz","Plate_726s_H16","asymptomatic","vsmc","C2",17.8305723664622,-1.59406380780669
"GSM8121907_athero_human_14.txt.gz","Plate_726s_H17","asymptomatic","vsmc","C2",19.1732516399596,-2.8450136127561
"GSM8121907_athero_human_14.txt.gz","Plate_726s_H18","asymptomatic","vsmc","C2",18.8934327132964,1.31133393985468
"GSM8121907_athero_human_14.txt.gz","Plate_726s_H19","asymptomatic","fibroblast","C7",15.2205237825844,-4.6363539617488
"GSM8121907_athero_human_14.txt.gz","Plate_726s_H20","asymptomatic","vsmc","C2",16.4862842747072,-1.60949384597326
"GSM8121907_athero_human_14.txt.gz","Plate_726s_H21","asymptomatic","fibroblast","C10",15.55123976072,7.51740610141295
"GSM8121907_athero_human_14.txt.gz","Plate_726s_H22","asymptomatic","vsmc","C2",18.6304618504302,-3.1855967323852
"GSM8121907_athero_human_14.txt.gz","Plate_726s_H23","asymptomatic","fibroblast","C10",16.9064807021318,2.0304281382317
"GSM8121907_athero_human_14.txt.gz","Plate_726s_I13","asymptomatic","vsmc","C7",17.9409209974418,-11.7101955648795
"GSM8121907_athero_human_14.txt.gz","Plate_726s_I15","asymptomatic","fibroblast","C2",17.7877849122307,-0.919327746037433
"GSM8121907_athero_human_14.txt.gz","Plate_726s_I16","asymptomatic","vsmc","C2",18.1901044860605,-4.71800903928974
"GSM8121907_athero_human_14.txt.gz","Plate_726s_I17","asymptomatic","fibroblast","C10",17.4688305560387,1.20390799002417
"GSM8121907_athero_human_14.txt.gz","Plate_726s_I19","asymptomatic","vsmc","C2",19.7922606262321,-0.591001942099525
"GSM8121907_athero_human_14.txt.gz","Plate_726s_I20","asymptomatic","unassigned","C2",17.8328408922259,-0.185543496863755
"GSM8121907_athero_human_14.txt.gz","Plate_726s_I21","asymptomatic","fibroblast","C7",15.8514924989351,-4.74692286114098
"GSM8121907_athero_human_14.txt.gz","Plate_726s_I23","asymptomatic","vsmc","C2",19.6821070084012,-4.00571411256515
"GSM8121907_athero_human_14.txt.gz","Plate_726s_I24","asymptomatic","vsmc","C7",16.6250633145369,-8.39097571426438
"GSM8121907_athero_human_14.txt.gz","Plate_726s_J13","asymptomatic","fibroblast","C10",18.1776675718549,1.6162993805349
"GSM8121907_athero_human_14.txt.gz","Plate_726s_J14","asymptomatic","vsmc","C2",17.3770459577636,0.670454257293103
"GSM8121907_athero_human_14.txt.gz","Plate_726s_J15","asymptomatic","vsmc","C2",17.3571345258696,-3.3331433222547
"GSM8121907_athero_human_14.txt.gz","Plate_726s_J16","asymptomatic","fibroblast","C10",16.5671040466428,-1.75282602002446
"GSM8121907_athero_human_14.txt.gz","Plate_726s_J17","asymptomatic","fibroblast","C8",12.257688843252,1.50750197416764
"GSM8121907_athero_human_14.txt.gz","Plate_726s_J18","asymptomatic","vsmc","C2",18.9254888724064,-2.90740581507547
"GSM8121907_athero_human_14.txt.gz","Plate_726s_J19","asymptomatic","fibroblast","C10",17.4046285726843,0.932272739505513
"GSM8121907_athero_human_14.txt.gz","Plate_726s_J20","asymptomatic","fibroblast","C10",18.2206061989684,-2.77847685718769
"GSM8121907_athero_human_14.txt.gz","Plate_726s_J21","asymptomatic","vsmc","C2",18.068569786922,0.185085608307441
"GSM8121907_athero_human_14.txt.gz","Plate_726s_J22","asymptomatic","vsmc","C2",19.0164225283798,-1.15363209783226
"GSM8121907_athero_human_14.txt.gz","Plate_726s_J23","asymptomatic","fibroblast","C10",16.990197593764,4.87106167652081
"GSM8121907_athero_human_14.txt.gz","Plate_726s_J24","asymptomatic","fibroblast","C10",14.3061603779187,-1.34896336115881
"GSM8121907_athero_human_14.txt.gz","Plate_726s_K02","asymptomatic","vsmc","C2",18.7269469778419,0.215786615525488
"GSM8121907_athero_human_14.txt.gz","Plate_726s_K03","asymptomatic","fibroblast","C8",12.5667310850013,-4.8843738602035
"GSM8121907_athero_human_14.txt.gz","Plate_726s_K04","asymptomatic","vsmc","C2",18.1036157335743,-0.583826084187176
"GSM8121907_athero_human_14.txt.gz","Plate_726s_K05","asymptomatic","fibroblast","C10",16.6289508401708,2.85717065552135
"GSM8121907_athero_human_14.txt.gz","Plate_726s_K07","asymptomatic","fibroblast","C10",17.4647557277749,2.04401510823172
"GSM8121907_athero_human_14.txt.gz","Plate_726s_K09","asymptomatic","vsmc","C2",20.0384927701343,-2.69715609934345
"GSM8121907_athero_human_14.txt.gz","Plate_726s_K13","asymptomatic","vsmc","C8",16.4933171935886,2.31374650710316
"GSM8121907_athero_human_14.txt.gz","Plate_726s_K14","asymptomatic","vsmc","C10",14.1136807135985,4.92904884265634
"GSM8121907_athero_human_14.txt.gz","Plate_726s_K15","asymptomatic","vsmc","C2",17.6096003132625,-3.49508789621528
"GSM8121907_athero_human_14.txt.gz","Plate_726s_K16","asymptomatic","vsmc","C2",19.5256745316872,-0.36170642474446
"GSM8121907_athero_human_14.txt.gz","Plate_726s_K17","asymptomatic","fibroblast","C10",19.0149968101905,0.534107876516224
"GSM8121907_athero_human_14.txt.gz","Plate_726s_K18","asymptomatic","fibroblast","C10",12.8383022626044,-1.17750160348711
"GSM8121907_athero_human_14.txt.gz","Plate_726s_K19","asymptomatic","fibroblast","C10",18.6738198128547,1.89643343515667
"GSM8121907_athero_human_14.txt.gz","Plate_726s_K21","asymptomatic","fibroblast","C10",15.8090327903109,0.0324836204693611
"GSM8121907_athero_human_14.txt.gz","Plate_726s_K22","asymptomatic","vsmc","C2",17.9557978159562,0.364551993437037
"GSM8121907_athero_human_14.txt.gz","Plate_726s_K23","asymptomatic","unassigned","C2",17.6525171232076,-7.08354684465871
"GSM8121907_athero_human_14.txt.gz","Plate_726s_K24","asymptomatic","vsmc","C2",17.8495416180795,-5.45320075677943
"GSM8121907_athero_human_14.txt.gz","Plate_726s_L01","asymptomatic","vsmc","C2",18.5376866844519,-5.58796233230745
"GSM8121907_athero_human_14.txt.gz","Plate_726s_L02","asymptomatic","vsmc","C2",18.2758297352419,-6.87481759715378
"GSM8121907_athero_human_14.txt.gz","Plate_726s_L04","asymptomatic","vsmc","C7",12.7904514431064,-10.5946964617853
"GSM8121907_athero_human_14.txt.gz","Plate_726s_L05","asymptomatic","fibroblast","C10",15.4722759685672,-1.28090952868167
"GSM8121907_athero_human_14.txt.gz","Plate_726s_L06","asymptomatic","vsmc","C8",16.3346307934985,3.66388035076112
"GSM8121907_athero_human_14.txt.gz","Plate_726s_L07","asymptomatic","vsmc","C2",17.6612139096682,-2.38429909239138
"GSM8121907_athero_human_14.txt.gz","Plate_726s_L08","asymptomatic","vsmc","C2",18.4581329517242,0.335978813899416
"GSM8121907_athero_human_14.txt.gz","Plate_726s_L09","asymptomatic","macrophage","C3",-16.7020858025796,1.66766510910478
"GSM8121907_athero_human_14.txt.gz","Plate_726s_L10","asymptomatic","fibroblast","C7",15.5236544351588,-7.29658437703167
"GSM8121907_athero_human_14.txt.gz","Plate_726s_L11","asymptomatic","vsmc","C2",18.1030076271143,-2.87910261158342
"GSM8121907_athero_human_14.txt.gz","Plate_726s_L12","asymptomatic","fibroblast","C10",13.9529992402907,6.37993250828341
"GSM8121907_athero_human_14.txt.gz","Plate_726s_L15","asymptomatic","fibroblast","C2",18.573427802641,0.513885702280454
"GSM8121907_athero_human_14.txt.gz","Plate_726s_L16","asymptomatic","fibroblast","C10",15.6196643482779,-4.17673301709239
"GSM8121907_athero_human_14.txt.gz","Plate_726s_L17","asymptomatic","fibroblast","C8",15.6144362307945,0.416691432735283
"GSM8121907_athero_human_14.txt.gz","Plate_726s_L18","asymptomatic","macrophage","C3",-14.8874896472866,-4.35591027961182
"GSM8121907_athero_human_14.txt.gz","Plate_726s_L19","asymptomatic","vsmc","C2",17.337826588587,4.52306796006616
"GSM8121907_athero_human_14.txt.gz","Plate_726s_L20","asymptomatic","fibroblast","C10",17.0694156629551,-1.94360510929442
"GSM8121907_athero_human_14.txt.gz","Plate_726s_L21","asymptomatic","vsmc","C2",14.7981140691684,-5.85215326074929
"GSM8121907_athero_human_14.txt.gz","Plate_726s_L22","asymptomatic","fibroblast","C10",16.9011433003932,-2.11026070618661
"GSM8121907_athero_human_14.txt.gz","Plate_726s_M01","asymptomatic","vsmc","C2",15.9840749003151,-7.12455972801419
"GSM8121907_athero_human_14.txt.gz","Plate_726s_M02","asymptomatic","fibroblast","C2",17.9374811658606,-0.153339474936203
"GSM8121907_athero_human_14.txt.gz","Plate_726s_M03","asymptomatic","fibroblast","C10",16.8088108462616,1.16801709321896
"GSM8121907_athero_human_14.txt.gz","Plate_726s_M04","asymptomatic","vsmc","C2",15.0287974319521,-8.48529740565322
"GSM8121907_athero_human_14.txt.gz","Plate_726s_M05","asymptomatic","vsmc","C2",17.2035633269331,-3.89188631861373
"GSM8121907_athero_human_14.txt.gz","Plate_726s_M06","asymptomatic","fibroblast","C2",16.037423404692,-4.85671623191836
"GSM8121907_athero_human_14.txt.gz","Plate_726s_M07","asymptomatic","vsmc","C8",12.1211280835507,0.0369555558740852
"GSM8121907_athero_human_14.txt.gz","Plate_726s_M08","asymptomatic","fibroblast","C10",15.1132015774016,1.98590028237494
"GSM8121907_athero_human_14.txt.gz","Plate_726s_M09","asymptomatic","fibroblast","C10",16.209086302349,-1.03231184610547
"GSM8121907_athero_human_14.txt.gz","Plate_726s_M10","asymptomatic","unassigned","C7",9.61550992936544,-11.9815097808297
"GSM8121907_athero_human_14.txt.gz","Plate_726s_M11","asymptomatic","fibroblast","C10",17.5020762067659,-2.17679936718013
"GSM8121907_athero_human_14.txt.gz","Plate_726s_M12","asymptomatic","fibroblast","C10",18.2075329572254,3.63595435936694
"GSM8121907_athero_human_14.txt.gz","Plate_726s_M13","asymptomatic","vsmc","C2",20.304890132853,1.42811084280362
"GSM8121907_athero_human_14.txt.gz","Plate_726s_M14","asymptomatic","fibroblast","C10",13.7589305371479,-0.137969374404551
"GSM8121907_athero_human_14.txt.gz","Plate_726s_M17","asymptomatic","fibroblast","C10",18.9557003959562,-3.49155188468964
"GSM8121907_athero_human_14.txt.gz","Plate_726s_M18","asymptomatic","fibroblast","C2",18.6765169396182,-5.74823826780084
"GSM8121907_athero_human_14.txt.gz","Plate_726s_M19","asymptomatic","vsmc","C2",17.9240232828642,-1.10912801423175
"GSM8121907_athero_human_14.txt.gz","Plate_726s_M20","asymptomatic","vsmc","C2",17.9159105817085,-4.39253202586479
"GSM8121907_athero_human_14.txt.gz","Plate_726s_M21","asymptomatic","vsmc","C2",18.8726898411256,-4.21317291223359
"GSM8121907_athero_human_14.txt.gz","Plate_726s_M22","asymptomatic","vsmc","C2",18.3012201386878,-7.22284337055498
"GSM8121907_athero_human_14.txt.gz","Plate_726s_N01","asymptomatic","fibroblast","C10",18.2664142270246,1.38987796350814
"GSM8121907_athero_human_14.txt.gz","Plate_726s_N02","asymptomatic","fibroblast","C10",16.5860456121525,-2.11789341731963
"GSM8121907_athero_human_14.txt.gz","Plate_726s_N04","asymptomatic","vsmc","C2",17.7845219022787,-1.22875484754384
"GSM8121907_athero_human_14.txt.gz","Plate_726s_N05","asymptomatic","macrophage","C4",-14.5563669511135,-4.67030374339132
"GSM8121907_athero_human_14.txt.gz","Plate_726s_N06","asymptomatic","fibroblast","C10",16.856810282077,4.49532573754266
"GSM8121907_athero_human_14.txt.gz","Plate_726s_N07","asymptomatic","vsmc","C2",15.2723331338804,-4.75617718615941
"GSM8121907_athero_human_14.txt.gz","Plate_726s_N09","asymptomatic","vsmc","C2",18.9319558801493,-6.44825571655057
"GSM8121907_athero_human_14.txt.gz","Plate_726s_N10","asymptomatic","fibroblast","C10",15.1699122337494,-1.36380068212506
"GSM8121907_athero_human_14.txt.gz","Plate_726s_N11","asymptomatic","vsmc","C2",19.7987162507501,0.888987797420741
"GSM8121907_athero_human_14.txt.gz","Plate_726s_N12","asymptomatic","fibroblast","C10",17.6132360228209,5.9893340701435
"GSM8121907_athero_human_14.txt.gz","Plate_726s_N13","asymptomatic","vsmc","C2",16.4509963099794,-4.73948964968831
"GSM8121907_athero_human_14.txt.gz","Plate_726s_N14","asymptomatic","vsmc","C2",14.526090494645,-7.56216226988694
"GSM8121907_athero_human_14.txt.gz","Plate_726s_N16","asymptomatic","fibroblast","C2",15.1989329247642,-4.63514044469817
"GSM8121907_athero_human_14.txt.gz","Plate_726s_N18","asymptomatic","vsmc","C2",18.5013390080742,-2.84607519828358
"GSM8121907_athero_human_14.txt.gz","Plate_726s_N19","asymptomatic","fibroblast","C8",14.7102795833495,-5.39642899854397
"GSM8121907_athero_human_14.txt.gz","Plate_726s_N20","asymptomatic","vsmc","C2",16.5266729969102,-5.89832723715822
"GSM8121907_athero_human_14.txt.gz","Plate_726s_N21","asymptomatic","vsmc","C2",17.1593901243738,-3.05215111828671
"GSM8121907_athero_human_14.txt.gz","Plate_726s_N22","asymptomatic","vsmc","C2",19.5815222405318,-0.718058829217761
"GSM8121907_athero_human_14.txt.gz","Plate_726s_N23","asymptomatic","fibroblast","C10",14.7150444237802,-3.49586016799703
"GSM8121907_athero_human_14.txt.gz","Plate_726s_N24","asymptomatic","vsmc","C2",19.3729133170607,-3.64493099066568
"GSM8121907_athero_human_14.txt.gz","Plate_726s_O03","asymptomatic","vsmc","C2",19.5517043408695,-1.10595362461082
"GSM8121907_athero_human_14.txt.gz","Plate_726s_O04","asymptomatic","vsmc","C2",18.3746239632304,-2.77540056560803
"GSM8121907_athero_human_14.txt.gz","Plate_726s_O05","asymptomatic","vsmc","C2",18.6608028749647,-0.724720975249504
"GSM8121907_athero_human_14.txt.gz","Plate_726s_O06","asymptomatic","vsmc","C2",18.9476196276915,-2.28458556505525
"GSM8121907_athero_human_14.txt.gz","Plate_726s_O08","asymptomatic","vsmc","C2",17.3276371892057,-9.42601801809232
"GSM8121907_athero_human_14.txt.gz","Plate_726s_O09","asymptomatic","fibroblast","C10",16.1983953815778,-1.71703026583969
"GSM8121907_athero_human_14.txt.gz","Plate_726s_O10","asymptomatic","vsmc","C2",15.4959383463645,-4.29348535445348
"GSM8121907_athero_human_14.txt.gz","Plate_726s_O11","asymptomatic","unassigned","C2",15.5549534962505,-5.18085719665745
"GSM8121907_athero_human_14.txt.gz","Plate_726s_O12","asymptomatic","fibroblast","C8",15.8755264732456,-1.53636105970302
"GSM8121907_athero_human_14.txt.gz","Plate_726s_O14","asymptomatic","vsmc","C8",14.7349148368008,-5.85123625170373
"GSM8121907_athero_human_14.txt.gz","Plate_726s_O15","asymptomatic","vsmc","C2",20.302350019004,-2.76506639316055
"GSM8121907_athero_human_14.txt.gz","Plate_726s_O16","asymptomatic","vsmc","C2",17.3194243396768,-4.80314914849249
"GSM8121907_athero_human_14.txt.gz","Plate_726s_O17","asymptomatic","vsmc","C2",20.6112902239434,-1.62377936740339
"GSM8121907_athero_human_14.txt.gz","Plate_726s_O18","asymptomatic","vsmc","C2",17.9388557036595,-4.29769416459937
"GSM8121907_athero_human_14.txt.gz","Plate_726s_O19","asymptomatic","vsmc","C2",18.6872380560749,-5.2839218793802
"GSM8121907_athero_human_14.txt.gz","Plate_726s_O20","asymptomatic","vsmc","C2",18.8624646659208,-4.72500894085474
"GSM8121907_athero_human_14.txt.gz","Plate_726s_O21","asymptomatic","fibroblast","C10",17.5335945378326,-0.276868308317933
"GSM8121907_athero_human_14.txt.gz","Plate_726s_P03","asymptomatic","fibroblast","C10",16.8910976632827,-4.90588934510718
"GSM8121907_athero_human_14.txt.gz","Plate_726s_P04","asymptomatic","vsmc","C2",18.0390906328616,0.722155758670811
"GSM8121907_athero_human_14.txt.gz","Plate_726s_P05","asymptomatic","vsmc","C2",19.7482973118674,-0.689958826286216
"GSM8121907_athero_human_14.txt.gz","Plate_726s_P07","asymptomatic","fibroblast","C2",19.3455146195084,-1.81098559632416
"GSM8121907_athero_human_14.txt.gz","Plate_726s_P08","asymptomatic","fibroblast","C10",19.8996971527434,1.75562752802077
"GSM8121907_athero_human_14.txt.gz","Plate_726s_P10","asymptomatic","vsmc","C2",20.0296904675368,2.48110628887738
"GSM8121907_athero_human_14.txt.gz","Plate_726s_P11","asymptomatic","unassigned","C2",18.8423933307466,-2.83469528354786
"GSM8121907_athero_human_14.txt.gz","Plate_726s_P12","asymptomatic","macrophage","C3",-17.6380162471902,2.81392466203882
"GSM8121907_athero_human_14.txt.gz","Plate_726s_P13","asymptomatic","vsmc","C2",19.1148773505888,0.330038379067888
"GSM8121907_athero_human_14.txt.gz","Plate_726s_P14","asymptomatic","fibroblast","C10",14.4027317633309,5.78597459789612
"GSM8121907_athero_human_14.txt.gz","Plate_726s_P17","asymptomatic","vsmc","C2",18.5843572767966,2.76994891495188
"GSM8121907_athero_human_14.txt.gz","Plate_726s_P18","asymptomatic","vsmc","C2",18.8306467577891,-1.50245357809259
"GSM8121907_athero_human_14.txt.gz","Plate_726s_P19","asymptomatic","vsmc","C2",17.4540370072916,-4.32879240412636
"GSM8121907_athero_human_14.txt.gz","Plate_726s_P20","asymptomatic","vsmc","C2",18.3856967313477,-1.57925721124356
"GSM8121907_athero_human_14.txt.gz","Plate_726s_P22","asymptomatic","vsmc","C2",17.9463033527365,3.05533470224628
"GSM8121907_athero_human_14.txt.gz","Plate_727s_A02","asymptomatic","vsmc","C2",-0.0749273559128687,3.05757127713477
"GSM8121907_athero_human_14.txt.gz","Plate_727s_A03","asymptomatic","macrophage","C4",-18.0428254125156,-5.85252520729443
"GSM8121907_athero_human_14.txt.gz","Plate_727s_A04","asymptomatic","t_nk","C1",-9.75470491101586,-8.2302432194169
"GSM8121907_athero_human_14.txt.gz","Plate_727s_A05","asymptomatic","macrophage","C4",-19.5344054711878,-4.47096315122091
"GSM8121907_athero_human_14.txt.gz","Plate_727s_A06","asymptomatic","macrophage","C3",-19.586629420373,-3.31410355737553
"GSM8121907_athero_human_14.txt.gz","Plate_727s_A07","asymptomatic","macrophage","C3",-19.6201367794037,1.33455859993383
"GSM8121907_athero_human_14.txt.gz","Plate_727s_A08","asymptomatic","macrophage","C3",-21.0153514931512,-3.09733951785183
"GSM8121907_athero_human_14.txt.gz","Plate_727s_A10","asymptomatic","macrophage","C5",-18.7202036870221,8.21948076244648
"GSM8121907_athero_human_14.txt.gz","Plate_727s_A11","asymptomatic","macrophage","C5",-21.7413366989142,2.40821778233645
"GSM8121907_athero_human_14.txt.gz","Plate_727s_A12","asymptomatic","macrophage","C4",-15.3841570182987,-10.9872088261617
"GSM8121907_athero_human_14.txt.gz","Plate_727s_A13","asymptomatic","macrophage","C4",-17.2270184542581,0.265483609251051
"GSM8121907_athero_human_14.txt.gz","Plate_727s_A14","asymptomatic","macrophage","C3",-21.4181326694747,0.151801781855049
"GSM8121907_athero_human_14.txt.gz","Plate_727s_A15","asymptomatic","t_nk","C1",-11.0266400178819,-5.79336247345914
"GSM8121907_athero_human_14.txt.gz","Plate_727s_A16","asymptomatic","t_nk","C1",-11.8071072741212,-7.14674488154827
"GSM8121907_athero_human_14.txt.gz","Plate_727s_A17","asymptomatic","macrophage","C3",-20.8940227866814,0.813180753255766
"GSM8121907_athero_human_14.txt.gz","Plate_727s_A18","asymptomatic","macrophage","C3",-19.2465771320283,-1.03626609125118
"GSM8121907_athero_human_14.txt.gz","Plate_727s_A19","asymptomatic","t_nk","C1",-8.82190044465765,-6.79301454240685
"GSM8121907_athero_human_14.txt.gz","Plate_727s_A20","asymptomatic","macrophage","C3",-18.8964862473431,-2.52352223847891
"GSM8121907_athero_human_14.txt.gz","Plate_727s_A21","asymptomatic","macrophage","C3",-21.4743866080823,0.842646087290593
"GSM8121907_athero_human_14.txt.gz","Plate_727s_A22","asymptomatic","macrophage","C3",-19.9071572982962,-2.14758635752422
"GSM8121907_athero_human_14.txt.gz","Plate_727s_A23","asymptomatic","macrophage","C4",-19.5727293490106,-5.41566672944654
"GSM8121907_athero_human_14.txt.gz","Plate_727s_B01","asymptomatic","t_nk","C1",-9.89374811770961,-7.74881296151035
"GSM8121907_athero_human_14.txt.gz","Plate_727s_B03","asymptomatic","macrophage","C4",-15.9171324771614,-6.53240881047881
"GSM8121907_athero_human_14.txt.gz","Plate_727s_B04","asymptomatic","t_nk","C1",-9.9424640628288,-11.0879376333768
"GSM8121907_athero_human_14.txt.gz","Plate_727s_B05","asymptomatic","macrophage","C4",-16.0796992496977,-7.40772433885552
"GSM8121907_athero_human_14.txt.gz","Plate_727s_B06","asymptomatic","unassigned","C1",-11.3509744186403,3.85658975689092
"GSM8121907_athero_human_14.txt.gz","Plate_727s_B07","asymptomatic","vsmc","C2",13.1023863517264,-4.77877633278535
"GSM8121907_athero_human_14.txt.gz","Plate_727s_B08","asymptomatic","macrophage","C4",-19.0056699018805,-3.57352847281343
"GSM8121907_athero_human_14.txt.gz","Plate_727s_B09","asymptomatic","macrophage","C4",-18.2001772622572,-8.17668919200336
"GSM8121907_athero_human_14.txt.gz","Plate_727s_B11","asymptomatic","macrophage","C9",-19.9230159587616,-5.57514178514306
"GSM8121907_athero_human_14.txt.gz","Plate_727s_B12","asymptomatic","macrophage","C4",-14.6177820383472,-4.29619511385748
"GSM8121907_athero_human_14.txt.gz","Plate_727s_B14","asymptomatic","macrophage","C3",-16.9373568615886,-2.54563531038732
"GSM8121907_athero_human_14.txt.gz","Plate_727s_B15","asymptomatic","t_nk","C1",-8.22742489931003,-7.1101716099316
"GSM8121907_athero_human_14.txt.gz","Plate_727s_B16","asymptomatic","t_nk","C1",-8.48723287483165,-5.51027987286954
"GSM8121907_athero_human_14.txt.gz","Plate_727s_B17","asymptomatic","macrophage","C4",-17.7425638568422,-4.41277128376327
"GSM8121907_athero_human_14.txt.gz","Plate_727s_B18","asymptomatic","macrophage","C5",-16.1380460919064,1.91032263219502
"GSM8121907_athero_human_14.txt.gz","Plate_727s_B19","asymptomatic","t_nk","C1",-7.81440135314101,-7.10872174132757
"GSM8121907_athero_human_14.txt.gz","Plate_727s_B20","asymptomatic","macrophage","C4",-18.3140337395455,-7.50950416225944
"GSM8121907_athero_human_14.txt.gz","Plate_727s_B21","asymptomatic","macrophage","C4",-17.5990319568214,-6.84685253176478
"GSM8121907_athero_human_14.txt.gz","Plate_727s_B24","asymptomatic","b_cell","C4",-13.9799066846417,-5.58909671679981
"GSM8121907_athero_human_14.txt.gz","Plate_727s_C01","asymptomatic","macrophage","C4",-19.2531029170609,-3.08686767473758
"GSM8121907_athero_human_14.txt.gz","Plate_727s_C02","asymptomatic","macrophage","C3",-19.6486263925304,0.663432861037689
"GSM8121907_athero_human_14.txt.gz","Plate_727s_C04","asymptomatic","b_cell","C1",-5.87238433179616,5.42196113138921
"GSM8121907_athero_human_14.txt.gz","Plate_727s_C05","asymptomatic","macrophage","C3",-19.3308001461575,-2.55421702781306
"GSM8121907_athero_human_14.txt.gz","Plate_727s_C06","asymptomatic","macrophage","C3",-22.2789824171158,-2.7516533362305
"GSM8121907_athero_human_14.txt.gz","Plate_727s_C08","asymptomatic","macrophage","C3",-22.0078805291633,3.77718222188056
"GSM8121907_athero_human_14.txt.gz","Plate_727s_C09","asymptomatic","unassigned","C9",-18.8846410177166,-5.41201407630256
"GSM8121907_athero_human_14.txt.gz","Plate_727s_C12","asymptomatic","macrophage","C4",-22.0478528762079,-5.04119098134094
"GSM8121907_athero_human_14.txt.gz","Plate_727s_C13","asymptomatic","b_cell","C4",-18.5705800087716,-7.24437627185896
"GSM8121907_athero_human_14.txt.gz","Plate_727s_C14","asymptomatic","t_nk","C4",-15.9815909118421,-9.87318998238047
"GSM8121907_athero_human_14.txt.gz","Plate_727s_C15","asymptomatic","t_nk","C1",-10.1698446085995,-2.58127492633027
"GSM8121907_athero_human_14.txt.gz","Plate_727s_C16","asymptomatic","t_nk","C1",-10.1500605312077,-2.0543325780581
"GSM8121907_athero_human_14.txt.gz","Plate_727s_C17","asymptomatic","macrophage","C3",-20.77451818332,-1.37575043652673
"GSM8121907_athero_human_14.txt.gz","Plate_727s_C18","asymptomatic","macrophage","C3",-22.1286105373272,4.24018185201661
"GSM8121907_athero_human_14.txt.gz","Plate_727s_C19","asymptomatic","macrophage","C3",-20.4182989536205,-1.08298843388902
"GSM8121907_athero_human_14.txt.gz","Plate_727s_C20","asymptomatic","t_nk","C1",-10.2918246163119,-6.99802097799173
"GSM8121907_athero_human_14.txt.gz","Plate_727s_C21","asymptomatic","t_nk","C1",-11.323040049385,-3.58517452114674
"GSM8121907_athero_human_14.txt.gz","Plate_727s_C22","asymptomatic","t_nk","C1",-9.77864041328928,-3.82353624154386
"GSM8121907_athero_human_14.txt.gz","Plate_727s_C23","asymptomatic","t_nk","C1",-11.9015972038908,-4.80361041913291
"GSM8121907_athero_human_14.txt.gz","Plate_727s_C24","asymptomatic","macrophage","C4",-17.767406840215,-4.20336130085968
"GSM8121907_athero_human_14.txt.gz","Plate_727s_D01","asymptomatic","macrophage","C3",-21.7809953290536,0.854637687361208
"GSM8121907_athero_human_14.txt.gz","Plate_727s_D02","asymptomatic","macrophage","C3",-20.0353140728235,-1.51931314722844
"GSM8121907_athero_human_14.txt.gz","Plate_727s_D03","asymptomatic","macrophage","C4",-18.0488207858599,-7.47859456827313
"GSM8121907_athero_human_14.txt.gz","Plate_727s_D06","asymptomatic","macrophage","C3",-21.2443878205406,-0.0687186514571294
"GSM8121907_athero_human_14.txt.gz","Plate_727s_D07","asymptomatic","macrophage","C3",-15.0420980938387,-4.63494344712336
"GSM8121907_athero_human_14.txt.gz","Plate_727s_D08","asymptomatic","macrophage","C4",-19.6954388009758,-4.31648631655377
"GSM8121907_athero_human_14.txt.gz","Plate_727s_D09","asymptomatic","t_nk","C1",-8.79355946110604,-7.65488689917968
"GSM8121907_athero_human_14.txt.gz","Plate_727s_D10","asymptomatic","vsmc","C2",15.828530927569,0.311413791130686
"GSM8121907_athero_human_14.txt.gz","Plate_727s_D11","asymptomatic","t_nk","C1",-8.61885471957789,-5.26213923971368
"GSM8121907_athero_human_14.txt.gz","Plate_727s_D12","asymptomatic","macrophage","C3",-17.2848503073657,5.39920364169519
"GSM8121907_athero_human_14.txt.gz","Plate_727s_D13","asymptomatic","t_nk","C1",-8.9770754578133,-3.67387023860171
"GSM8121907_athero_human_14.txt.gz","Plate_727s_D14","asymptomatic","macrophage","C4",-16.8275185763557,-7.16253504631954
"GSM8121907_athero_human_14.txt.gz","Plate_727s_D15","asymptomatic","macrophage","C4",-18.283545332507,-1.81120735858229
"GSM8121907_athero_human_14.txt.gz","Plate_727s_D16","asymptomatic","macrophage","C9",-17.4318761859151,-5.85242439315356
"GSM8121907_athero_human_14.txt.gz","Plate_727s_D17","asymptomatic","unassigned","C4",-17.6378902380493,-6.26598574273255
"GSM8121907_athero_human_14.txt.gz","Plate_727s_D19","asymptomatic","macrophage","C4",-15.6011287681546,-8.34413123212057
"GSM8121907_athero_human_14.txt.gz","Plate_727s_D20","asymptomatic","t_nk","C1",-10.5221954553781,-4.82964454088659
"GSM8121907_athero_human_14.txt.gz","Plate_727s_D21","asymptomatic","macrophage","C3",-20.5460566286389,-0.540430754074195
"GSM8121907_athero_human_14.txt.gz","Plate_727s_D22","asymptomatic","vsmc","C2",15.8247487823037,1.8058268432857
"GSM8121907_athero_human_14.txt.gz","Plate_727s_D23","asymptomatic","macrophage","C4",-18.9593430081959,-4.40320436581839
"GSM8121907_athero_human_14.txt.gz","Plate_727s_D24","asymptomatic","t_nk","C1",-6.8317942049362,-3.33394571058681
"GSM8121907_athero_human_14.txt.gz","Plate_727s_E01","asymptomatic","macrophage","C3",-20.7771307431242,-2.0806695296189
"GSM8121907_athero_human_14.txt.gz","Plate_727s_E02","asymptomatic","unassigned","C4",-20.1553288853346,-2.60801200729658
"GSM8121907_athero_human_14.txt.gz","Plate_727s_E04","asymptomatic","b_cell","C4",-17.4407477016209,-8.2200906889093
"GSM8121907_athero_human_14.txt.gz","Plate_727s_E05","asymptomatic","t_nk","C1",-3.43183033650274,1.2816300601641
"GSM8121907_athero_human_14.txt.gz","Plate_727s_E06","asymptomatic","unassigned","C4",-11.2257711016292,-6.38533748756932
"GSM8121907_athero_human_14.txt.gz","Plate_727s_E07","asymptomatic","t_nk","C1",-9.25246686602265,-5.68099005079865
"GSM8121907_athero_human_14.txt.gz","Plate_727s_E08","asymptomatic","t_nk","C1",-10.6258924077153,-8.62536867755975
"GSM8121907_athero_human_14.txt.gz","Plate_727s_E09","asymptomatic","macrophage","C9",-22.1634619254411,-4.15685845720845
"GSM8121907_athero_human_14.txt.gz","Plate_727s_E10","asymptomatic","fibroblast","C7",14.6239060836775,-8.69561545031306
"GSM8121907_athero_human_14.txt.gz","Plate_727s_E13","asymptomatic","macrophage","C4",-19.0250552688028,-6.33575555896348
"GSM8121907_athero_human_14.txt.gz","Plate_727s_E15","asymptomatic","macrophage","C5",-14.693980132153,9.62084850905765
"GSM8121907_athero_human_14.txt.gz","Plate_727s_E16","asymptomatic","macrophage","C3",-20.4931461628317,0.647946468465657
"GSM8121907_athero_human_14.txt.gz","Plate_727s_E17","asymptomatic","macrophage","C3",-17.7256091490319,1.54314378141098
"GSM8121907_athero_human_14.txt.gz","Plate_727s_E18","asymptomatic","macrophage","C5",-17.8279528095315,0.360236494102394
"GSM8121907_athero_human_14.txt.gz","Plate_727s_E19","asymptomatic","t_nk","C1",-9.07478475437607,3.35528848107339
"GSM8121907_athero_human_14.txt.gz","Plate_727s_E20","asymptomatic","macrophage","C4",-18.0327174713955,-5.56808120004553
"GSM8121907_athero_human_14.txt.gz","Plate_727s_E22","asymptomatic","t_nk","C1",-8.27917342030233,-7.97620072872902
"GSM8121907_athero_human_14.txt.gz","Plate_727s_E23","asymptomatic","macrophage","C4",-18.7398791983269,-1.16905632778226
"GSM8121907_athero_human_14.txt.gz","Plate_727s_F01","asymptomatic","macrophage","C4",-17.7151583788102,-9.58697003097924
"GSM8121907_athero_human_14.txt.gz","Plate_727s_F02","asymptomatic","unassigned","C9",-21.8837767089811,-4.99202753018993
"GSM8121907_athero_human_14.txt.gz","Plate_727s_F03","asymptomatic","macrophage","C3",-19.5704159035579,-3.29204596797045
"GSM8121907_athero_human_14.txt.gz","Plate_727s_F04","asymptomatic","macrophage","C4",-19.3983782297923,-10.7718623348084
"GSM8121907_athero_human_14.txt.gz","Plate_727s_F05","asymptomatic","macrophage","C3",-19.8323023948582,7.19252905614923
"GSM8121907_athero_human_14.txt.gz","Plate_727s_F06","asymptomatic","macrophage","C3",-15.3055808757276,0.720217668846135
"GSM8121907_athero_human_14.txt.gz","Plate_727s_F09","asymptomatic","t_nk","C1",-11.7014879725795,-5.24376116285727
"GSM8121907_athero_human_14.txt.gz","Plate_727s_F10","asymptomatic","macrophage","C4",-16.0805843447653,-7.83536612397823
"GSM8121907_athero_human_14.txt.gz","Plate_727s_F12","asymptomatic","macrophage","C3",-20.5127395404958,-2.9865845540121
"GSM8121907_athero_human_14.txt.gz","Plate_727s_F13","asymptomatic","macrophage","C4",-21.5682329994579,-7.18350507027407
"GSM8121907_athero_human_14.txt.gz","Plate_727s_F14","asymptomatic","macrophage","C4",-18.7143831272831,-3.75611616798263
"GSM8121907_athero_human_14.txt.gz","Plate_727s_F15","asymptomatic","macrophage","C4",-18.9945605780356,-4.83190241024667
"GSM8121907_athero_human_14.txt.gz","Plate_727s_F16","asymptomatic","t_nk","C1",-10.2710372075083,2.8127380362731
"GSM8121907_athero_human_14.txt.gz","Plate_727s_F17","asymptomatic","macrophage","C9",-21.5901851793098,-2.63887188187133
"GSM8121907_athero_human_14.txt.gz","Plate_727s_F18","asymptomatic","macrophage","C3",-19.6489339748316,1.30624476652823
"GSM8121907_athero_human_14.txt.gz","Plate_727s_F19","asymptomatic","t_nk","C5",-13.4377456705648,6.24190828027875
"GSM8121907_athero_human_14.txt.gz","Plate_727s_F20","asymptomatic","macrophage","C5",-16.393041564252,5.39319798493459
"GSM8121907_athero_human_14.txt.gz","Plate_727s_F21","asymptomatic","t_nk","C1",-10.4835296911575,-7.28274738866371
"GSM8121907_athero_human_14.txt.gz","Plate_727s_F23","asymptomatic","macrophage","C4",-17.1072749399199,-8.23809503588139
"GSM8121907_athero_human_14.txt.gz","Plate_727s_G02","asymptomatic","unassigned","C5",-21.9622136896282,1.15746073708134
"GSM8121907_athero_human_14.txt.gz","Plate_727s_G04","asymptomatic","macrophage","C3",-20.720873702961,-2.62899228912178
"GSM8121907_athero_human_14.txt.gz","Plate_727s_G05","asymptomatic","macrophage","C3",-19.0282221714499,-0.181651310635335
"GSM8121907_athero_human_14.txt.gz","Plate_727s_G06","asymptomatic","macrophage","C4",-20.1561491094705,-6.43099003891526
"GSM8121907_athero_human_14.txt.gz","Plate_727s_G07","asymptomatic","macrophage","C4",-15.084159241817,-8.78356911932886
"GSM8121907_athero_human_14.txt.gz","Plate_727s_G08","asymptomatic","macrophage","C4",-20.9591410956307,-2.39320026922963
"GSM8121907_athero_human_14.txt.gz","Plate_727s_G09","asymptomatic","b_cell","C4",-16.8280087037909,-5.4568029459266
"GSM8121907_athero_human_14.txt.gz","Plate_727s_G11","asymptomatic","t_nk","C1",-9.33469990151702,-3.88834694167566
"GSM8121907_athero_human_14.txt.gz","Plate_727s_G12","asymptomatic","macrophage","C4",-20.0402446311365,-3.71545503030331
"GSM8121907_athero_human_14.txt.gz","Plate_727s_G14","asymptomatic","macrophage","C4",-18.7631113475574,-5.09534285368466
"GSM8121907_athero_human_14.txt.gz","Plate_727s_G17","asymptomatic","b_cell","C1",-7.54606974643698,-0.55577189396203
"GSM8121907_athero_human_14.txt.gz","Plate_727s_G18","asymptomatic","unassigned","C3",-17.7202456963081,3.04033880636803
"GSM8121907_athero_human_14.txt.gz","Plate_727s_G19","asymptomatic","macrophage","C3",-21.0805325484982,-1.70628999819628
"GSM8121907_athero_human_14.txt.gz","Plate_727s_G20","asymptomatic","macrophage","C9",-19.8913558057189,-0.657294305119118
"GSM8121907_athero_human_14.txt.gz","Plate_727s_G21","asymptomatic","macrophage","C4",-21.9388889530384,-5.08390959738947
"GSM8121907_athero_human_14.txt.gz","Plate_727s_G22","asymptomatic","fibroblast","C10",16.7156733249662,-1.04171346146379
"GSM8121907_athero_human_14.txt.gz","Plate_727s_G23","asymptomatic","t_nk","C1",-11.726147043964,-8.40120446243378
"GSM8121907_athero_human_14.txt.gz","Plate_727s_G24","asymptomatic","t_nk","C1",-8.68935024885658,-5.32450034130194
"GSM8121907_athero_human_14.txt.gz","Plate_727s_H01","asymptomatic","macrophage","C9",-23.4879868833774,-4.18439519168339
"GSM8121907_athero_human_14.txt.gz","Plate_727s_H02","asymptomatic","unassigned","C4",-17.6677544393771,-8.24333368766694
"GSM8121907_athero_human_14.txt.gz","Plate_727s_H03","asymptomatic","macrophage","C3",-19.5076199055829,-1.12757925241386
"GSM8121907_athero_human_14.txt.gz","Plate_727s_H04","asymptomatic","macrophage","C4",-18.1614117694595,-2.70116848630707
"GSM8121907_athero_human_14.txt.gz","Plate_727s_H05","asymptomatic","macrophage","C3",-20.2748725790522,-3.86780129294377
"GSM8121907_athero_human_14.txt.gz","Plate_727s_H06","asymptomatic","mast","C1",-10.3840611238805,1.16211865666363
"GSM8121907_athero_human_14.txt.gz","Plate_727s_H07","asymptomatic","t_nk","C1",-9.85911474261936,-3.71524340490347
"GSM8121907_athero_human_14.txt.gz","Plate_727s_H09","asymptomatic","t_nk","C1",-9.44136539682422,-3.42691604600125
"GSM8121907_athero_human_14.txt.gz","Plate_727s_H10","asymptomatic","t_nk","C4",-12.0909065152727,-0.582751230978818
"GSM8121907_athero_human_14.txt.gz","Plate_727s_H11","asymptomatic","macrophage","C3",-19.157201177175,0.460389500696938
"GSM8121907_athero_human_14.txt.gz","Plate_727s_H12","asymptomatic","mast","C4",-16.8955406952944,-9.49032982245505
"GSM8121907_athero_human_14.txt.gz","Plate_727s_H14","asymptomatic","macrophage","C3",-21.9583625913639,-1.19344017615586
"GSM8121907_athero_human_14.txt.gz","Plate_727s_H15","asymptomatic","t_nk","C1",-6.94324053646197,-8.36439424301323
"GSM8121907_athero_human_14.txt.gz","Plate_727s_H16","asymptomatic","unassigned","C9",-20.1049322952062,-7.20219881913226
"GSM8121907_athero_human_14.txt.gz","Plate_727s_H19","asymptomatic","t_nk","C1",-9.48391753615214,-3.12980006579178
"GSM8121907_athero_human_14.txt.gz","Plate_727s_H20","asymptomatic","macrophage","C4",-21.125882323654,-4.86437819697903
"GSM8121907_athero_human_14.txt.gz","Plate_727s_H21","asymptomatic","t_nk","C1",-10.5171856686373,-7.50884540853259
"GSM8121907_athero_human_14.txt.gz","Plate_727s_H22","asymptomatic","macrophage","C3",-19.0358711255428,-1.61995877418388
"GSM8121907_athero_human_14.txt.gz","Plate_727s_H23","asymptomatic","macrophage","C4",-19.7290953503541,-2.68964668326237
"GSM8121907_athero_human_14.txt.gz","Plate_727s_H24","asymptomatic","b_cell","C4",-11.5098232167508,-10.9602295203836
"GSM8121907_athero_human_14.txt.gz","Plate_727s_I02","asymptomatic","b_cell","C4",-18.3570984383072,-4.72152064610602
"GSM8121907_athero_human_14.txt.gz","Plate_727s_I03","asymptomatic","endothelial","C6",4.1918044177574,21.549805143868
"GSM8121907_athero_human_14.txt.gz","Plate_727s_I04","asymptomatic","t_nk","C1",-10.5632118603073,-2.45889753849747
"GSM8121907_athero_human_14.txt.gz","Plate_727s_I05","asymptomatic","macrophage","C4",-19.0657074851214,-2.6962320719097
"GSM8121907_athero_human_14.txt.gz","Plate_727s_I06","asymptomatic","macrophage","C4",-16.765800395302,-9.01982917810798
"GSM8121907_athero_human_14.txt.gz","Plate_727s_I09","asymptomatic","macrophage","C4",-18.851819712525,-7.19003970929665
"GSM8121907_athero_human_14.txt.gz","Plate_727s_I10","asymptomatic","t_nk","C1",-8.95761415019082,-1.05568898458209
"GSM8121907_athero_human_14.txt.gz","Plate_727s_I11","asymptomatic","mast","C9",-11.1975764761494,-1.41520654605144
"GSM8121907_athero_human_14.txt.gz","Plate_727s_I12","asymptomatic","macrophage","C3",-20.2363997997731,-1.45003124899242
"GSM8121907_athero_human_14.txt.gz","Plate_727s_I13","asymptomatic","macrophage","C4",-19.4821853352892,-3.89956428695925
"GSM8121907_athero_human_14.txt.gz","Plate_727s_I14","asymptomatic","t_nk","C1",-8.8963485693866,-4.83891391254988
"GSM8121907_athero_human_14.txt.gz","Plate_727s_I15","asymptomatic","b_cell","C1",-10.8620732318007,-4.6078514637205
"GSM8121907_athero_human_14.txt.gz","Plate_727s_I16","asymptomatic","macrophage","C4",-19.6283545857067,-7.03467921530324
"GSM8121907_athero_human_14.txt.gz","Plate_727s_I18","asymptomatic","t_nk","C1",-9.46163978949954,-5.10214200065759
"GSM8121907_athero_human_14.txt.gz","Plate_727s_I19","asymptomatic","t_nk","C1",-9.3325235412276,-6.01260277195716
"GSM8121907_athero_human_14.txt.gz","Plate_727s_I20","asymptomatic","t_nk","C1",-10.6369593986871,-5.78506060766679
"GSM8121907_athero_human_14.txt.gz","Plate_727s_I21","asymptomatic","t_nk","C1",-9.79592492734929,-5.73695791636835
"GSM8121907_athero_human_14.txt.gz","Plate_727s_I23","asymptomatic","macrophage","C4",-18.115807204708,-0.820936237570683
"GSM8121907_athero_human_14.txt.gz","Plate_727s_I24","asymptomatic","macrophage","C4",-18.7075544511345,-6.15345738624868
"GSM8121907_athero_human_14.txt.gz","Plate_727s_J01","asymptomatic","macrophage","C4",-19.5671065103149,-5.67929469599921
"GSM8121907_athero_human_14.txt.gz","Plate_727s_J02","asymptomatic","unassigned","C4",-18.0704654789127,-7.03517418057445
"GSM8121907_athero_human_14.txt.gz","Plate_727s_J03","asymptomatic","macrophage","C4",-18.3141112953724,-8.4949608872842
"GSM8121907_athero_human_14.txt.gz","Plate_727s_J04","asymptomatic","b_cell","C4",-13.4371325841035,1.00024179296108
"GSM8121907_athero_human_14.txt.gz","Plate_727s_J05","asymptomatic","vsmc","C2",12.9316933705146,-2.74925703786236
"GSM8121907_athero_human_14.txt.gz","Plate_727s_J06","asymptomatic","macrophage","C3",-18.166753860585,-2.29451555326419
"GSM8121907_athero_human_14.txt.gz","Plate_727s_J07","asymptomatic","macrophage","C3",-16.3010476660053,2.51020682349141
"GSM8121907_athero_human_14.txt.gz","Plate_727s_J09","asymptomatic","macrophage","C4",-14.6064833543307,-3.84000532983347
"GSM8121907_athero_human_14.txt.gz","Plate_727s_J11","asymptomatic","macrophage","C4",-16.5176627567148,-3.53369399077143
"GSM8121907_athero_human_14.txt.gz","Plate_727s_J12","asymptomatic","macrophage","C4",-16.5940198530403,-8.75258919845628
"GSM8121907_athero_human_14.txt.gz","Plate_727s_J14","asymptomatic","macrophage","C4",-18.512142012477,-7.52633846008181
"GSM8121907_athero_human_14.txt.gz","Plate_727s_J16","asymptomatic","macrophage","C3",-16.8737039360994,2.12893779214497
"GSM8121907_athero_human_14.txt.gz","Plate_727s_J17","asymptomatic","macrophage","C4",-20.3799086558085,-4.43401794258488
"GSM8121907_athero_human_14.txt.gz","Plate_727s_J18","asymptomatic","t_nk","C1",-9.92811529399202,-3.86230939937583
"GSM8121907_athero_human_14.txt.gz","Plate_727s_J19","asymptomatic","t_nk","C1",-8.54987042549511,-5.93512816717835
"GSM8121907_athero_human_14.txt.gz","Plate_727s_J21","asymptomatic","macrophage","C3",-18.4283102819058,-0.812354678892028
"GSM8121907_athero_human_14.txt.gz","Plate_727s_J22","asymptomatic","macrophage","C4",-18.4837491219407,-5.82916253792991
"GSM8121907_athero_human_14.txt.gz","Plate_727s_J23","asymptomatic","macrophage","C3",-19.7472258294395,3.7487844644656
"GSM8121907_athero_human_14.txt.gz","Plate_727s_K01","asymptomatic","mast","C1",-10.4901048928772,-1.44781029957546
"GSM8121907_athero_human_14.txt.gz","Plate_727s_K02","asymptomatic","unassigned","C3",-20.4813098486828,-2.49355928276857
"GSM8121907_athero_human_14.txt.gz","Plate_727s_K03","asymptomatic","macrophage","C3",-20.7354909295918,1.09441583243259
"GSM8121907_athero_human_14.txt.gz","Plate_727s_K04","asymptomatic","b_cell","C4",-13.5408622254683,-11.2214434026584
"GSM8121907_athero_human_14.txt.gz","Plate_727s_K05","asymptomatic","unassigned","C8",12.2904939826653,-0.492528805333108
"GSM8121907_athero_human_14.txt.gz","Plate_727s_K07","asymptomatic","macrophage","C3",-21.6788015295403,0.106942296052495
"GSM8121907_athero_human_14.txt.gz","Plate_727s_K08","asymptomatic","macrophage","C4",-18.5679716688142,-3.94771931378813
"GSM8121907_athero_human_14.txt.gz","Plate_727s_K09","asymptomatic","unassigned","C4",-17.9755443007629,-4.74647513361202
"GSM8121907_athero_human_14.txt.gz","Plate_727s_K10","asymptomatic","unassigned","C9",-20.4590443352967,0.0918635115810998
"GSM8121907_athero_human_14.txt.gz","Plate_727s_K12","asymptomatic","macrophage","C3",-20.4535416352983,-4.13939356677856
"GSM8121907_athero_human_14.txt.gz","Plate_727s_K13","asymptomatic","b_cell","C4",-19.4364386642586,-7.31192604708035
"GSM8121907_athero_human_14.txt.gz","Plate_727s_K15","asymptomatic","t_nk","C1",-9.42046079783123,-4.63583534750925
"GSM8121907_athero_human_14.txt.gz","Plate_727s_K16","asymptomatic","b_cell","C1",-5.62345346432838,4.78854857240247
"GSM8121907_athero_human_14.txt.gz","Plate_727s_K17","asymptomatic","unassigned","C9",-22.829525388132,-1.1881080569923
"GSM8121907_athero_human_14.txt.gz","Plate_727s_K18","asymptomatic","unassigned","C3",-17.3706733414802,3.35978624595898
"GSM8121907_athero_human_14.txt.gz","Plate_727s_K19","asymptomatic","t_nk","C1",-7.7102991044667,3.95039228953091
"GSM8121907_athero_human_14.txt.gz","Plate_727s_K23","asymptomatic","t_nk","C1",-8.51487754746231,-1.63427659318464
"GSM8121907_athero_human_14.txt.gz","Plate_727s_K24","asymptomatic","b_cell","C1",-5.33867309323058,3.91328734999011
"GSM8121907_athero_human_14.txt.gz","Plate_727s_L01","asymptomatic","b_cell","C3",-14.8444171689811,2.71048210184825
"GSM8121907_athero_human_14.txt.gz","Plate_727s_L02","asymptomatic","b_cell","C1",-5.70253069403822,5.63902002607916
"GSM8121907_athero_human_14.txt.gz","Plate_727s_L03","asymptomatic","macrophage","C5",-19.78238484592,6.86405296575201
"GSM8121907_athero_human_14.txt.gz","Plate_727s_L04","asymptomatic","macrophage","C4",-22.1954151347113,-6.55511900609989
"GSM8121907_athero_human_14.txt.gz","Plate_727s_L06","asymptomatic","t_nk","C1",-12.3377010003733,-7.33926953155971
"GSM8121907_athero_human_14.txt.gz","Plate_727s_L07","asymptomatic","macrophage","C3",-19.0671452129078,-2.64746593575355
"GSM8121907_athero_human_14.txt.gz","Plate_727s_L08","asymptomatic","macrophage","C3",-19.6576595119683,-0.546482714569942
"GSM8121907_athero_human_14.txt.gz","Plate_727s_L09","asymptomatic","macrophage","C4",-17.7487509941425,-3.1375690703458
"GSM8121907_athero_human_14.txt.gz","Plate_727s_L11","asymptomatic","mast","C5",-15.4990503664688,7.50350552703435
"GSM8121907_athero_human_14.txt.gz","Plate_727s_L12","asymptomatic","t_nk","C1",-9.19466929940243,4.45418993432027
"GSM8121907_athero_human_14.txt.gz","Plate_727s_L13","asymptomatic","unassigned","C4",-19.8133865839313,-5.25485661631863
"GSM8121907_athero_human_14.txt.gz","Plate_727s_L14","asymptomatic","t_nk","C1",-9.39627850215244,-4.67346527501858
"GSM8121907_athero_human_14.txt.gz","Plate_727s_L15","asymptomatic","b_cell","C4",-16.2617668910144,-7.75019110640891
"GSM8121907_athero_human_14.txt.gz","Plate_727s_L16","asymptomatic","t_nk","C1",-11.0153816511991,-3.80004707054086
"GSM8121907_athero_human_14.txt.gz","Plate_727s_L17","asymptomatic","macrophage","C3",-19.716135447282,-0.448881921792833
"GSM8121907_athero_human_14.txt.gz","Plate_727s_L18","asymptomatic","macrophage","C3",-19.4339541913603,2.87769068790119
"GSM8121907_athero_human_14.txt.gz","Plate_727s_L19","asymptomatic","b_cell","C4",-17.7121614310157,-8.48928914112728
"GSM8121907_athero_human_14.txt.gz","Plate_727s_L20","asymptomatic","macrophage","C3",-22.5643918880287,-0.693138145093047
"GSM8121907_athero_human_14.txt.gz","Plate_727s_L21","asymptomatic","b_cell","C4",-19.1095784182644,-3.99955655042452
"GSM8121907_athero_human_14.txt.gz","Plate_727s_L22","asymptomatic","b_cell","C4",-17.771206048511,-7.26526423950355
"GSM8121907_athero_human_14.txt.gz","Plate_727s_L23","asymptomatic","t_nk","C1",-11.5157561199922,-7.04994897547595
"GSM8121907_athero_human_14.txt.gz","Plate_727s_L24","asymptomatic","macrophage","C3",-20.0961772295568,0.632973308027039
"GSM8121907_athero_human_14.txt.gz","Plate_727s_M02","asymptomatic","macrophage","C4",-19.3315258856442,-2.69487747426352
"GSM8121907_athero_human_14.txt.gz","Plate_727s_M03","asymptomatic","macrophage","C4",-17.7983911258734,-5.73255731534807
"GSM8121907_athero_human_14.txt.gz","Plate_727s_M04","asymptomatic","macrophage","C3",-18.6928141193982,0.559900252137301
"GSM8121907_athero_human_14.txt.gz","Plate_727s_M07","asymptomatic","t_nk","C1",-9.41901092537995,-7.05264946468859
"GSM8121907_athero_human_14.txt.gz","Plate_727s_M08","asymptomatic","macrophage","C3",-17.2629979208188,-0.871524055986766
"GSM8121907_athero_human_14.txt.gz","Plate_727s_M09","asymptomatic","macrophage","C4",-18.9994500513165,-5.75467898345068
"GSM8121907_athero_human_14.txt.gz","Plate_727s_M10","asymptomatic","t_nk","C1",-8.45776956672263,-8.79099682518051
"GSM8121907_athero_human_14.txt.gz","Plate_727s_M11","asymptomatic","t_nk","C1",-8.44607921162574,-0.844370461360263
"GSM8121907_athero_human_14.txt.gz","Plate_727s_M12","asymptomatic","macrophage","C4",-17.1760310612322,-10.9821511965359
"GSM8121907_athero_human_14.txt.gz","Plate_727s_M15","asymptomatic","macrophage","C3",-19.8516810749148,-1.94307001995549
"GSM8121907_athero_human_14.txt.gz","Plate_727s_M17","asymptomatic","macrophage","C4",-20.4882317864452,-7.54990796833756
"GSM8121907_athero_human_14.txt.gz","Plate_727s_M18","asymptomatic","t_nk","C1",-12.3264917316304,-4.71792748926888
"GSM8121907_athero_human_14.txt.gz","Plate_727s_M19","asymptomatic","macrophage","C4",-15.2476078625309,-8.2434556780484
"GSM8121907_athero_human_14.txt.gz","Plate_727s_M20","asymptomatic","macrophage","C9",-18.6912912191674,-4.48491596521881
"GSM8121907_athero_human_14.txt.gz","Plate_727s_M21","asymptomatic","mast","C4",-11.4094276654267,-6.77587193150957
"GSM8121907_athero_human_14.txt.gz","Plate_727s_M22","asymptomatic","vsmc","C2",17.4281933794407,-6.66217404896133
"GSM8121907_athero_human_14.txt.gz","Plate_727s_M23","asymptomatic","t_nk","C1",-9.34575993218301,-3.34762517860111
"GSM8121907_athero_human_14.txt.gz","Plate_727s_M24","asymptomatic","macrophage","C4",-18.209307460641,-6.53204107907225
"GSM8121907_athero_human_14.txt.gz","Plate_727s_N01","asymptomatic","mast","C4",-18.27461854049,-5.95124527481431
"GSM8121907_athero_human_14.txt.gz","Plate_727s_N02","asymptomatic","b_cell","C1",-11.6333388145064,1.01175185975491
"GSM8121907_athero_human_14.txt.gz","Plate_727s_N05","asymptomatic","macrophage","C3",-20.071198093412,-2.58705476242522
"GSM8121907_athero_human_14.txt.gz","Plate_727s_N06","asymptomatic","t_nk","C1",-11.2946623033361,-9.11610966993083
"GSM8121907_athero_human_14.txt.gz","Plate_727s_N07","asymptomatic","unassigned","C9",-19.9756990824744,-2.52010427536269
"GSM8121907_athero_human_14.txt.gz","Plate_727s_N08","asymptomatic","macrophage","C4",-18.2706565463775,-3.37545185796344
"GSM8121907_athero_human_14.txt.gz","Plate_727s_N10","asymptomatic","unassigned","C4",-17.8400866208682,-0.563857590734438
"GSM8121907_athero_human_14.txt.gz","Plate_727s_N12","asymptomatic","macrophage","C4",-19.8682978671359,-5.90906749065734
"GSM8121907_athero_human_14.txt.gz","Plate_727s_N13","asymptomatic","b_cell","C1",-6.65109979455372,3.31933786898996
"GSM8121907_athero_human_14.txt.gz","Plate_727s_N14","asymptomatic","unassigned","C4",-17.4760146023079,-9.92002622003412
"GSM8121907_athero_human_14.txt.gz","Plate_727s_N15","asymptomatic","unassigned","C4",-16.3692304725443,-7.81405672734961
"GSM8121907_athero_human_14.txt.gz","Plate_727s_N17","asymptomatic","macrophage","C3",-20.1925244037821,-1.36943014200366
"GSM8121907_athero_human_14.txt.gz","Plate_727s_N18","asymptomatic","b_cell","C1",-8.11723313915155,1.30321156275079
"GSM8121907_athero_human_14.txt.gz","Plate_727s_N19","asymptomatic","macrophage","C4",-19.3568066852256,-4.80743287271619
"GSM8121907_athero_human_14.txt.gz","Plate_727s_N20","asymptomatic","macrophage","C4",-17.9731285549373,-7.65625255798017
"GSM8121907_athero_human_14.txt.gz","Plate_727s_N21","asymptomatic","macrophage","C4",-18.5816982661763,-4.0876756695166
"GSM8121907_athero_human_14.txt.gz","Plate_727s_N23","asymptomatic","macrophage","C3",-19.9646679775347,0.795423041815627
"GSM8121907_athero_human_14.txt.gz","Plate_727s_O01","asymptomatic","macrophage","C5",-13.3111550753491,3.01377631771852
"GSM8121907_athero_human_14.txt.gz","Plate_727s_O02","asymptomatic","t_nk","C1",-10.4294547931228,-5.60791969244659
"GSM8121907_athero_human_14.txt.gz","Plate_727s_O04","asymptomatic","macrophage","C4",-16.1660726867469,-3.63664643205977
"GSM8121907_athero_human_14.txt.gz","Plate_727s_O05","asymptomatic","t_nk","C1",-8.29090896434288,-5.08592170988305
"GSM8121907_athero_human_14.txt.gz","Plate_727s_O06","asymptomatic","macrophage","C4",-18.2337792239336,-4.02886755472543
"GSM8121907_athero_human_14.txt.gz","Plate_727s_O07","asymptomatic","macrophage","C3",-19.6926249422601,0.841644897693778
"GSM8121907_athero_human_14.txt.gz","Plate_727s_O08","asymptomatic","macrophage","C3",-19.9380572974958,0.9181626395023
"GSM8121907_athero_human_14.txt.gz","Plate_727s_O09","asymptomatic","macrophage","C3",-19.9250652651035,-0.853178467929452
"GSM8121907_athero_human_14.txt.gz","Plate_727s_O10","asymptomatic","macrophage","C3",-21.8518562404407,4.76103970981752
"GSM8121907_athero_human_14.txt.gz","Plate_727s_O11","asymptomatic","macrophage","C4",-19.1287570192817,-4.02871521894668
"GSM8121907_athero_human_14.txt.gz","Plate_727s_O13","asymptomatic","macrophage","C4",-17.1284808923058,-8.84710772521245
"GSM8121907_athero_human_14.txt.gz","Plate_727s_O14","asymptomatic","macrophage","C3",-20.9312431188719,-1.43905676173832
"GSM8121907_athero_human_14.txt.gz","Plate_727s_O15","asymptomatic","t_nk","C1",-10.4781522543405,-2.64685628469418
"GSM8121907_athero_human_14.txt.gz","Plate_727s_O16","asymptomatic","macrophage","C3",-20.1815819143409,0.360794724822661
"GSM8121907_athero_human_14.txt.gz","Plate_727s_O17","asymptomatic","macrophage","C4",-21.7321148589761,-3.84155807353936
"GSM8121907_athero_human_14.txt.gz","Plate_727s_O18","asymptomatic","macrophage","C4",-20.5339583203716,-4.24384587277313
"GSM8121907_athero_human_14.txt.gz","Plate_727s_O21","asymptomatic","t_nk","C1",-9.36476671537824,9.18981624294332
"GSM8121907_athero_human_14.txt.gz","Plate_727s_O22","asymptomatic","macrophage","C3",-21.8280198765294,-1.27823784061743
"GSM8121907_athero_human_14.txt.gz","Plate_727s_O23","asymptomatic","t_nk","C1",-8.60587215570563,-3.89245058326303
"GSM8121907_athero_human_14.txt.gz","Plate_727s_O24","asymptomatic","vsmc","C8",11.3238656478177,2.35460880251535
"GSM8121907_athero_human_14.txt.gz","Plate_727s_P02","asymptomatic","macrophage","C3",-18.4052848510182,-0.204913039640907
"GSM8121907_athero_human_14.txt.gz","Plate_727s_P03","asymptomatic","macrophage","C4",-20.196663846465,-4.88703245964326
"GSM8121907_athero_human_14.txt.gz","Plate_727s_P04","asymptomatic","macrophage","C4",-19.1165842544128,-5.1061368414746
"GSM8121907_athero_human_14.txt.gz","Plate_727s_P05","asymptomatic","macrophage","C4",-20.5194164124988,-3.58867103411173
"GSM8121907_athero_human_14.txt.gz","Plate_727s_P06","asymptomatic","t_nk","C1",-10.1188694974139,-7.35349592384783
"GSM8121907_athero_human_14.txt.gz","Plate_727s_P09","asymptomatic","macrophage","C9",-23.4063509952384,-3.70455688920366
"GSM8121907_athero_human_14.txt.gz","Plate_727s_P10","asymptomatic","macrophage","C4",-18.8277259397351,-5.46366245334816
"GSM8121907_athero_human_14.txt.gz","Plate_727s_P11","asymptomatic","macrophage","C3",-19.5277171868265,-2.06588174589992
"GSM8121907_athero_human_14.txt.gz","Plate_727s_P12","asymptomatic","macrophage","C3",-20.3793578465259,-1.04417396815449
"GSM8121907_athero_human_14.txt.gz","Plate_727s_P13","asymptomatic","macrophage","C3",-20.7259829161334,-1.30614047072616
"GSM8121907_athero_human_14.txt.gz","Plate_727s_P14","asymptomatic","macrophage","C4",-15.5889674145418,-6.19365826552656
"GSM8121907_athero_human_14.txt.gz","Plate_727s_P15","asymptomatic","t_nk","C1",-9.5985236059085,-10.354552374604
"GSM8121907_athero_human_14.txt.gz","Plate_727s_P16","asymptomatic","macrophage","C3",-19.9089734691544,-2.6648755106934
"GSM8121907_athero_human_14.txt.gz","Plate_727s_P17","asymptomatic","macrophage","C4",-19.8483976275525,-6.59112738296464
"GSM8121907_athero_human_14.txt.gz","Plate_727s_P18","asymptomatic","macrophage","C4",-19.6433161275163,-5.58713206357108
"GSM8121907_athero_human_14.txt.gz","Plate_727s_P19","asymptomatic","fibroblast","C10",17.2463060491107,-1.5264720203593
"GSM8121907_athero_human_14.txt.gz","Plate_727s_P20","asymptomatic","macrophage","C3",-20.292580971086,0.355678483801653
"GSM8121907_athero_human_14.txt.gz","Plate_727s_P21","asymptomatic","macrophage","C3",-21.1339520792178,3.81915260359394
"GSM8121908_athero_human_15.txt.gz","Plate_728s_A02","symptomatic","macrophage","C9",-18.8539525469105,0.443375791720311
"GSM8121908_athero_human_15.txt.gz","Plate_728s_A04","symptomatic","unassigned","C5",-18.2138349282458,2.55509091254023
"GSM8121908_athero_human_15.txt.gz","Plate_728s_A05","symptomatic","macrophage","C5",-21.8255221952437,0.587529647107563
"GSM8121908_athero_human_15.txt.gz","Plate_728s_A06","symptomatic","macrophage","C5",-16.8985434608163,0.887974597823103
"GSM8121908_athero_human_15.txt.gz","Plate_728s_A07","symptomatic","macrophage","C9",-20.8422183815995,-0.173538564204147
"GSM8121908_athero_human_15.txt.gz","Plate_728s_A09","symptomatic","unassigned","C5",-14.356373355942,3.47794605522383
"GSM8121908_athero_human_15.txt.gz","Plate_728s_A10","symptomatic","t_nk","C9",-16.754492182535,-0.820669222418763
"GSM8121908_athero_human_15.txt.gz","Plate_728s_A13","symptomatic","unassigned","C9",-19.9507913805564,-5.57152310905048
"GSM8121908_athero_human_15.txt.gz","Plate_728s_A14","symptomatic","macrophage","C3",-18.6347944154275,1.54711316326728
"GSM8121908_athero_human_15.txt.gz","Plate_728s_A15","symptomatic","vsmc","C5",-11.8537407327381,6.93621641773305
"GSM8121908_athero_human_15.txt.gz","Plate_728s_A16","symptomatic","macrophage","C5",-20.4085544014337,2.91776872466984
"GSM8121908_athero_human_15.txt.gz","Plate_728s_A18","symptomatic","unassigned","C9",-16.0005021942054,-8.22634817592559
"GSM8121908_athero_human_15.txt.gz","Plate_728s_A19","symptomatic","endothelial","C6",3.95270755950471,10.3918774991225
"GSM8121908_athero_human_15.txt.gz","Plate_728s_A22","symptomatic","fibroblast","C5",-15.3167475694213,0.0410124840888645
"GSM8121908_athero_human_15.txt.gz","Plate_728s_A23","symptomatic","mast","C9",-19.0911604611081,-4.323388723763
"GSM8121908_athero_human_15.txt.gz","Plate_728s_B01","symptomatic","mast","C5",-22.0966533316609,0.915378266404379
"GSM8121908_athero_human_15.txt.gz","Plate_728s_B02","symptomatic","unassigned","C9",-15.2561532423205,0.528679742315747
"GSM8121908_athero_human_15.txt.gz","Plate_728s_B03","symptomatic","unassigned","C5",-18.5697401584569,1.99263392903582
"GSM8121908_athero_human_15.txt.gz","Plate_728s_B05","symptomatic","unassigned","C9",-14.9790016125031,-2.40008964910932
"GSM8121908_athero_human_15.txt.gz","Plate_728s_B08","symptomatic","macrophage","C5",-17.7107495231931,2.27528025570896
"GSM8121908_athero_human_15.txt.gz","Plate_728s_B09","symptomatic","endothelial","C6",7.3470016038182,13.6170230051681
"GSM8121908_athero_human_15.txt.gz","Plate_728s_B11","symptomatic","t_nk","C5",-13.6978710346291,4.38306284888949
"GSM8121908_athero_human_15.txt.gz","Plate_728s_B12","symptomatic","endothelial","C6",2.37068706573725,19.8504730241966
"GSM8121908_athero_human_15.txt.gz","Plate_728s_B13","symptomatic","macrophage","C3",-19.4567283453734,-0.369388515961981
"GSM8121908_athero_human_15.txt.gz","Plate_728s_B15","symptomatic","macrophage","C3",-17.9933131500755,0.865010571017544
"GSM8121908_athero_human_15.txt.gz","Plate_728s_B17","symptomatic","macrophage","C9",-17.1119633542454,1.59146126427384
"GSM8121908_athero_human_15.txt.gz","Plate_728s_B18","symptomatic","macrophage","C9",-19.7873621094235,-3.02594987136085
"GSM8121908_athero_human_15.txt.gz","Plate_728s_B19","symptomatic","unassigned","C9",-15.1095105606828,2.22243156968417
"GSM8121908_athero_human_15.txt.gz","Plate_728s_B20","symptomatic","macrophage","C9",-15.4797774912773,-1.06179454750931
"GSM8121908_athero_human_15.txt.gz","Plate_728s_C02","symptomatic","t_nk","C5",-20.6789386734445,5.43918557938729
"GSM8121908_athero_human_15.txt.gz","Plate_728s_C04","symptomatic","mast","C5",-13.523367932863,3.95256170878143
"GSM8121908_athero_human_15.txt.gz","Plate_728s_C05","symptomatic","endothelial","C6",-1.2159822395202,5.86980027874298
"GSM8121908_athero_human_15.txt.gz","Plate_728s_C06","symptomatic","endothelial","C6",4.08036189365477,16.7057368645246
"GSM8121908_athero_human_15.txt.gz","Plate_728s_C09","symptomatic","macrophage","C5",-15.6493529118361,2.79506724533899
"GSM8121908_athero_human_15.txt.gz","Plate_728s_C10","symptomatic","unassigned","C5",-16.9571831216863,3.88352803710869
"GSM8121908_athero_human_15.txt.gz","Plate_728s_C11","symptomatic","macrophage","C5",-18.1992258034672,4.60067826926722
"GSM8121908_athero_human_15.txt.gz","Plate_728s_C13","symptomatic","unassigned","C9",-12.7804392546133,-0.95160667617974
"GSM8121908_athero_human_15.txt.gz","Plate_728s_C14","symptomatic","endothelial","C6",6.12036422510398,14.9147870053042
"GSM8121908_athero_human_15.txt.gz","Plate_728s_C16","symptomatic","mast","C9",-16.5858390152143,1.84113365040894
"GSM8121908_athero_human_15.txt.gz","Plate_728s_C17","symptomatic","macrophage","C3",-20.5891932477929,4.58295588154922
"GSM8121908_athero_human_15.txt.gz","Plate_728s_C18","symptomatic","mast","C9",-13.788346618222,-6.42588519143235
"GSM8121908_athero_human_15.txt.gz","Plate_728s_C21","symptomatic","macrophage","C9",-19.6179278549916,-2.53019887337106
"GSM8121908_athero_human_15.txt.gz","Plate_728s_C22","symptomatic","b_cell","C9",-12.508518576403,-5.36395749147944
"GSM8121908_athero_human_15.txt.gz","Plate_728s_C23","symptomatic","unassigned","C5",-15.309740883179,2.96460659284023
"GSM8121908_athero_human_15.txt.gz","Plate_728s_C24","symptomatic","unassigned","C5",-15.6801368137682,2.94527042848515
"GSM8121908_athero_human_15.txt.gz","Plate_728s_D01","symptomatic","macrophage","C3",-20.8575608255162,3.6383779645486
"GSM8121908_athero_human_15.txt.gz","Plate_728s_D02","symptomatic","endothelial","C6",0.061672992190118,3.49102260998463
"GSM8121908_athero_human_15.txt.gz","Plate_728s_D04","symptomatic","mast","C5",-18.309209374417,6.30963706144639
"GSM8121908_athero_human_15.txt.gz","Plate_728s_D05","symptomatic","b_cell","C9",-14.6090213769455,-2.28208159661581
"GSM8121908_athero_human_15.txt.gz","Plate_728s_D07","symptomatic","unassigned","C9",-14.6516427285519,-1.50693300868522
"GSM8121908_athero_human_15.txt.gz","Plate_728s_D08","symptomatic","macrophage","C3",-19.4465762103563,-1.16123359080375
"GSM8121908_athero_human_15.txt.gz","Plate_728s_D09","symptomatic","b_cell","C9",-14.7717975969233,-6.62786409096617
"GSM8121908_athero_human_15.txt.gz","Plate_728s_D10","symptomatic","macrophage","C5",-20.2436757220655,3.00428938767485
"GSM8121908_athero_human_15.txt.gz","Plate_728s_D14","symptomatic","macrophage","C5",-18.9751990150016,0.992878871019156
"GSM8121908_athero_human_15.txt.gz","Plate_728s_D16","symptomatic","macrophage","C5",-18.6616195174762,2.7857731725131
"GSM8121908_athero_human_15.txt.gz","Plate_728s_D17","symptomatic","macrophage","C5",-20.6107348570422,3.42012652615003
"GSM8121908_athero_human_15.txt.gz","Plate_728s_D18","symptomatic","macrophage","C9",-18.1096122481998,-1.86747624758771
"GSM8121908_athero_human_15.txt.gz","Plate_728s_D19","symptomatic","t_nk","C3",-18.9885643845433,-2.33519311938866
"GSM8121908_athero_human_15.txt.gz","Plate_728s_D20","symptomatic","unassigned","C5",-17.935583414923,-0.0500027180600901
"GSM8121908_athero_human_15.txt.gz","Plate_728s_D22","symptomatic","endothelial","C6",4.72474381904334,11.9922325739736
"GSM8121908_athero_human_15.txt.gz","Plate_728s_D23","symptomatic","macrophage","C3",-21.5805097156781,2.9226213272941
"GSM8121908_athero_human_15.txt.gz","Plate_728s_E01","symptomatic","endothelial","C6",1.83276976225416,13.6412699923062
"GSM8121908_athero_human_15.txt.gz","Plate_728s_E02","symptomatic","macrophage","C9",-20.223722343388,-1.20639418461475
"GSM8121908_athero_human_15.txt.gz","Plate_728s_E03","symptomatic","b_cell","C9",-16.8047647139275,-5.7189547232523
"GSM8121908_athero_human_15.txt.gz","Plate_728s_E04","symptomatic","macrophage","C5",-18.8325151139563,5.0797086722297
"GSM8121908_athero_human_15.txt.gz","Plate_728s_E06","symptomatic","macrophage","C5",-20.6079874828364,1.84947278978171
"GSM8121908_athero_human_15.txt.gz","Plate_728s_E07","symptomatic","b_cell","C9",-18.1551088576568,-4.18866389818571
"GSM8121908_athero_human_15.txt.gz","Plate_728s_E09","symptomatic","macrophage","C5",-17.198572584488,6.7515449070916
"GSM8121908_athero_human_15.txt.gz","Plate_728s_E10","symptomatic","b_cell","C9",-12.2078824521101,-8.49291594004293
"GSM8121908_athero_human_15.txt.gz","Plate_728s_E12","symptomatic","macrophage","C3",-18.6212797315813,-1.46796080191816
"GSM8121908_athero_human_15.txt.gz","Plate_728s_E13","symptomatic","macrophage","C3",-20.6271124781163,1.45358403060219
"GSM8121908_athero_human_15.txt.gz","Plate_728s_E14","symptomatic","endothelial","C6",5.68249458809194,12.5491885142955
"GSM8121908_athero_human_15.txt.gz","Plate_728s_E15","symptomatic","endothelial","C6",1.76184962548642,13.8711118373646
"GSM8121908_athero_human_15.txt.gz","Plate_728s_E20","symptomatic","unassigned","C5",-17.0171805635948,6.63973509386291
"GSM8121908_athero_human_15.txt.gz","Plate_728s_E21","symptomatic","t_nk","C3",-20.0623937282759,-2.55950136978577
"GSM8121908_athero_human_15.txt.gz","Plate_728s_E22","symptomatic","macrophage","C5",-20.5676765609128,3.2411024065315
"GSM8121908_athero_human_15.txt.gz","Plate_728s_F03","symptomatic","macrophage","C3",-17.8790130229804,2.14311353159261
"GSM8121908_athero_human_15.txt.gz","Plate_728s_F04","symptomatic","fibroblast","C7",5.38947881937344,-5.0133786865533
"GSM8121908_athero_human_15.txt.gz","Plate_728s_F05","symptomatic","unassigned","C5",-15.9388059226131,2.88504561311847
"GSM8121908_athero_human_15.txt.gz","Plate_728s_F06","symptomatic","macrophage","C3",-20.7804822964294,2.28737349150469
"GSM8121908_athero_human_15.txt.gz","Plate_728s_F07","symptomatic","endothelial","C6",5.86493221543052,16.4586401914664
"GSM8121908_athero_human_15.txt.gz","Plate_728s_F08","symptomatic","unassigned","C5",-18.7476571097027,3.4833640518243
"GSM8121908_athero_human_15.txt.gz","Plate_728s_F09","symptomatic","vsmc","C10",16.4527073852153,2.33652278116781
"GSM8121908_athero_human_15.txt.gz","Plate_728s_F13","symptomatic","macrophage","C3",-18.5519747979542,3.61735823371174
"GSM8121908_athero_human_15.txt.gz","Plate_728s_F17","symptomatic","unassigned","C5",-17.4378661706286,1.4450045311038
"GSM8121908_athero_human_15.txt.gz","Plate_728s_F20","symptomatic","unassigned","C9",-12.8029744655505,-2.37682905248759
"GSM8121908_athero_human_15.txt.gz","Plate_728s_F21","symptomatic","unassigned","C9",-15.9027942569703,-4.39115207073077
"GSM8121908_athero_human_15.txt.gz","Plate_728s_F24","symptomatic","unassigned","C3",-19.3755836289478,-0.199389778050551
"GSM8121908_athero_human_15.txt.gz","Plate_728s_G01","symptomatic","endothelial","C6",0.526177115850295,3.45758359970153
"GSM8121908_athero_human_15.txt.gz","Plate_728s_G02","symptomatic","fibroblast","C9",-15.401953262131,-1.95284413149107
"GSM8121908_athero_human_15.txt.gz","Plate_728s_G08","symptomatic","fibroblast","C3",-16.1927274781348,-1.93471371662278
"GSM8121908_athero_human_15.txt.gz","Plate_728s_G11","symptomatic","macrophage","C5",-19.5892058425428,-0.368776128583651
"GSM8121908_athero_human_15.txt.gz","Plate_728s_G12","symptomatic","fibroblast","C9",-13.8719562003285,-7.22204220285644
"GSM8121908_athero_human_15.txt.gz","Plate_728s_G14","symptomatic","unassigned","C9",-15.1074597557432,0.535600364048893
"GSM8121908_athero_human_15.txt.gz","Plate_728s_G15","symptomatic","fibroblast","C10",11.0291454309705,13.4823936611254
"GSM8121908_athero_human_15.txt.gz","Plate_728s_G17","symptomatic","endothelial","C6",-1.07006714795379,15.6704948580351
"GSM8121908_athero_human_15.txt.gz","Plate_728s_G19","symptomatic","vsmc","C9",-15.8757255230546,-0.72850018336954
"GSM8121908_athero_human_15.txt.gz","Plate_728s_G20","symptomatic","unassigned","C9",-16.6859504472316,-2.54625322244251
"GSM8121908_athero_human_15.txt.gz","Plate_728s_G22","symptomatic","fibroblast","C10",12.4690270938877,1.92274897157837
"GSM8121908_athero_human_15.txt.gz","Plate_728s_G23","symptomatic","macrophage","C3",-20.1490742571181,4.42827938596716
"GSM8121908_athero_human_15.txt.gz","Plate_728s_G24","symptomatic","macrophage","C3",-18.9980308440107,6.15757847548714
"GSM8121908_athero_human_15.txt.gz","Plate_728s_H01","symptomatic","macrophage","C3",-21.7180695195846,3.19186305238065
"GSM8121908_athero_human_15.txt.gz","Plate_728s_H02","symptomatic","endothelial","C6",5.31036947728325,17.4024478849092
"GSM8121908_athero_human_15.txt.gz","Plate_728s_H04","symptomatic","endothelial","C6",5.06967887000005,11.2510703582019
"GSM8121908_athero_human_15.txt.gz","Plate_728s_H07","symptomatic","unassigned","C9",-16.7181729242986,-3.16752181264612
"GSM8121908_athero_human_15.txt.gz","Plate_728s_H08","symptomatic","endothelial","C6",5.19150043816115,13.9616324522191
"GSM8121908_athero_human_15.txt.gz","Plate_728s_H09","symptomatic","unassigned","C5",-16.7580377630911,5.63911652728065
"GSM8121908_athero_human_15.txt.gz","Plate_728s_H10","symptomatic","unassigned","C6",4.81888210290767,10.5589287053186
"GSM8121908_athero_human_15.txt.gz","Plate_728s_H12","symptomatic","unassigned","C9",-13.291634017448,-2.10191730222766
"GSM8121908_athero_human_15.txt.gz","Plate_728s_H16","symptomatic","macrophage","C5",-20.7945881408319,2.86132270009565
"GSM8121908_athero_human_15.txt.gz","Plate_728s_H18","symptomatic","macrophage","C3",-19.6878421714604,3.61953528204163
"GSM8121908_athero_human_15.txt.gz","Plate_728s_H19","symptomatic","t_nk","C9",-13.6092832595119,-8.96161472289629
"GSM8121908_athero_human_15.txt.gz","Plate_728s_H21","symptomatic","unassigned","C5",-16.5117202224548,4.74963846883401
"GSM8121908_athero_human_15.txt.gz","Plate_728s_H23","symptomatic","macrophage","C3",-17.9590502145272,0.746658247417883
"GSM8121908_athero_human_15.txt.gz","Plate_728s_I01","symptomatic","b_cell","C9",-16.431265643579,-6.3184656325737
"GSM8121908_athero_human_15.txt.gz","Plate_728s_I02","symptomatic","macrophage","C5",-20.7215141805557,4.78401082247857
"GSM8121908_athero_human_15.txt.gz","Plate_728s_I04","symptomatic","macrophage","C5",-18.0111771150422,4.01428831826255
"GSM8121908_athero_human_15.txt.gz","Plate_728s_I05","symptomatic","t_nk","C9",-16.4657587345207,-0.389212501110515
"GSM8121908_athero_human_15.txt.gz","Plate_728s_I06","symptomatic","macrophage","C5",-18.6008077768495,7.22233100656554
"GSM8121908_athero_human_15.txt.gz","Plate_728s_I09","symptomatic","macrophage","C5",-19.3976602818051,6.71673461705652
"GSM8121908_athero_human_15.txt.gz","Plate_728s_I11","symptomatic","mast","C9",-13.1599218361968,-3.14581432498622
"GSM8121908_athero_human_15.txt.gz","Plate_728s_I13","symptomatic","b_cell","C9",-17.0532926067402,-6.97426574309171
"GSM8121908_athero_human_15.txt.gz","Plate_728s_I14","symptomatic","endothelial","C6",6.05769968735439,16.5424001017342
"GSM8121908_athero_human_15.txt.gz","Plate_728s_I22","symptomatic","fibroblast","C9",-13.5738288109975,-0.0711580836947887
"GSM8121908_athero_human_15.txt.gz","Plate_728s_I23","symptomatic","mast","C9",-19.7124741642065,0.0725774241223741
"GSM8121908_athero_human_15.txt.gz","Plate_728s_I24","symptomatic","macrophage","C3",-20.8499120796455,0.716618558501033
"GSM8121908_athero_human_15.txt.gz","Plate_728s_J01","symptomatic","unassigned","C5",-17.5627408100532,5.2703520650928
"GSM8121908_athero_human_15.txt.gz","Plate_728s_J03","symptomatic","macrophage","C9",-17.6642053145292,-0.488547337336191
"GSM8121908_athero_human_15.txt.gz","Plate_728s_J06","symptomatic","unassigned","C5",-12.57360189084,8.67851639085628
"GSM8121908_athero_human_15.txt.gz","Plate_728s_J08","symptomatic","macrophage","C5",-21.0909546052407,2.94402663414992
"GSM8121908_athero_human_15.txt.gz","Plate_728s_J09","symptomatic","b_cell","C9",-13.1346362948801,-3.17322748143631
"GSM8121908_athero_human_15.txt.gz","Plate_728s_J10","symptomatic","unassigned","C9",-21.1250138869905,-3.19879586051077
"GSM8121908_athero_human_15.txt.gz","Plate_728s_J11","symptomatic","mast","C9",-17.2519391838384,-1.75219316095636
"GSM8121908_athero_human_15.txt.gz","Plate_728s_J12","symptomatic","macrophage","C3",-19.8769214793934,3.28346043681743
"GSM8121908_athero_human_15.txt.gz","Plate_728s_J13","symptomatic","endothelial","C6",4.72860412389126,12.2833027456694
"GSM8121908_athero_human_15.txt.gz","Plate_728s_J14","symptomatic","macrophage","C3",-16.885153885749,-1.3198631224729
"GSM8121908_athero_human_15.txt.gz","Plate_728s_J17","symptomatic","macrophage","C5",-18.5639345709052,5.15960813502512
"GSM8121908_athero_human_15.txt.gz","Plate_728s_J19","symptomatic","endothelial","C6",3.58519707046844,10.3926781397006
"GSM8121908_athero_human_15.txt.gz","Plate_728s_J22","symptomatic","macrophage","C5",-17.9648460227197,3.06876967187096
"GSM8121908_athero_human_15.txt.gz","Plate_728s_K01","symptomatic","endothelial","C6",-2.94213931413005,7.40445377407415
"GSM8121908_athero_human_15.txt.gz","Plate_728s_K03","symptomatic","macrophage","C5",-20.4365745922678,3.44907210805299
"GSM8121908_athero_human_15.txt.gz","Plate_728s_K05","symptomatic","unassigned","C5",-16.936069773068,4.19106675174556
"GSM8121908_athero_human_15.txt.gz","Plate_728s_K06","symptomatic","macrophage","C3",-22.354801891091,-1.24093516949661
"GSM8121908_athero_human_15.txt.gz","Plate_728s_K07","symptomatic","unassigned","C5",-15.8695101730229,1.48749726091881
"GSM8121908_athero_human_15.txt.gz","Plate_728s_K08","symptomatic","macrophage","C5",-17.7052928792833,3.92932289463412
"GSM8121908_athero_human_15.txt.gz","Plate_728s_K11","symptomatic","macrophage","C5",-18.4516619387623,2.98758713918188
"GSM8121908_athero_human_15.txt.gz","Plate_728s_K12","symptomatic","macrophage","C5",-19.9576242055963,0.327707643670604
"GSM8121908_athero_human_15.txt.gz","Plate_728s_K13","symptomatic","macrophage","C9",-19.928743352601,-1.99237505832086
"GSM8121908_athero_human_15.txt.gz","Plate_728s_K16","symptomatic","t_nk","C5",-18.1450078727562,6.31729646151235
"GSM8121908_athero_human_15.txt.gz","Plate_728s_K17","symptomatic","macrophage","C9",-20.8742467726723,-2.3700351768657
"GSM8121908_athero_human_15.txt.gz","Plate_728s_K18","symptomatic","macrophage","C9",-20.1752644478663,-1.08061567554164
"GSM8121908_athero_human_15.txt.gz","Plate_728s_K19","symptomatic","unassigned","C5",-19.0332789128637,4.67537284766116
"GSM8121908_athero_human_15.txt.gz","Plate_728s_K22","symptomatic","macrophage","C3",-19.6851948140879,-0.771173062059541
"GSM8121908_athero_human_15.txt.gz","Plate_728s_K23","symptomatic","macrophage","C9",-20.3146479904461,0.272852210794348
"GSM8121908_athero_human_15.txt.gz","Plate_728s_K24","symptomatic","unassigned","C5",-18.728417125409,4.22729633040089
"GSM8121908_athero_human_15.txt.gz","Plate_728s_L02","symptomatic","macrophage","C3",-18.9771007835171,3.16816724514206
"GSM8121908_athero_human_15.txt.gz","Plate_728s_L03","symptomatic","endothelial","C6",6.59330629817403,11.955336800329
"GSM8121908_athero_human_15.txt.gz","Plate_728s_L06","symptomatic","macrophage","C5",-17.7210435773835,6.45206599822675
"GSM8121908_athero_human_15.txt.gz","Plate_728s_L08","symptomatic","fibroblast","C10",13.2178071665118,4.58881539354395
"GSM8121908_athero_human_15.txt.gz","Plate_728s_L09","symptomatic","fibroblast","C5",-13.2972901241296,3.76271967557303
"GSM8121908_athero_human_15.txt.gz","Plate_728s_L10","symptomatic","macrophage","C5",-14.925631918417,3.65362610593977
"GSM8121908_athero_human_15.txt.gz","Plate_728s_L12","symptomatic","endothelial","C6",4.32402473766028,8.99798529475635
"GSM8121908_athero_human_15.txt.gz","Plate_728s_L14","symptomatic","fibroblast","C3",-13.3738738492133,2.26088737988943
"GSM8121908_athero_human_15.txt.gz","Plate_728s_L15","symptomatic","endothelial","C6",5.6557295952841,9.67288941010573
"GSM8121908_athero_human_15.txt.gz","Plate_728s_L16","symptomatic","macrophage","C5",-17.5497384535877,1.99210703446704
"GSM8121908_athero_human_15.txt.gz","Plate_728s_L17","symptomatic","fibroblast","C9",-15.1054208596373,-0.144639343830832
"GSM8121908_athero_human_15.txt.gz","Plate_728s_L18","symptomatic","macrophage","C5",-16.9454678978674,6.86658086279295
"GSM8121908_athero_human_15.txt.gz","Plate_728s_L21","symptomatic","endothelial","C6",3.72395094387239,9.57597664212461
"GSM8121908_athero_human_15.txt.gz","Plate_728s_L22","symptomatic","fibroblast","C10",15.0060027118203,-0.950317288076005
"GSM8121908_athero_human_15.txt.gz","Plate_728s_L23","symptomatic","macrophage","C5",-17.4557887441939,2.00713475459431
"GSM8121908_athero_human_15.txt.gz","Plate_728s_L24","symptomatic","endothelial","C6",8.50200272995415,11.234070603169
"GSM8121908_athero_human_15.txt.gz","Plate_728s_M01","symptomatic","t_nk","C5",-16.3241869093746,4.77236413535728
"GSM8121908_athero_human_15.txt.gz","Plate_728s_M05","symptomatic","fibroblast","C10",14.0279954919736,-0.167765207914294
"GSM8121908_athero_human_15.txt.gz","Plate_728s_M07","symptomatic","mast","C9",-15.8203377667885,-1.83264093265461
"GSM8121908_athero_human_15.txt.gz","Plate_728s_M09","symptomatic","t_nk","C5",-16.0762864994422,0.807184768084673
"GSM8121908_athero_human_15.txt.gz","Plate_728s_M10","symptomatic","unassigned","C9",-15.0572251243825,-2.03469197758111
"GSM8121908_athero_human_15.txt.gz","Plate_728s_M16","symptomatic","macrophage","C3",-20.6597187888745,2.28535739437354
"GSM8121908_athero_human_15.txt.gz","Plate_728s_M17","symptomatic","b_cell","C5",-20.181222905504,4.54205994572224
"GSM8121908_athero_human_15.txt.gz","Plate_728s_M20","symptomatic","endothelial","C6",4.87664333232283,5.01583266065863
"GSM8121908_athero_human_15.txt.gz","Plate_728s_M21","symptomatic","t_nk","C9",-13.7872013479137,-8.15607351726763
"GSM8121908_athero_human_15.txt.gz","Plate_728s_N03","symptomatic","macrophage","C5",-19.3550215191988,4.66951297425413
"GSM8121908_athero_human_15.txt.gz","Plate_728s_N04","symptomatic","b_cell","C9",-14.0879208886527,-2.98400856615014
"GSM8121908_athero_human_15.txt.gz","Plate_728s_N05","symptomatic","macrophage","C5",-16.9001334857486,1.49741495410765
"GSM8121908_athero_human_15.txt.gz","Plate_728s_N07","symptomatic","endothelial","C6",4.63334985603465,12.8910509757315
"GSM8121908_athero_human_15.txt.gz","Plate_728s_N09","symptomatic","macrophage","C3",-18.8022590234302,-0.468620455185246
"GSM8121908_athero_human_15.txt.gz","Plate_728s_N10","symptomatic","macrophage","C5",-18.1516855023457,4.34666015595866
"GSM8121908_athero_human_15.txt.gz","Plate_728s_N12","symptomatic","macrophage","C9",-17.9650882318109,-1.60689095225048
"GSM8121908_athero_human_15.txt.gz","Plate_728s_N13","symptomatic","endothelial","C6",2.17030169634062,9.17092309928627
"GSM8121908_athero_human_15.txt.gz","Plate_728s_N14","symptomatic","unassigned","C5",-17.9542698880876,3.53289174008404
"GSM8121908_athero_human_15.txt.gz","Plate_728s_N16","symptomatic","macrophage","C3",-20.2011277323053,1.38721935531362
"GSM8121908_athero_human_15.txt.gz","Plate_728s_N17","symptomatic","macrophage","C3",-21.1879478934655,2.09841114363664
"GSM8121908_athero_human_15.txt.gz","Plate_728s_N20","symptomatic","vsmc","C10",13.5201642350618,2.06880070606549
"GSM8121908_athero_human_15.txt.gz","Plate_728s_N21","symptomatic","unassigned","C5",-17.5273080782785,1.46456696872865
"GSM8121908_athero_human_15.txt.gz","Plate_728s_N24","symptomatic","endothelial","C6",3.07637225793897,14.3734000104409
"GSM8121908_athero_human_15.txt.gz","Plate_728s_O02","symptomatic","macrophage","C5",-18.5765551646186,1.38232699825251
"GSM8121908_athero_human_15.txt.gz","Plate_728s_O03","symptomatic","unassigned","C9",-16.1933953204902,-6.80470213848299
"GSM8121908_athero_human_15.txt.gz","Plate_728s_O04","symptomatic","b_cell","C9",-16.4822576688493,-4.19300316528861
"GSM8121908_athero_human_15.txt.gz","Plate_728s_O06","symptomatic","macrophage","C5",-20.6799739103744,6.85853085751386
"GSM8121908_athero_human_15.txt.gz","Plate_728s_O07","symptomatic","endothelial","C6",1.08431773258098,6.91577085928617
"GSM8121908_athero_human_15.txt.gz","Plate_728s_O10","symptomatic","macrophage","C3",-20.7138011981974,-3.12015681287571
"GSM8121908_athero_human_15.txt.gz","Plate_728s_O11","symptomatic","macrophage","C5",-17.2003944040259,3.25897277962308
"GSM8121908_athero_human_15.txt.gz","Plate_728s_O17","symptomatic","macrophage","C3",-20.4655432240336,-1.24563447911833
"GSM8121908_athero_human_15.txt.gz","Plate_728s_O18","symptomatic","macrophage","C5",-18.0252167803353,7.6758774639863
"GSM8121908_athero_human_15.txt.gz","Plate_728s_O20","symptomatic","macrophage","C5",-20.139022059121,-1.14939991346836
"GSM8121908_athero_human_15.txt.gz","Plate_728s_O21","symptomatic","macrophage","C5",-18.4583314402396,3.18333998625445
"GSM8121908_athero_human_15.txt.gz","Plate_728s_O22","symptomatic","unassigned","C5",-15.431055121666,2.31585084145685
"GSM8121908_athero_human_15.txt.gz","Plate_728s_O24","symptomatic","unassigned","C9",-17.5894318577709,-0.685524999254292
"GSM8121908_athero_human_15.txt.gz","Plate_728s_P01","symptomatic","unassigned","C5",-14.6457093784576,1.30754752434793
"GSM8121908_athero_human_15.txt.gz","Plate_728s_P24","symptomatic","mast","C6",-0.635886551907322,4.82005369792184
