"file","cell","group","major_cell_type","inflammatory_vsmc_associated_score","n_genes_used"
"GSM8121894_athero_human_1.txt.gz","Plate_730s_B07","asymptomatic","endothelial",-0.122387229794645,12
"GSM8121894_athero_human_1.txt.gz","Plate_730s_B08","asymptomatic","endothelial",-0.430670101338282,12
"GSM8121894_athero_human_1.txt.gz","Plate_730s_B10","asymptomatic","endothelial",-0.00688669892820579,12
"GSM8121894_athero_human_1.txt.gz","Plate_730s_B11","asymptomatic","macrophage",-0.171294743806669,12
"GSM8121894_athero_human_1.txt.gz","Plate_730s_B13","asymptomatic","endothelial",-0.236629385735415,12
"GSM8121894_athero_human_1.txt.gz","Plate_730s_B14","asymptomatic","endothelial",-0.242454697533713,12
"GSM8121894_athero_human_1.txt.gz","Plate_730s_B15","asymptomatic","endothelial",-0.474353425689586,12
"GSM8121894_athero_human_1.txt.gz","Plate_730s_B17","asymptomatic","endothelial",0.205520545048678,12
"GSM8121894_athero_human_1.txt.gz","Plate_730s_B18","asymptomatic","endothelial",0.244419224508917,12
"GSM8121894_athero_human_1.txt.gz","Plate_730s_B19","asymptomatic","endothelial",0.226306889908875,12
"GSM8121894_athero_human_1.txt.gz","Plate_730s_B24","asymptomatic","endothelial",-0.083743692610933,12
"GSM8121894_athero_human_1.txt.gz","Plate_730s_D01","asymptomatic","endothelial",-0.386211547543468,12
"GSM8121894_athero_human_1.txt.gz","Plate_730s_D02","asymptomatic","endothelial",0.338097984181405,12
"GSM8121894_athero_human_1.txt.gz","Plate_730s_D03","asymptomatic","endothelial",0.268085071767834,12
"GSM8121894_athero_human_1.txt.gz","Plate_730s_D04","asymptomatic","endothelial",-0.426962939425084,12
"GSM8121894_athero_human_1.txt.gz","Plate_730s_D05","asymptomatic","macrophage",1.92000927081675,12
"GSM8121894_athero_human_1.txt.gz","Plate_730s_D07","asymptomatic","macrophage",0.370727238964825,12
"GSM8121894_athero_human_1.txt.gz","Plate_730s_D08","asymptomatic","endothelial",-0.23063700027667,12
"GSM8121894_athero_human_1.txt.gz","Plate_730s_D09","asymptomatic","endothelial",-0.291327898989262,12
"GSM8121894_athero_human_1.txt.gz","Plate_730s_D13","asymptomatic","macrophage",0.494562681462093,12
"GSM8121894_athero_human_1.txt.gz","Plate_730s_D16","asymptomatic","endothelial",-0.322743434062505,12
"GSM8121894_athero_human_1.txt.gz","Plate_730s_D17","asymptomatic","macrophage",-0.332573597798699,12
"GSM8121894_athero_human_1.txt.gz","Plate_730s_D18","asymptomatic","macrophage",0.289143234868208,12
"GSM8121894_athero_human_1.txt.gz","Plate_730s_D22","asymptomatic","unassigned",0.133837728962509,12
"GSM8121894_athero_human_1.txt.gz","Plate_730s_E03","asymptomatic","endothelial",-0.28390865433259,12
"GSM8121894_athero_human_1.txt.gz","Plate_730s_E05","asymptomatic","endothelial",0.0969355279741641,12
"GSM8121894_athero_human_1.txt.gz","Plate_730s_E06","asymptomatic","endothelial",0.423385898306139,12
"GSM8121894_athero_human_1.txt.gz","Plate_730s_E07","asymptomatic","macrophage",0.553353420500253,12
"GSM8121894_athero_human_1.txt.gz","Plate_730s_E08","asymptomatic","vsmc",0.936458782786507,12
"GSM8121894_athero_human_1.txt.gz","Plate_730s_E09","asymptomatic","endothelial",-0.0634118487322026,12
"GSM8121894_athero_human_1.txt.gz","Plate_730s_E11","asymptomatic","endothelial",-0.203763820473183,12
"GSM8121894_athero_human_1.txt.gz","Plate_730s_E15","asymptomatic","endothelial",0.215212394344735,12
"GSM8121894_athero_human_1.txt.gz","Plate_730s_E16","asymptomatic","macrophage",-0.0629884870137087,12
"GSM8121894_athero_human_1.txt.gz","Plate_730s_E17","asymptomatic","macrophage",1.78371233132541,12
"GSM8121894_athero_human_1.txt.gz","Plate_730s_E18","asymptomatic","b_cell",0.55656962342036,12
"GSM8121894_athero_human_1.txt.gz","Plate_730s_E20","asymptomatic","endothelial",-0.00755134058867904,12
"GSM8121894_athero_human_1.txt.gz","Plate_730s_E21","asymptomatic","endothelial",-0.0821081734401962,12
"GSM8121894_athero_human_1.txt.gz","Plate_730s_E23","asymptomatic","endothelial",0.304043342501515,12
"GSM8121894_athero_human_1.txt.gz","Plate_730s_E24","asymptomatic","endothelial",-0.450998316044436,12
"GSM8121894_athero_human_1.txt.gz","Plate_730s_F03","asymptomatic","macrophage",0.514080035881688,12
"GSM8121894_athero_human_1.txt.gz","Plate_730s_F04","asymptomatic","endothelial",0.0547559869876144,12
"GSM8121894_athero_human_1.txt.gz","Plate_730s_F06","asymptomatic","endothelial",0.589224931151,12
"GSM8121894_athero_human_1.txt.gz","Plate_730s_F07","asymptomatic","unassigned",-0.144384093651754,12
"GSM8121894_athero_human_1.txt.gz","Plate_730s_F08","asymptomatic","endothelial",0.545756765261171,12
"GSM8121894_athero_human_1.txt.gz","Plate_730s_F11","asymptomatic","macrophage",0.999964971292844,12
"GSM8121894_athero_human_1.txt.gz","Plate_730s_F13","asymptomatic","endothelial",0.0467519034470359,12
"GSM8121894_athero_human_1.txt.gz","Plate_730s_F17","asymptomatic","endothelial",0.824325228225799,12
"GSM8121894_athero_human_1.txt.gz","Plate_730s_F18","asymptomatic","endothelial",-0.23921645142069,12
"GSM8121894_athero_human_1.txt.gz","Plate_730s_F19","asymptomatic","endothelial",-0.0533573260318301,12
"GSM8121894_athero_human_1.txt.gz","Plate_730s_F20","asymptomatic","endothelial",0.0267999630476628,12
"GSM8121894_athero_human_1.txt.gz","Plate_730s_F21","asymptomatic","macrophage",-0.0133210044528721,12
"GSM8121894_athero_human_1.txt.gz","Plate_730s_F22","asymptomatic","endothelial",-0.0488638284102407,12
"GSM8121894_athero_human_1.txt.gz","Plate_730s_G01","asymptomatic","endothelial",0.302585408740328,12
"GSM8121894_athero_human_1.txt.gz","Plate_730s_G02","asymptomatic","endothelial",-0.0369297054049461,12
"GSM8121894_athero_human_1.txt.gz","Plate_730s_G06","asymptomatic","endothelial",-0.396223328392678,12
"GSM8121894_athero_human_1.txt.gz","Plate_730s_G09","asymptomatic","endothelial",0.245790205378052,12
"GSM8121894_athero_human_1.txt.gz","Plate_730s_G10","asymptomatic","endothelial",-0.0306185936016194,12
"GSM8121894_athero_human_1.txt.gz","Plate_730s_G11","asymptomatic","endothelial",-0.101979347528686,12
"GSM8121894_athero_human_1.txt.gz","Plate_730s_G13","asymptomatic","endothelial",-0.375662387519031,12
"GSM8121894_athero_human_1.txt.gz","Plate_730s_G14","asymptomatic","endothelial",-0.241165287874203,12
"GSM8121894_athero_human_1.txt.gz","Plate_730s_G16","asymptomatic","endothelial",0.191936258319555,12
"GSM8121894_athero_human_1.txt.gz","Plate_730s_G17","asymptomatic","endothelial",0.333158557404897,12
"GSM8121894_athero_human_1.txt.gz","Plate_730s_G19","asymptomatic","endothelial",0.13145036181971,12
"GSM8121894_athero_human_1.txt.gz","Plate_730s_G23","asymptomatic","macrophage",-0.316267498931428,12
"GSM8121894_athero_human_1.txt.gz","Plate_730s_G24","asymptomatic","endothelial",-0.444167273047016,12
"GSM8121894_athero_human_1.txt.gz","Plate_730s_H01","asymptomatic","endothelial",-0.11008900146217,12
"GSM8121894_athero_human_1.txt.gz","Plate_730s_H02","asymptomatic","endothelial",-0.0841794397086151,12
"GSM8121894_athero_human_1.txt.gz","Plate_730s_H05","asymptomatic","endothelial",0.453431299706614,12
"GSM8121894_athero_human_1.txt.gz","Plate_730s_H08","asymptomatic","endothelial",0.125356050537847,12
"GSM8121894_athero_human_1.txt.gz","Plate_730s_H09","asymptomatic","endothelial",-0.297830264044554,12
"GSM8121894_athero_human_1.txt.gz","Plate_730s_H13","asymptomatic","endothelial",-0.444646090730677,12
"GSM8121894_athero_human_1.txt.gz","Plate_730s_H15","asymptomatic","endothelial",0.402241836093479,12
"GSM8121894_athero_human_1.txt.gz","Plate_730s_H16","asymptomatic","endothelial",-0.415023749885215,12
"GSM8121894_athero_human_1.txt.gz","Plate_730s_H18","asymptomatic","endothelial",-0.236950723978935,12
"GSM8121894_athero_human_1.txt.gz","Plate_730s_H19","asymptomatic","fibroblast",-0.0712767010435298,12
"GSM8121894_athero_human_1.txt.gz","Plate_730s_H22","asymptomatic","b_cell",-0.205341896614914,12
"GSM8121894_athero_human_1.txt.gz","Plate_730s_H24","asymptomatic","endothelial",-0.173346385868724,12
"GSM8121894_athero_human_1.txt.gz","Plate_730s_J01","asymptomatic","endothelial",0.323834130471509,12
"GSM8121894_athero_human_1.txt.gz","Plate_730s_J02","asymptomatic","endothelial",0.361581149009773,12
"GSM8121894_athero_human_1.txt.gz","Plate_730s_J03","asymptomatic","endothelial",-0.098983955441971,12
"GSM8121894_athero_human_1.txt.gz","Plate_730s_J05","asymptomatic","endothelial",-0.0873127201324018,12
"GSM8121894_athero_human_1.txt.gz","Plate_730s_J06","asymptomatic","endothelial",-0.263562272361442,12
"GSM8121894_athero_human_1.txt.gz","Plate_730s_J08","asymptomatic","endothelial",-0.0629680302149583,12
"GSM8121894_athero_human_1.txt.gz","Plate_730s_J09","asymptomatic","endothelial",-0.0694934846823738,12
"GSM8121894_athero_human_1.txt.gz","Plate_730s_J10","asymptomatic","endothelial",-0.264198957591235,12
"GSM8121894_athero_human_1.txt.gz","Plate_730s_J11","asymptomatic","macrophage",0.329022774391962,12
"GSM8121894_athero_human_1.txt.gz","Plate_730s_J13","asymptomatic","macrophage",0.545323293974203,12
"GSM8121894_athero_human_1.txt.gz","Plate_730s_J17","asymptomatic","endothelial",-0.0768721097616203,12
"GSM8121894_athero_human_1.txt.gz","Plate_730s_J18","asymptomatic","endothelial",-0.268045869440691,12
"GSM8121894_athero_human_1.txt.gz","Plate_730s_J19","asymptomatic","macrophage",-0.288282614158766,12
"GSM8121894_athero_human_1.txt.gz","Plate_730s_J20","asymptomatic","macrophage",-0.0950167711018698,12
"GSM8121894_athero_human_1.txt.gz","Plate_730s_J21","asymptomatic","unassigned",-0.180878679584139,12
"GSM8121894_athero_human_1.txt.gz","Plate_730s_J23","asymptomatic","endothelial",-0.341112616830564,12
"GSM8121894_athero_human_1.txt.gz","Plate_730s_J24","asymptomatic","endothelial",-0.227406858454894,12
"GSM8121894_athero_human_1.txt.gz","Plate_730s_L01","asymptomatic","endothelial",-0.227453485921037,12
"GSM8121894_athero_human_1.txt.gz","Plate_730s_L03","asymptomatic","endothelial",0.025080234967767,12
"GSM8121894_athero_human_1.txt.gz","Plate_730s_L05","asymptomatic","endothelial",0.133327553230246,12
"GSM8121894_athero_human_1.txt.gz","Plate_730s_L06","asymptomatic","endothelial",-0.0211492143666233,12
"GSM8121894_athero_human_1.txt.gz","Plate_730s_L07","asymptomatic","macrophage",1.06567640692797,12
"GSM8121894_athero_human_1.txt.gz","Plate_730s_L08","asymptomatic","macrophage",1.18670047728756,12
"GSM8121894_athero_human_1.txt.gz","Plate_730s_L09","asymptomatic","endothelial",-0.218162805358693,12
"GSM8121894_athero_human_1.txt.gz","Plate_730s_L10","asymptomatic","endothelial",-0.0808266117146716,12
"GSM8121894_athero_human_1.txt.gz","Plate_730s_L11","asymptomatic","endothelial",-0.214077498256923,12
"GSM8121894_athero_human_1.txt.gz","Plate_730s_L12","asymptomatic","endothelial",0.0857674578643331,12
"GSM8121894_athero_human_1.txt.gz","Plate_730s_L13","asymptomatic","endothelial",0.0463523144925633,12
"GSM8121894_athero_human_1.txt.gz","Plate_730s_L15","asymptomatic","endothelial",-0.0038849872209124,12
"GSM8121894_athero_human_1.txt.gz","Plate_730s_L18","asymptomatic","endothelial",-0.159206450767511,12
"GSM8121894_athero_human_1.txt.gz","Plate_730s_L19","asymptomatic","endothelial",0.176877388762324,12
"GSM8121894_athero_human_1.txt.gz","Plate_730s_L21","asymptomatic","endothelial",0.044740933077732,12
"GSM8121894_athero_human_1.txt.gz","Plate_730s_L22","asymptomatic","endothelial",-0.294244473586924,12
"GSM8121894_athero_human_1.txt.gz","Plate_730s_M01","asymptomatic","endothelial",-0.437027738799509,12
"GSM8121894_athero_human_1.txt.gz","Plate_730s_M02","asymptomatic","endothelial",-0.0818605419923187,12
"GSM8121894_athero_human_1.txt.gz","Plate_730s_M03","asymptomatic","macrophage",1.0449768970708,12
"GSM8121894_athero_human_1.txt.gz","Plate_730s_M05","asymptomatic","macrophage",0.510183861516452,12
"GSM8121894_athero_human_1.txt.gz","Plate_730s_M06","asymptomatic","endothelial",-0.183684590105584,12
"GSM8121894_athero_human_1.txt.gz","Plate_730s_M07","asymptomatic","endothelial",0.206996385153315,12
"GSM8121894_athero_human_1.txt.gz","Plate_730s_M08","asymptomatic","endothelial",-0.363013947139611,12
"GSM8121894_athero_human_1.txt.gz","Plate_730s_M09","asymptomatic","macrophage",0.185080006900328,12
"GSM8121894_athero_human_1.txt.gz","Plate_730s_M10","asymptomatic","endothelial",0.139807660516308,12
"GSM8121894_athero_human_1.txt.gz","Plate_730s_M11","asymptomatic","endothelial",0.310559261424132,12
"GSM8121894_athero_human_1.txt.gz","Plate_730s_M14","asymptomatic","endothelial",0.0350564938569278,12
"GSM8121894_athero_human_1.txt.gz","Plate_730s_M15","asymptomatic","endothelial",0.622334856589875,12
"GSM8121894_athero_human_1.txt.gz","Plate_730s_M17","asymptomatic","macrophage",0.0378605656386439,12
"GSM8121894_athero_human_1.txt.gz","Plate_730s_M20","asymptomatic","endothelial",-0.187082618275055,12
"GSM8121894_athero_human_1.txt.gz","Plate_730s_M22","asymptomatic","endothelial",0.396237232502278,12
"GSM8121894_athero_human_1.txt.gz","Plate_730s_M23","asymptomatic","endothelial",0.571418853628316,12
"GSM8121894_athero_human_1.txt.gz","Plate_730s_M24","asymptomatic","endothelial",-0.0538271030521652,12
"GSM8121894_athero_human_1.txt.gz","Plate_730s_N03","asymptomatic","endothelial",-0.0127063703426282,12
"GSM8121894_athero_human_1.txt.gz","Plate_730s_N05","asymptomatic","endothelial",0.0826845982195483,12
"GSM8121894_athero_human_1.txt.gz","Plate_730s_N06","asymptomatic","unassigned",-0.26993845012839,12
"GSM8121894_athero_human_1.txt.gz","Plate_730s_N07","asymptomatic","macrophage",1.3412207537982,12
"GSM8121894_athero_human_1.txt.gz","Plate_730s_N08","asymptomatic","endothelial",-0.0435493309926393,12
"GSM8121894_athero_human_1.txt.gz","Plate_730s_N09","asymptomatic","endothelial",-0.216398958001179,12
"GSM8121894_athero_human_1.txt.gz","Plate_730s_N10","asymptomatic","macrophage",0.296125770104962,12
"GSM8121894_athero_human_1.txt.gz","Plate_730s_N12","asymptomatic","endothelial",-0.157592731868927,12
"GSM8121894_athero_human_1.txt.gz","Plate_730s_N13","asymptomatic","endothelial",0.451025059903853,12
"GSM8121894_athero_human_1.txt.gz","Plate_730s_N14","asymptomatic","macrophage",0.564543283313714,12
"GSM8121894_athero_human_1.txt.gz","Plate_730s_N16","asymptomatic","endothelial",-0.22012504882609,12
"GSM8121894_athero_human_1.txt.gz","Plate_730s_N19","asymptomatic","endothelial",0.44644750913527,12
"GSM8121894_athero_human_1.txt.gz","Plate_730s_N22","asymptomatic","b_cell",-0.179796238474573,12
"GSM8121894_athero_human_1.txt.gz","Plate_730s_N23","asymptomatic","endothelial",0.096799298308485,12
"GSM8121894_athero_human_1.txt.gz","Plate_730s_O01","asymptomatic","endothelial",-0.18169128703135,12
"GSM8121894_athero_human_1.txt.gz","Plate_730s_O03","asymptomatic","endothelial",-0.151229885407455,12
"GSM8121894_athero_human_1.txt.gz","Plate_730s_O05","asymptomatic","endothelial",0.575648846159298,12
"GSM8121894_athero_human_1.txt.gz","Plate_730s_O06","asymptomatic","macrophage",0.674399064623876,12
"GSM8121894_athero_human_1.txt.gz","Plate_730s_O07","asymptomatic","endothelial",0.102305227991416,12
"GSM8121894_athero_human_1.txt.gz","Plate_730s_O10","asymptomatic","endothelial",-0.429983163810837,12
"GSM8121894_athero_human_1.txt.gz","Plate_730s_O11","asymptomatic","endothelial",0.20669916839622,12
"GSM8121894_athero_human_1.txt.gz","Plate_730s_O13","asymptomatic","endothelial",-0.283287894551298,12
"GSM8121894_athero_human_1.txt.gz","Plate_730s_O18","asymptomatic","endothelial",-0.296260623549538,12
"GSM8121894_athero_human_1.txt.gz","Plate_730s_O20","asymptomatic","endothelial",0.27999329635923,12
"GSM8121894_athero_human_1.txt.gz","Plate_730s_O21","asymptomatic","endothelial",0.137234995945756,12
"GSM8121894_athero_human_1.txt.gz","Plate_730s_O22","asymptomatic","endothelial",-0.268600223776634,12
"GSM8121894_athero_human_1.txt.gz","Plate_730s_P01","asymptomatic","endothelial",0.178472014216176,12
"GSM8121894_athero_human_1.txt.gz","Plate_730s_P02","asymptomatic","endothelial",0.50254409158669,12
"GSM8121894_athero_human_1.txt.gz","Plate_730s_P03","asymptomatic","endothelial",-0.17247524897762,12
"GSM8121894_athero_human_1.txt.gz","Plate_730s_P04","asymptomatic","macrophage",1.86563659036223,12
"GSM8121894_athero_human_1.txt.gz","Plate_730s_P05","asymptomatic","endothelial",0.139969389531436,12
"GSM8121894_athero_human_1.txt.gz","Plate_730s_P07","asymptomatic","mast",-0.16609629327189,12
"GSM8121894_athero_human_1.txt.gz","Plate_730s_P08","asymptomatic","endothelial",0.441572692864322,12
"GSM8121894_athero_human_1.txt.gz","Plate_730s_P09","asymptomatic","unassigned",-0.0885302066827939,12
"GSM8121894_athero_human_1.txt.gz","Plate_730s_P12","asymptomatic","endothelial",0.513951579271139,12
"GSM8121894_athero_human_1.txt.gz","Plate_730s_P13","asymptomatic","macrophage",0.0212292968719058,12
"GSM8121894_athero_human_1.txt.gz","Plate_730s_P16","asymptomatic","endothelial",0.177202682506502,12
"GSM8121894_athero_human_1.txt.gz","Plate_730s_P18","asymptomatic","endothelial",-0.0726645217639492,12
"GSM8121894_athero_human_1.txt.gz","Plate_730s_P19","asymptomatic","macrophage",0.281929006490845,12
"GSM8121894_athero_human_1.txt.gz","Plate_730s_P20","asymptomatic","macrophage",0.82935215212811,12
"GSM8121894_athero_human_1.txt.gz","Plate_732s_B02","asymptomatic","fibroblast",-0.371719860779917,12
"GSM8121894_athero_human_1.txt.gz","Plate_732s_B03","asymptomatic","fibroblast",0.208277433815859,12
"GSM8121894_athero_human_1.txt.gz","Plate_732s_B04","asymptomatic","fibroblast",0.169392692837699,12
"GSM8121894_athero_human_1.txt.gz","Plate_732s_B05","asymptomatic","fibroblast",-0.0108318201854263,12
"GSM8121894_athero_human_1.txt.gz","Plate_732s_B06","asymptomatic","fibroblast",-0.161462113349883,12
"GSM8121894_athero_human_1.txt.gz","Plate_732s_B07","asymptomatic","fibroblast",0.517233680452299,12
"GSM8121894_athero_human_1.txt.gz","Plate_732s_B09","asymptomatic","macrophage",-0.0489559648746177,12
"GSM8121894_athero_human_1.txt.gz","Plate_732s_B10","asymptomatic","vsmc",-0.1694635058269,12
"GSM8121894_athero_human_1.txt.gz","Plate_732s_B11","asymptomatic","fibroblast",0.0333927769724869,12
"GSM8121894_athero_human_1.txt.gz","Plate_732s_B12","asymptomatic","fibroblast",-0.113515912622968,12
"GSM8121894_athero_human_1.txt.gz","Plate_732s_B13","asymptomatic","fibroblast",-0.0438438506143365,12
"GSM8121894_athero_human_1.txt.gz","Plate_732s_B14","asymptomatic","fibroblast",-0.239599954891289,12
"GSM8121894_athero_human_1.txt.gz","Plate_732s_B15","asymptomatic","fibroblast",0.0173822327116605,12
"GSM8121894_athero_human_1.txt.gz","Plate_732s_B16","asymptomatic","vsmc",-0.099172947261844,12
"GSM8121894_athero_human_1.txt.gz","Plate_732s_B17","asymptomatic","fibroblast",-0.00996965903175563,12
"GSM8121894_athero_human_1.txt.gz","Plate_732s_B18","asymptomatic","fibroblast",-0.313955516499966,12
"GSM8121894_athero_human_1.txt.gz","Plate_732s_B19","asymptomatic","unassigned",0.389028812631303,12
"GSM8121894_athero_human_1.txt.gz","Plate_732s_B21","asymptomatic","fibroblast",-0.0800973545597496,12
"GSM8121894_athero_human_1.txt.gz","Plate_732s_B22","asymptomatic","fibroblast",0.072960775227801,12
"GSM8121894_athero_human_1.txt.gz","Plate_732s_C01","asymptomatic","fibroblast",0.286830483132857,12
"GSM8121894_athero_human_1.txt.gz","Plate_732s_C02","asymptomatic","unassigned",0.108667814358894,12
"GSM8121894_athero_human_1.txt.gz","Plate_732s_C03","asymptomatic","macrophage",-0.00192255294451913,12
"GSM8121894_athero_human_1.txt.gz","Plate_732s_C04","asymptomatic","vsmc",0.00670400888781165,12
"GSM8121894_athero_human_1.txt.gz","Plate_732s_C05","asymptomatic","fibroblast",0.0736295976387537,12
"GSM8121894_athero_human_1.txt.gz","Plate_732s_C06","asymptomatic","fibroblast",0.449020915721631,12
"GSM8121894_athero_human_1.txt.gz","Plate_732s_C07","asymptomatic","fibroblast",0.146675085116438,12
"GSM8121894_athero_human_1.txt.gz","Plate_732s_C09","asymptomatic","fibroblast",0.0896611620983176,12
"GSM8121894_athero_human_1.txt.gz","Plate_732s_C10","asymptomatic","vsmc",-0.0979634637182158,12
"GSM8121894_athero_human_1.txt.gz","Plate_732s_C11","asymptomatic","fibroblast",-0.304821231968757,12
"GSM8121894_athero_human_1.txt.gz","Plate_732s_C12","asymptomatic","unassigned",0.0367561283522072,12
"GSM8121894_athero_human_1.txt.gz","Plate_732s_C13","asymptomatic","fibroblast",0.188708760432552,12
"GSM8121894_athero_human_1.txt.gz","Plate_732s_C14","asymptomatic","fibroblast",-0.198729517994967,12
"GSM8121894_athero_human_1.txt.gz","Plate_732s_C15","asymptomatic","vsmc",-0.243502895180981,12
"GSM8121894_athero_human_1.txt.gz","Plate_732s_C16","asymptomatic","vsmc",-0.0308375987284489,12
"GSM8121894_athero_human_1.txt.gz","Plate_732s_C17","asymptomatic","fibroblast",0.256665751856859,12
"GSM8121894_athero_human_1.txt.gz","Plate_732s_C18","asymptomatic","fibroblast",-0.0377372218814809,12
"GSM8121894_athero_human_1.txt.gz","Plate_732s_C19","asymptomatic","fibroblast",-0.00756945645758441,12
"GSM8121894_athero_human_1.txt.gz","Plate_732s_C20","asymptomatic","fibroblast",-0.282647863434803,12
"GSM8121894_athero_human_1.txt.gz","Plate_732s_C21","asymptomatic","fibroblast",0.0779316136519527,12
"GSM8121894_athero_human_1.txt.gz","Plate_732s_C22","asymptomatic","fibroblast",-0.174371607091013,12
"GSM8121894_athero_human_1.txt.gz","Plate_732s_C23","asymptomatic","fibroblast",0.0249430599350071,12
"GSM8121894_athero_human_1.txt.gz","Plate_732s_D01","asymptomatic","fibroblast",-0.236767912232738,12
"GSM8121894_athero_human_1.txt.gz","Plate_732s_D02","asymptomatic","vsmc",-0.245218143104598,12
"GSM8121894_athero_human_1.txt.gz","Plate_732s_D03","asymptomatic","fibroblast",0.0310730220962024,12
"GSM8121894_athero_human_1.txt.gz","Plate_732s_D04","asymptomatic","fibroblast",0.32508312082383,12
"GSM8121894_athero_human_1.txt.gz","Plate_732s_D05","asymptomatic","vsmc",-0.244372147078021,12
"GSM8121894_athero_human_1.txt.gz","Plate_732s_D06","asymptomatic","fibroblast",-0.408590665144629,12
"GSM8121894_athero_human_1.txt.gz","Plate_732s_D07","asymptomatic","fibroblast",0.178151618484698,12
"GSM8121894_athero_human_1.txt.gz","Plate_732s_D08","asymptomatic","fibroblast",0.460238219239427,12
"GSM8121894_athero_human_1.txt.gz","Plate_732s_D09","asymptomatic","vsmc",-0.435917120406859,12
"GSM8121894_athero_human_1.txt.gz","Plate_732s_D10","asymptomatic","fibroblast",-0.0283681214243636,12
"GSM8121894_athero_human_1.txt.gz","Plate_732s_D11","asymptomatic","fibroblast",-0.391964247315754,12
"GSM8121894_athero_human_1.txt.gz","Plate_732s_D12","asymptomatic","vsmc",0.515712395266349,12
"GSM8121894_athero_human_1.txt.gz","Plate_732s_D14","asymptomatic","fibroblast",0.0897047891131986,12
"GSM8121894_athero_human_1.txt.gz","Plate_732s_D15","asymptomatic","fibroblast",-0.363323210482974,12
"GSM8121894_athero_human_1.txt.gz","Plate_732s_D16","asymptomatic","vsmc",0.188863997101234,12
"GSM8121894_athero_human_1.txt.gz","Plate_732s_D17","asymptomatic","fibroblast",0.0450056730937167,12
"GSM8121894_athero_human_1.txt.gz","Plate_732s_D18","asymptomatic","fibroblast",0.0705298764371015,12
"GSM8121894_athero_human_1.txt.gz","Plate_732s_D21","asymptomatic","fibroblast",0.27800310346891,12
"GSM8121894_athero_human_1.txt.gz","Plate_732s_D22","asymptomatic","vsmc",-0.330247705748132,12
"GSM8121894_athero_human_1.txt.gz","Plate_732s_D23","asymptomatic","unassigned",-0.0339615125088585,12
"GSM8121894_athero_human_1.txt.gz","Plate_732s_D24","asymptomatic","fibroblast",0.00727925636253507,12
"GSM8121894_athero_human_1.txt.gz","Plate_732s_E01","asymptomatic","fibroblast",-0.199768198454403,12
"GSM8121894_athero_human_1.txt.gz","Plate_732s_E02","asymptomatic","fibroblast",-0.369315794582248,12
"GSM8121894_athero_human_1.txt.gz","Plate_732s_E03","asymptomatic","fibroblast",-0.338339976861318,12
"GSM8121894_athero_human_1.txt.gz","Plate_732s_E04","asymptomatic","vsmc",-0.0302988187789904,12
"GSM8121894_athero_human_1.txt.gz","Plate_732s_E05","asymptomatic","vsmc",-0.178794552705591,12
"GSM8121894_athero_human_1.txt.gz","Plate_732s_E06","asymptomatic","unassigned",-0.115477664773489,12
"GSM8121894_athero_human_1.txt.gz","Plate_732s_E07","asymptomatic","fibroblast",0.0358314493457457,12
"GSM8121894_athero_human_1.txt.gz","Plate_732s_E08","asymptomatic","fibroblast",0.0167711330790813,12
"GSM8121894_athero_human_1.txt.gz","Plate_732s_E09","asymptomatic","fibroblast",-0.0194390353821243,12
"GSM8121894_athero_human_1.txt.gz","Plate_732s_E10","asymptomatic","macrophage",0.0237213162602542,12
"GSM8121894_athero_human_1.txt.gz","Plate_732s_E11","asymptomatic","fibroblast",0.362693129074707,12
"GSM8121894_athero_human_1.txt.gz","Plate_732s_E12","asymptomatic","fibroblast",0.297642507612949,12
"GSM8121894_athero_human_1.txt.gz","Plate_732s_E13","asymptomatic","fibroblast",0.276049041749539,12
"GSM8121894_athero_human_1.txt.gz","Plate_732s_E14","asymptomatic","fibroblast",0.122621150137375,12
"GSM8121894_athero_human_1.txt.gz","Plate_732s_E15","asymptomatic","vsmc",-0.0780266983071514,12
"GSM8121894_athero_human_1.txt.gz","Plate_732s_E16","asymptomatic","fibroblast",-0.20717268509689,12
"GSM8121894_athero_human_1.txt.gz","Plate_732s_E17","asymptomatic","fibroblast",0.0477819584842976,12
"GSM8121894_athero_human_1.txt.gz","Plate_732s_E18","asymptomatic","fibroblast",-0.207883132632483,12
"GSM8121894_athero_human_1.txt.gz","Plate_732s_E19","asymptomatic","vsmc",-0.0456552697211723,12
"GSM8121894_athero_human_1.txt.gz","Plate_732s_E20","asymptomatic","fibroblast",-0.0906593634381826,12
"GSM8121894_athero_human_1.txt.gz","Plate_732s_E21","asymptomatic","fibroblast",-0.305711869780426,12
"GSM8121894_athero_human_1.txt.gz","Plate_732s_E22","asymptomatic","vsmc",-0.0223474621455066,12
"GSM8121894_athero_human_1.txt.gz","Plate_732s_E23","asymptomatic","fibroblast",-0.13970937674212,12
"GSM8121894_athero_human_1.txt.gz","Plate_732s_E24","asymptomatic","fibroblast",-0.144023267411588,12
"GSM8121894_athero_human_1.txt.gz","Plate_732s_F01","asymptomatic","fibroblast",-0.344267553904633,12
"GSM8121894_athero_human_1.txt.gz","Plate_732s_F02","asymptomatic","fibroblast",-0.0819711767072946,12
"GSM8121894_athero_human_1.txt.gz","Plate_732s_F04","asymptomatic","fibroblast",0.496546753791184,12
"GSM8121894_athero_human_1.txt.gz","Plate_732s_F05","asymptomatic","vsmc",-0.162518327200262,12
"GSM8121894_athero_human_1.txt.gz","Plate_732s_F06","asymptomatic","vsmc",-0.311590258850126,12
"GSM8121894_athero_human_1.txt.gz","Plate_732s_F07","asymptomatic","vsmc",0.34421258016695,12
"GSM8121894_athero_human_1.txt.gz","Plate_732s_F08","asymptomatic","vsmc",-0.313940822172688,12
"GSM8121894_athero_human_1.txt.gz","Plate_732s_F10","asymptomatic","fibroblast",-0.29182397199599,12
"GSM8121894_athero_human_1.txt.gz","Plate_732s_F11","asymptomatic","vsmc",0.615572531300892,12
"GSM8121894_athero_human_1.txt.gz","Plate_732s_F12","asymptomatic","fibroblast",-0.0740319043396807,12
"GSM8121894_athero_human_1.txt.gz","Plate_732s_F13","asymptomatic","fibroblast",-0.320788653116108,12
"GSM8121894_athero_human_1.txt.gz","Plate_732s_F14","asymptomatic","fibroblast",0.285168726956144,12
"GSM8121894_athero_human_1.txt.gz","Plate_732s_F15","asymptomatic","unassigned",0.333843801801186,12
"GSM8121894_athero_human_1.txt.gz","Plate_732s_F16","asymptomatic","fibroblast",-0.412896535626316,12
"GSM8121894_athero_human_1.txt.gz","Plate_732s_F17","asymptomatic","macrophage",0.759713141568368,12
"GSM8121894_athero_human_1.txt.gz","Plate_732s_F19","asymptomatic","vsmc",0.0498358158989183,12
"GSM8121894_athero_human_1.txt.gz","Plate_732s_F20","asymptomatic","fibroblast",-0.0334334216469762,12
"GSM8121894_athero_human_1.txt.gz","Plate_732s_F21","asymptomatic","fibroblast",0.619134888837969,12
"GSM8121894_athero_human_1.txt.gz","Plate_732s_G01","asymptomatic","fibroblast",-0.326103195889202,12
"GSM8121894_athero_human_1.txt.gz","Plate_732s_G03","asymptomatic","fibroblast",-0.0358689780607248,12
"GSM8121894_athero_human_1.txt.gz","Plate_732s_G04","asymptomatic","fibroblast",0.218895761172414,12
"GSM8121894_athero_human_1.txt.gz","Plate_732s_G05","asymptomatic","fibroblast",0.126620170037092,12
"GSM8121894_athero_human_1.txt.gz","Plate_732s_G06","asymptomatic","fibroblast",-0.23140866473308,12
"GSM8121894_athero_human_1.txt.gz","Plate_732s_G07","asymptomatic","fibroblast",-0.0536726274244773,12
"GSM8121894_athero_human_1.txt.gz","Plate_732s_G08","asymptomatic","fibroblast",-0.0425887841499019,12
"GSM8121894_athero_human_1.txt.gz","Plate_732s_G09","asymptomatic","vsmc",-0.395305930071555,12
"GSM8121894_athero_human_1.txt.gz","Plate_732s_G10","asymptomatic","vsmc",0.105868884895877,12
"GSM8121894_athero_human_1.txt.gz","Plate_732s_G11","asymptomatic","fibroblast",0.155567646057061,12
"GSM8121894_athero_human_1.txt.gz","Plate_732s_G12","asymptomatic","fibroblast",0.166672794931244,12
"GSM8121894_athero_human_1.txt.gz","Plate_732s_G13","asymptomatic","fibroblast",0.137766649795975,12
"GSM8121894_athero_human_1.txt.gz","Plate_732s_G14","asymptomatic","vsmc",-0.0277363458398916,12
"GSM8121894_athero_human_1.txt.gz","Plate_732s_G15","asymptomatic","fibroblast",0.864313777177787,12
"GSM8121894_athero_human_1.txt.gz","Plate_732s_G16","asymptomatic","vsmc",0.262183623679484,12
"GSM8121894_athero_human_1.txt.gz","Plate_732s_G18","asymptomatic","fibroblast",0.329109855723065,12
"GSM8121894_athero_human_1.txt.gz","Plate_732s_G19","asymptomatic","fibroblast",-0.274765621624924,12
"GSM8121894_athero_human_1.txt.gz","Plate_732s_G20","asymptomatic","fibroblast",-0.242205131688728,12
"GSM8121894_athero_human_1.txt.gz","Plate_732s_G21","asymptomatic","fibroblast",-0.236043015267404,12
"GSM8121894_athero_human_1.txt.gz","Plate_732s_G22","asymptomatic","unassigned",-0.0861305016677537,12
"GSM8121894_athero_human_1.txt.gz","Plate_732s_G23","asymptomatic","fibroblast",-0.107049777301406,12
"GSM8121894_athero_human_1.txt.gz","Plate_732s_G24","asymptomatic","fibroblast",-0.0884171887639954,12
"GSM8121894_athero_human_1.txt.gz","Plate_732s_H01","asymptomatic","fibroblast",-0.203715144769467,12
"GSM8121894_athero_human_1.txt.gz","Plate_732s_H02","asymptomatic","fibroblast",0.0105526807533406,12
"GSM8121894_athero_human_1.txt.gz","Plate_732s_H03","asymptomatic","fibroblast",-0.249708553839784,12
"GSM8121894_athero_human_1.txt.gz","Plate_732s_H04","asymptomatic","vsmc",-0.237914705340579,12
"GSM8121894_athero_human_1.txt.gz","Plate_732s_H05","asymptomatic","fibroblast",-0.0334258614888927,12
"GSM8121894_athero_human_1.txt.gz","Plate_732s_H07","asymptomatic","fibroblast",0.0892584091543653,12
"GSM8121894_athero_human_1.txt.gz","Plate_732s_H08","asymptomatic","fibroblast",0.205829404139065,12
"GSM8121894_athero_human_1.txt.gz","Plate_732s_H09","asymptomatic","unassigned",-0.344285197096102,12
"GSM8121894_athero_human_1.txt.gz","Plate_732s_H10","asymptomatic","fibroblast",0.117545273357947,12
"GSM8121894_athero_human_1.txt.gz","Plate_732s_H11","asymptomatic","fibroblast",0.00362326402666954,12
"GSM8121894_athero_human_1.txt.gz","Plate_732s_H12","asymptomatic","fibroblast",0.0758903176464931,12
"GSM8121894_athero_human_1.txt.gz","Plate_732s_H13","asymptomatic","fibroblast",-0.22041427402409,12
"GSM8121894_athero_human_1.txt.gz","Plate_732s_H14","asymptomatic","vsmc",-0.0519346970228177,12
"GSM8121894_athero_human_1.txt.gz","Plate_732s_H15","asymptomatic","vsmc",-0.366614626054689,12
"GSM8121894_athero_human_1.txt.gz","Plate_732s_H16","asymptomatic","fibroblast",0.0436273625452609,12
"GSM8121894_athero_human_1.txt.gz","Plate_732s_H17","asymptomatic","vsmc",-0.322528422613873,12
"GSM8121894_athero_human_1.txt.gz","Plate_732s_H19","asymptomatic","fibroblast",-0.218930321996861,12
"GSM8121894_athero_human_1.txt.gz","Plate_732s_H20","asymptomatic","fibroblast",-0.287547897544805,12
"GSM8121894_athero_human_1.txt.gz","Plate_732s_H21","asymptomatic","fibroblast",-0.104379451825403,12
"GSM8121894_athero_human_1.txt.gz","Plate_732s_H22","asymptomatic","fibroblast",0.251668548480501,12
"GSM8121894_athero_human_1.txt.gz","Plate_732s_H23","asymptomatic","vsmc",-0.154712449371999,12
"GSM8121894_athero_human_1.txt.gz","Plate_732s_H24","asymptomatic","fibroblast",-0.263285778175702,12
"GSM8121894_athero_human_1.txt.gz","Plate_732s_J02","asymptomatic","fibroblast",0.392285798405413,12
"GSM8121894_athero_human_1.txt.gz","Plate_732s_J04","asymptomatic","vsmc",0.219627496173966,12
"GSM8121894_athero_human_1.txt.gz","Plate_732s_J05","asymptomatic","vsmc",0.0771772351683,12
"GSM8121894_athero_human_1.txt.gz","Plate_732s_J06","asymptomatic","macrophage",-0.0460765294791128,12
"GSM8121894_athero_human_1.txt.gz","Plate_732s_J07","asymptomatic","vsmc",0.149716873691704,12
"GSM8121894_athero_human_1.txt.gz","Plate_732s_J09","asymptomatic","fibroblast",0.20295604479544,12
"GSM8121894_athero_human_1.txt.gz","Plate_732s_J10","asymptomatic","fibroblast",-0.0817592094980272,12
"GSM8121894_athero_human_1.txt.gz","Plate_732s_J11","asymptomatic","fibroblast",-0.238525907317102,12
"GSM8121894_athero_human_1.txt.gz","Plate_732s_J12","asymptomatic","fibroblast",-0.33256383501049,12
"GSM8121894_athero_human_1.txt.gz","Plate_732s_J13","asymptomatic","vsmc",-0.221952686268556,12
"GSM8121894_athero_human_1.txt.gz","Plate_732s_J14","asymptomatic","fibroblast",-0.219789128605118,12
"GSM8121894_athero_human_1.txt.gz","Plate_732s_J15","asymptomatic","unassigned",-0.305374575069644,12
"GSM8121894_athero_human_1.txt.gz","Plate_732s_J16","asymptomatic","fibroblast",0.278286791895286,12
"GSM8121894_athero_human_1.txt.gz","Plate_732s_J17","asymptomatic","fibroblast",0.00632107168353044,12
"GSM8121894_athero_human_1.txt.gz","Plate_732s_J18","asymptomatic","vsmc",-0.346259037782395,12
"GSM8121894_athero_human_1.txt.gz","Plate_732s_J19","asymptomatic","vsmc",-0.165361845884999,12
"GSM8121894_athero_human_1.txt.gz","Plate_732s_J20","asymptomatic","fibroblast",-0.266272861927005,12
"GSM8121894_athero_human_1.txt.gz","Plate_732s_J21","asymptomatic","vsmc",-0.415061100270518,12
"GSM8121894_athero_human_1.txt.gz","Plate_732s_J23","asymptomatic","fibroblast",-0.276602722731308,12
"GSM8121894_athero_human_1.txt.gz","Plate_732s_J24","asymptomatic","fibroblast",-0.105211354657723,12
"GSM8121894_athero_human_1.txt.gz","Plate_732s_K02","asymptomatic","macrophage",-0.0452593496987597,12
"GSM8121894_athero_human_1.txt.gz","Plate_732s_K04","asymptomatic","fibroblast",0.111649916171478,12
"GSM8121894_athero_human_1.txt.gz","Plate_732s_K05","asymptomatic","vsmc",-0.054114273948803,12
"GSM8121894_athero_human_1.txt.gz","Plate_732s_K06","asymptomatic","vsmc",-0.0121271006924454,12
"GSM8121894_athero_human_1.txt.gz","Plate_732s_K07","asymptomatic","vsmc",-0.129893524971544,12
"GSM8121894_athero_human_1.txt.gz","Plate_732s_K08","asymptomatic","fibroblast",0.048012779864917,12
"GSM8121894_athero_human_1.txt.gz","Plate_732s_K09","asymptomatic","fibroblast",0.00690491808805025,12
"GSM8121894_athero_human_1.txt.gz","Plate_732s_K10","asymptomatic","fibroblast",-0.19154196185242,12
"GSM8121894_athero_human_1.txt.gz","Plate_732s_K11","asymptomatic","fibroblast",0.1017387803838,12
"GSM8121894_athero_human_1.txt.gz","Plate_732s_K12","asymptomatic","vsmc",-0.178029108838632,12
"GSM8121894_athero_human_1.txt.gz","Plate_732s_K13","asymptomatic","fibroblast",0.141051304192256,12
"GSM8121894_athero_human_1.txt.gz","Plate_732s_K14","asymptomatic","fibroblast",0.0909039533753243,12
"GSM8121894_athero_human_1.txt.gz","Plate_732s_K15","asymptomatic","fibroblast",0.299672615835881,12
"GSM8121894_athero_human_1.txt.gz","Plate_732s_K16","asymptomatic","fibroblast",-0.0785753730018793,12
"GSM8121894_athero_human_1.txt.gz","Plate_732s_K17","asymptomatic","fibroblast",0.442019968357563,12
"GSM8121894_athero_human_1.txt.gz","Plate_732s_K18","asymptomatic","vsmc",0.573794180728326,12
"GSM8121894_athero_human_1.txt.gz","Plate_732s_K19","asymptomatic","fibroblast",-0.16762028154391,12
"GSM8121894_athero_human_1.txt.gz","Plate_732s_K20","asymptomatic","unassigned",-0.172872473325758,12
"GSM8121894_athero_human_1.txt.gz","Plate_732s_K21","asymptomatic","fibroblast",-0.0937865261398386,12
"GSM8121894_athero_human_1.txt.gz","Plate_732s_K22","asymptomatic","fibroblast",-0.127905676391107,12
"GSM8121894_athero_human_1.txt.gz","Plate_732s_K23","asymptomatic","fibroblast",0.285707358514704,12
"GSM8121894_athero_human_1.txt.gz","Plate_732s_L01","asymptomatic","fibroblast",-0.336256201329841,12
"GSM8121894_athero_human_1.txt.gz","Plate_732s_L02","asymptomatic","fibroblast",-0.0992368134987348,12
"GSM8121894_athero_human_1.txt.gz","Plate_732s_L05","asymptomatic","vsmc",-0.252701827961031,12
"GSM8121894_athero_human_1.txt.gz","Plate_732s_L06","asymptomatic","fibroblast",-0.389857690737684,12
"GSM8121894_athero_human_1.txt.gz","Plate_732s_L07","asymptomatic","vsmc",-0.297695539466787,12
"GSM8121894_athero_human_1.txt.gz","Plate_732s_L08","asymptomatic","fibroblast",-0.0419974194126099,12
"GSM8121894_athero_human_1.txt.gz","Plate_732s_L09","asymptomatic","fibroblast",-0.2807684242537,12
"GSM8121894_athero_human_1.txt.gz","Plate_732s_L10","asymptomatic","fibroblast",-0.182254461662403,12
"GSM8121894_athero_human_1.txt.gz","Plate_732s_L11","asymptomatic","vsmc",-0.0746686150911882,12
"GSM8121894_athero_human_1.txt.gz","Plate_732s_L12","asymptomatic","unassigned",0.1200913700771,12
"GSM8121894_athero_human_1.txt.gz","Plate_732s_L13","asymptomatic","fibroblast",0.096841644752352,12
"GSM8121894_athero_human_1.txt.gz","Plate_732s_L14","asymptomatic","fibroblast",0.0879586721825722,12
"GSM8121894_athero_human_1.txt.gz","Plate_732s_L15","asymptomatic","fibroblast",0.104641068684929,12
"GSM8121894_athero_human_1.txt.gz","Plate_732s_L16","asymptomatic","fibroblast",-0.194395560860382,12
"GSM8121894_athero_human_1.txt.gz","Plate_732s_L17","asymptomatic","fibroblast",-0.194519323017995,12
"GSM8121894_athero_human_1.txt.gz","Plate_732s_L18","asymptomatic","vsmc",-0.201555211788423,12
"GSM8121894_athero_human_1.txt.gz","Plate_732s_L19","asymptomatic","fibroblast",-0.238633452193808,12
"GSM8121894_athero_human_1.txt.gz","Plate_732s_L21","asymptomatic","unassigned",-0.0825622871936902,12
"GSM8121894_athero_human_1.txt.gz","Plate_732s_L22","asymptomatic","fibroblast",0.137643007664505,12
"GSM8121894_athero_human_1.txt.gz","Plate_732s_L23","asymptomatic","vsmc",0.669781198266235,12
"GSM8121894_athero_human_1.txt.gz","Plate_732s_L24","asymptomatic","fibroblast",-0.292247877956681,12
"GSM8121894_athero_human_1.txt.gz","Plate_732s_M02","asymptomatic","fibroblast",-0.141781257774147,12
"GSM8121894_athero_human_1.txt.gz","Plate_732s_M03","asymptomatic","macrophage",0.508476124921805,12
"GSM8121894_athero_human_1.txt.gz","Plate_732s_M04","asymptomatic","unassigned",-0.119637527886436,12
"GSM8121894_athero_human_1.txt.gz","Plate_732s_M05","asymptomatic","fibroblast",-0.0334846080260498,12
"GSM8121894_athero_human_1.txt.gz","Plate_732s_M07","asymptomatic","vsmc",-0.290674074443708,12
"GSM8121894_athero_human_1.txt.gz","Plate_732s_M08","asymptomatic","vsmc",-0.145118185753694,12
"GSM8121894_athero_human_1.txt.gz","Plate_732s_M09","asymptomatic","vsmc",-0.107781460333531,12
"GSM8121894_athero_human_1.txt.gz","Plate_732s_M10","asymptomatic","fibroblast",-0.0721811391880878,12
"GSM8121894_athero_human_1.txt.gz","Plate_732s_M11","asymptomatic","vsmc",-0.149088499141905,12
"GSM8121894_athero_human_1.txt.gz","Plate_732s_M12","asymptomatic","fibroblast",-0.214231366957637,12
"GSM8121894_athero_human_1.txt.gz","Plate_732s_M14","asymptomatic","vsmc",0.202835339235937,12
"GSM8121894_athero_human_1.txt.gz","Plate_732s_M15","asymptomatic","fibroblast",-0.243622246144742,12
"GSM8121894_athero_human_1.txt.gz","Plate_732s_M16","asymptomatic","fibroblast",-0.403194094419062,12
"GSM8121894_athero_human_1.txt.gz","Plate_732s_M18","asymptomatic","fibroblast",-0.103276880383611,12
"GSM8121894_athero_human_1.txt.gz","Plate_732s_M21","asymptomatic","fibroblast",0.185903646984496,12
"GSM8121894_athero_human_1.txt.gz","Plate_732s_M22","asymptomatic","vsmc",-0.272726847678325,12
"GSM8121894_athero_human_1.txt.gz","Plate_732s_M23","asymptomatic","fibroblast",0.18664684764949,12
"GSM8121894_athero_human_1.txt.gz","Plate_732s_M24","asymptomatic","fibroblast",-0.189660038024498,12
"GSM8121894_athero_human_1.txt.gz","Plate_732s_N01","asymptomatic","fibroblast",0.313074730703323,12
"GSM8121894_athero_human_1.txt.gz","Plate_732s_N02","asymptomatic","fibroblast",0.580403345474944,12
"GSM8121894_athero_human_1.txt.gz","Plate_732s_N03","asymptomatic","vsmc",-0.0877771939857896,12
"GSM8121894_athero_human_1.txt.gz","Plate_732s_N04","asymptomatic","fibroblast",-0.11849973839453,12
"GSM8121894_athero_human_1.txt.gz","Plate_732s_N05","asymptomatic","vsmc",0.0142922722556333,12
"GSM8121894_athero_human_1.txt.gz","Plate_732s_N06","asymptomatic","unassigned",-0.0993980862019293,12
"GSM8121894_athero_human_1.txt.gz","Plate_732s_N07","asymptomatic","vsmc",-0.22963757101608,12
"GSM8121894_athero_human_1.txt.gz","Plate_732s_N08","asymptomatic","vsmc",0.145022616580361,12
"GSM8121894_athero_human_1.txt.gz","Plate_732s_N09","asymptomatic","fibroblast",-0.0229585467944885,12
"GSM8121894_athero_human_1.txt.gz","Plate_732s_N10","asymptomatic","fibroblast",0.094508738297514,12
"GSM8121894_athero_human_1.txt.gz","Plate_732s_N11","asymptomatic","fibroblast",-0.0934489800471714,12
"GSM8121894_athero_human_1.txt.gz","Plate_732s_N12","asymptomatic","vsmc",-0.25480918871334,12
"GSM8121894_athero_human_1.txt.gz","Plate_732s_N14","asymptomatic","fibroblast",0.0214310712114106,12
"GSM8121894_athero_human_1.txt.gz","Plate_732s_N15","asymptomatic","fibroblast",0.0128212730748717,12
"GSM8121894_athero_human_1.txt.gz","Plate_732s_N16","asymptomatic","vsmc",-0.240998897381809,12
"GSM8121894_athero_human_1.txt.gz","Plate_732s_N17","asymptomatic","fibroblast",0.202637648656473,12
"GSM8121894_athero_human_1.txt.gz","Plate_732s_N18","asymptomatic","vsmc",-0.357636275705026,12
"GSM8121894_athero_human_1.txt.gz","Plate_732s_N19","asymptomatic","fibroblast",-0.431315646133459,12
"GSM8121894_athero_human_1.txt.gz","Plate_732s_N21","asymptomatic","fibroblast",-0.000598142906397763,12
"GSM8121894_athero_human_1.txt.gz","Plate_732s_N22","asymptomatic","fibroblast",0.360221378679258,12
"GSM8121894_athero_human_1.txt.gz","Plate_732s_N23","asymptomatic","fibroblast",0.0639074242882486,12
"GSM8121894_athero_human_1.txt.gz","Plate_732s_N24","asymptomatic","vsmc",-0.131865630370358,12
"GSM8121894_athero_human_1.txt.gz","Plate_732s_O02","asymptomatic","fibroblast",-0.0679594254802199,12
"GSM8121894_athero_human_1.txt.gz","Plate_732s_O03","asymptomatic","fibroblast",0.29421575724409,12
"GSM8121894_athero_human_1.txt.gz","Plate_732s_O04","asymptomatic","vsmc",0.141739732907205,12
"GSM8121894_athero_human_1.txt.gz","Plate_732s_O05","asymptomatic","vsmc",0.449549967962588,12
"GSM8121894_athero_human_1.txt.gz","Plate_732s_O06","asymptomatic","vsmc",-0.115872052976156,12
"GSM8121894_athero_human_1.txt.gz","Plate_732s_O07","asymptomatic","vsmc",-0.0739679340920365,12
"GSM8121894_athero_human_1.txt.gz","Plate_732s_O08","asymptomatic","fibroblast",-0.0878630329898153,12
"GSM8121894_athero_human_1.txt.gz","Plate_732s_O09","asymptomatic","fibroblast",0.0929879346836679,12
"GSM8121894_athero_human_1.txt.gz","Plate_732s_O10","asymptomatic","fibroblast",-0.154776971251967,12
"GSM8121894_athero_human_1.txt.gz","Plate_732s_O11","asymptomatic","fibroblast",0.242304631643512,12
"GSM8121894_athero_human_1.txt.gz","Plate_732s_O12","asymptomatic","vsmc",-0.157177984494281,12
"GSM8121894_athero_human_1.txt.gz","Plate_732s_O14","asymptomatic","fibroblast",-0.268692470548794,12
"GSM8121894_athero_human_1.txt.gz","Plate_732s_O16","asymptomatic","fibroblast",-0.327232521414526,12
"GSM8121894_athero_human_1.txt.gz","Plate_732s_O17","asymptomatic","fibroblast",-0.0430767131915595,12
"GSM8121894_athero_human_1.txt.gz","Plate_732s_O18","asymptomatic","fibroblast",-0.116377170184052,12
"GSM8121894_athero_human_1.txt.gz","Plate_732s_O19","asymptomatic","vsmc",-0.127084222521035,12
"GSM8121894_athero_human_1.txt.gz","Plate_732s_O21","asymptomatic","fibroblast",-0.134949476839358,12
"GSM8121894_athero_human_1.txt.gz","Plate_732s_O22","asymptomatic","fibroblast",0.20599451056467,12
"GSM8121894_athero_human_1.txt.gz","Plate_732s_O23","asymptomatic","fibroblast",-0.24289077035679,12
"GSM8121894_athero_human_1.txt.gz","Plate_732s_O24","asymptomatic","vsmc",0.353690061680441,12
"GSM8121894_athero_human_1.txt.gz","Plate_732s_P01","asymptomatic","fibroblast",0.222314556151247,12
"GSM8121894_athero_human_1.txt.gz","Plate_732s_P03","asymptomatic","fibroblast",-0.381767141561995,12
"GSM8121894_athero_human_1.txt.gz","Plate_732s_P05","asymptomatic","vsmc",-0.376903517315999,12
"GSM8121894_athero_human_1.txt.gz","Plate_732s_P06","asymptomatic","vsmc",0.0200040169061136,12
"GSM8121894_athero_human_1.txt.gz","Plate_732s_P07","asymptomatic","vsmc",-0.200383234672246,12
"GSM8121894_athero_human_1.txt.gz","Plate_732s_P10","asymptomatic","unassigned",0.360456185889601,12
"GSM8121894_athero_human_1.txt.gz","Plate_732s_P11","asymptomatic","vsmc",-0.0805665921447926,12
"GSM8121894_athero_human_1.txt.gz","Plate_732s_P12","asymptomatic","fibroblast",0.308970902973885,12
"GSM8121894_athero_human_1.txt.gz","Plate_732s_P13","asymptomatic","vsmc",-0.297058101242114,12
"GSM8121894_athero_human_1.txt.gz","Plate_732s_P14","asymptomatic","fibroblast",-0.292598265582018,12
"GSM8121894_athero_human_1.txt.gz","Plate_732s_P16","asymptomatic","fibroblast",-0.368110973864026,12
"GSM8121894_athero_human_1.txt.gz","Plate_732s_P17","asymptomatic","fibroblast",0.0142815887019938,12
"GSM8121894_athero_human_1.txt.gz","Plate_732s_P18","asymptomatic","fibroblast",-0.430218011061234,12
"GSM8121894_athero_human_1.txt.gz","Plate_732s_P20","asymptomatic","fibroblast",-0.255448551752522,12
"GSM8121894_athero_human_1.txt.gz","Plate_732s_P21","asymptomatic","fibroblast",-0.0727832682122984,12
"GSM8121894_athero_human_1.txt.gz","Plate_732s_P22","asymptomatic","fibroblast",-0.2814641285302,12
"GSM8121894_athero_human_1.txt.gz","Plate_732s_P24","asymptomatic","mast",-0.39638416019364,12
"GSM8121894_athero_human_1.txt.gz","Plate_733s_A02","asymptomatic","macrophage",0.296028783644685,12
"GSM8121894_athero_human_1.txt.gz","Plate_733s_A04","asymptomatic","macrophage",-0.0606517620173808,12
"GSM8121894_athero_human_1.txt.gz","Plate_733s_A05","asymptomatic","t_nk",-0.10595886753871,12
"GSM8121894_athero_human_1.txt.gz","Plate_733s_A06","asymptomatic","unassigned",0.501546420760881,12
"GSM8121894_athero_human_1.txt.gz","Plate_733s_A07","asymptomatic","t_nk",-0.447662509880187,12
"GSM8121894_athero_human_1.txt.gz","Plate_733s_A08","asymptomatic","macrophage",-0.240266287681638,12
"GSM8121894_athero_human_1.txt.gz","Plate_733s_A09","asymptomatic","macrophage",0.104636608435977,12
"GSM8121894_athero_human_1.txt.gz","Plate_733s_A10","asymptomatic","macrophage",-0.291433731044054,12
"GSM8121894_athero_human_1.txt.gz","Plate_733s_A11","asymptomatic","vsmc",-0.432222948770977,12
"GSM8121894_athero_human_1.txt.gz","Plate_733s_A13","asymptomatic","macrophage",-0.0158021640507029,12
"GSM8121894_athero_human_1.txt.gz","Plate_733s_A14","asymptomatic","macrophage",-0.205444138379716,12
"GSM8121894_athero_human_1.txt.gz","Plate_733s_A15","asymptomatic","macrophage",-0.443916566205463,12
"GSM8121894_athero_human_1.txt.gz","Plate_733s_A16","asymptomatic","macrophage",-0.146193892592724,12
"GSM8121894_athero_human_1.txt.gz","Plate_733s_A19","asymptomatic","macrophage",0.0257307902279942,12
"GSM8121894_athero_human_1.txt.gz","Plate_733s_A22","asymptomatic","macrophage",-0.23362520648026,12
"GSM8121894_athero_human_1.txt.gz","Plate_733s_A23","asymptomatic","macrophage",0.657026774358546,12
"GSM8121894_athero_human_1.txt.gz","Plate_733s_B02","asymptomatic","macrophage",-0.284127810891475,12
"GSM8121894_athero_human_1.txt.gz","Plate_733s_B05","asymptomatic","macrophage",0.392676225074142,12
"GSM8121894_athero_human_1.txt.gz","Plate_733s_B07","asymptomatic","macrophage",-0.465114402189731,12
"GSM8121894_athero_human_1.txt.gz","Plate_733s_B08","asymptomatic","vsmc",-0.152971211594138,12
"GSM8121894_athero_human_1.txt.gz","Plate_733s_B09","asymptomatic","macrophage",0.0522719444228171,12
"GSM8121894_athero_human_1.txt.gz","Plate_733s_B10","asymptomatic","macrophage",-0.155331090299178,12
"GSM8121894_athero_human_1.txt.gz","Plate_733s_B11","asymptomatic","macrophage",-0.276173865574413,12
"GSM8121894_athero_human_1.txt.gz","Plate_733s_B12","asymptomatic","macrophage",-0.434070995855888,12
"GSM8121894_athero_human_1.txt.gz","Plate_733s_B13","asymptomatic","vsmc",-0.281450937285673,12
"GSM8121894_athero_human_1.txt.gz","Plate_733s_B15","asymptomatic","macrophage",0.167699459224375,12
"GSM8121894_athero_human_1.txt.gz","Plate_733s_B16","asymptomatic","b_cell",1.70509427427479,12
"GSM8121894_athero_human_1.txt.gz","Plate_733s_B19","asymptomatic","vsmc",-0.3640999246562,12
"GSM8121894_athero_human_1.txt.gz","Plate_733s_B20","asymptomatic","vsmc",-0.285488119974948,12
"GSM8121894_athero_human_1.txt.gz","Plate_733s_B22","asymptomatic","macrophage",0.920621803858113,12
"GSM8121894_athero_human_1.txt.gz","Plate_733s_B23","asymptomatic","t_nk",0.015058583175538,12
"GSM8121894_athero_human_1.txt.gz","Plate_733s_C01","asymptomatic","macrophage",0.476532466763214,12
"GSM8121894_athero_human_1.txt.gz","Plate_733s_C02","asymptomatic","unassigned",-0.0598011284762054,12
"GSM8121894_athero_human_1.txt.gz","Plate_733s_C04","asymptomatic","t_nk",-0.0906118107386306,12
"GSM8121894_athero_human_1.txt.gz","Plate_733s_C05","asymptomatic","macrophage",1.17143765253285,12
"GSM8121894_athero_human_1.txt.gz","Plate_733s_C06","asymptomatic","t_nk",-0.0402505579367413,12
"GSM8121894_athero_human_1.txt.gz","Plate_733s_C07","asymptomatic","macrophage",0.0231427699705557,12
"GSM8121894_athero_human_1.txt.gz","Plate_733s_C08","asymptomatic","macrophage",-0.0107633845576034,12
"GSM8121894_athero_human_1.txt.gz","Plate_733s_C09","asymptomatic","macrophage",0.456693443236199,12
"GSM8121894_athero_human_1.txt.gz","Plate_733s_C10","asymptomatic","macrophage",-0.00994110964037267,12
"GSM8121894_athero_human_1.txt.gz","Plate_733s_C11","asymptomatic","macrophage",-0.397749161028445,12
"GSM8121894_athero_human_1.txt.gz","Plate_733s_C12","asymptomatic","macrophage",-0.0118289681735221,12
"GSM8121894_athero_human_1.txt.gz","Plate_733s_C13","asymptomatic","macrophage",0.857794121802752,12
"GSM8121894_athero_human_1.txt.gz","Plate_733s_C16","asymptomatic","macrophage",-0.0998159545352005,12
"GSM8121894_athero_human_1.txt.gz","Plate_733s_C17","asymptomatic","t_nk",0.0579324293835091,12
"GSM8121894_athero_human_1.txt.gz","Plate_733s_C18","asymptomatic","macrophage",-0.30294262902512,12
"GSM8121894_athero_human_1.txt.gz","Plate_733s_C19","asymptomatic","macrophage",-0.268603353837675,12
"GSM8121894_athero_human_1.txt.gz","Plate_733s_C22","asymptomatic","t_nk",-0.0401255765981862,12
"GSM8121894_athero_human_1.txt.gz","Plate_733s_C23","asymptomatic","macrophage",0.273415101108762,12
"GSM8121894_athero_human_1.txt.gz","Plate_733s_C24","asymptomatic","macrophage",1.04921963268328,12
"GSM8121894_athero_human_1.txt.gz","Plate_733s_D01","asymptomatic","macrophage",-0.31633588595601,12
"GSM8121894_athero_human_1.txt.gz","Plate_733s_D02","asymptomatic","macrophage",-0.276871413068381,12
"GSM8121894_athero_human_1.txt.gz","Plate_733s_D07","asymptomatic","macrophage",-0.00270396710842637,12
"GSM8121894_athero_human_1.txt.gz","Plate_733s_D09","asymptomatic","macrophage",0.479486005821322,12
"GSM8121894_athero_human_1.txt.gz","Plate_733s_D11","asymptomatic","macrophage",-0.0856795826161985,12
"GSM8121894_athero_human_1.txt.gz","Plate_733s_D12","asymptomatic","macrophage",-0.348444470235305,12
"GSM8121894_athero_human_1.txt.gz","Plate_733s_D13","asymptomatic","macrophage",0.734873296311512,12
"GSM8121894_athero_human_1.txt.gz","Plate_733s_D14","asymptomatic","t_nk",-0.357379840213392,12
"GSM8121894_athero_human_1.txt.gz","Plate_733s_D15","asymptomatic","macrophage",-0.461830384282017,12
"GSM8121894_athero_human_1.txt.gz","Plate_733s_D17","asymptomatic","t_nk",0.412322720198128,12
"GSM8121894_athero_human_1.txt.gz","Plate_733s_D18","asymptomatic","macrophage",0.227763553122966,12
"GSM8121894_athero_human_1.txt.gz","Plate_733s_D19","asymptomatic","macrophage",-0.186668247506343,12
"GSM8121894_athero_human_1.txt.gz","Plate_733s_D23","asymptomatic","macrophage",-0.108560325795715,12
"GSM8121894_athero_human_1.txt.gz","Plate_733s_D24","asymptomatic","macrophage",0.0458695016380949,12
"GSM8121894_athero_human_1.txt.gz","Plate_733s_E01","asymptomatic","t_nk",-0.178136634712158,12
"GSM8121894_athero_human_1.txt.gz","Plate_733s_E02","asymptomatic","b_cell",-0.300136528204186,12
"GSM8121894_athero_human_1.txt.gz","Plate_733s_E03","asymptomatic","b_cell",0.959040195357266,12
"GSM8121894_athero_human_1.txt.gz","Plate_733s_E04","asymptomatic","t_nk",0.0248408897094686,12
"GSM8121894_athero_human_1.txt.gz","Plate_733s_E06","asymptomatic","macrophage",-0.303179145210766,12
"GSM8121894_athero_human_1.txt.gz","Plate_733s_E07","asymptomatic","b_cell",-0.434603504918821,12
"GSM8121894_athero_human_1.txt.gz","Plate_733s_E08","asymptomatic","macrophage",-0.274584512262835,12
"GSM8121894_athero_human_1.txt.gz","Plate_733s_E11","asymptomatic","macrophage",-0.265991973776292,12
"GSM8121894_athero_human_1.txt.gz","Plate_733s_E12","asymptomatic","macrophage",-0.167928966369538,12
"GSM8121894_athero_human_1.txt.gz","Plate_733s_E15","asymptomatic","t_nk",-0.470671767877379,12
"GSM8121894_athero_human_1.txt.gz","Plate_733s_E16","asymptomatic","b_cell",-0.477040220047422,12
"GSM8121894_athero_human_1.txt.gz","Plate_733s_E17","asymptomatic","b_cell",-0.37896738705669,12
"GSM8121894_athero_human_1.txt.gz","Plate_733s_E18","asymptomatic","unassigned",-0.350394659349729,12
"GSM8121894_athero_human_1.txt.gz","Plate_733s_E19","asymptomatic","macrophage",-0.422354436460522,12
"GSM8121894_athero_human_1.txt.gz","Plate_733s_E20","asymptomatic","macrophage",0.266002240421946,12
"GSM8121894_athero_human_1.txt.gz","Plate_733s_E21","asymptomatic","t_nk",-0.180548568788482,12
"GSM8121894_athero_human_1.txt.gz","Plate_733s_E22","asymptomatic","unassigned",-0.103812489931241,12
"GSM8121894_athero_human_1.txt.gz","Plate_733s_E23","asymptomatic","b_cell",-0.339732838346353,12
"GSM8121894_athero_human_1.txt.gz","Plate_733s_E24","asymptomatic","macrophage",-0.455127192078532,12
"GSM8121894_athero_human_1.txt.gz","Plate_733s_F02","asymptomatic","macrophage",0.131944382223601,12
"GSM8121894_athero_human_1.txt.gz","Plate_733s_F03","asymptomatic","macrophage",-0.284804668820185,12
"GSM8121894_athero_human_1.txt.gz","Plate_733s_F05","asymptomatic","macrophage",-0.0170069512620394,12
"GSM8121894_athero_human_1.txt.gz","Plate_733s_F07","asymptomatic","t_nk",-0.508282547244666,12
"GSM8121894_athero_human_1.txt.gz","Plate_733s_F08","asymptomatic","macrophage",0.00579933499483917,12
"GSM8121894_athero_human_1.txt.gz","Plate_733s_F09","asymptomatic","macrophage",-0.299961307170136,12
"GSM8121894_athero_human_1.txt.gz","Plate_733s_F11","asymptomatic","macrophage",-0.22126108926164,12
"GSM8121894_athero_human_1.txt.gz","Plate_733s_F13","asymptomatic","unassigned",-0.175107662337163,12
"GSM8121894_athero_human_1.txt.gz","Plate_733s_F15","asymptomatic","macrophage",-0.0113943960170408,12
"GSM8121894_athero_human_1.txt.gz","Plate_733s_F18","asymptomatic","macrophage",-0.208165712460477,12
"GSM8121894_athero_human_1.txt.gz","Plate_733s_F19","asymptomatic","t_nk",-0.508585003215491,12
"GSM8121894_athero_human_1.txt.gz","Plate_733s_F20","asymptomatic","macrophage",-0.258248827464906,12
"GSM8121894_athero_human_1.txt.gz","Plate_733s_F21","asymptomatic","macrophage",-0.406076604118444,12
"GSM8121894_athero_human_1.txt.gz","Plate_733s_F22","asymptomatic","macrophage",-0.1410400321106,12
"GSM8121894_athero_human_1.txt.gz","Plate_733s_F23","asymptomatic","macrophage",-0.198714018022809,12
"GSM8121894_athero_human_1.txt.gz","Plate_733s_F24","asymptomatic","macrophage",-0.460898179367384,12
"GSM8121894_athero_human_1.txt.gz","Plate_733s_G01","asymptomatic","macrophage",-0.230854242235965,12
"GSM8121894_athero_human_1.txt.gz","Plate_733s_G02","asymptomatic","macrophage",-0.472379138094298,12
"GSM8121894_athero_human_1.txt.gz","Plate_733s_G05","asymptomatic","t_nk",-0.289906759686845,12
"GSM8121894_athero_human_1.txt.gz","Plate_733s_G07","asymptomatic","t_nk",-0.387985630959772,12
"GSM8121894_athero_human_1.txt.gz","Plate_733s_G08","asymptomatic","macrophage",-0.490868442026445,12
"GSM8121894_athero_human_1.txt.gz","Plate_733s_G09","asymptomatic","macrophage",-0.152158348866943,12
"GSM8121894_athero_human_1.txt.gz","Plate_733s_G10","asymptomatic","unassigned",0.172619717261203,12
"GSM8121894_athero_human_1.txt.gz","Plate_733s_G12","asymptomatic","macrophage",0.520151378583403,12
"GSM8121894_athero_human_1.txt.gz","Plate_733s_G13","asymptomatic","macrophage",-0.0791645023577708,12
"GSM8121894_athero_human_1.txt.gz","Plate_733s_G14","asymptomatic","vsmc",-0.162778569912167,12
"GSM8121894_athero_human_1.txt.gz","Plate_733s_G15","asymptomatic","macrophage",-0.0284112371157565,12
"GSM8121894_athero_human_1.txt.gz","Plate_733s_G16","asymptomatic","t_nk",-0.0343010459844862,12
"GSM8121894_athero_human_1.txt.gz","Plate_733s_G17","asymptomatic","t_nk",0.317840147551925,12
"GSM8121894_athero_human_1.txt.gz","Plate_733s_G18","asymptomatic","macrophage",0.294183366904168,12
"GSM8121894_athero_human_1.txt.gz","Plate_733s_G19","asymptomatic","unassigned",-0.403647068624125,12
"GSM8121894_athero_human_1.txt.gz","Plate_733s_G20","asymptomatic","macrophage",-0.16787483726321,12
"GSM8121894_athero_human_1.txt.gz","Plate_733s_G21","asymptomatic","macrophage",-0.0369240832566561,12
"GSM8121894_athero_human_1.txt.gz","Plate_733s_G22","asymptomatic","t_nk",-0.0731097896034328,12
"GSM8121894_athero_human_1.txt.gz","Plate_733s_H01","asymptomatic","macrophage",-0.50668305450648,12
"GSM8121894_athero_human_1.txt.gz","Plate_733s_H03","asymptomatic","macrophage",-0.30555510967261,12
"GSM8121894_athero_human_1.txt.gz","Plate_733s_H07","asymptomatic","macrophage",-0.443147105682503,12
"GSM8121894_athero_human_1.txt.gz","Plate_733s_H10","asymptomatic","macrophage",-0.496125770722846,12
"GSM8121894_athero_human_1.txt.gz","Plate_733s_H11","asymptomatic","macrophage",-0.0321844928329461,12
"GSM8121894_athero_human_1.txt.gz","Plate_733s_H12","asymptomatic","macrophage",0.114195936144618,12
"GSM8121894_athero_human_1.txt.gz","Plate_733s_H14","asymptomatic","macrophage",-0.218861277550403,12
"GSM8121894_athero_human_1.txt.gz","Plate_733s_H15","asymptomatic","macrophage",-0.323083043152403,12
"GSM8121894_athero_human_1.txt.gz","Plate_733s_H18","asymptomatic","b_cell",-0.04403388464868,12
"GSM8121894_athero_human_1.txt.gz","Plate_733s_H19","asymptomatic","t_nk",0.0288221760413133,12
"GSM8121894_athero_human_1.txt.gz","Plate_733s_H21","asymptomatic","macrophage",0.0568114630864394,12
"GSM8121894_athero_human_1.txt.gz","Plate_733s_H23","asymptomatic","macrophage",-0.351362557705114,12
"GSM8121894_athero_human_1.txt.gz","Plate_733s_H24","asymptomatic","macrophage",-0.0991789388391632,12
"GSM8121894_athero_human_1.txt.gz","Plate_733s_I01","asymptomatic","mast",-0.227020924766831,12
"GSM8121894_athero_human_1.txt.gz","Plate_733s_I02","asymptomatic","unassigned",-0.254986993750436,12
"GSM8121894_athero_human_1.txt.gz","Plate_733s_I05","asymptomatic","macrophage",-0.184190617423999,12
"GSM8121894_athero_human_1.txt.gz","Plate_733s_I06","asymptomatic","mast",-0.475515555706415,12
"GSM8121894_athero_human_1.txt.gz","Plate_733s_I07","asymptomatic","macrophage",-0.303002284545089,12
"GSM8121894_athero_human_1.txt.gz","Plate_733s_I08","asymptomatic","macrophage",-0.185293784722412,12
"GSM8121894_athero_human_1.txt.gz","Plate_733s_I09","asymptomatic","macrophage",-0.488362636174671,12
"GSM8121894_athero_human_1.txt.gz","Plate_733s_I10","asymptomatic","t_nk",-0.00244524693501368,12
"GSM8121894_athero_human_1.txt.gz","Plate_733s_I11","asymptomatic","t_nk",-0.33016925521804,12
"GSM8121894_athero_human_1.txt.gz","Plate_733s_I12","asymptomatic","mast",-0.450811543431338,12
"GSM8121894_athero_human_1.txt.gz","Plate_733s_I13","asymptomatic","mast",0.150034674451836,12
"GSM8121894_athero_human_1.txt.gz","Plate_733s_I14","asymptomatic","macrophage",0.213039003056584,12
"GSM8121894_athero_human_1.txt.gz","Plate_733s_I15","asymptomatic","mast",0.455691758076038,12
"GSM8121894_athero_human_1.txt.gz","Plate_733s_I16","asymptomatic","macrophage",0.0285134746533104,12
"GSM8121894_athero_human_1.txt.gz","Plate_733s_I18","asymptomatic","macrophage",-0.26893873394097,12
"GSM8121894_athero_human_1.txt.gz","Plate_733s_I20","asymptomatic","macrophage",-0.22432683193108,12
"GSM8121894_athero_human_1.txt.gz","Plate_733s_I21","asymptomatic","mast",0.169314860583841,12
"GSM8121894_athero_human_1.txt.gz","Plate_733s_I22","asymptomatic","mast",-0.177228333619987,12
"GSM8121894_athero_human_1.txt.gz","Plate_733s_I23","asymptomatic","mast",0.099435501420483,12
"GSM8121894_athero_human_1.txt.gz","Plate_733s_I24","asymptomatic","macrophage",1.19021078151476,12
"GSM8121894_athero_human_1.txt.gz","Plate_733s_J03","asymptomatic","macrophage",-0.186087085656872,12
"GSM8121894_athero_human_1.txt.gz","Plate_733s_J07","asymptomatic","macrophage",-0.477730481344963,12
"GSM8121894_athero_human_1.txt.gz","Plate_733s_J09","asymptomatic","macrophage",0.489116944432886,12
"GSM8121894_athero_human_1.txt.gz","Plate_733s_J11","asymptomatic","macrophage",0.585048011687631,12
"GSM8121894_athero_human_1.txt.gz","Plate_733s_J12","asymptomatic","macrophage",0.273183092971316,12
"GSM8121894_athero_human_1.txt.gz","Plate_733s_J13","asymptomatic","macrophage",0.23707126914579,12
"GSM8121894_athero_human_1.txt.gz","Plate_733s_J14","asymptomatic","t_nk",-0.0262931118749923,12
"GSM8121894_athero_human_1.txt.gz","Plate_733s_J16","asymptomatic","b_cell",0.00324686856225788,12
"GSM8121894_athero_human_1.txt.gz","Plate_733s_J17","asymptomatic","macrophage",-0.498623406717738,12
"GSM8121894_athero_human_1.txt.gz","Plate_733s_J19","asymptomatic","macrophage",1.09965225972546,12
"GSM8121894_athero_human_1.txt.gz","Plate_733s_J20","asymptomatic","macrophage",-0.142764393112989,12
"GSM8121894_athero_human_1.txt.gz","Plate_733s_J21","asymptomatic","b_cell",-0.326315155648469,12
"GSM8121894_athero_human_1.txt.gz","Plate_733s_J23","asymptomatic","t_nk",-0.0891404147353673,12
"GSM8121894_athero_human_1.txt.gz","Plate_733s_J24","asymptomatic","macrophage",-0.215875491081728,12
"GSM8121894_athero_human_1.txt.gz","Plate_733s_K01","asymptomatic","fibroblast",-0.4719755969161,12
"GSM8121894_athero_human_1.txt.gz","Plate_733s_K02","asymptomatic","t_nk",0.368957905979615,12
"GSM8121894_athero_human_1.txt.gz","Plate_733s_K03","asymptomatic","macrophage",-0.28498637776326,12
"GSM8121894_athero_human_1.txt.gz","Plate_733s_K04","asymptomatic","macrophage",-0.214296243488701,12
"GSM8121894_athero_human_1.txt.gz","Plate_733s_K05","asymptomatic","macrophage",0.0963113256383035,12
"GSM8121894_athero_human_1.txt.gz","Plate_733s_K06","asymptomatic","macrophage",-0.355889762643626,12
"GSM8121894_athero_human_1.txt.gz","Plate_733s_K07","asymptomatic","macrophage",-0.404465995061337,12
"GSM8121894_athero_human_1.txt.gz","Plate_733s_K08","asymptomatic","macrophage",0.782369807030702,12
"GSM8121894_athero_human_1.txt.gz","Plate_733s_K09","asymptomatic","macrophage",-0.304863732075093,12
"GSM8121894_athero_human_1.txt.gz","Plate_733s_K10","asymptomatic","macrophage",-0.474390305620524,12
"GSM8121894_athero_human_1.txt.gz","Plate_733s_K11","asymptomatic","macrophage",-0.288141869817277,12
"GSM8121894_athero_human_1.txt.gz","Plate_733s_K12","asymptomatic","t_nk",-0.484771248860885,12
"GSM8121894_athero_human_1.txt.gz","Plate_733s_K13","asymptomatic","macrophage",0.560844889931015,12
"GSM8121894_athero_human_1.txt.gz","Plate_733s_K14","asymptomatic","macrophage",0.229628651088905,12
"GSM8121894_athero_human_1.txt.gz","Plate_733s_K15","asymptomatic","macrophage",0.555373212962655,12
"GSM8121894_athero_human_1.txt.gz","Plate_733s_K17","asymptomatic","macrophage",-0.242750129370158,12
"GSM8121894_athero_human_1.txt.gz","Plate_733s_K18","asymptomatic","macrophage",1.08927261390083,12
"GSM8121894_athero_human_1.txt.gz","Plate_733s_K19","asymptomatic","t_nk",-0.100237254284102,12
"GSM8121894_athero_human_1.txt.gz","Plate_733s_K20","asymptomatic","macrophage",-0.260251797640916,12
"GSM8121894_athero_human_1.txt.gz","Plate_733s_K21","asymptomatic","macrophage",-0.0169755183488253,12
"GSM8121894_athero_human_1.txt.gz","Plate_733s_K22","asymptomatic","t_nk",-0.0912682621579719,12
"GSM8121894_athero_human_1.txt.gz","Plate_733s_K23","asymptomatic","macrophage",0.367046567305799,12
"GSM8121894_athero_human_1.txt.gz","Plate_733s_K24","asymptomatic","t_nk",-0.454219696539456,12
"GSM8121894_athero_human_1.txt.gz","Plate_733s_L09","asymptomatic","macrophage",0.140781946119631,12
"GSM8121894_athero_human_1.txt.gz","Plate_733s_L11","asymptomatic","unassigned",-0.443009318198477,12
"GSM8121894_athero_human_1.txt.gz","Plate_733s_L13","asymptomatic","macrophage",-0.285364233621308,12
"GSM8121894_athero_human_1.txt.gz","Plate_733s_L15","asymptomatic","macrophage",-0.230599710349202,12
"GSM8121894_athero_human_1.txt.gz","Plate_733s_L16","asymptomatic","macrophage",-0.298013677656084,12
"GSM8121894_athero_human_1.txt.gz","Plate_733s_L17","asymptomatic","macrophage",0.227582151892441,12
"GSM8121894_athero_human_1.txt.gz","Plate_733s_L19","asymptomatic","macrophage",-0.429227133969764,12
"GSM8121894_athero_human_1.txt.gz","Plate_733s_L20","asymptomatic","macrophage",-0.00562162688565955,12
"GSM8121894_athero_human_1.txt.gz","Plate_733s_L21","asymptomatic","macrophage",-0.043198148819235,12
"GSM8121894_athero_human_1.txt.gz","Plate_733s_L22","asymptomatic","macrophage",-0.474486873777869,12
"GSM8121894_athero_human_1.txt.gz","Plate_733s_M02","asymptomatic","vsmc",-0.41706767692282,12
"GSM8121894_athero_human_1.txt.gz","Plate_733s_M03","asymptomatic","macrophage",0.285693960565832,12
"GSM8121894_athero_human_1.txt.gz","Plate_733s_M04","asymptomatic","macrophage",-0.19705492270719,12
"GSM8121894_athero_human_1.txt.gz","Plate_733s_M05","asymptomatic","t_nk",-0.193938342919168,12
"GSM8121894_athero_human_1.txt.gz","Plate_733s_M06","asymptomatic","macrophage",0.27119287922178,12
"GSM8121894_athero_human_1.txt.gz","Plate_733s_M07","asymptomatic","macrophage",-0.286978888788382,12
"GSM8121894_athero_human_1.txt.gz","Plate_733s_M08","asymptomatic","unassigned",1.55030565514007,12
"GSM8121894_athero_human_1.txt.gz","Plate_733s_M10","asymptomatic","macrophage",1.1267066917538,12
"GSM8121894_athero_human_1.txt.gz","Plate_733s_M11","asymptomatic","macrophage",-0.269627089601276,12
"GSM8121894_athero_human_1.txt.gz","Plate_733s_M12","asymptomatic","macrophage",0.11456892592241,12
"GSM8121894_athero_human_1.txt.gz","Plate_733s_M13","asymptomatic","macrophage",1.76279323961039,12
"GSM8121894_athero_human_1.txt.gz","Plate_733s_M14","asymptomatic","t_nk",-0.338961047622255,12
"GSM8121894_athero_human_1.txt.gz","Plate_733s_M15","asymptomatic","macrophage",-0.327868540094732,12
"GSM8121894_athero_human_1.txt.gz","Plate_733s_M16","asymptomatic","macrophage",0.198745232850852,12
"GSM8121894_athero_human_1.txt.gz","Plate_733s_M17","asymptomatic","macrophage",0.0308349409382068,12
"GSM8121894_athero_human_1.txt.gz","Plate_733s_M20","asymptomatic","macrophage",0.272174886399351,12
"GSM8121894_athero_human_1.txt.gz","Plate_733s_M21","asymptomatic","macrophage",-0.338880365984023,12
"GSM8121894_athero_human_1.txt.gz","Plate_733s_M22","asymptomatic","macrophage",0.295380128271302,12
"GSM8121894_athero_human_1.txt.gz","Plate_733s_M23","asymptomatic","macrophage",-0.217316060644324,12
"GSM8121894_athero_human_1.txt.gz","Plate_733s_M24","asymptomatic","fibroblast",-0.199737851392993,12
"GSM8121894_athero_human_1.txt.gz","Plate_733s_N01","asymptomatic","macrophage",-0.48710400684316,12
"GSM8121894_athero_human_1.txt.gz","Plate_733s_N05","asymptomatic","b_cell",-0.420894405589848,12
"GSM8121894_athero_human_1.txt.gz","Plate_733s_N07","asymptomatic","macrophage",-0.39916697251514,12
"GSM8121894_athero_human_1.txt.gz","Plate_733s_N09","asymptomatic","t_nk",0.00370651574138008,12
"GSM8121894_athero_human_1.txt.gz","Plate_733s_N12","asymptomatic","macrophage",0.61784578251748,12
"GSM8121894_athero_human_1.txt.gz","Plate_733s_N13","asymptomatic","t_nk",0.121909300891052,12
"GSM8121894_athero_human_1.txt.gz","Plate_733s_N15","asymptomatic","macrophage",-0.435540481534605,12
"GSM8121894_athero_human_1.txt.gz","Plate_733s_N17","asymptomatic","macrophage",-0.448555171967999,12
"GSM8121894_athero_human_1.txt.gz","Plate_733s_N18","asymptomatic","b_cell",-0.184101607419794,12
"GSM8121894_athero_human_1.txt.gz","Plate_733s_N19","asymptomatic","t_nk",-0.499095779427971,12
"GSM8121894_athero_human_1.txt.gz","Plate_733s_N20","asymptomatic","macrophage",0.0747651596567261,12
"GSM8121894_athero_human_1.txt.gz","Plate_733s_N21","asymptomatic","unassigned",-0.0791288877045703,12
"GSM8121894_athero_human_1.txt.gz","Plate_733s_N22","asymptomatic","b_cell",0.676048368627577,12
"GSM8121894_athero_human_1.txt.gz","Plate_733s_N23","asymptomatic","macrophage",0.00056204646951818,12
"GSM8121894_athero_human_1.txt.gz","Plate_733s_N24","asymptomatic","macrophage",-0.0572806987502584,12
"GSM8121894_athero_human_1.txt.gz","Plate_733s_O01","asymptomatic","macrophage",-0.46055353661422,12
"GSM8121894_athero_human_1.txt.gz","Plate_733s_O02","asymptomatic","macrophage",-0.310832170161846,12
"GSM8121894_athero_human_1.txt.gz","Plate_733s_O03","asymptomatic","fibroblast",0.0289140667140767,12
"GSM8121894_athero_human_1.txt.gz","Plate_733s_O05","asymptomatic","macrophage",0.304062424076892,12
"GSM8121894_athero_human_1.txt.gz","Plate_733s_O06","asymptomatic","t_nk",0.234612926187035,12
"GSM8121894_athero_human_1.txt.gz","Plate_733s_O08","asymptomatic","macrophage",-0.301631110862494,12
"GSM8121894_athero_human_1.txt.gz","Plate_733s_O09","asymptomatic","t_nk",0.651296330441943,12
"GSM8121894_athero_human_1.txt.gz","Plate_733s_O11","asymptomatic","macrophage",0.119846931902767,12
"GSM8121894_athero_human_1.txt.gz","Plate_733s_O12","asymptomatic","macrophage",-0.321301684276634,12
"GSM8121894_athero_human_1.txt.gz","Plate_733s_O13","asymptomatic","t_nk",0.422712367273634,12
"GSM8121894_athero_human_1.txt.gz","Plate_733s_O15","asymptomatic","vsmc",0.663658134494031,12
"GSM8121894_athero_human_1.txt.gz","Plate_733s_O16","asymptomatic","macrophage",-0.319515773452067,12
"GSM8121894_athero_human_1.txt.gz","Plate_733s_O17","asymptomatic","macrophage",-0.13779150123632,12
"GSM8121894_athero_human_1.txt.gz","Plate_733s_O18","asymptomatic","macrophage",-0.366924126254616,12
"GSM8121894_athero_human_1.txt.gz","Plate_733s_O19","asymptomatic","macrophage",0.521792198169838,12
"GSM8121894_athero_human_1.txt.gz","Plate_733s_O20","asymptomatic","fibroblast",-0.177442029456211,12
"GSM8121894_athero_human_1.txt.gz","Plate_733s_O21","asymptomatic","macrophage",0.217652666547375,12
"GSM8121894_athero_human_1.txt.gz","Plate_733s_O22","asymptomatic","macrophage",1.93725242286673,12
"GSM8121894_athero_human_1.txt.gz","Plate_733s_P01","asymptomatic","macrophage",-0.46954442515467,12
"GSM8121894_athero_human_1.txt.gz","Plate_733s_P03","asymptomatic","macrophage",0.0499740174929196,12
"GSM8121894_athero_human_1.txt.gz","Plate_733s_P05","asymptomatic","t_nk",-0.329765406753602,12
"GSM8121894_athero_human_1.txt.gz","Plate_733s_P06","asymptomatic","macrophage",1.22230683051749,12
"GSM8121894_athero_human_1.txt.gz","Plate_733s_P07","asymptomatic","macrophage",0.298739183010437,12
"GSM8121894_athero_human_1.txt.gz","Plate_733s_P08","asymptomatic","macrophage",0.292264346028614,12
"GSM8121894_athero_human_1.txt.gz","Plate_733s_P09","asymptomatic","macrophage",0.0722208217029262,12
"GSM8121894_athero_human_1.txt.gz","Plate_733s_P10","asymptomatic","fibroblast",0.742280290610139,12
"GSM8121894_athero_human_1.txt.gz","Plate_733s_P11","asymptomatic","macrophage",-0.245021696875845,12
"GSM8121894_athero_human_1.txt.gz","Plate_733s_P13","asymptomatic","macrophage",-0.377485291336287,12
"GSM8121894_athero_human_1.txt.gz","Plate_733s_P14","asymptomatic","vsmc",0.0483458031288126,12
"GSM8121894_athero_human_1.txt.gz","Plate_733s_P15","asymptomatic","macrophage",-0.267227329762888,12
"GSM8121894_athero_human_1.txt.gz","Plate_733s_P17","asymptomatic","macrophage",-0.184631922478853,12
"GSM8121894_athero_human_1.txt.gz","Plate_733s_P18","asymptomatic","macrophage",0.372796258430429,12
"GSM8121894_athero_human_1.txt.gz","Plate_733s_P19","asymptomatic","macrophage",0.524799476978825,12
"GSM8121894_athero_human_1.txt.gz","Plate_733s_P21","asymptomatic","macrophage",-0.134377896891929,12
"GSM8121894_athero_human_1.txt.gz","Plate_733s_P22","asymptomatic","macrophage",-0.285875554543535,12
"GSM8121895_athero_human_2.txt.gz","Plate_170s_A01","asymptomatic","endothelial",0.0342177640374879,12
"GSM8121895_athero_human_2.txt.gz","Plate_170s_A02","asymptomatic","endothelial",0.0800381802419191,12
"GSM8121895_athero_human_2.txt.gz","Plate_170s_A03","asymptomatic","b_cell",1.12853138327958,12
"GSM8121895_athero_human_2.txt.gz","Plate_170s_A04","asymptomatic","endothelial",-0.186361088092409,12
"GSM8121895_athero_human_2.txt.gz","Plate_170s_A05","asymptomatic","endothelial",-0.233450380036409,12
"GSM8121895_athero_human_2.txt.gz","Plate_170s_A06","asymptomatic","endothelial",-0.230313982877318,12
"GSM8121895_athero_human_2.txt.gz","Plate_170s_A07","asymptomatic","endothelial",-0.249822143196053,12
"GSM8121895_athero_human_2.txt.gz","Plate_170s_A08","asymptomatic","endothelial",0.146447480383243,12
"GSM8121895_athero_human_2.txt.gz","Plate_170s_A11","asymptomatic","endothelial",0.109758788864142,12
"GSM8121895_athero_human_2.txt.gz","Plate_170s_A12","asymptomatic","endothelial",0.0631840133266001,12
"GSM8121895_athero_human_2.txt.gz","Plate_170s_B01","asymptomatic","endothelial",-0.0113723382015245,12
"GSM8121895_athero_human_2.txt.gz","Plate_170s_B03","asymptomatic","endothelial",-0.351439806182939,12
"GSM8121895_athero_human_2.txt.gz","Plate_170s_B04","asymptomatic","endothelial",0.0141974216752928,12
"GSM8121895_athero_human_2.txt.gz","Plate_170s_B05","asymptomatic","endothelial",0.15165866942631,12
"GSM8121895_athero_human_2.txt.gz","Plate_170s_B06","asymptomatic","endothelial",-0.338465962141666,12
"GSM8121895_athero_human_2.txt.gz","Plate_170s_B07","asymptomatic","endothelial",-0.255772861445169,12
"GSM8121895_athero_human_2.txt.gz","Plate_170s_B11","asymptomatic","endothelial",0.157787125731384,12
"GSM8121895_athero_human_2.txt.gz","Plate_170s_C01","asymptomatic","endothelial",-0.28624707257371,12
"GSM8121895_athero_human_2.txt.gz","Plate_170s_C03","asymptomatic","macrophage",-0.0234082039033383,12
"GSM8121895_athero_human_2.txt.gz","Plate_170s_C04","asymptomatic","endothelial",-0.523535552383835,12
"GSM8121895_athero_human_2.txt.gz","Plate_170s_C05","asymptomatic","macrophage",1.37574138481712,12
"GSM8121895_athero_human_2.txt.gz","Plate_170s_C06","asymptomatic","endothelial",-0.0627852215401866,12
"GSM8121895_athero_human_2.txt.gz","Plate_170s_C07","asymptomatic","endothelial",-0.0427929255979412,12
"GSM8121895_athero_human_2.txt.gz","Plate_170s_C08","asymptomatic","endothelial",-0.233246488558025,12
"GSM8121895_athero_human_2.txt.gz","Plate_170s_C09","asymptomatic","unassigned",-0.332371106844642,12
"GSM8121895_athero_human_2.txt.gz","Plate_170s_C10","asymptomatic","macrophage",1.32143494125004,12
"GSM8121895_athero_human_2.txt.gz","Plate_170s_C12","asymptomatic","unassigned",-0.502621637293208,12
"GSM8121895_athero_human_2.txt.gz","Plate_170s_D01","asymptomatic","endothelial",0.0528408061935353,12
"GSM8121895_athero_human_2.txt.gz","Plate_170s_D03","asymptomatic","endothelial",-0.439885557893791,12
"GSM8121895_athero_human_2.txt.gz","Plate_170s_D04","asymptomatic","endothelial",-0.344977868404037,12
"GSM8121895_athero_human_2.txt.gz","Plate_170s_D05","asymptomatic","endothelial",0.296371912473423,12
"GSM8121895_athero_human_2.txt.gz","Plate_170s_D06","asymptomatic","endothelial",-0.488599791182828,12
"GSM8121895_athero_human_2.txt.gz","Plate_170s_D07","asymptomatic","endothelial",-0.26075496811276,12
"GSM8121895_athero_human_2.txt.gz","Plate_170s_D08","asymptomatic","endothelial",-0.518568039988254,12
"GSM8121895_athero_human_2.txt.gz","Plate_170s_D09","asymptomatic","endothelial",0.0585346598684227,12
"GSM8121895_athero_human_2.txt.gz","Plate_170s_D10","asymptomatic","endothelial",-0.175441223362042,12
"GSM8121895_athero_human_2.txt.gz","Plate_170s_D11","asymptomatic","endothelial",0.717629533878502,12
"GSM8121895_athero_human_2.txt.gz","Plate_170s_D12","asymptomatic","endothelial",-0.183578534025853,12
"GSM8121895_athero_human_2.txt.gz","Plate_170s_E02","asymptomatic","macrophage",0.123234274177674,12
"GSM8121895_athero_human_2.txt.gz","Plate_170s_E05","asymptomatic","endothelial",0.073464607822018,12
"GSM8121895_athero_human_2.txt.gz","Plate_170s_E06","asymptomatic","endothelial",-0.0372770356535446,12
"GSM8121895_athero_human_2.txt.gz","Plate_170s_E07","asymptomatic","macrophage",0.638279424493101,12
"GSM8121895_athero_human_2.txt.gz","Plate_170s_E08","asymptomatic","macrophage",0.536924740025507,12
"GSM8121895_athero_human_2.txt.gz","Plate_170s_E09","asymptomatic","endothelial",0.199856026603813,12
"GSM8121895_athero_human_2.txt.gz","Plate_170s_E10","asymptomatic","endothelial",-0.265314319515655,12
"GSM8121895_athero_human_2.txt.gz","Plate_170s_E11","asymptomatic","endothelial",-0.216550641120543,12
"GSM8121895_athero_human_2.txt.gz","Plate_170s_E12","asymptomatic","endothelial",0.331106065079186,12
"GSM8121895_athero_human_2.txt.gz","Plate_170s_E16","asymptomatic","mast",-0.178672726059893,12
"GSM8121895_athero_human_2.txt.gz","Plate_170s_F01","asymptomatic","endothelial",-0.0370064018182309,12
"GSM8121895_athero_human_2.txt.gz","Plate_170s_F02","asymptomatic","macrophage",0.827218203093027,12
"GSM8121895_athero_human_2.txt.gz","Plate_170s_F03","asymptomatic","endothelial",0.0879445138302265,12
"GSM8121895_athero_human_2.txt.gz","Plate_170s_F05","asymptomatic","endothelial",-0.0430785721698383,12
"GSM8121895_athero_human_2.txt.gz","Plate_170s_F07","asymptomatic","endothelial",0.0432633374227064,12
"GSM8121895_athero_human_2.txt.gz","Plate_170s_F09","asymptomatic","endothelial",-0.380106637293539,12
"GSM8121895_athero_human_2.txt.gz","Plate_170s_F10","asymptomatic","endothelial",-0.00171357452851266,12
"GSM8121895_athero_human_2.txt.gz","Plate_170s_F11","asymptomatic","endothelial",-0.492954178827276,12
"GSM8121895_athero_human_2.txt.gz","Plate_170s_F12","asymptomatic","endothelial",-0.0871101080930894,12
"GSM8121895_athero_human_2.txt.gz","Plate_170s_G02","asymptomatic","endothelial",0.31652636716021,12
"GSM8121895_athero_human_2.txt.gz","Plate_170s_G03","asymptomatic","endothelial",0.0329726336198413,12
"GSM8121895_athero_human_2.txt.gz","Plate_170s_G05","asymptomatic","endothelial",-0.25030085896938,12
"GSM8121895_athero_human_2.txt.gz","Plate_170s_G06","asymptomatic","endothelial",-0.110018650338326,12
"GSM8121895_athero_human_2.txt.gz","Plate_170s_G08","asymptomatic","mast",3.48502974203156,12
"GSM8121895_athero_human_2.txt.gz","Plate_170s_G09","asymptomatic","unassigned",0.482834711751239,12
"GSM8121895_athero_human_2.txt.gz","Plate_170s_G10","asymptomatic","endothelial",0.038101044134635,12
"GSM8121895_athero_human_2.txt.gz","Plate_170s_G11","asymptomatic","endothelial",0.107770194324294,12
"GSM8121895_athero_human_2.txt.gz","Plate_170s_G12","asymptomatic","endothelial",-0.287326596527869,12
"GSM8121895_athero_human_2.txt.gz","Plate_170s_H01","asymptomatic","endothelial",0.31666810991145,12
"GSM8121895_athero_human_2.txt.gz","Plate_170s_H03","asymptomatic","endothelial",0.152234974939804,12
"GSM8121895_athero_human_2.txt.gz","Plate_170s_H05","asymptomatic","endothelial",-0.122272318481003,12
"GSM8121895_athero_human_2.txt.gz","Plate_170s_H07","asymptomatic","endothelial",-0.514161068218103,12
"GSM8121895_athero_human_2.txt.gz","Plate_170s_H08","asymptomatic","endothelial",0.364920797870373,12
"GSM8121895_athero_human_2.txt.gz","Plate_170s_H09","asymptomatic","endothelial",-0.0764390607051197,12
"GSM8121895_athero_human_2.txt.gz","Plate_170s_H10","asymptomatic","endothelial",0.101932077811372,12
"GSM8121895_athero_human_2.txt.gz","Plate_170s_H11","asymptomatic","endothelial",0.589641634111787,12
"GSM8121895_athero_human_2.txt.gz","Plate_170s_H12","asymptomatic","endothelial",-0.116944158629816,12
"GSM8121895_athero_human_2.txt.gz","Plate_170s_I01","asymptomatic","endothelial",-0.0943102644323451,12
"GSM8121895_athero_human_2.txt.gz","Plate_170s_I02","asymptomatic","endothelial",0.00700863360429597,12
"GSM8121895_athero_human_2.txt.gz","Plate_170s_I03","asymptomatic","endothelial",-0.242612710099074,12
"GSM8121895_athero_human_2.txt.gz","Plate_170s_I06","asymptomatic","endothelial",-0.180964866962038,12
"GSM8121895_athero_human_2.txt.gz","Plate_170s_I07","asymptomatic","endothelial",-0.165892850376465,12
"GSM8121895_athero_human_2.txt.gz","Plate_170s_I08","asymptomatic","endothelial",-0.216882520600934,12
"GSM8121895_athero_human_2.txt.gz","Plate_170s_I09","asymptomatic","macrophage",1.32920715664729,12
"GSM8121895_athero_human_2.txt.gz","Plate_170s_I10","asymptomatic","endothelial",-0.0878284578638946,12
"GSM8121895_athero_human_2.txt.gz","Plate_170s_I11","asymptomatic","endothelial",0.00555544666945938,12
"GSM8121895_athero_human_2.txt.gz","Plate_170s_I12","asymptomatic","endothelial",0.196742425993717,12
"GSM8121895_athero_human_2.txt.gz","Plate_170s_J01","asymptomatic","endothelial",-0.313583480531645,12
"GSM8121895_athero_human_2.txt.gz","Plate_170s_J02","asymptomatic","endothelial",-0.0868427088287699,12
"GSM8121895_athero_human_2.txt.gz","Plate_170s_J04","asymptomatic","endothelial",-0.0608035074068254,12
"GSM8121895_athero_human_2.txt.gz","Plate_170s_J05","asymptomatic","endothelial",-0.0734098205968114,12
"GSM8121895_athero_human_2.txt.gz","Plate_170s_J06","asymptomatic","endothelial",0.219554962575334,12
"GSM8121895_athero_human_2.txt.gz","Plate_170s_J08","asymptomatic","endothelial",-0.392881077897655,12
"GSM8121895_athero_human_2.txt.gz","Plate_170s_J09","asymptomatic","endothelial",-0.156975407184632,12
"GSM8121895_athero_human_2.txt.gz","Plate_170s_J11","asymptomatic","endothelial",-0.11755077918711,12
"GSM8121895_athero_human_2.txt.gz","Plate_170s_K01","asymptomatic","endothelial",-0.454168008691569,12
"GSM8121895_athero_human_2.txt.gz","Plate_170s_K02","asymptomatic","endothelial",0.874896636269921,12
"GSM8121895_athero_human_2.txt.gz","Plate_170s_K03","asymptomatic","endothelial",0.564071448685451,12
"GSM8121895_athero_human_2.txt.gz","Plate_170s_K04","asymptomatic","endothelial",0.311302009375488,12
"GSM8121895_athero_human_2.txt.gz","Plate_170s_K05","asymptomatic","endothelial",-0.218387921837315,12
"GSM8121895_athero_human_2.txt.gz","Plate_170s_K06","asymptomatic","endothelial",0.155340578071863,12
"GSM8121895_athero_human_2.txt.gz","Plate_170s_K07","asymptomatic","endothelial",-0.493090394141696,12
"GSM8121895_athero_human_2.txt.gz","Plate_170s_K11","asymptomatic","endothelial",-0.301771456076917,12
"GSM8121895_athero_human_2.txt.gz","Plate_170s_L01","asymptomatic","endothelial",0.0712455760430488,12
"GSM8121895_athero_human_2.txt.gz","Plate_170s_L02","asymptomatic","endothelial",-0.0197370084504495,12
"GSM8121895_athero_human_2.txt.gz","Plate_170s_L03","asymptomatic","endothelial",0.134268313121825,12
"GSM8121895_athero_human_2.txt.gz","Plate_170s_L04","asymptomatic","endothelial",0.152072065197019,12
"GSM8121895_athero_human_2.txt.gz","Plate_170s_L05","asymptomatic","endothelial",-0.214459039111254,12
"GSM8121895_athero_human_2.txt.gz","Plate_170s_L09","asymptomatic","endothelial",-0.190938300344554,12
"GSM8121895_athero_human_2.txt.gz","Plate_170s_L10","asymptomatic","mast",0.115356456790675,12
"GSM8121895_athero_human_2.txt.gz","Plate_170s_L11","asymptomatic","endothelial",0.910318273466501,12
"GSM8121895_athero_human_2.txt.gz","Plate_170s_M01","asymptomatic","endothelial",0.381405774697084,12
"GSM8121895_athero_human_2.txt.gz","Plate_170s_M02","asymptomatic","endothelial",0.0558234012011049,12
"GSM8121895_athero_human_2.txt.gz","Plate_170s_M03","asymptomatic","endothelial",0.0100741635318792,12
"GSM8121895_athero_human_2.txt.gz","Plate_170s_M04","asymptomatic","t_nk",2.39907334035556,12
"GSM8121895_athero_human_2.txt.gz","Plate_170s_M05","asymptomatic","endothelial",0.40956986582093,12
"GSM8121895_athero_human_2.txt.gz","Plate_170s_M07","asymptomatic","endothelial",0.0914488167599615,12
"GSM8121895_athero_human_2.txt.gz","Plate_170s_M09","asymptomatic","endothelial",-0.152892984011457,12
"GSM8121895_athero_human_2.txt.gz","Plate_170s_M10","asymptomatic","endothelial",-0.367156293736245,12
"GSM8121895_athero_human_2.txt.gz","Plate_170s_N01","asymptomatic","endothelial",-0.274422413813416,12
"GSM8121895_athero_human_2.txt.gz","Plate_170s_N02","asymptomatic","endothelial",-0.0583154184267624,12
"GSM8121895_athero_human_2.txt.gz","Plate_170s_N04","asymptomatic","endothelial",-0.186911611687057,12
"GSM8121895_athero_human_2.txt.gz","Plate_170s_N05","asymptomatic","endothelial",-0.00906056760557621,12
"GSM8121895_athero_human_2.txt.gz","Plate_170s_N07","asymptomatic","endothelial",-0.453476401147969,12
"GSM8121895_athero_human_2.txt.gz","Plate_170s_N08","asymptomatic","vsmc",-0.273468028619026,12
"GSM8121895_athero_human_2.txt.gz","Plate_170s_N10","asymptomatic","b_cell",-0.272732534721507,12
"GSM8121895_athero_human_2.txt.gz","Plate_170s_N11","asymptomatic","endothelial",-0.376482068118579,12
"GSM8121895_athero_human_2.txt.gz","Plate_170s_N12","asymptomatic","endothelial",0.219621514552115,12
"GSM8121895_athero_human_2.txt.gz","Plate_170s_O01","asymptomatic","endothelial",-0.324074697338833,12
"GSM8121895_athero_human_2.txt.gz","Plate_170s_O02","asymptomatic","endothelial",-0.443564056258847,12
"GSM8121895_athero_human_2.txt.gz","Plate_170s_O03","asymptomatic","endothelial",-0.360000124596462,12
"GSM8121895_athero_human_2.txt.gz","Plate_170s_O04","asymptomatic","endothelial",-0.482290103621312,12
"GSM8121895_athero_human_2.txt.gz","Plate_170s_O05","asymptomatic","endothelial",-0.21204056075008,12
"GSM8121895_athero_human_2.txt.gz","Plate_170s_O06","asymptomatic","endothelial",-0.171578584402308,12
"GSM8121895_athero_human_2.txt.gz","Plate_170s_O07","asymptomatic","endothelial",0.0570121713475353,12
"GSM8121895_athero_human_2.txt.gz","Plate_170s_O08","asymptomatic","endothelial",-0.0950313264368036,12
"GSM8121895_athero_human_2.txt.gz","Plate_170s_O09","asymptomatic","endothelial",0.0624123366932184,12
"GSM8121895_athero_human_2.txt.gz","Plate_170s_O10","asymptomatic","endothelial",0.107170624885847,12
"GSM8121895_athero_human_2.txt.gz","Plate_170s_O11","asymptomatic","endothelial",-0.328269630712579,12
"GSM8121895_athero_human_2.txt.gz","Plate_170s_O12","asymptomatic","endothelial",-0.13720303210909,12
"GSM8121895_athero_human_2.txt.gz","Plate_170s_P01","asymptomatic","endothelial",-0.243638920683585,12
"GSM8121895_athero_human_2.txt.gz","Plate_170s_P02","asymptomatic","endothelial",0.146678427506433,12
"GSM8121895_athero_human_2.txt.gz","Plate_170s_P03","asymptomatic","endothelial",-0.551782469258351,12
"GSM8121895_athero_human_2.txt.gz","Plate_170s_P05","asymptomatic","mast",-0.524025555230048,12
"GSM8121895_athero_human_2.txt.gz","Plate_170s_P06","asymptomatic","endothelial",-0.393308230682787,12
"GSM8121895_athero_human_2.txt.gz","Plate_170s_P08","asymptomatic","endothelial",-0.371336611309681,12
"GSM8121895_athero_human_2.txt.gz","Plate_170s_P09","asymptomatic","endothelial",-0.158427918074768,12
"GSM8121895_athero_human_2.txt.gz","Plate_170s_P10","asymptomatic","endothelial",-0.50922272232794,12
"GSM8121895_athero_human_2.txt.gz","Plate_171s_A02","asymptomatic","fibroblast",0.166701421280639,12
"GSM8121895_athero_human_2.txt.gz","Plate_171s_A03","asymptomatic","fibroblast",-0.131303853054972,12
"GSM8121895_athero_human_2.txt.gz","Plate_171s_A04","asymptomatic","fibroblast",-0.323579926838305,12
"GSM8121895_athero_human_2.txt.gz","Plate_171s_A05","asymptomatic","vsmc",-0.472324035344579,12
"GSM8121895_athero_human_2.txt.gz","Plate_171s_A06","asymptomatic","fibroblast",0.0335162224667871,12
"GSM8121895_athero_human_2.txt.gz","Plate_171s_A07","asymptomatic","vsmc",-0.0529642065715981,12
"GSM8121895_athero_human_2.txt.gz","Plate_171s_A08","asymptomatic","vsmc",-0.141833419857238,12
"GSM8121895_athero_human_2.txt.gz","Plate_171s_A09","asymptomatic","vsmc",-0.0630784905715629,12
"GSM8121895_athero_human_2.txt.gz","Plate_171s_A10","asymptomatic","vsmc",-0.199978278574456,12
"GSM8121895_athero_human_2.txt.gz","Plate_171s_A11","asymptomatic","fibroblast",-0.0977142243733777,12
"GSM8121895_athero_human_2.txt.gz","Plate_171s_A12","asymptomatic","fibroblast",0.385630586119185,12
"GSM8121895_athero_human_2.txt.gz","Plate_171s_A13","asymptomatic","fibroblast",-0.359426697002447,12
"GSM8121895_athero_human_2.txt.gz","Plate_171s_A14","asymptomatic","fibroblast",-0.359298782341983,12
"GSM8121895_athero_human_2.txt.gz","Plate_171s_A15","asymptomatic","fibroblast",0.185807311569855,12
"GSM8121895_athero_human_2.txt.gz","Plate_171s_A17","asymptomatic","unassigned",0.553948449456728,12
"GSM8121895_athero_human_2.txt.gz","Plate_171s_A18","asymptomatic","fibroblast",0.0552974531081402,12
"GSM8121895_athero_human_2.txt.gz","Plate_171s_A19","asymptomatic","fibroblast",-0.0816142063968006,12
"GSM8121895_athero_human_2.txt.gz","Plate_171s_A20","asymptomatic","unassigned",0.603758923093329,12
"GSM8121895_athero_human_2.txt.gz","Plate_171s_A21","asymptomatic","fibroblast",0.270985151696035,12
"GSM8121895_athero_human_2.txt.gz","Plate_171s_A22","asymptomatic","fibroblast",-0.00213427423768478,12
"GSM8121895_athero_human_2.txt.gz","Plate_171s_A24","asymptomatic","fibroblast",0.544366583387873,12
"GSM8121895_athero_human_2.txt.gz","Plate_171s_B01","asymptomatic","fibroblast",-0.380645745595485,12
"GSM8121895_athero_human_2.txt.gz","Plate_171s_B03","asymptomatic","vsmc",0.295936988757455,12
"GSM8121895_athero_human_2.txt.gz","Plate_171s_B05","asymptomatic","vsmc",0.719681110447109,12
"GSM8121895_athero_human_2.txt.gz","Plate_171s_B06","asymptomatic","unassigned",-0.206360627668709,12
"GSM8121895_athero_human_2.txt.gz","Plate_171s_B07","asymptomatic","fibroblast",-0.21170733007847,12
"GSM8121895_athero_human_2.txt.gz","Plate_171s_B08","asymptomatic","fibroblast",0.211590404385533,12
"GSM8121895_athero_human_2.txt.gz","Plate_171s_B09","asymptomatic","vsmc",0.112949830994835,12
"GSM8121895_athero_human_2.txt.gz","Plate_171s_B10","asymptomatic","vsmc",-0.224656635054606,12
"GSM8121895_athero_human_2.txt.gz","Plate_171s_B11","asymptomatic","unassigned",-0.137090021468824,12
"GSM8121895_athero_human_2.txt.gz","Plate_171s_B12","asymptomatic","fibroblast",0.00208372852075759,12
"GSM8121895_athero_human_2.txt.gz","Plate_171s_B14","asymptomatic","unassigned",0.20702142324912,12
"GSM8121895_athero_human_2.txt.gz","Plate_171s_B15","asymptomatic","fibroblast",0.125129269726872,12
"GSM8121895_athero_human_2.txt.gz","Plate_171s_B16","asymptomatic","unassigned",0.16256120258251,12
"GSM8121895_athero_human_2.txt.gz","Plate_171s_B17","asymptomatic","fibroblast",-0.235469856632389,12
"GSM8121895_athero_human_2.txt.gz","Plate_171s_B18","asymptomatic","vsmc",0.0293133103793544,12
"GSM8121895_athero_human_2.txt.gz","Plate_171s_B19","asymptomatic","vsmc",-0.199461697260182,12
"GSM8121895_athero_human_2.txt.gz","Plate_171s_B20","asymptomatic","fibroblast",0.111642982977587,12
"GSM8121895_athero_human_2.txt.gz","Plate_171s_B22","asymptomatic","vsmc",0.0322023388723077,12
"GSM8121895_athero_human_2.txt.gz","Plate_171s_B23","asymptomatic","vsmc",-0.0880345611488339,12
"GSM8121895_athero_human_2.txt.gz","Plate_171s_C05","asymptomatic","unassigned",0.291372942344866,12
"GSM8121895_athero_human_2.txt.gz","Plate_171s_C06","asymptomatic","vsmc",-0.301645935457213,12
"GSM8121895_athero_human_2.txt.gz","Plate_171s_C07","asymptomatic","fibroblast",-0.0980327785168643,12
"GSM8121895_athero_human_2.txt.gz","Plate_171s_C08","asymptomatic","vsmc",-0.108323686258479,12
"GSM8121895_athero_human_2.txt.gz","Plate_171s_C09","asymptomatic","vsmc",0.185890688150919,12
"GSM8121895_athero_human_2.txt.gz","Plate_171s_C10","asymptomatic","vsmc",0.0458722394836645,12
"GSM8121895_athero_human_2.txt.gz","Plate_171s_C11","asymptomatic","vsmc",-0.198833994434612,12
"GSM8121895_athero_human_2.txt.gz","Plate_171s_C12","asymptomatic","vsmc",-0.265000132821281,12
"GSM8121895_athero_human_2.txt.gz","Plate_171s_C13","asymptomatic","vsmc",-0.277832242537251,12
"GSM8121895_athero_human_2.txt.gz","Plate_171s_C14","asymptomatic","vsmc",-0.495168028737066,12
"GSM8121895_athero_human_2.txt.gz","Plate_171s_C15","asymptomatic","vsmc",-0.254381006342241,12
"GSM8121895_athero_human_2.txt.gz","Plate_171s_C17","asymptomatic","vsmc",-0.274366613926074,12
"GSM8121895_athero_human_2.txt.gz","Plate_171s_C18","asymptomatic","t_nk",1.22861979228548,12
"GSM8121895_athero_human_2.txt.gz","Plate_171s_C19","asymptomatic","unassigned",0.275403231395691,12
"GSM8121895_athero_human_2.txt.gz","Plate_171s_C20","asymptomatic","fibroblast",-0.30007549891346,12
"GSM8121895_athero_human_2.txt.gz","Plate_171s_C21","asymptomatic","fibroblast",0.321245213619958,12
"GSM8121895_athero_human_2.txt.gz","Plate_171s_C22","asymptomatic","vsmc",-0.217641992896778,12
"GSM8121895_athero_human_2.txt.gz","Plate_171s_D03","asymptomatic","fibroblast",0.450905275282014,12
"GSM8121895_athero_human_2.txt.gz","Plate_171s_D04","asymptomatic","vsmc",-0.149437780017285,12
"GSM8121895_athero_human_2.txt.gz","Plate_171s_D05","asymptomatic","vsmc",-0.19419650321129,12
"GSM8121895_athero_human_2.txt.gz","Plate_171s_D06","asymptomatic","vsmc",-0.0245343215779197,12
"GSM8121895_athero_human_2.txt.gz","Plate_171s_D07","asymptomatic","vsmc",0.132554105333354,12
"GSM8121895_athero_human_2.txt.gz","Plate_171s_D09","asymptomatic","vsmc",0.295803099651145,12
"GSM8121895_athero_human_2.txt.gz","Plate_171s_D10","asymptomatic","unassigned",-0.205137113540275,12
"GSM8121895_athero_human_2.txt.gz","Plate_171s_D11","asymptomatic","vsmc",-0.364994682085928,12
"GSM8121895_athero_human_2.txt.gz","Plate_171s_D13","asymptomatic","fibroblast",0.006813788644325,12
"GSM8121895_athero_human_2.txt.gz","Plate_171s_D14","asymptomatic","vsmc",-0.0369103436266774,12
"GSM8121895_athero_human_2.txt.gz","Plate_171s_D15","asymptomatic","vsmc",-0.1226550302872,12
"GSM8121895_athero_human_2.txt.gz","Plate_171s_D16","asymptomatic","b_cell",-0.117718786962736,12
"GSM8121895_athero_human_2.txt.gz","Plate_171s_D17","asymptomatic","fibroblast",0.106418443094842,12
"GSM8121895_athero_human_2.txt.gz","Plate_171s_D18","asymptomatic","unassigned",-0.0903985189041979,12
"GSM8121895_athero_human_2.txt.gz","Plate_171s_D20","asymptomatic","vsmc",0.37948281392422,12
"GSM8121895_athero_human_2.txt.gz","Plate_171s_D21","asymptomatic","fibroblast",-0.323068511675301,12
"GSM8121895_athero_human_2.txt.gz","Plate_171s_D22","asymptomatic","fibroblast",0.356465585310869,12
"GSM8121895_athero_human_2.txt.gz","Plate_171s_D23","asymptomatic","vsmc",-0.281052226244827,12
"GSM8121895_athero_human_2.txt.gz","Plate_171s_D24","asymptomatic","fibroblast",-0.541108678745381,12
"GSM8121895_athero_human_2.txt.gz","Plate_171s_E02","asymptomatic","vsmc",-0.13424541180948,12
"GSM8121895_athero_human_2.txt.gz","Plate_171s_E03","asymptomatic","unassigned",0.325072998182938,12
"GSM8121895_athero_human_2.txt.gz","Plate_171s_E04","asymptomatic","fibroblast",0.327303947874169,12
"GSM8121895_athero_human_2.txt.gz","Plate_171s_E05","asymptomatic","unassigned",-0.0145331450068072,12
"GSM8121895_athero_human_2.txt.gz","Plate_171s_E07","asymptomatic","vsmc",-0.420763092798266,12
"GSM8121895_athero_human_2.txt.gz","Plate_171s_E10","asymptomatic","vsmc",-0.119634181612024,12
"GSM8121895_athero_human_2.txt.gz","Plate_171s_E11","asymptomatic","fibroblast",0.102041539978948,12
"GSM8121895_athero_human_2.txt.gz","Plate_171s_E12","asymptomatic","vsmc",0.281624606094219,12
"GSM8121895_athero_human_2.txt.gz","Plate_171s_E14","asymptomatic","vsmc",-0.373688537493863,12
"GSM8121895_athero_human_2.txt.gz","Plate_171s_E16","asymptomatic","vsmc",0.107094488163453,12
"GSM8121895_athero_human_2.txt.gz","Plate_171s_E17","asymptomatic","fibroblast",-0.252985754520734,12
"GSM8121895_athero_human_2.txt.gz","Plate_171s_E18","asymptomatic","vsmc",-0.202946905491564,12
"GSM8121895_athero_human_2.txt.gz","Plate_171s_E19","asymptomatic","fibroblast",-0.105526493826659,12
"GSM8121895_athero_human_2.txt.gz","Plate_171s_E20","asymptomatic","vsmc",-0.141137028545239,12
"GSM8121895_athero_human_2.txt.gz","Plate_171s_E23","asymptomatic","unassigned",0.302823908899773,12
"GSM8121895_athero_human_2.txt.gz","Plate_171s_E24","asymptomatic","fibroblast",-0.179426320258786,12
"GSM8121895_athero_human_2.txt.gz","Plate_171s_F01","asymptomatic","fibroblast",-0.196506542503073,12
"GSM8121895_athero_human_2.txt.gz","Plate_171s_F02","asymptomatic","fibroblast",0.149238950248902,12
"GSM8121895_athero_human_2.txt.gz","Plate_171s_F04","asymptomatic","fibroblast",-0.434848847681616,12
"GSM8121895_athero_human_2.txt.gz","Plate_171s_F05","asymptomatic","vsmc",-0.0849330547218715,12
"GSM8121895_athero_human_2.txt.gz","Plate_171s_F06","asymptomatic","vsmc",0.108933731061326,12
"GSM8121895_athero_human_2.txt.gz","Plate_171s_F08","asymptomatic","unassigned",0.0649552378173627,12
"GSM8121895_athero_human_2.txt.gz","Plate_171s_F09","asymptomatic","vsmc",-0.525865892698976,12
"GSM8121895_athero_human_2.txt.gz","Plate_171s_F10","asymptomatic","fibroblast",0.957645357652173,12
"GSM8121895_athero_human_2.txt.gz","Plate_171s_F11","asymptomatic","unassigned",0.0215705978270249,12
"GSM8121895_athero_human_2.txt.gz","Plate_171s_F12","asymptomatic","vsmc",-0.233311220913214,12
"GSM8121895_athero_human_2.txt.gz","Plate_171s_F14","asymptomatic","vsmc",0.138789460119971,12
"GSM8121895_athero_human_2.txt.gz","Plate_171s_F15","asymptomatic","fibroblast",0.734187479802327,12
"GSM8121895_athero_human_2.txt.gz","Plate_171s_F16","asymptomatic","fibroblast",-0.0132877319034536,12
"GSM8121895_athero_human_2.txt.gz","Plate_171s_F19","asymptomatic","unassigned",0.267887908867798,12
"GSM8121895_athero_human_2.txt.gz","Plate_171s_F20","asymptomatic","vsmc",-0.119393692814489,12
"GSM8121895_athero_human_2.txt.gz","Plate_171s_F21","asymptomatic","unassigned",-0.378143870179972,12
"GSM8121895_athero_human_2.txt.gz","Plate_171s_F22","asymptomatic","fibroblast",0.221427747282678,12
"GSM8121895_athero_human_2.txt.gz","Plate_171s_F24","asymptomatic","vsmc",0.018247275693534,12
"GSM8121895_athero_human_2.txt.gz","Plate_171s_G01","asymptomatic","fibroblast",-0.00258565635288693,12
"GSM8121895_athero_human_2.txt.gz","Plate_171s_G03","asymptomatic","vsmc",-0.207584074265592,12
"GSM8121895_athero_human_2.txt.gz","Plate_171s_G04","asymptomatic","fibroblast",-0.033906874874547,12
"GSM8121895_athero_human_2.txt.gz","Plate_171s_G07","asymptomatic","fibroblast",-0.141946721557431,12
"GSM8121895_athero_human_2.txt.gz","Plate_171s_G08","asymptomatic","vsmc",-0.161832665078175,12
"GSM8121895_athero_human_2.txt.gz","Plate_171s_G09","asymptomatic","unassigned",0.304488362176449,12
"GSM8121895_athero_human_2.txt.gz","Plate_171s_G10","asymptomatic","fibroblast",0.555916446720358,12
"GSM8121895_athero_human_2.txt.gz","Plate_171s_G12","asymptomatic","fibroblast",0.514166337083247,12
"GSM8121895_athero_human_2.txt.gz","Plate_171s_G13","asymptomatic","fibroblast",0.236115946875852,12
"GSM8121895_athero_human_2.txt.gz","Plate_171s_G14","asymptomatic","vsmc",-0.093206826320637,12
"GSM8121895_athero_human_2.txt.gz","Plate_171s_G17","asymptomatic","fibroblast",0.178915674039328,12
"GSM8121895_athero_human_2.txt.gz","Plate_171s_G18","asymptomatic","fibroblast",0.188216313988918,12
"GSM8121895_athero_human_2.txt.gz","Plate_171s_G19","asymptomatic","b_cell",0.0805704954315793,12
"GSM8121895_athero_human_2.txt.gz","Plate_171s_G20","asymptomatic","fibroblast",0.0703356627008494,12
"GSM8121895_athero_human_2.txt.gz","Plate_171s_G21","asymptomatic","vsmc",-0.265231571210969,12
"GSM8121895_athero_human_2.txt.gz","Plate_171s_G22","asymptomatic","vsmc",-0.215018879206404,12
"GSM8121895_athero_human_2.txt.gz","Plate_171s_G23","asymptomatic","vsmc",0.000552003486513701,12
"GSM8121895_athero_human_2.txt.gz","Plate_171s_H01","asymptomatic","fibroblast",-0.00545496462930489,12
"GSM8121895_athero_human_2.txt.gz","Plate_171s_H02","asymptomatic","vsmc",-0.162379901447501,12
"GSM8121895_athero_human_2.txt.gz","Plate_171s_H04","asymptomatic","fibroblast",-0.196656377974196,12
"GSM8121895_athero_human_2.txt.gz","Plate_171s_H05","asymptomatic","vsmc",-0.129282353374185,12
"GSM8121895_athero_human_2.txt.gz","Plate_171s_H06","asymptomatic","vsmc",0.343745906298503,12
"GSM8121895_athero_human_2.txt.gz","Plate_171s_H08","asymptomatic","vsmc",-0.144896139000924,12
"GSM8121895_athero_human_2.txt.gz","Plate_171s_H09","asymptomatic","fibroblast",-0.0403654376991672,12
"GSM8121895_athero_human_2.txt.gz","Plate_171s_H10","asymptomatic","macrophage",0.818472092951154,12
"GSM8121895_athero_human_2.txt.gz","Plate_171s_H11","asymptomatic","vsmc",0.0883346350191624,12
"GSM8121895_athero_human_2.txt.gz","Plate_171s_H14","asymptomatic","unassigned",-0.122320911646007,12
"GSM8121895_athero_human_2.txt.gz","Plate_171s_H15","asymptomatic","vsmc",-0.280233194120306,12
"GSM8121895_athero_human_2.txt.gz","Plate_171s_H16","asymptomatic","vsmc",0.14795384790034,12
"GSM8121895_athero_human_2.txt.gz","Plate_171s_H17","asymptomatic","fibroblast",0.451852452449559,12
"GSM8121895_athero_human_2.txt.gz","Plate_171s_H19","asymptomatic","fibroblast",-0.0168511569703208,12
"GSM8121895_athero_human_2.txt.gz","Plate_171s_H20","asymptomatic","vsmc",-0.0212181292498092,12
"GSM8121895_athero_human_2.txt.gz","Plate_171s_H21","asymptomatic","unassigned",0.0745917447861315,12
"GSM8121895_athero_human_2.txt.gz","Plate_171s_H23","asymptomatic","vsmc",-0.341769250119131,12
"GSM8121895_athero_human_2.txt.gz","Plate_171s_H24","asymptomatic","vsmc",0.106332418449654,12
"GSM8121895_athero_human_2.txt.gz","Plate_171s_I02","asymptomatic","vsmc",0.836934939379603,12
"GSM8121895_athero_human_2.txt.gz","Plate_171s_I03","asymptomatic","vsmc",0.013095019372437,12
"GSM8121895_athero_human_2.txt.gz","Plate_171s_I04","asymptomatic","unassigned",-0.256644016899663,12
"GSM8121895_athero_human_2.txt.gz","Plate_171s_I05","asymptomatic","unassigned",-0.537291354873889,12
"GSM8121895_athero_human_2.txt.gz","Plate_171s_I06","asymptomatic","vsmc",-0.0288033718513481,12
"GSM8121895_athero_human_2.txt.gz","Plate_171s_I07","asymptomatic","vsmc",-0.377871612040383,12
"GSM8121895_athero_human_2.txt.gz","Plate_171s_I08","asymptomatic","vsmc",-0.112256524792776,12
"GSM8121895_athero_human_2.txt.gz","Plate_171s_I09","asymptomatic","vsmc",-0.220757761090776,12
"GSM8121895_athero_human_2.txt.gz","Plate_171s_I12","asymptomatic","fibroblast",0.506105338055992,12
"GSM8121895_athero_human_2.txt.gz","Plate_171s_I14","asymptomatic","vsmc",-0.0970217573738836,12
"GSM8121895_athero_human_2.txt.gz","Plate_171s_I16","asymptomatic","fibroblast",-0.132187239762884,12
"GSM8121895_athero_human_2.txt.gz","Plate_171s_I17","asymptomatic","vsmc",-0.374224584936098,12
"GSM8121895_athero_human_2.txt.gz","Plate_171s_I18","asymptomatic","vsmc",-0.409776085122453,12
"GSM8121895_athero_human_2.txt.gz","Plate_171s_I19","asymptomatic","unassigned",0.3330353223424,12
"GSM8121895_athero_human_2.txt.gz","Plate_171s_I20","asymptomatic","vsmc",0.0228563494175661,12
"GSM8121895_athero_human_2.txt.gz","Plate_171s_I21","asymptomatic","vsmc",-0.40373536095337,12
"GSM8121895_athero_human_2.txt.gz","Plate_171s_I22","asymptomatic","vsmc",-0.297371318056288,12
"GSM8121895_athero_human_2.txt.gz","Plate_171s_I23","asymptomatic","vsmc",-0.391490254869019,12
"GSM8121895_athero_human_2.txt.gz","Plate_171s_I24","asymptomatic","fibroblast",0.589173970169262,12
"GSM8121895_athero_human_2.txt.gz","Plate_171s_J01","asymptomatic","vsmc",-0.318638598564656,12
"GSM8121895_athero_human_2.txt.gz","Plate_171s_J02","asymptomatic","vsmc",-0.173177922549461,12
"GSM8121895_athero_human_2.txt.gz","Plate_171s_J03","asymptomatic","vsmc",-0.0294823261549631,12
"GSM8121895_athero_human_2.txt.gz","Plate_171s_J04","asymptomatic","vsmc",-0.527624546818244,12
"GSM8121895_athero_human_2.txt.gz","Plate_171s_J06","asymptomatic","fibroblast",0.05377927099356,12
"GSM8121895_athero_human_2.txt.gz","Plate_171s_J07","asymptomatic","b_cell",0.182251255417041,12
"GSM8121895_athero_human_2.txt.gz","Plate_171s_J08","asymptomatic","vsmc",-0.335638151318506,12
"GSM8121895_athero_human_2.txt.gz","Plate_171s_J09","asymptomatic","fibroblast",-0.220937701402959,12
"GSM8121895_athero_human_2.txt.gz","Plate_171s_J10","asymptomatic","unassigned",0.0243646505317232,12
"GSM8121895_athero_human_2.txt.gz","Plate_171s_J11","asymptomatic","unassigned",0.125824249738491,12
"GSM8121895_athero_human_2.txt.gz","Plate_171s_J14","asymptomatic","fibroblast",-0.206055769322212,12
"GSM8121895_athero_human_2.txt.gz","Plate_171s_J15","asymptomatic","macrophage",0.474953337080166,12
"GSM8121895_athero_human_2.txt.gz","Plate_171s_J16","asymptomatic","fibroblast",-0.0299888937926649,12
"GSM8121895_athero_human_2.txt.gz","Plate_171s_J17","asymptomatic","fibroblast",-0.15904240514694,12
"GSM8121895_athero_human_2.txt.gz","Plate_171s_J18","asymptomatic","vsmc",-0.216033895685824,12
"GSM8121895_athero_human_2.txt.gz","Plate_171s_J19","asymptomatic","fibroblast",0.211705440806247,12
"GSM8121895_athero_human_2.txt.gz","Plate_171s_J20","asymptomatic","fibroblast",-0.493933183149222,12
"GSM8121895_athero_human_2.txt.gz","Plate_171s_J21","asymptomatic","unassigned",-0.167884604702608,12
"GSM8121895_athero_human_2.txt.gz","Plate_171s_J22","asymptomatic","vsmc",0.0462501281301738,12
"GSM8121895_athero_human_2.txt.gz","Plate_171s_J23","asymptomatic","vsmc",-0.41126176441284,12
"GSM8121895_athero_human_2.txt.gz","Plate_171s_J24","asymptomatic","fibroblast",-0.271513971206287,12
"GSM8121895_athero_human_2.txt.gz","Plate_171s_K02","asymptomatic","vsmc",-0.24999550303601,12
"GSM8121895_athero_human_2.txt.gz","Plate_171s_K04","asymptomatic","fibroblast",0.0236156979259216,12
"GSM8121895_athero_human_2.txt.gz","Plate_171s_K05","asymptomatic","vsmc",-0.146095798786075,12
"GSM8121895_athero_human_2.txt.gz","Plate_171s_K09","asymptomatic","vsmc",0.335503509248544,12
"GSM8121895_athero_human_2.txt.gz","Plate_171s_K11","asymptomatic","fibroblast",-0.184784719231987,12
"GSM8121895_athero_human_2.txt.gz","Plate_171s_K12","asymptomatic","fibroblast",0.42064788842006,12
"GSM8121895_athero_human_2.txt.gz","Plate_171s_K14","asymptomatic","fibroblast",-0.209463809418047,12
"GSM8121895_athero_human_2.txt.gz","Plate_171s_K15","asymptomatic","fibroblast",0.276895677100023,12
"GSM8121895_athero_human_2.txt.gz","Plate_171s_K16","asymptomatic","fibroblast",-0.0332714642277603,12
"GSM8121895_athero_human_2.txt.gz","Plate_171s_K17","asymptomatic","vsmc",-0.121232065471548,12
"GSM8121895_athero_human_2.txt.gz","Plate_171s_K18","asymptomatic","fibroblast",-0.355682654411944,12
"GSM8121895_athero_human_2.txt.gz","Plate_171s_K20","asymptomatic","fibroblast",-0.291770430391831,12
"GSM8121895_athero_human_2.txt.gz","Plate_171s_K23","asymptomatic","vsmc",-0.542919743473187,12
"GSM8121895_athero_human_2.txt.gz","Plate_171s_L01","asymptomatic","fibroblast",-0.0186489360171029,12
"GSM8121895_athero_human_2.txt.gz","Plate_171s_L03","asymptomatic","vsmc",0.178303857235856,12
"GSM8121895_athero_human_2.txt.gz","Plate_171s_L04","asymptomatic","fibroblast",0.0291920070135532,12
"GSM8121895_athero_human_2.txt.gz","Plate_171s_L05","asymptomatic","fibroblast",-0.0762070126398215,12
"GSM8121895_athero_human_2.txt.gz","Plate_171s_L06","asymptomatic","fibroblast",1.4722356991573,12
"GSM8121895_athero_human_2.txt.gz","Plate_171s_L07","asymptomatic","vsmc",-0.518619832528802,12
"GSM8121895_athero_human_2.txt.gz","Plate_171s_L08","asymptomatic","fibroblast",-0.340269443986652,12
"GSM8121895_athero_human_2.txt.gz","Plate_171s_L09","asymptomatic","vsmc",0.175872278803105,12
"GSM8121895_athero_human_2.txt.gz","Plate_171s_L10","asymptomatic","unassigned",0.0796652626932661,12
"GSM8121895_athero_human_2.txt.gz","Plate_171s_L11","asymptomatic","vsmc",-0.338561777502357,12
"GSM8121895_athero_human_2.txt.gz","Plate_171s_L12","asymptomatic","vsmc",-0.057961331648613,12
"GSM8121895_athero_human_2.txt.gz","Plate_171s_L14","asymptomatic","fibroblast",-0.0477699987884933,12
"GSM8121895_athero_human_2.txt.gz","Plate_171s_L15","asymptomatic","fibroblast",-0.328894477139644,12
"GSM8121895_athero_human_2.txt.gz","Plate_171s_L17","asymptomatic","fibroblast",0.0427721118443278,12
"GSM8121895_athero_human_2.txt.gz","Plate_171s_L18","asymptomatic","unassigned",-0.118161841083823,12
"GSM8121895_athero_human_2.txt.gz","Plate_171s_L19","asymptomatic","unassigned",0.246685881293115,12
"GSM8121895_athero_human_2.txt.gz","Plate_171s_L20","asymptomatic","vsmc",-0.311704695052891,12
"GSM8121895_athero_human_2.txt.gz","Plate_171s_L21","asymptomatic","vsmc",-0.0444515879010769,12
"GSM8121895_athero_human_2.txt.gz","Plate_171s_L23","asymptomatic","vsmc",-0.204646613177005,12
"GSM8121895_athero_human_2.txt.gz","Plate_171s_L24","asymptomatic","vsmc",-0.119984201274147,12
"GSM8121895_athero_human_2.txt.gz","Plate_171s_M01","asymptomatic","unassigned",0.547188177600962,12
"GSM8121895_athero_human_2.txt.gz","Plate_171s_M02","asymptomatic","vsmc",0.323384881436974,12
"GSM8121895_athero_human_2.txt.gz","Plate_171s_M03","asymptomatic","unassigned",-0.122084250889597,12
"GSM8121895_athero_human_2.txt.gz","Plate_171s_M04","asymptomatic","fibroblast",-0.337093638914115,12
"GSM8121895_athero_human_2.txt.gz","Plate_171s_M05","asymptomatic","fibroblast",0.235974885272457,12
"GSM8121895_athero_human_2.txt.gz","Plate_171s_M07","asymptomatic","vsmc",-0.291691090961104,12
"GSM8121895_athero_human_2.txt.gz","Plate_171s_M08","asymptomatic","vsmc",0.329448850836422,12
"GSM8121895_athero_human_2.txt.gz","Plate_171s_M10","asymptomatic","vsmc",0.284976496488294,12
"GSM8121895_athero_human_2.txt.gz","Plate_171s_M11","asymptomatic","vsmc",0.0211941842617882,12
"GSM8121895_athero_human_2.txt.gz","Plate_171s_M12","asymptomatic","fibroblast",0.0783496275082474,12
"GSM8121895_athero_human_2.txt.gz","Plate_171s_M13","asymptomatic","fibroblast",-0.179174485868222,12
"GSM8121895_athero_human_2.txt.gz","Plate_171s_M14","asymptomatic","fibroblast",-0.118241882452301,12
"GSM8121895_athero_human_2.txt.gz","Plate_171s_M15","asymptomatic","fibroblast",-0.190846957732292,12
"GSM8121895_athero_human_2.txt.gz","Plate_171s_M16","asymptomatic","fibroblast",0.324549030356841,12
"GSM8121895_athero_human_2.txt.gz","Plate_171s_M17","asymptomatic","fibroblast",-0.276651828822399,12
"GSM8121895_athero_human_2.txt.gz","Plate_171s_M19","asymptomatic","vsmc",-0.114971366627484,12
"GSM8121895_athero_human_2.txt.gz","Plate_171s_M20","asymptomatic","fibroblast",0.0774642843543049,12
"GSM8121895_athero_human_2.txt.gz","Plate_171s_M21","asymptomatic","fibroblast",0.22873898823819,12
"GSM8121895_athero_human_2.txt.gz","Plate_171s_M22","asymptomatic","fibroblast",0.171414958237334,12
"GSM8121895_athero_human_2.txt.gz","Plate_171s_M23","asymptomatic","fibroblast",-0.246928207382327,12
"GSM8121895_athero_human_2.txt.gz","Plate_171s_N01","asymptomatic","fibroblast",0.184840963588943,12
"GSM8121895_athero_human_2.txt.gz","Plate_171s_N02","asymptomatic","fibroblast",-0.253610272277949,12
"GSM8121895_athero_human_2.txt.gz","Plate_171s_N03","asymptomatic","vsmc",-0.367719542321794,12
"GSM8121895_athero_human_2.txt.gz","Plate_171s_N04","asymptomatic","mast",-0.316933205884285,12
"GSM8121895_athero_human_2.txt.gz","Plate_171s_N05","asymptomatic","vsmc",0.290226545886303,12
"GSM8121895_athero_human_2.txt.gz","Plate_171s_N06","asymptomatic","vsmc",-0.162594268999071,12
"GSM8121895_athero_human_2.txt.gz","Plate_171s_N07","asymptomatic","fibroblast",0.499852539478255,12
"GSM8121895_athero_human_2.txt.gz","Plate_171s_N08","asymptomatic","vsmc",-0.248097817116927,12
"GSM8121895_athero_human_2.txt.gz","Plate_171s_N09","asymptomatic","vsmc",0.0525992821919797,12
"GSM8121895_athero_human_2.txt.gz","Plate_171s_N10","asymptomatic","mast",0.376690504481346,12
"GSM8121895_athero_human_2.txt.gz","Plate_171s_N11","asymptomatic","vsmc",-0.252441824174916,12
"GSM8121895_athero_human_2.txt.gz","Plate_171s_N12","asymptomatic","unassigned",-0.324487528740434,12
"GSM8121895_athero_human_2.txt.gz","Plate_171s_N14","asymptomatic","fibroblast",-0.097862842391443,12
"GSM8121895_athero_human_2.txt.gz","Plate_171s_N16","asymptomatic","vsmc",0.173146130830881,12
"GSM8121895_athero_human_2.txt.gz","Plate_171s_N17","asymptomatic","vsmc",0.242983198160497,12
"GSM8121895_athero_human_2.txt.gz","Plate_171s_N20","asymptomatic","vsmc",-0.177900001309473,12
"GSM8121895_athero_human_2.txt.gz","Plate_171s_N21","asymptomatic","vsmc",-0.434855528757915,12
"GSM8121895_athero_human_2.txt.gz","Plate_171s_N23","asymptomatic","fibroblast",0.0973377439728448,12
"GSM8121895_athero_human_2.txt.gz","Plate_171s_O01","asymptomatic","vsmc",0.131008459436406,12
"GSM8121895_athero_human_2.txt.gz","Plate_171s_O02","asymptomatic","fibroblast",0.583391728622259,12
"GSM8121895_athero_human_2.txt.gz","Plate_171s_O03","asymptomatic","vsmc",0.0150818277789821,12
"GSM8121895_athero_human_2.txt.gz","Plate_171s_O04","asymptomatic","unassigned",0.0121229894187816,12
"GSM8121895_athero_human_2.txt.gz","Plate_171s_O05","asymptomatic","fibroblast",0.452487024904498,12
"GSM8121895_athero_human_2.txt.gz","Plate_171s_O06","asymptomatic","vsmc",-0.162955418375134,12
"GSM8121895_athero_human_2.txt.gz","Plate_171s_O07","asymptomatic","vsmc",0.041964737533962,12
"GSM8121895_athero_human_2.txt.gz","Plate_171s_O08","asymptomatic","fibroblast",0.645975683449857,12
"GSM8121895_athero_human_2.txt.gz","Plate_171s_O09","asymptomatic","unassigned",0.473671563398316,12
"GSM8121895_athero_human_2.txt.gz","Plate_171s_O10","asymptomatic","fibroblast",-0.365268895102281,12
"GSM8121895_athero_human_2.txt.gz","Plate_171s_O11","asymptomatic","fibroblast",0.537119163494242,12
"GSM8121895_athero_human_2.txt.gz","Plate_171s_O12","asymptomatic","fibroblast",0.382568044513208,12
"GSM8121895_athero_human_2.txt.gz","Plate_171s_O13","asymptomatic","vsmc",0.0394113666108646,12
"GSM8121895_athero_human_2.txt.gz","Plate_171s_O15","asymptomatic","unassigned",0.670146720191655,12
"GSM8121895_athero_human_2.txt.gz","Plate_171s_O16","asymptomatic","vsmc",-0.0577150725126765,12
"GSM8121895_athero_human_2.txt.gz","Plate_171s_O18","asymptomatic","fibroblast",-0.173235577872148,12
"GSM8121895_athero_human_2.txt.gz","Plate_171s_O19","asymptomatic","vsmc",0.149446438647264,12
"GSM8121895_athero_human_2.txt.gz","Plate_171s_O20","asymptomatic","unassigned",-0.502095306045348,12
"GSM8121895_athero_human_2.txt.gz","Plate_171s_O21","asymptomatic","vsmc",-0.088640087767515,12
"GSM8121895_athero_human_2.txt.gz","Plate_171s_O22","asymptomatic","fibroblast",-0.0650539926191641,12
"GSM8121895_athero_human_2.txt.gz","Plate_171s_O23","asymptomatic","unassigned",0.14240444558758,12
"GSM8121895_athero_human_2.txt.gz","Plate_171s_P01","asymptomatic","fibroblast",0.240643104101195,12
"GSM8121895_athero_human_2.txt.gz","Plate_171s_P02","asymptomatic","unassigned",0.0869381078662801,12
"GSM8121895_athero_human_2.txt.gz","Plate_171s_P04","asymptomatic","unassigned",-0.320361528322834,12
"GSM8121895_athero_human_2.txt.gz","Plate_171s_P06","asymptomatic","vsmc",-0.314626710829065,12
"GSM8121895_athero_human_2.txt.gz","Plate_171s_P07","asymptomatic","fibroblast",0.0120460688698689,12
"GSM8121895_athero_human_2.txt.gz","Plate_171s_P08","asymptomatic","vsmc",0.014936318687037,12
"GSM8121895_athero_human_2.txt.gz","Plate_171s_P09","asymptomatic","vsmc",-0.366063182349276,12
"GSM8121895_athero_human_2.txt.gz","Plate_171s_P10","asymptomatic","vsmc",-0.225271783005886,12
"GSM8121895_athero_human_2.txt.gz","Plate_171s_P11","asymptomatic","vsmc",0.185378921492073,12
"GSM8121895_athero_human_2.txt.gz","Plate_171s_P12","asymptomatic","vsmc",0.25419735093661,12
"GSM8121895_athero_human_2.txt.gz","Plate_171s_P13","asymptomatic","vsmc",-0.176947222577991,12
"GSM8121895_athero_human_2.txt.gz","Plate_171s_P14","asymptomatic","vsmc",-0.461056319316214,12
"GSM8121895_athero_human_2.txt.gz","Plate_171s_P16","asymptomatic","vsmc",-0.0674493076749889,12
"GSM8121895_athero_human_2.txt.gz","Plate_171s_P18","asymptomatic","fibroblast",-0.261851142019162,12
"GSM8121895_athero_human_2.txt.gz","Plate_171s_P19","asymptomatic","fibroblast",0.220827824655355,12
"GSM8121895_athero_human_2.txt.gz","Plate_171s_P20","asymptomatic","vsmc",0.150920744436213,12
"GSM8121895_athero_human_2.txt.gz","Plate_171s_P21","asymptomatic","vsmc",-0.0485065274931364,12
"GSM8121895_athero_human_2.txt.gz","Plate_171s_P22","asymptomatic","vsmc",-0.341673778720007,12
"GSM8121896_athero_human_3.txt.gz","Plate_545s_A13","asymptomatic","endothelial",0.231735554455095,12
"GSM8121896_athero_human_3.txt.gz","Plate_545s_A24","asymptomatic","endothelial",-6.56174010036139e-05,12
"GSM8121896_athero_human_3.txt.gz","Plate_545s_B01","asymptomatic","endothelial",0.510098460870751,12
"GSM8121896_athero_human_3.txt.gz","Plate_545s_B08","asymptomatic","endothelial",-0.41116507613086,12
"GSM8121896_athero_human_3.txt.gz","Plate_545s_B24","asymptomatic","endothelial",-0.180729993317771,12
"GSM8121896_athero_human_3.txt.gz","Plate_545s_C01","asymptomatic","macrophage",-0.11254026975588,12
"GSM8121896_athero_human_3.txt.gz","Plate_545s_C06","asymptomatic","endothelial",-0.177336560940953,12
"GSM8121896_athero_human_3.txt.gz","Plate_545s_C16","asymptomatic","endothelial",0.523429679510672,12
"GSM8121896_athero_human_3.txt.gz","Plate_545s_D03","asymptomatic","endothelial",-0.0364767911714391,12
"GSM8121896_athero_human_3.txt.gz","Plate_545s_D21","asymptomatic","endothelial",-0.0128838757408776,12
"GSM8121896_athero_human_3.txt.gz","Plate_545s_E09","asymptomatic","endothelial",0.0503086884414584,12
"GSM8121896_athero_human_3.txt.gz","Plate_545s_E19","asymptomatic","endothelial",-0.380112216641735,12
"GSM8121896_athero_human_3.txt.gz","Plate_545s_E21","asymptomatic","macrophage",-0.345650578602934,12
"GSM8121896_athero_human_3.txt.gz","Plate_545s_E24","asymptomatic","endothelial",0.00255308943341767,12
"GSM8121896_athero_human_3.txt.gz","Plate_545s_F18","asymptomatic","macrophage",-0.321491218470902,12
"GSM8121896_athero_human_3.txt.gz","Plate_545s_G01","asymptomatic","endothelial",-0.259561231848777,12
"GSM8121896_athero_human_3.txt.gz","Plate_545s_G04","asymptomatic","endothelial",-0.393895438982955,12
"GSM8121896_athero_human_3.txt.gz","Plate_545s_G05","asymptomatic","endothelial",-0.280872179497538,12
"GSM8121896_athero_human_3.txt.gz","Plate_545s_G23","asymptomatic","endothelial",-0.327139339913012,12
"GSM8121896_athero_human_3.txt.gz","Plate_545s_G24","asymptomatic","macrophage",0.515609174444917,12
"GSM8121896_athero_human_3.txt.gz","Plate_545s_H03","asymptomatic","endothelial",-0.215846458079153,12
"GSM8121896_athero_human_3.txt.gz","Plate_545s_H11","asymptomatic","endothelial",0.566736215454211,12
"GSM8121896_athero_human_3.txt.gz","Plate_545s_H16","asymptomatic","endothelial",-0.324866130187332,12
"GSM8121896_athero_human_3.txt.gz","Plate_545s_I04","asymptomatic","endothelial",-0.159248931242818,12
"GSM8121896_athero_human_3.txt.gz","Plate_545s_I05","asymptomatic","endothelial",-0.30741810830048,12
"GSM8121896_athero_human_3.txt.gz","Plate_545s_I07","asymptomatic","macrophage",-0.371435017099385,12
"GSM8121896_athero_human_3.txt.gz","Plate_545s_I23","asymptomatic","endothelial",-0.152818195444913,12
"GSM8121896_athero_human_3.txt.gz","Plate_545s_J09","asymptomatic","endothelial",-0.261642512571235,12
"GSM8121896_athero_human_3.txt.gz","Plate_545s_J12","asymptomatic","endothelial",-0.261723130375029,12
"GSM8121896_athero_human_3.txt.gz","Plate_545s_K07","asymptomatic","endothelial",-0.367856392270033,12
"GSM8121896_athero_human_3.txt.gz","Plate_545s_K15","asymptomatic","macrophage",1.1924922134473,12
"GSM8121896_athero_human_3.txt.gz","Plate_545s_K22","asymptomatic","endothelial",-0.193683566354509,12
"GSM8121896_athero_human_3.txt.gz","Plate_545s_L01","asymptomatic","macrophage",0.160995726570154,12
"GSM8121896_athero_human_3.txt.gz","Plate_545s_L03","asymptomatic","endothelial",-0.223158479495838,12
"GSM8121896_athero_human_3.txt.gz","Plate_545s_L07","asymptomatic","endothelial",-0.241130414199868,12
"GSM8121896_athero_human_3.txt.gz","Plate_545s_L09","asymptomatic","endothelial",-0.424000605642937,12
"GSM8121896_athero_human_3.txt.gz","Plate_545s_M01","asymptomatic","endothelial",0.192139377704867,12
"GSM8121896_athero_human_3.txt.gz","Plate_545s_M24","asymptomatic","endothelial",-0.473679963684706,12
"GSM8121896_athero_human_3.txt.gz","Plate_545s_N04","asymptomatic","endothelial",0.336938165708505,12
"GSM8121896_athero_human_3.txt.gz","Plate_545s_N10","asymptomatic","macrophage",0.343333174625895,12
"GSM8121896_athero_human_3.txt.gz","Plate_545s_N16","asymptomatic","endothelial",0.293116228666557,12
"GSM8121896_athero_human_3.txt.gz","Plate_545s_N22","asymptomatic","endothelial",-0.061355914752942,12
"GSM8121896_athero_human_3.txt.gz","Plate_545s_N23","asymptomatic","endothelial",-0.498991396332365,12
"GSM8121896_athero_human_3.txt.gz","Plate_545s_O02","asymptomatic","endothelial",-0.253577284002341,12
"GSM8121896_athero_human_3.txt.gz","Plate_545s_O07","asymptomatic","endothelial",0.10831233871205,12
"GSM8121896_athero_human_3.txt.gz","Plate_545s_O10","asymptomatic","endothelial",-0.488498865967003,12
"GSM8121896_athero_human_3.txt.gz","Plate_545s_P02","asymptomatic","endothelial",-0.331300664070582,12
"GSM8121896_athero_human_3.txt.gz","Plate_545s_P04","asymptomatic","endothelial",-0.140848056670141,12
"GSM8121896_athero_human_3.txt.gz","Plate_545s_P07","asymptomatic","endothelial",0.144531514820467,12
"GSM8121896_athero_human_3.txt.gz","Plate_545s_P12","asymptomatic","endothelial",-0.110763894808614,12
"GSM8121896_athero_human_3.txt.gz","Plate_545s_P19","asymptomatic","endothelial",-0.377973796294351,12
"GSM8121896_athero_human_3.txt.gz","Plate_545s_P20","asymptomatic","endothelial",-0.247238513366634,12
"GSM8121896_athero_human_3.txt.gz","Plate_545s_P22","asymptomatic","endothelial",-0.43415882768262,12
"GSM8121896_athero_human_3.txt.gz","Plate_546s_A03","asymptomatic","vsmc",0.0509544494611878,12
"GSM8121896_athero_human_3.txt.gz","Plate_546s_A08","asymptomatic","fibroblast",-0.180006141766647,12
"GSM8121896_athero_human_3.txt.gz","Plate_546s_A12","asymptomatic","fibroblast",0.847200293742906,12
"GSM8121896_athero_human_3.txt.gz","Plate_546s_A15","asymptomatic","fibroblast",0.188930422193191,12
"GSM8121896_athero_human_3.txt.gz","Plate_546s_B01","asymptomatic","vsmc",-0.597418591833621,12
"GSM8121896_athero_human_3.txt.gz","Plate_546s_B03","asymptomatic","fibroblast",-0.423330255385817,12
"GSM8121896_athero_human_3.txt.gz","Plate_546s_B08","asymptomatic","vsmc",0.268021630300656,12
"GSM8121896_athero_human_3.txt.gz","Plate_546s_B12","asymptomatic","vsmc",-0.329694652364769,12
"GSM8121896_athero_human_3.txt.gz","Plate_546s_B16","asymptomatic","fibroblast",-0.225993353845196,12
"GSM8121896_athero_human_3.txt.gz","Plate_546s_B20","asymptomatic","fibroblast",0.332072596294761,12
"GSM8121896_athero_human_3.txt.gz","Plate_546s_C01","asymptomatic","fibroblast",-0.221850949533148,12
"GSM8121896_athero_human_3.txt.gz","Plate_546s_C03","asymptomatic","fibroblast",-0.0694641157709544,12
"GSM8121896_athero_human_3.txt.gz","Plate_546s_C08","asymptomatic","vsmc",-0.297525592236721,12
"GSM8121896_athero_human_3.txt.gz","Plate_546s_C15","asymptomatic","fibroblast",-0.170424084257493,12
"GSM8121896_athero_human_3.txt.gz","Plate_546s_C16","asymptomatic","fibroblast",-0.240975453481614,12
"GSM8121896_athero_human_3.txt.gz","Plate_546s_C22","asymptomatic","fibroblast",-0.278590640704773,12
"GSM8121896_athero_human_3.txt.gz","Plate_546s_D01","asymptomatic","vsmc",-0.407203314246506,12
"GSM8121896_athero_human_3.txt.gz","Plate_546s_D03","asymptomatic","fibroblast",-0.212201349384133,12
"GSM8121896_athero_human_3.txt.gz","Plate_546s_D15","asymptomatic","vsmc",-0.392676857564375,12
"GSM8121896_athero_human_3.txt.gz","Plate_546s_D18","asymptomatic","fibroblast",-0.0301414281678899,12
"GSM8121896_athero_human_3.txt.gz","Plate_546s_D21","asymptomatic","vsmc",0.00855467642449839,12
"GSM8121896_athero_human_3.txt.gz","Plate_546s_D24","asymptomatic","vsmc",0.857841394121685,12
"GSM8121896_athero_human_3.txt.gz","Plate_546s_E04","asymptomatic","vsmc",-0.241540666021048,12
"GSM8121896_athero_human_3.txt.gz","Plate_546s_E05","asymptomatic","vsmc",0.110496700148817,12
"GSM8121896_athero_human_3.txt.gz","Plate_546s_E07","asymptomatic","fibroblast",0.17911479890317,12
"GSM8121896_athero_human_3.txt.gz","Plate_546s_E08","asymptomatic","fibroblast",-0.220799802575446,12
"GSM8121896_athero_human_3.txt.gz","Plate_546s_E10","asymptomatic","fibroblast",0.244127709387639,12
"GSM8121896_athero_human_3.txt.gz","Plate_546s_E12","asymptomatic","fibroblast",0.282152402079267,12
"GSM8121896_athero_human_3.txt.gz","Plate_546s_E15","asymptomatic","fibroblast",-0.290899818448608,12
"GSM8121896_athero_human_3.txt.gz","Plate_546s_E21","asymptomatic","fibroblast",0.256701829865992,12
"GSM8121896_athero_human_3.txt.gz","Plate_546s_F07","asymptomatic","vsmc",-0.0404361695017035,12
"GSM8121896_athero_human_3.txt.gz","Plate_546s_F08","asymptomatic","fibroblast",0.061614624103298,12
"GSM8121896_athero_human_3.txt.gz","Plate_546s_F09","asymptomatic","fibroblast",0.1969826605006,12
"GSM8121896_athero_human_3.txt.gz","Plate_546s_F11","asymptomatic","fibroblast",0.0431915435240949,12
"GSM8121896_athero_human_3.txt.gz","Plate_546s_F12","asymptomatic","fibroblast",-0.247090739274186,12
"GSM8121896_athero_human_3.txt.gz","Plate_546s_F15","asymptomatic","fibroblast",0.0184344851724589,12
"GSM8121896_athero_human_3.txt.gz","Plate_546s_G01","asymptomatic","vsmc",0.0515435633425715,12
"GSM8121896_athero_human_3.txt.gz","Plate_546s_G07","asymptomatic","fibroblast",-0.212922779167059,12
"GSM8121896_athero_human_3.txt.gz","Plate_546s_G13","asymptomatic","vsmc",-0.371363675350369,12
"GSM8121896_athero_human_3.txt.gz","Plate_546s_G23","asymptomatic","vsmc",-0.300262558692563,12
"GSM8121896_athero_human_3.txt.gz","Plate_546s_H07","asymptomatic","fibroblast",0.357815607338932,12
"GSM8121896_athero_human_3.txt.gz","Plate_546s_H08","asymptomatic","fibroblast",0.250992130592174,12
"GSM8121896_athero_human_3.txt.gz","Plate_546s_H09","asymptomatic","vsmc",-0.485013249677473,12
"GSM8121896_athero_human_3.txt.gz","Plate_546s_H10","asymptomatic","fibroblast",-0.060176765802826,12
"GSM8121896_athero_human_3.txt.gz","Plate_546s_H15","asymptomatic","fibroblast",0.136231734045518,12
"GSM8121896_athero_human_3.txt.gz","Plate_546s_H18","asymptomatic","fibroblast",-0.0492674557580636,12
"GSM8121896_athero_human_3.txt.gz","Plate_546s_H19","asymptomatic","fibroblast",-0.227642252284657,12
"GSM8121896_athero_human_3.txt.gz","Plate_546s_I03","asymptomatic","vsmc",-0.391364189511378,12
"GSM8121896_athero_human_3.txt.gz","Plate_546s_I07","asymptomatic","vsmc",-0.311637417350902,12
"GSM8121896_athero_human_3.txt.gz","Plate_546s_I15","asymptomatic","fibroblast",0.0890402244707153,12
"GSM8121896_athero_human_3.txt.gz","Plate_546s_I17","asymptomatic","vsmc",-0.076236095363225,12
"GSM8121896_athero_human_3.txt.gz","Plate_546s_I19","asymptomatic","vsmc",-0.319598339520959,12
"GSM8121896_athero_human_3.txt.gz","Plate_546s_J07","asymptomatic","fibroblast",0.488903012545147,12
"GSM8121896_athero_human_3.txt.gz","Plate_546s_J08","asymptomatic","fibroblast",-0.0507335956492873,12
"GSM8121896_athero_human_3.txt.gz","Plate_546s_J09","asymptomatic","fibroblast",0.0585658880070836,12
"GSM8121896_athero_human_3.txt.gz","Plate_546s_J10","asymptomatic","fibroblast",-0.289095454381034,12
"GSM8121896_athero_human_3.txt.gz","Plate_546s_J18","asymptomatic","fibroblast",-0.0664122674208293,12
"GSM8121896_athero_human_3.txt.gz","Plate_546s_K12","asymptomatic","fibroblast",-0.232748173672976,12
"GSM8121896_athero_human_3.txt.gz","Plate_546s_K15","asymptomatic","vsmc",-0.352626839792999,12
"GSM8121896_athero_human_3.txt.gz","Plate_546s_K16","asymptomatic","vsmc",-0.606270877318259,12
"GSM8121896_athero_human_3.txt.gz","Plate_546s_K22","asymptomatic","fibroblast",0.500081765597489,12
"GSM8121896_athero_human_3.txt.gz","Plate_546s_L04","asymptomatic","fibroblast",0.221194970238772,12
"GSM8121896_athero_human_3.txt.gz","Plate_546s_L07","asymptomatic","vsmc",0.432394317164092,12
"GSM8121896_athero_human_3.txt.gz","Plate_546s_L09","asymptomatic","fibroblast",0.437940177469616,12
"GSM8121896_athero_human_3.txt.gz","Plate_546s_L12","asymptomatic","fibroblast",-0.0391765108680117,12
"GSM8121896_athero_human_3.txt.gz","Plate_546s_L14","asymptomatic","vsmc",0.130650060822315,12
"GSM8121896_athero_human_3.txt.gz","Plate_546s_L15","asymptomatic","fibroblast",0.323664227884225,12
"GSM8121896_athero_human_3.txt.gz","Plate_546s_L17","asymptomatic","fibroblast",0.0703488062763872,12
"GSM8121896_athero_human_3.txt.gz","Plate_546s_L18","asymptomatic","fibroblast",-0.0161488694256919,12
"GSM8121896_athero_human_3.txt.gz","Plate_546s_L19","asymptomatic","vsmc",-0.477223627831001,12
"GSM8121896_athero_human_3.txt.gz","Plate_546s_L21","asymptomatic","fibroblast",0.0211519479311255,12
"GSM8121896_athero_human_3.txt.gz","Plate_546s_M01","asymptomatic","fibroblast",0.527898115222109,12
"GSM8121896_athero_human_3.txt.gz","Plate_546s_M04","asymptomatic","fibroblast",-0.157812327063361,12
"GSM8121896_athero_human_3.txt.gz","Plate_546s_M07","asymptomatic","fibroblast",-0.239274941264822,12
"GSM8121896_athero_human_3.txt.gz","Plate_546s_M10","asymptomatic","fibroblast",-0.161394838889695,12
"GSM8121896_athero_human_3.txt.gz","Plate_546s_M11","asymptomatic","vsmc",-0.546701499740045,12
"GSM8121896_athero_human_3.txt.gz","Plate_546s_M12","asymptomatic","fibroblast",0.109030413711874,12
"GSM8121896_athero_human_3.txt.gz","Plate_546s_M15","asymptomatic","vsmc",-0.4106222681531,12
"GSM8121896_athero_human_3.txt.gz","Plate_546s_M16","asymptomatic","vsmc",-0.137025753527111,12
"GSM8121896_athero_human_3.txt.gz","Plate_546s_M19","asymptomatic","fibroblast",0.0778540687864073,12
"GSM8121896_athero_human_3.txt.gz","Plate_546s_M24","asymptomatic","fibroblast",-0.366881294329782,12
"GSM8121896_athero_human_3.txt.gz","Plate_546s_N07","asymptomatic","fibroblast",-0.133535101467681,12
"GSM8121896_athero_human_3.txt.gz","Plate_546s_N14","asymptomatic","fibroblast",-0.039841018724473,12
"GSM8121896_athero_human_3.txt.gz","Plate_546s_N15","asymptomatic","vsmc",-0.126063781448107,12
"GSM8121896_athero_human_3.txt.gz","Plate_546s_N17","asymptomatic","fibroblast",-0.344654975840938,12
"GSM8121896_athero_human_3.txt.gz","Plate_546s_N19","asymptomatic","fibroblast",0.520994877220073,12
"GSM8121896_athero_human_3.txt.gz","Plate_546s_O02","asymptomatic","vsmc",-0.0600723120568825,12
"GSM8121896_athero_human_3.txt.gz","Plate_546s_O12","asymptomatic","fibroblast",0.0717135464403887,12
"GSM8121896_athero_human_3.txt.gz","Plate_546s_O17","asymptomatic","vsmc",-0.0511762704008274,12
"GSM8121896_athero_human_3.txt.gz","Plate_546s_O18","asymptomatic","fibroblast",-0.147594864686066,12
"GSM8121896_athero_human_3.txt.gz","Plate_546s_O19","asymptomatic","fibroblast",0.511505444733686,12
"GSM8121896_athero_human_3.txt.gz","Plate_546s_P04","asymptomatic","fibroblast",-0.168134076003227,12
"GSM8121896_athero_human_3.txt.gz","Plate_546s_P10","asymptomatic","fibroblast",0.0175456218785413,12
"GSM8121896_athero_human_3.txt.gz","Plate_546s_P15","asymptomatic","fibroblast",0.326987401452727,12
"GSM8121896_athero_human_3.txt.gz","Plate_546s_P17","asymptomatic","vsmc",-0.384966325877336,12
"GSM8121896_athero_human_3.txt.gz","Plate_546s_P19","asymptomatic","fibroblast",0.21931033154681,12
"GSM8121896_athero_human_3.txt.gz","Plate_546s_P22","asymptomatic","vsmc",-0.0997199768270856,12
"GSM8121896_athero_human_3.txt.gz","Plate_547s_A01","asymptomatic","unassigned",0.23812295238962,12
"GSM8121896_athero_human_3.txt.gz","Plate_547s_A02","asymptomatic","vsmc",0.141564780636719,12
"GSM8121896_athero_human_3.txt.gz","Plate_547s_A03","asymptomatic","macrophage",-0.130549909014132,12
"GSM8121896_athero_human_3.txt.gz","Plate_547s_A04","asymptomatic","macrophage",0.297583490150665,12
"GSM8121896_athero_human_3.txt.gz","Plate_547s_A05","asymptomatic","macrophage",0.219530779991882,12
"GSM8121896_athero_human_3.txt.gz","Plate_547s_A06","asymptomatic","macrophage",0.657823327198883,12
"GSM8121896_athero_human_3.txt.gz","Plate_547s_A07","asymptomatic","macrophage",-0.228865006780754,12
"GSM8121896_athero_human_3.txt.gz","Plate_547s_A08","asymptomatic","macrophage",-0.131499071244627,12
"GSM8121896_athero_human_3.txt.gz","Plate_547s_A09","asymptomatic","fibroblast",0.106575918849041,12
"GSM8121896_athero_human_3.txt.gz","Plate_547s_A10","asymptomatic","macrophage",-0.0542624901269985,12
"GSM8121896_athero_human_3.txt.gz","Plate_547s_A12","asymptomatic","unassigned",0.127129675144634,12
"GSM8121896_athero_human_3.txt.gz","Plate_547s_A13","asymptomatic","macrophage",-0.117260463751551,12
"GSM8121896_athero_human_3.txt.gz","Plate_547s_A14","asymptomatic","macrophage",-0.358564636217739,12
"GSM8121896_athero_human_3.txt.gz","Plate_547s_A17","asymptomatic","macrophage",-0.279975816970048,12
"GSM8121896_athero_human_3.txt.gz","Plate_547s_A18","asymptomatic","fibroblast",-0.0279719217807401,12
"GSM8121896_athero_human_3.txt.gz","Plate_547s_A19","asymptomatic","macrophage",0.00120288679872568,12
"GSM8121896_athero_human_3.txt.gz","Plate_547s_A20","asymptomatic","macrophage",-0.497274334756074,12
"GSM8121896_athero_human_3.txt.gz","Plate_547s_A21","asymptomatic","fibroblast",0.304457744706933,12
"GSM8121896_athero_human_3.txt.gz","Plate_547s_A22","asymptomatic","macrophage",0.409977258572362,12
"GSM8121896_athero_human_3.txt.gz","Plate_547s_A23","asymptomatic","macrophage",0.313442011701306,12
"GSM8121896_athero_human_3.txt.gz","Plate_547s_A24","asymptomatic","fibroblast",0.399825670962585,12
"GSM8121896_athero_human_3.txt.gz","Plate_547s_B01","asymptomatic","vsmc",-0.260997587179547,12
"GSM8121896_athero_human_3.txt.gz","Plate_547s_B02","asymptomatic","macrophage",-0.133965392900406,12
"GSM8121896_athero_human_3.txt.gz","Plate_547s_B03","asymptomatic","macrophage",-0.510388049767248,12
"GSM8121896_athero_human_3.txt.gz","Plate_547s_B04","asymptomatic","macrophage",0.507800682742772,12
"GSM8121896_athero_human_3.txt.gz","Plate_547s_B06","asymptomatic","fibroblast",0.454602936793737,12
"GSM8121896_athero_human_3.txt.gz","Plate_547s_B07","asymptomatic","macrophage",-0.344114642991417,12
"GSM8121896_athero_human_3.txt.gz","Plate_547s_B08","asymptomatic","macrophage",0.417534490292799,12
"GSM8121896_athero_human_3.txt.gz","Plate_547s_B09","asymptomatic","macrophage",-0.290907056359666,12
"GSM8121896_athero_human_3.txt.gz","Plate_547s_B10","asymptomatic","macrophage",0.808305343083364,12
"GSM8121896_athero_human_3.txt.gz","Plate_547s_B11","asymptomatic","macrophage",-0.103096520415896,12
"GSM8121896_athero_human_3.txt.gz","Plate_547s_B12","asymptomatic","macrophage",0.182689398935253,12
"GSM8121896_athero_human_3.txt.gz","Plate_547s_B13","asymptomatic","fibroblast",-0.101881019501692,12
"GSM8121896_athero_human_3.txt.gz","Plate_547s_B14","asymptomatic","macrophage",-0.213800777227758,12
"GSM8121896_athero_human_3.txt.gz","Plate_547s_B16","asymptomatic","vsmc",-0.539885527323806,12
"GSM8121896_athero_human_3.txt.gz","Plate_547s_B17","asymptomatic","fibroblast",-0.305975654954001,12
"GSM8121896_athero_human_3.txt.gz","Plate_547s_B19","asymptomatic","macrophage",0.0226981566770439,12
"GSM8121896_athero_human_3.txt.gz","Plate_547s_B20","asymptomatic","fibroblast",-0.00771987842235743,12
"GSM8121896_athero_human_3.txt.gz","Plate_547s_B21","asymptomatic","macrophage",-0.123522969576727,12
"GSM8121896_athero_human_3.txt.gz","Plate_547s_B22","asymptomatic","macrophage",-0.337236743808666,12
"GSM8121896_athero_human_3.txt.gz","Plate_547s_B23","asymptomatic","fibroblast",0.380343631487079,12
"GSM8121896_athero_human_3.txt.gz","Plate_547s_B24","asymptomatic","macrophage",-0.13791440946101,12
"GSM8121896_athero_human_3.txt.gz","Plate_547s_C01","asymptomatic","endothelial",0.145649849151538,12
"GSM8121896_athero_human_3.txt.gz","Plate_547s_C02","asymptomatic","macrophage",-0.238496474923412,12
"GSM8121896_athero_human_3.txt.gz","Plate_547s_C03","asymptomatic","unassigned",-0.321537763292346,12
"GSM8121896_athero_human_3.txt.gz","Plate_547s_C04","asymptomatic","fibroblast",0.787095791652038,12
"GSM8121896_athero_human_3.txt.gz","Plate_547s_C05","asymptomatic","unassigned",-0.00185469283824246,12
"GSM8121896_athero_human_3.txt.gz","Plate_547s_C06","asymptomatic","macrophage",-0.195394987338311,12
"GSM8121896_athero_human_3.txt.gz","Plate_547s_C07","asymptomatic","endothelial",0.293302648037081,12
"GSM8121896_athero_human_3.txt.gz","Plate_547s_C08","asymptomatic","unassigned",0.330890364171404,12
"GSM8121896_athero_human_3.txt.gz","Plate_547s_C09","asymptomatic","macrophage",1.17561151549206,12
"GSM8121896_athero_human_3.txt.gz","Plate_547s_C10","asymptomatic","fibroblast",0.402931970828413,12
"GSM8121896_athero_human_3.txt.gz","Plate_547s_C11","asymptomatic","vsmc",-0.411196910681255,12
"GSM8121896_athero_human_3.txt.gz","Plate_547s_C12","asymptomatic","unassigned",0.440149370165011,12
"GSM8121896_athero_human_3.txt.gz","Plate_547s_C13","asymptomatic","vsmc",-0.493291653382903,12
"GSM8121896_athero_human_3.txt.gz","Plate_547s_C14","asymptomatic","macrophage",0.438249962053786,12
"GSM8121896_athero_human_3.txt.gz","Plate_547s_C15","asymptomatic","mast",-0.335485225317347,12
"GSM8121896_athero_human_3.txt.gz","Plate_547s_C16","asymptomatic","macrophage",0.967415864855216,12
"GSM8121896_athero_human_3.txt.gz","Plate_547s_C17","asymptomatic","vsmc",0.0709413543675777,12
"GSM8121896_athero_human_3.txt.gz","Plate_547s_C18","asymptomatic","macrophage",-0.446429775248347,12
"GSM8121896_athero_human_3.txt.gz","Plate_547s_C20","asymptomatic","fibroblast",-0.0222314255397836,12
"GSM8121896_athero_human_3.txt.gz","Plate_547s_C21","asymptomatic","macrophage",-0.46593643933877,12
"GSM8121896_athero_human_3.txt.gz","Plate_547s_C22","asymptomatic","macrophage",-0.0173940376830983,12
"GSM8121896_athero_human_3.txt.gz","Plate_547s_C23","asymptomatic","t_nk",-0.135076290206518,12
"GSM8121896_athero_human_3.txt.gz","Plate_547s_C24","asymptomatic","macrophage",0.163548990568191,12
"GSM8121896_athero_human_3.txt.gz","Plate_547s_D01","asymptomatic","macrophage",0.138828373269073,12
"GSM8121896_athero_human_3.txt.gz","Plate_547s_D02","asymptomatic","macrophage",-0.495336326708479,12
"GSM8121896_athero_human_3.txt.gz","Plate_547s_D03","asymptomatic","vsmc",-0.25849452529075,12
"GSM8121896_athero_human_3.txt.gz","Plate_547s_D04","asymptomatic","macrophage",-0.115493449542546,12
"GSM8121896_athero_human_3.txt.gz","Plate_547s_D05","asymptomatic","fibroblast",0.323762935802554,12
"GSM8121896_athero_human_3.txt.gz","Plate_547s_D07","asymptomatic","macrophage",0.0386883537719485,12
"GSM8121896_athero_human_3.txt.gz","Plate_547s_D08","asymptomatic","macrophage",-0.15478151940436,12
"GSM8121896_athero_human_3.txt.gz","Plate_547s_D09","asymptomatic","macrophage",0.601434083532828,12
"GSM8121896_athero_human_3.txt.gz","Plate_547s_D11","asymptomatic","fibroblast",-0.0372990651399695,12
"GSM8121896_athero_human_3.txt.gz","Plate_547s_D16","asymptomatic","vsmc",-0.400948559009299,12
"GSM8121896_athero_human_3.txt.gz","Plate_547s_D17","asymptomatic","fibroblast",0.0373293426543514,12
"GSM8121896_athero_human_3.txt.gz","Plate_547s_D18","asymptomatic","endothelial",-0.102780391108614,12
"GSM8121896_athero_human_3.txt.gz","Plate_547s_D20","asymptomatic","macrophage",-0.323195446046004,12
"GSM8121896_athero_human_3.txt.gz","Plate_547s_D21","asymptomatic","macrophage",-0.294513427561726,12
"GSM8121896_athero_human_3.txt.gz","Plate_547s_D22","asymptomatic","endothelial",-0.315067599729353,12
"GSM8121896_athero_human_3.txt.gz","Plate_547s_D24","asymptomatic","macrophage",-0.519943555889799,12
"GSM8121896_athero_human_3.txt.gz","Plate_547s_E01","asymptomatic","fibroblast",0.303593454750812,12
"GSM8121896_athero_human_3.txt.gz","Plate_547s_E02","asymptomatic","macrophage",-0.130391670666641,12
"GSM8121896_athero_human_3.txt.gz","Plate_547s_E03","asymptomatic","t_nk",0.951698832095202,12
"GSM8121896_athero_human_3.txt.gz","Plate_547s_E04","asymptomatic","macrophage",0.129282583875186,12
"GSM8121896_athero_human_3.txt.gz","Plate_547s_E06","asymptomatic","macrophage",-0.348710037957026,12
"GSM8121896_athero_human_3.txt.gz","Plate_547s_E08","asymptomatic","macrophage",-0.227123988102513,12
"GSM8121896_athero_human_3.txt.gz","Plate_547s_E10","asymptomatic","fibroblast",0.152918870811105,12
"GSM8121896_athero_human_3.txt.gz","Plate_547s_E11","asymptomatic","unassigned",-0.305809811410422,12
"GSM8121896_athero_human_3.txt.gz","Plate_547s_E16","asymptomatic","macrophage",0.912392228934612,12
"GSM8121896_athero_human_3.txt.gz","Plate_547s_E17","asymptomatic","macrophage",-0.183930339777552,12
"GSM8121896_athero_human_3.txt.gz","Plate_547s_E18","asymptomatic","unassigned",1.23669740634605,12
"GSM8121896_athero_human_3.txt.gz","Plate_547s_E23","asymptomatic","fibroblast",-0.207733966357869,12
"GSM8121896_athero_human_3.txt.gz","Plate_547s_E24","asymptomatic","unassigned",-0.227877451775444,12
"GSM8121896_athero_human_3.txt.gz","Plate_547s_F01","asymptomatic","unassigned",0.150282206769979,12
"GSM8121896_athero_human_3.txt.gz","Plate_547s_F02","asymptomatic","vsmc",-0.37547402739077,12
"GSM8121896_athero_human_3.txt.gz","Plate_547s_F03","asymptomatic","unassigned",-0.158335553552195,12
"GSM8121896_athero_human_3.txt.gz","Plate_547s_F04","asymptomatic","macrophage",0.549569855162565,12
"GSM8121896_athero_human_3.txt.gz","Plate_547s_F05","asymptomatic","b_cell",-0.414421338429318,12
"GSM8121896_athero_human_3.txt.gz","Plate_547s_F06","asymptomatic","vsmc",0.10751074742454,12
"GSM8121896_athero_human_3.txt.gz","Plate_547s_F08","asymptomatic","unassigned",-0.164447067240183,12
"GSM8121896_athero_human_3.txt.gz","Plate_547s_F09","asymptomatic","vsmc",-0.397849464429754,12
"GSM8121896_athero_human_3.txt.gz","Plate_547s_F10","asymptomatic","fibroblast",0.243563824764475,12
"GSM8121896_athero_human_3.txt.gz","Plate_547s_F11","asymptomatic","vsmc",-0.381145731540766,12
"GSM8121896_athero_human_3.txt.gz","Plate_547s_F12","asymptomatic","macrophage",0.212902679191854,12
"GSM8121896_athero_human_3.txt.gz","Plate_547s_F13","asymptomatic","b_cell",-0.0904706665830657,12
"GSM8121896_athero_human_3.txt.gz","Plate_547s_F14","asymptomatic","macrophage",0.443061382690473,12
"GSM8121896_athero_human_3.txt.gz","Plate_547s_F18","asymptomatic","b_cell",-0.396327877174334,12
"GSM8121896_athero_human_3.txt.gz","Plate_547s_F19","asymptomatic","fibroblast",0.783073473522797,12
"GSM8121896_athero_human_3.txt.gz","Plate_547s_F21","asymptomatic","vsmc",0.100426536222156,12
"GSM8121896_athero_human_3.txt.gz","Plate_547s_F22","asymptomatic","unassigned",-0.00156270440485141,12
"GSM8121896_athero_human_3.txt.gz","Plate_547s_F23","asymptomatic","macrophage",0.0800653919923382,12
"GSM8121896_athero_human_3.txt.gz","Plate_547s_F24","asymptomatic","b_cell",0.378607805276998,12
"GSM8121896_athero_human_3.txt.gz","Plate_547s_G01","asymptomatic","unassigned",0.158066339752496,12
"GSM8121896_athero_human_3.txt.gz","Plate_547s_G02","asymptomatic","macrophage",0.433676194521565,12
"GSM8121896_athero_human_3.txt.gz","Plate_547s_G03","asymptomatic","unassigned",-0.516803222272021,12
"GSM8121896_athero_human_3.txt.gz","Plate_547s_G04","asymptomatic","macrophage",0.425330235393937,12
"GSM8121896_athero_human_3.txt.gz","Plate_547s_G06","asymptomatic","macrophage",-0.0750665486964625,12
"GSM8121896_athero_human_3.txt.gz","Plate_547s_G09","asymptomatic","macrophage",0.160799451528782,12
"GSM8121896_athero_human_3.txt.gz","Plate_547s_G12","asymptomatic","macrophage",-0.511167008174139,12
"GSM8121896_athero_human_3.txt.gz","Plate_547s_G14","asymptomatic","fibroblast",0.346116637214367,12
"GSM8121896_athero_human_3.txt.gz","Plate_547s_G15","asymptomatic","macrophage",0.293227386192192,12
"GSM8121896_athero_human_3.txt.gz","Plate_547s_G17","asymptomatic","fibroblast",0.0523668794923512,12
"GSM8121896_athero_human_3.txt.gz","Plate_547s_G18","asymptomatic","macrophage",0.00862032512405368,12
"GSM8121896_athero_human_3.txt.gz","Plate_547s_G19","asymptomatic","macrophage",-0.300645514771489,12
"GSM8121896_athero_human_3.txt.gz","Plate_547s_G20","asymptomatic","macrophage",0.251250424943454,12
"GSM8121896_athero_human_3.txt.gz","Plate_547s_G21","asymptomatic","vsmc",-0.228008020677311,12
"GSM8121896_athero_human_3.txt.gz","Plate_547s_G22","asymptomatic","macrophage",-0.561633182224287,12
"GSM8121896_athero_human_3.txt.gz","Plate_547s_G23","asymptomatic","fibroblast",-0.0197226009026841,12
"GSM8121896_athero_human_3.txt.gz","Plate_547s_G24","asymptomatic","fibroblast",0.671870605314282,12
"GSM8121896_athero_human_3.txt.gz","Plate_547s_H01","asymptomatic","macrophage",0.632452945918755,12
"GSM8121896_athero_human_3.txt.gz","Plate_547s_H02","asymptomatic","macrophage",0.30409437633639,12
"GSM8121896_athero_human_3.txt.gz","Plate_547s_H03","asymptomatic","macrophage",-0.0884777590435709,12
"GSM8121896_athero_human_3.txt.gz","Plate_547s_H05","asymptomatic","fibroblast",0.368588969064729,12
"GSM8121896_athero_human_3.txt.gz","Plate_547s_H07","asymptomatic","macrophage",-0.343889465037872,12
"GSM8121896_athero_human_3.txt.gz","Plate_547s_H08","asymptomatic","fibroblast",-0.0550984671192918,12
"GSM8121896_athero_human_3.txt.gz","Plate_547s_H11","asymptomatic","macrophage",-0.253558746131288,12
"GSM8121896_athero_human_3.txt.gz","Plate_547s_H13","asymptomatic","endothelial",-0.213142316618252,12
"GSM8121896_athero_human_3.txt.gz","Plate_547s_H14","asymptomatic","macrophage",-0.00961340436173787,12
"GSM8121896_athero_human_3.txt.gz","Plate_547s_H15","asymptomatic","vsmc",0.0217989631113957,12
"GSM8121896_athero_human_3.txt.gz","Plate_547s_H16","asymptomatic","macrophage",0.579660960363414,12
"GSM8121896_athero_human_3.txt.gz","Plate_547s_H17","asymptomatic","macrophage",-0.427748120611725,12
"GSM8121896_athero_human_3.txt.gz","Plate_547s_H19","asymptomatic","macrophage",0.691492775067056,12
"GSM8121896_athero_human_3.txt.gz","Plate_547s_H21","asymptomatic","unassigned",0.861546136582429,12
"GSM8121896_athero_human_3.txt.gz","Plate_547s_H23","asymptomatic","macrophage",-0.264272497766273,12
"GSM8121896_athero_human_3.txt.gz","Plate_547s_H24","asymptomatic","macrophage",-0.496251670186014,12
"GSM8121896_athero_human_3.txt.gz","Plate_547s_I01","asymptomatic","endothelial",-0.278398365461135,12
"GSM8121896_athero_human_3.txt.gz","Plate_547s_I02","asymptomatic","macrophage",0.0721220831754035,12
"GSM8121896_athero_human_3.txt.gz","Plate_547s_I03","asymptomatic","unassigned",0.444859387213691,12
"GSM8121896_athero_human_3.txt.gz","Plate_547s_I04","asymptomatic","b_cell",0.822869775483131,12
"GSM8121896_athero_human_3.txt.gz","Plate_547s_I05","asymptomatic","macrophage",-0.330698590217389,12
"GSM8121896_athero_human_3.txt.gz","Plate_547s_I06","asymptomatic","unassigned",-0.321700520222078,12
"GSM8121896_athero_human_3.txt.gz","Plate_547s_I07","asymptomatic","macrophage",-0.458987472836443,12
"GSM8121896_athero_human_3.txt.gz","Plate_547s_I08","asymptomatic","unassigned",-0.416499314105867,12
"GSM8121896_athero_human_3.txt.gz","Plate_547s_I09","asymptomatic","fibroblast",0.102697320653819,12
"GSM8121896_athero_human_3.txt.gz","Plate_547s_I10","asymptomatic","vsmc",-0.256165289155722,12
"GSM8121896_athero_human_3.txt.gz","Plate_547s_I12","asymptomatic","unassigned",-0.392110540527935,12
"GSM8121896_athero_human_3.txt.gz","Plate_547s_I14","asymptomatic","unassigned",-0.216347203000534,12
"GSM8121896_athero_human_3.txt.gz","Plate_547s_I15","asymptomatic","b_cell",1.50935585927912,12
"GSM8121896_athero_human_3.txt.gz","Plate_547s_I18","asymptomatic","b_cell",-0.00622092429774934,12
"GSM8121896_athero_human_3.txt.gz","Plate_547s_I20","asymptomatic","b_cell",-0.205942385240793,12
"GSM8121896_athero_human_3.txt.gz","Plate_547s_I21","asymptomatic","fibroblast",0.189374812985994,12
"GSM8121896_athero_human_3.txt.gz","Plate_547s_I22","asymptomatic","endothelial",-0.261736664903964,12
"GSM8121896_athero_human_3.txt.gz","Plate_547s_I23","asymptomatic","b_cell",-0.0325174806428552,12
"GSM8121896_athero_human_3.txt.gz","Plate_547s_I24","asymptomatic","macrophage",0.089925016392889,12
"GSM8121896_athero_human_3.txt.gz","Plate_547s_J01","asymptomatic","macrophage",-0.242033068645676,12
"GSM8121896_athero_human_3.txt.gz","Plate_547s_J03","asymptomatic","macrophage",0.247476611588439,12
"GSM8121896_athero_human_3.txt.gz","Plate_547s_J04","asymptomatic","macrophage",-0.0891834742981575,12
"GSM8121896_athero_human_3.txt.gz","Plate_547s_J05","asymptomatic","fibroblast",0.129577555129648,12
"GSM8121896_athero_human_3.txt.gz","Plate_547s_J06","asymptomatic","t_nk",0.523359927220029,12
"GSM8121896_athero_human_3.txt.gz","Plate_547s_J07","asymptomatic","macrophage",0.0405140086119007,12
"GSM8121896_athero_human_3.txt.gz","Plate_547s_J08","asymptomatic","macrophage",-0.251352731695566,12
"GSM8121896_athero_human_3.txt.gz","Plate_547s_J09","asymptomatic","macrophage",0.249805537924464,12
"GSM8121896_athero_human_3.txt.gz","Plate_547s_J11","asymptomatic","macrophage",-0.389311089930492,12
"GSM8121896_athero_human_3.txt.gz","Plate_547s_J12","asymptomatic","macrophage",-0.499743945025628,12
"GSM8121896_athero_human_3.txt.gz","Plate_547s_J13","asymptomatic","macrophage",-0.14083022382844,12
"GSM8121896_athero_human_3.txt.gz","Plate_547s_J15","asymptomatic","endothelial",-0.209557104944683,12
"GSM8121896_athero_human_3.txt.gz","Plate_547s_J17","asymptomatic","vsmc",-0.510063914843148,12
"GSM8121896_athero_human_3.txt.gz","Plate_547s_J19","asymptomatic","macrophage",-0.0192177390972779,12
"GSM8121896_athero_human_3.txt.gz","Plate_547s_J22","asymptomatic","endothelial",-0.402049966938787,12
"GSM8121896_athero_human_3.txt.gz","Plate_547s_J23","asymptomatic","macrophage",0.0793526987164689,12
"GSM8121896_athero_human_3.txt.gz","Plate_547s_J24","asymptomatic","macrophage",0.39750730793606,12
"GSM8121896_athero_human_3.txt.gz","Plate_547s_K02","asymptomatic","vsmc",-0.0977005392373336,12
"GSM8121896_athero_human_3.txt.gz","Plate_547s_K03","asymptomatic","macrophage",-0.283517608141838,12
"GSM8121896_athero_human_3.txt.gz","Plate_547s_K04","asymptomatic","macrophage",0.805502505183546,12
"GSM8121896_athero_human_3.txt.gz","Plate_547s_K05","asymptomatic","endothelial",-0.371848879459514,12
"GSM8121896_athero_human_3.txt.gz","Plate_547s_K06","asymptomatic","macrophage",0.286088285132814,12
"GSM8121896_athero_human_3.txt.gz","Plate_547s_K07","asymptomatic","vsmc",-0.0256129575472266,12
"GSM8121896_athero_human_3.txt.gz","Plate_547s_K09","asymptomatic","b_cell",-0.3441614605862,12
"GSM8121896_athero_human_3.txt.gz","Plate_547s_K11","asymptomatic","macrophage",1.49924414492394,12
"GSM8121896_athero_human_3.txt.gz","Plate_547s_K12","asymptomatic","t_nk",0.157234257006615,12
"GSM8121896_athero_human_3.txt.gz","Plate_547s_K13","asymptomatic","macrophage",0.332522114933168,12
"GSM8121896_athero_human_3.txt.gz","Plate_547s_K15","asymptomatic","unassigned",-0.476337697303371,12
"GSM8121896_athero_human_3.txt.gz","Plate_547s_K16","asymptomatic","b_cell",-0.102504127811192,12
"GSM8121896_athero_human_3.txt.gz","Plate_547s_K18","asymptomatic","vsmc",-0.341198949626853,12
"GSM8121896_athero_human_3.txt.gz","Plate_547s_K20","asymptomatic","b_cell",0.803664511698486,12
"GSM8121896_athero_human_3.txt.gz","Plate_547s_K21","asymptomatic","fibroblast",0.421332865916394,12
"GSM8121896_athero_human_3.txt.gz","Plate_547s_K22","asymptomatic","fibroblast",0.0151984509980451,12
"GSM8121896_athero_human_3.txt.gz","Plate_547s_K23","asymptomatic","macrophage",-0.234215101977719,12
"GSM8121896_athero_human_3.txt.gz","Plate_547s_K24","asymptomatic","endothelial",-0.244071106459448,12
"GSM8121896_athero_human_3.txt.gz","Plate_547s_L01","asymptomatic","macrophage",-0.181271893861449,12
"GSM8121896_athero_human_3.txt.gz","Plate_547s_L02","asymptomatic","fibroblast",0.305501500012993,12
"GSM8121896_athero_human_3.txt.gz","Plate_547s_L03","asymptomatic","t_nk",0.131080790552342,12
"GSM8121896_athero_human_3.txt.gz","Plate_547s_L04","asymptomatic","macrophage",-0.316028983367756,12
"GSM8121896_athero_human_3.txt.gz","Plate_547s_L05","asymptomatic","macrophage",-0.162915044388704,12
"GSM8121896_athero_human_3.txt.gz","Plate_547s_L06","asymptomatic","unassigned",-0.250734573702478,12
"GSM8121896_athero_human_3.txt.gz","Plate_547s_L07","asymptomatic","macrophage",-0.465784635854133,12
"GSM8121896_athero_human_3.txt.gz","Plate_547s_L08","asymptomatic","macrophage",0.471586319289203,12
"GSM8121896_athero_human_3.txt.gz","Plate_547s_L09","asymptomatic","macrophage",-0.434097869339311,12
"GSM8121896_athero_human_3.txt.gz","Plate_547s_L10","asymptomatic","unassigned",0.25174131412104,12
"GSM8121896_athero_human_3.txt.gz","Plate_547s_L11","asymptomatic","macrophage",0.749843949722512,12
"GSM8121896_athero_human_3.txt.gz","Plate_547s_L12","asymptomatic","vsmc",0.512115727077968,12
"GSM8121896_athero_human_3.txt.gz","Plate_547s_L13","asymptomatic","vsmc",0.478081959568017,12
"GSM8121896_athero_human_3.txt.gz","Plate_547s_L14","asymptomatic","fibroblast",0.353831368212186,12
"GSM8121896_athero_human_3.txt.gz","Plate_547s_L16","asymptomatic","mast",-0.420398699749745,12
"GSM8121896_athero_human_3.txt.gz","Plate_547s_L17","asymptomatic","macrophage",-0.244215469200266,12
"GSM8121896_athero_human_3.txt.gz","Plate_547s_L19","asymptomatic","macrophage",-0.141893158042503,12
"GSM8121896_athero_human_3.txt.gz","Plate_547s_L21","asymptomatic","fibroblast",0.46686371951892,12
"GSM8121896_athero_human_3.txt.gz","Plate_547s_L23","asymptomatic","macrophage",-0.00899478799825657,12
"GSM8121896_athero_human_3.txt.gz","Plate_547s_L24","asymptomatic","macrophage",0.366973280753695,12
"GSM8121896_athero_human_3.txt.gz","Plate_547s_M01","asymptomatic","macrophage",-0.328926538925326,12
"GSM8121896_athero_human_3.txt.gz","Plate_547s_M02","asymptomatic","macrophage",0.205524400492875,12
"GSM8121896_athero_human_3.txt.gz","Plate_547s_M03","asymptomatic","macrophage",0.549243205994649,12
"GSM8121896_athero_human_3.txt.gz","Plate_547s_M05","asymptomatic","macrophage",-0.134015994858753,12
"GSM8121896_athero_human_3.txt.gz","Plate_547s_M06","asymptomatic","macrophage",-0.24886983568174,12
"GSM8121896_athero_human_3.txt.gz","Plate_547s_M07","asymptomatic","macrophage",0.341507236037871,12
"GSM8121896_athero_human_3.txt.gz","Plate_547s_M08","asymptomatic","macrophage",-0.258309401137925,12
"GSM8121896_athero_human_3.txt.gz","Plate_547s_M09","asymptomatic","macrophage",-0.329437677367233,12
"GSM8121896_athero_human_3.txt.gz","Plate_547s_M11","asymptomatic","macrophage",-0.476353427607433,12
"GSM8121896_athero_human_3.txt.gz","Plate_547s_M12","asymptomatic","vsmc",-0.100906219433519,12
"GSM8121896_athero_human_3.txt.gz","Plate_547s_M13","asymptomatic","unassigned",0.126177391131855,12
"GSM8121896_athero_human_3.txt.gz","Plate_547s_M14","asymptomatic","macrophage",0.0174189653853807,12
"GSM8121896_athero_human_3.txt.gz","Plate_547s_M16","asymptomatic","macrophage",-0.153708528344731,12
"GSM8121896_athero_human_3.txt.gz","Plate_547s_M17","asymptomatic","macrophage",-0.212173609613052,12
"GSM8121896_athero_human_3.txt.gz","Plate_547s_M18","asymptomatic","macrophage",0.324737856394651,12
"GSM8121896_athero_human_3.txt.gz","Plate_547s_M19","asymptomatic","macrophage",-0.327660943394121,12
"GSM8121896_athero_human_3.txt.gz","Plate_547s_M21","asymptomatic","fibroblast",0.172744630121098,12
"GSM8121896_athero_human_3.txt.gz","Plate_547s_M23","asymptomatic","macrophage",-0.240853450372481,12
"GSM8121896_athero_human_3.txt.gz","Plate_547s_M24","asymptomatic","macrophage",0.0449734624184865,12
"GSM8121896_athero_human_3.txt.gz","Plate_547s_N01","asymptomatic","macrophage",0.431707817358636,12
"GSM8121896_athero_human_3.txt.gz","Plate_547s_N02","asymptomatic","macrophage",-0.0984543112566985,12
"GSM8121896_athero_human_3.txt.gz","Plate_547s_N03","asymptomatic","vsmc",0.143474009448285,12
"GSM8121896_athero_human_3.txt.gz","Plate_547s_N04","asymptomatic","macrophage",0.716828400454613,12
"GSM8121896_athero_human_3.txt.gz","Plate_547s_N07","asymptomatic","b_cell",0.264113597600585,12
"GSM8121896_athero_human_3.txt.gz","Plate_547s_N08","asymptomatic","unassigned",0.112267688580462,12
"GSM8121896_athero_human_3.txt.gz","Plate_547s_N09","asymptomatic","macrophage",-0.330537862363567,12
"GSM8121896_athero_human_3.txt.gz","Plate_547s_N10","asymptomatic","macrophage",-0.477663696216929,12
"GSM8121896_athero_human_3.txt.gz","Plate_547s_N11","asymptomatic","vsmc",-0.248653607579311,12
"GSM8121896_athero_human_3.txt.gz","Plate_547s_N12","asymptomatic","macrophage",-0.35367563527801,12
"GSM8121896_athero_human_3.txt.gz","Plate_547s_N13","asymptomatic","macrophage",0.402897440683804,12
"GSM8121896_athero_human_3.txt.gz","Plate_547s_N14","asymptomatic","macrophage",-0.342758400616516,12
"GSM8121896_athero_human_3.txt.gz","Plate_547s_N15","asymptomatic","macrophage",-0.31159773389185,12
"GSM8121896_athero_human_3.txt.gz","Plate_547s_N16","asymptomatic","vsmc",-0.00533822383541258,12
"GSM8121896_athero_human_3.txt.gz","Plate_547s_N17","asymptomatic","macrophage",0.550017163394982,12
"GSM8121896_athero_human_3.txt.gz","Plate_547s_N18","asymptomatic","macrophage",0.653580567420705,12
"GSM8121896_athero_human_3.txt.gz","Plate_547s_N19","asymptomatic","macrophage",-0.237507819804558,12
"GSM8121896_athero_human_3.txt.gz","Plate_547s_N20","asymptomatic","macrophage",0.130129206206691,12
"GSM8121896_athero_human_3.txt.gz","Plate_547s_N23","asymptomatic","fibroblast",0.122813598003191,12
"GSM8121896_athero_human_3.txt.gz","Plate_547s_N24","asymptomatic","macrophage",-0.062828668234728,12
"GSM8121896_athero_human_3.txt.gz","Plate_547s_O02","asymptomatic","macrophage",0.0182998068363368,12
"GSM8121896_athero_human_3.txt.gz","Plate_547s_O03","asymptomatic","macrophage",0.00885173656236665,12
"GSM8121896_athero_human_3.txt.gz","Plate_547s_O04","asymptomatic","macrophage",0.326714936829844,12
"GSM8121896_athero_human_3.txt.gz","Plate_547s_O05","asymptomatic","macrophage",-0.295450852182928,12
"GSM8121896_athero_human_3.txt.gz","Plate_547s_O06","asymptomatic","unassigned",-0.206902603092234,12
"GSM8121896_athero_human_3.txt.gz","Plate_547s_O07","asymptomatic","macrophage",-0.166972772709975,12
"GSM8121896_athero_human_3.txt.gz","Plate_547s_O08","asymptomatic","macrophage",-0.0622147519316326,12
"GSM8121896_athero_human_3.txt.gz","Plate_547s_O09","asymptomatic","macrophage",0.708744209740952,12
"GSM8121896_athero_human_3.txt.gz","Plate_547s_O10","asymptomatic","macrophage",1.35977056690287,12
"GSM8121896_athero_human_3.txt.gz","Plate_547s_O11","asymptomatic","macrophage",-0.438044452232239,12
"GSM8121896_athero_human_3.txt.gz","Plate_547s_O12","asymptomatic","macrophage",0.0686372481544,12
"GSM8121896_athero_human_3.txt.gz","Plate_547s_O14","asymptomatic","macrophage",0.00502289934729226,12
"GSM8121896_athero_human_3.txt.gz","Plate_547s_O15","asymptomatic","macrophage",0.0120442842598025,12
"GSM8121896_athero_human_3.txt.gz","Plate_547s_O16","asymptomatic","vsmc",-0.086995680064533,12
"GSM8121896_athero_human_3.txt.gz","Plate_547s_O17","asymptomatic","macrophage",-0.0164691158208126,12
"GSM8121896_athero_human_3.txt.gz","Plate_547s_O18","asymptomatic","unassigned",0.273249778212298,12
"GSM8121896_athero_human_3.txt.gz","Plate_547s_O20","asymptomatic","b_cell",0.622378406267708,12
"GSM8121896_athero_human_3.txt.gz","Plate_547s_O21","asymptomatic","t_nk",0.0438128986315259,12
"GSM8121896_athero_human_3.txt.gz","Plate_547s_O22","asymptomatic","macrophage",-0.0347669628471542,12
"GSM8121896_athero_human_3.txt.gz","Plate_547s_O24","asymptomatic","unassigned",-0.258662894475482,12
"GSM8121896_athero_human_3.txt.gz","Plate_547s_P01","asymptomatic","macrophage",-0.299970388393168,12
"GSM8121896_athero_human_3.txt.gz","Plate_547s_P02","asymptomatic","mast",0.0382332080634272,12
"GSM8121896_athero_human_3.txt.gz","Plate_547s_P03","asymptomatic","macrophage",0.26178913199966,12
"GSM8121896_athero_human_3.txt.gz","Plate_547s_P04","asymptomatic","endothelial",0.16924439658426,12
"GSM8121896_athero_human_3.txt.gz","Plate_547s_P05","asymptomatic","macrophage",-0.197560745341245,12
"GSM8121896_athero_human_3.txt.gz","Plate_547s_P06","asymptomatic","macrophage",-0.0454500109611325,12
"GSM8121896_athero_human_3.txt.gz","Plate_547s_P07","asymptomatic","fibroblast",0.101447638153765,12
"GSM8121896_athero_human_3.txt.gz","Plate_547s_P08","asymptomatic","unassigned",0.855578625251458,12
"GSM8121896_athero_human_3.txt.gz","Plate_547s_P09","asymptomatic","macrophage",0.135886581421161,12
"GSM8121896_athero_human_3.txt.gz","Plate_547s_P10","asymptomatic","unassigned",-0.207190301565966,12
"GSM8121896_athero_human_3.txt.gz","Plate_547s_P11","asymptomatic","vsmc",0.0466066655300111,12
"GSM8121896_athero_human_3.txt.gz","Plate_547s_P13","asymptomatic","macrophage",-0.573878934227073,12
"GSM8121896_athero_human_3.txt.gz","Plate_547s_P14","asymptomatic","macrophage",0.0931761476638982,12
"GSM8121896_athero_human_3.txt.gz","Plate_547s_P15","asymptomatic","macrophage",0.389400636159824,12
"GSM8121896_athero_human_3.txt.gz","Plate_547s_P16","asymptomatic","mast",-0.454375432245269,12
"GSM8121896_athero_human_3.txt.gz","Plate_547s_P17","asymptomatic","endothelial",-0.249185496067659,12
"GSM8121896_athero_human_3.txt.gz","Plate_547s_P18","asymptomatic","unassigned",0.0293856465492317,12
"GSM8121896_athero_human_3.txt.gz","Plate_547s_P19","asymptomatic","mast",-0.473073079849417,12
"GSM8121896_athero_human_3.txt.gz","Plate_547s_P20","asymptomatic","unassigned",-0.505941601712614,12
"GSM8121896_athero_human_3.txt.gz","Plate_547s_P22","asymptomatic","endothelial",-0.160544937225951,12
"GSM8121897_athero_human_4.txt.gz","Plate_552s_A01","symptomatic","vsmc",0.301485591508254,12
"GSM8121897_athero_human_4.txt.gz","Plate_552s_A02","symptomatic","vsmc",0.280409745858023,12
"GSM8121897_athero_human_4.txt.gz","Plate_552s_A03","symptomatic","vsmc",0.226291567252442,12
"GSM8121897_athero_human_4.txt.gz","Plate_552s_A04","symptomatic","vsmc",0.0947023542437294,12
"GSM8121897_athero_human_4.txt.gz","Plate_552s_A05","symptomatic","vsmc",0.0686171125906207,12
"GSM8121897_athero_human_4.txt.gz","Plate_552s_A06","symptomatic","vsmc",-0.029088107569929,12
"GSM8121897_athero_human_4.txt.gz","Plate_552s_A07","symptomatic","vsmc",-0.0342440742365819,12
"GSM8121897_athero_human_4.txt.gz","Plate_552s_A09","symptomatic","fibroblast",0.143077801285313,12
"GSM8121897_athero_human_4.txt.gz","Plate_552s_A10","symptomatic","fibroblast",0.144555649769558,12
"GSM8121897_athero_human_4.txt.gz","Plate_552s_A11","symptomatic","fibroblast",0.297007447465858,12
"GSM8121897_athero_human_4.txt.gz","Plate_552s_A12","symptomatic","fibroblast",0.0713800657324326,12
"GSM8121897_athero_human_4.txt.gz","Plate_552s_A13","symptomatic","vsmc",0.369929469628305,12
"GSM8121897_athero_human_4.txt.gz","Plate_552s_A14","symptomatic","t_nk",-0.197031102703057,12
"GSM8121897_athero_human_4.txt.gz","Plate_552s_A15","symptomatic","vsmc",-0.546020089454693,12
"GSM8121897_athero_human_4.txt.gz","Plate_552s_A16","symptomatic","fibroblast",-0.046892691206671,12
"GSM8121897_athero_human_4.txt.gz","Plate_552s_A17","symptomatic","vsmc",-0.539344404068512,12
"GSM8121897_athero_human_4.txt.gz","Plate_552s_A18","symptomatic","unassigned",-0.119156293600393,12
"GSM8121897_athero_human_4.txt.gz","Plate_552s_A19","symptomatic","mast",0.0697232953417859,12
"GSM8121897_athero_human_4.txt.gz","Plate_552s_A20","symptomatic","fibroblast",0.130414909876181,12
"GSM8121897_athero_human_4.txt.gz","Plate_552s_A21","symptomatic","unassigned",-0.125192974151546,12
"GSM8121897_athero_human_4.txt.gz","Plate_552s_A22","symptomatic","unassigned",0.0788444236271133,12
"GSM8121897_athero_human_4.txt.gz","Plate_552s_A23","symptomatic","unassigned",0.323239481213206,12
"GSM8121897_athero_human_4.txt.gz","Plate_552s_A24","symptomatic","unassigned",0.202021312993433,12
"GSM8121897_athero_human_4.txt.gz","Plate_552s_B01","symptomatic","vsmc",0.375115571863267,12
"GSM8121897_athero_human_4.txt.gz","Plate_552s_B02","symptomatic","vsmc",0.311481872782063,12
"GSM8121897_athero_human_4.txt.gz","Plate_552s_B03","symptomatic","vsmc",0.237906810115017,12
"GSM8121897_athero_human_4.txt.gz","Plate_552s_B04","symptomatic","vsmc",0.193091448805753,12
"GSM8121897_athero_human_4.txt.gz","Plate_552s_B05","symptomatic","vsmc",0.0313422834977017,12
"GSM8121897_athero_human_4.txt.gz","Plate_552s_B06","symptomatic","vsmc",-0.0593505025012797,12
"GSM8121897_athero_human_4.txt.gz","Plate_552s_B07","symptomatic","unassigned",0.05947920811053,12
"GSM8121897_athero_human_4.txt.gz","Plate_552s_B08","symptomatic","fibroblast",-0.136410568883445,12
"GSM8121897_athero_human_4.txt.gz","Plate_552s_B09","symptomatic","fibroblast",-0.12757488991441,12
"GSM8121897_athero_human_4.txt.gz","Plate_552s_B10","symptomatic","fibroblast",0.116285738055781,12
"GSM8121897_athero_human_4.txt.gz","Plate_552s_B11","symptomatic","fibroblast",0.0537512978720059,12
"GSM8121897_athero_human_4.txt.gz","Plate_552s_B12","symptomatic","fibroblast",0.173473166761186,12
"GSM8121897_athero_human_4.txt.gz","Plate_552s_B13","symptomatic","fibroblast",-0.510651256273758,12
"GSM8121897_athero_human_4.txt.gz","Plate_552s_B15","symptomatic","unassigned",-0.231996856992796,12
"GSM8121897_athero_human_4.txt.gz","Plate_552s_B16","symptomatic","fibroblast",0.25275836887713,12
"GSM8121897_athero_human_4.txt.gz","Plate_552s_B17","symptomatic","vsmc",-0.345496247418181,12
"GSM8121897_athero_human_4.txt.gz","Plate_552s_B18","symptomatic","vsmc",-0.546677576389949,12
"GSM8121897_athero_human_4.txt.gz","Plate_552s_B19","symptomatic","vsmc",0.0267035948187945,12
"GSM8121897_athero_human_4.txt.gz","Plate_552s_B20","symptomatic","unassigned",0.0904936350646684,12
"GSM8121897_athero_human_4.txt.gz","Plate_552s_B21","symptomatic","endothelial",-0.116107771520692,12
"GSM8121897_athero_human_4.txt.gz","Plate_552s_B22","symptomatic","fibroblast",0.0775268977820395,12
"GSM8121897_athero_human_4.txt.gz","Plate_552s_B23","symptomatic","unassigned",-0.199396395313138,12
"GSM8121897_athero_human_4.txt.gz","Plate_552s_B24","symptomatic","vsmc",-0.196953089798955,12
"GSM8121897_athero_human_4.txt.gz","Plate_552s_C02","symptomatic","vsmc",0.36897488671384,12
"GSM8121897_athero_human_4.txt.gz","Plate_552s_C03","symptomatic","vsmc",0.376209244923455,12
"GSM8121897_athero_human_4.txt.gz","Plate_552s_C04","symptomatic","vsmc",0.370969191311139,12
"GSM8121897_athero_human_4.txt.gz","Plate_552s_C05","symptomatic","vsmc",0.134160200058958,12
"GSM8121897_athero_human_4.txt.gz","Plate_552s_C06","symptomatic","vsmc",0.0536915301460983,12
"GSM8121897_athero_human_4.txt.gz","Plate_552s_C07","symptomatic","fibroblast",0.0510040442931302,12
"GSM8121897_athero_human_4.txt.gz","Plate_552s_C08","symptomatic","fibroblast",-0.0660454513526856,12
"GSM8121897_athero_human_4.txt.gz","Plate_552s_C09","symptomatic","fibroblast",-0.00429139176210822,12
"GSM8121897_athero_human_4.txt.gz","Plate_552s_C10","symptomatic","fibroblast",-0.0454425280397455,12
"GSM8121897_athero_human_4.txt.gz","Plate_552s_C11","symptomatic","unassigned",0.151372384906885,12
"GSM8121897_athero_human_4.txt.gz","Plate_552s_C12","symptomatic","fibroblast",0.70247553144386,12
"GSM8121897_athero_human_4.txt.gz","Plate_552s_C13","symptomatic","fibroblast",-0.15372149165148,12
"GSM8121897_athero_human_4.txt.gz","Plate_552s_C14","symptomatic","fibroblast",-0.24011512074065,12
"GSM8121897_athero_human_4.txt.gz","Plate_552s_C16","symptomatic","unassigned",-0.792101937267504,12
"GSM8121897_athero_human_4.txt.gz","Plate_552s_C18","symptomatic","vsmc",-0.100393471628726,12
"GSM8121897_athero_human_4.txt.gz","Plate_552s_C19","symptomatic","fibroblast",-0.0394801424405208,12
"GSM8121897_athero_human_4.txt.gz","Plate_552s_C20","symptomatic","vsmc",-0.584866537233034,12
"GSM8121897_athero_human_4.txt.gz","Plate_552s_C22","symptomatic","fibroblast",-0.286747423560019,12
"GSM8121897_athero_human_4.txt.gz","Plate_552s_C23","symptomatic","fibroblast",-0.166681876022791,12
"GSM8121897_athero_human_4.txt.gz","Plate_552s_C24","symptomatic","fibroblast",-0.603332266277949,12
"GSM8121897_athero_human_4.txt.gz","Plate_552s_D02","symptomatic","vsmc",0.354572045327246,12
"GSM8121897_athero_human_4.txt.gz","Plate_552s_D03","symptomatic","vsmc",0.369748377361596,12
"GSM8121897_athero_human_4.txt.gz","Plate_552s_D04","symptomatic","vsmc",0.282812676236395,12
"GSM8121897_athero_human_4.txt.gz","Plate_552s_D05","symptomatic","vsmc",0.188422409746007,12
"GSM8121897_athero_human_4.txt.gz","Plate_552s_D06","symptomatic","vsmc",0.149348679646788,12
"GSM8121897_athero_human_4.txt.gz","Plate_552s_D07","symptomatic","fibroblast",-0.0195971878425391,12
"GSM8121897_athero_human_4.txt.gz","Plate_552s_D08","symptomatic","fibroblast",0.00274161061979488,12
"GSM8121897_athero_human_4.txt.gz","Plate_552s_D09","symptomatic","vsmc",-0.162973076524948,12
"GSM8121897_athero_human_4.txt.gz","Plate_552s_D10","symptomatic","unassigned",0.0152748290673699,12
"GSM8121897_athero_human_4.txt.gz","Plate_552s_D11","symptomatic","fibroblast",-0.29356958550801,12
"GSM8121897_athero_human_4.txt.gz","Plate_552s_D12","symptomatic","fibroblast",-0.222889977960642,12
"GSM8121897_athero_human_4.txt.gz","Plate_552s_D14","symptomatic","fibroblast",-0.224320994652146,12
"GSM8121897_athero_human_4.txt.gz","Plate_552s_D16","symptomatic","vsmc",-0.23060245816892,12
"GSM8121897_athero_human_4.txt.gz","Plate_552s_D17","symptomatic","fibroblast",-0.181341246391963,12
"GSM8121897_athero_human_4.txt.gz","Plate_552s_D18","symptomatic","vsmc",-0.119560709402696,12
"GSM8121897_athero_human_4.txt.gz","Plate_552s_D19","symptomatic","b_cell",-0.346216703440987,12
"GSM8121897_athero_human_4.txt.gz","Plate_552s_D21","symptomatic","fibroblast",-0.00663398785843001,12
"GSM8121897_athero_human_4.txt.gz","Plate_552s_D22","symptomatic","unassigned",0.153044306004633,12
"GSM8121897_athero_human_4.txt.gz","Plate_552s_D23","symptomatic","fibroblast",-0.0599696258701669,12
"GSM8121897_athero_human_4.txt.gz","Plate_552s_D24","symptomatic","vsmc",-0.364752239392903,12
"GSM8121897_athero_human_4.txt.gz","Plate_552s_E01","symptomatic","vsmc",0.33706540002034,12
"GSM8121897_athero_human_4.txt.gz","Plate_552s_E02","symptomatic","vsmc",0.346611304454573,12
"GSM8121897_athero_human_4.txt.gz","Plate_552s_E03","symptomatic","vsmc",0.42651607607142,12
"GSM8121897_athero_human_4.txt.gz","Plate_552s_E04","symptomatic","vsmc",0.292810585014609,12
"GSM8121897_athero_human_4.txt.gz","Plate_552s_E05","symptomatic","vsmc",0.0232513674086535,12
"GSM8121897_athero_human_4.txt.gz","Plate_552s_E06","symptomatic","mast",-0.00036893337597563,12
"GSM8121897_athero_human_4.txt.gz","Plate_552s_E07","symptomatic","fibroblast",-0.0220819324117287,12
"GSM8121897_athero_human_4.txt.gz","Plate_552s_E08","symptomatic","fibroblast",0.0186645763604035,12
"GSM8121897_athero_human_4.txt.gz","Plate_552s_E09","symptomatic","fibroblast",-0.107337601225788,12
"GSM8121897_athero_human_4.txt.gz","Plate_552s_E10","symptomatic","endothelial",-0.64337519347012,12
"GSM8121897_athero_human_4.txt.gz","Plate_552s_E11","symptomatic","unassigned",-0.717338015423605,12
"GSM8121897_athero_human_4.txt.gz","Plate_552s_E12","symptomatic","fibroblast",0.422153111884497,12
"GSM8121897_athero_human_4.txt.gz","Plate_552s_E13","symptomatic","fibroblast",0.00104631726591,12
"GSM8121897_athero_human_4.txt.gz","Plate_552s_E14","symptomatic","vsmc",0.120430472451075,12
"GSM8121897_athero_human_4.txt.gz","Plate_552s_E15","symptomatic","vsmc",0.0805814134957299,12
"GSM8121897_athero_human_4.txt.gz","Plate_552s_E16","symptomatic","fibroblast",-0.615301758236908,12
"GSM8121897_athero_human_4.txt.gz","Plate_552s_E18","symptomatic","unassigned",-0.0186274624932913,12
"GSM8121897_athero_human_4.txt.gz","Plate_552s_E21","symptomatic","unassigned",0.199674930129724,12
"GSM8121897_athero_human_4.txt.gz","Plate_552s_E22","symptomatic","fibroblast",-0.0915355359635733,12
"GSM8121897_athero_human_4.txt.gz","Plate_552s_E23","symptomatic","unassigned",0.411670041737284,12
"GSM8121897_athero_human_4.txt.gz","Plate_552s_E24","symptomatic","fibroblast",0.325653774512491,12
"GSM8121897_athero_human_4.txt.gz","Plate_552s_F01","symptomatic","vsmc",0.347104341575192,12
"GSM8121897_athero_human_4.txt.gz","Plate_552s_F02","symptomatic","vsmc",0.299181028442899,12
"GSM8121897_athero_human_4.txt.gz","Plate_552s_F03","symptomatic","unassigned",0.393442453967432,12
"GSM8121897_athero_human_4.txt.gz","Plate_552s_F04","symptomatic","unassigned",0.0512169717750503,12
"GSM8121897_athero_human_4.txt.gz","Plate_552s_F05","symptomatic","vsmc",-0.178932166026912,12
"GSM8121897_athero_human_4.txt.gz","Plate_552s_F06","symptomatic","vsmc",-0.00304243237646247,12
"GSM8121897_athero_human_4.txt.gz","Plate_552s_F07","symptomatic","unassigned",-0.151831861295946,12
"GSM8121897_athero_human_4.txt.gz","Plate_552s_F08","symptomatic","fibroblast",0.166192335912323,12
"GSM8121897_athero_human_4.txt.gz","Plate_552s_F09","symptomatic","vsmc",-0.384794710682274,12
"GSM8121897_athero_human_4.txt.gz","Plate_552s_F10","symptomatic","fibroblast",0.0751808358769482,12
"GSM8121897_athero_human_4.txt.gz","Plate_552s_F11","symptomatic","vsmc",0.468755147065282,12
"GSM8121897_athero_human_4.txt.gz","Plate_552s_F12","symptomatic","fibroblast",0.0303813346605347,12
"GSM8121897_athero_human_4.txt.gz","Plate_552s_F13","symptomatic","vsmc",-0.474346044994375,12
"GSM8121897_athero_human_4.txt.gz","Plate_552s_F14","symptomatic","fibroblast",0.162176900336189,12
"GSM8121897_athero_human_4.txt.gz","Plate_552s_F15","symptomatic","fibroblast",0.0293846860027208,12
"GSM8121897_athero_human_4.txt.gz","Plate_552s_F16","symptomatic","unassigned",-0.512759968544152,12
"GSM8121897_athero_human_4.txt.gz","Plate_552s_F19","symptomatic","fibroblast",0.0114211705490524,12
"GSM8121897_athero_human_4.txt.gz","Plate_552s_F20","symptomatic","mast",0.112691196947471,12
"GSM8121897_athero_human_4.txt.gz","Plate_552s_F22","symptomatic","vsmc",-0.71380447455574,12
"GSM8121897_athero_human_4.txt.gz","Plate_552s_F23","symptomatic","unassigned",-0.27920912850029,12
"GSM8121897_athero_human_4.txt.gz","Plate_552s_F24","symptomatic","unassigned",0.0586532658031017,12
"GSM8121897_athero_human_4.txt.gz","Plate_552s_G01","symptomatic","vsmc",0.418228420441279,12
"GSM8121897_athero_human_4.txt.gz","Plate_552s_G02","symptomatic","unassigned",0.236275669505862,12
"GSM8121897_athero_human_4.txt.gz","Plate_552s_G03","symptomatic","fibroblast",0.281290051218833,12
"GSM8121897_athero_human_4.txt.gz","Plate_552s_G04","symptomatic","vsmc",0.0195236364802026,12
"GSM8121897_athero_human_4.txt.gz","Plate_552s_G05","symptomatic","vsmc",0.00693495600122121,12
"GSM8121897_athero_human_4.txt.gz","Plate_552s_G06","symptomatic","unassigned",0.0486165663249941,12
"GSM8121897_athero_human_4.txt.gz","Plate_552s_G07","symptomatic","fibroblast",-0.348739873742242,12
"GSM8121897_athero_human_4.txt.gz","Plate_552s_G08","symptomatic","vsmc",-0.252343873480399,12
"GSM8121897_athero_human_4.txt.gz","Plate_552s_G09","symptomatic","mast",0.780166969452864,12
"GSM8121897_athero_human_4.txt.gz","Plate_552s_G10","symptomatic","fibroblast",-0.638137704809342,12
"GSM8121897_athero_human_4.txt.gz","Plate_552s_G11","symptomatic","fibroblast",0.180713612053055,12
"GSM8121897_athero_human_4.txt.gz","Plate_552s_G13","symptomatic","unassigned",-0.293793997600489,12
"GSM8121897_athero_human_4.txt.gz","Plate_552s_G14","symptomatic","fibroblast",0.0365317730424245,12
"GSM8121897_athero_human_4.txt.gz","Plate_552s_G15","symptomatic","fibroblast",0.618016195625338,12
"GSM8121897_athero_human_4.txt.gz","Plate_552s_G17","symptomatic","fibroblast",-0.111239612151214,12
"GSM8121897_athero_human_4.txt.gz","Plate_552s_G18","symptomatic","fibroblast",-0.268576414020985,12
"GSM8121897_athero_human_4.txt.gz","Plate_552s_G19","symptomatic","fibroblast",-0.132561867229041,12
"GSM8121897_athero_human_4.txt.gz","Plate_552s_G20","symptomatic","fibroblast",-0.347011758937618,12
"GSM8121897_athero_human_4.txt.gz","Plate_552s_G21","symptomatic","unassigned",-0.250901615391538,12
"GSM8121897_athero_human_4.txt.gz","Plate_552s_G22","symptomatic","fibroblast",0.0670227514485508,12
"GSM8121897_athero_human_4.txt.gz","Plate_552s_G23","symptomatic","fibroblast",-0.311650813831052,12
"GSM8121897_athero_human_4.txt.gz","Plate_552s_H01","symptomatic","mast",0.430244252043236,12
"GSM8121897_athero_human_4.txt.gz","Plate_552s_H02","symptomatic","mast",0.349058117434941,12
"GSM8121897_athero_human_4.txt.gz","Plate_552s_H03","symptomatic","fibroblast",0.213039960422511,12
"GSM8121897_athero_human_4.txt.gz","Plate_552s_H04","symptomatic","vsmc",-0.114848428427124,12
"GSM8121897_athero_human_4.txt.gz","Plate_552s_H05","symptomatic","vsmc",0.0578215781394867,12
"GSM8121897_athero_human_4.txt.gz","Plate_552s_H06","symptomatic","unassigned",0.0730335537205255,12
"GSM8121897_athero_human_4.txt.gz","Plate_552s_H07","symptomatic","fibroblast",-0.553705595695641,12
"GSM8121897_athero_human_4.txt.gz","Plate_552s_H08","symptomatic","b_cell",-0.261951205210595,12
"GSM8121897_athero_human_4.txt.gz","Plate_552s_H09","symptomatic","unassigned",0.111122190098106,12
"GSM8121897_athero_human_4.txt.gz","Plate_552s_H10","symptomatic","fibroblast",-0.0747667999939948,12
"GSM8121897_athero_human_4.txt.gz","Plate_552s_H11","symptomatic","vsmc",-0.15640775734781,12
"GSM8121897_athero_human_4.txt.gz","Plate_552s_H12","symptomatic","fibroblast",-0.0316352360661185,12
"GSM8121897_athero_human_4.txt.gz","Plate_552s_H13","symptomatic","fibroblast",-0.225984400929889,12
"GSM8121897_athero_human_4.txt.gz","Plate_552s_H14","symptomatic","unassigned",-0.382766057861381,12
"GSM8121897_athero_human_4.txt.gz","Plate_552s_H15","symptomatic","mast",0.0805844392420347,12
"GSM8121897_athero_human_4.txt.gz","Plate_552s_H16","symptomatic","fibroblast",0.211165569285372,12
"GSM8121897_athero_human_4.txt.gz","Plate_552s_H17","symptomatic","vsmc",-0.213829948396928,12
"GSM8121897_athero_human_4.txt.gz","Plate_552s_H18","symptomatic","vsmc",-0.196964822029247,12
"GSM8121897_athero_human_4.txt.gz","Plate_552s_H19","symptomatic","fibroblast",-0.163898841181516,12
"GSM8121897_athero_human_4.txt.gz","Plate_552s_H21","symptomatic","unassigned",0.133919701944691,12
"GSM8121897_athero_human_4.txt.gz","Plate_552s_H22","symptomatic","fibroblast",-0.311034588423654,12
"GSM8121897_athero_human_4.txt.gz","Plate_552s_H23","symptomatic","vsmc",-0.520031264883956,12
"GSM8121897_athero_human_4.txt.gz","Plate_552s_H24","symptomatic","unassigned",-0.636305417884708,12
"GSM8121897_athero_human_4.txt.gz","Plate_552s_I01","symptomatic","mast",0.534196144328096,12
"GSM8121897_athero_human_4.txt.gz","Plate_552s_I02","symptomatic","mast",0.465169076024189,12
"GSM8121897_athero_human_4.txt.gz","Plate_552s_I03","symptomatic","fibroblast",0.216915212704456,12
"GSM8121897_athero_human_4.txt.gz","Plate_552s_I04","symptomatic","vsmc",-0.131680244783676,12
"GSM8121897_athero_human_4.txt.gz","Plate_552s_I05","symptomatic","fibroblast",0.13695306183088,12
"GSM8121897_athero_human_4.txt.gz","Plate_552s_I06","symptomatic","unassigned",0.111180704948095,12
"GSM8121897_athero_human_4.txt.gz","Plate_552s_I07","symptomatic","fibroblast",-0.0540560843341334,12
"GSM8121897_athero_human_4.txt.gz","Plate_552s_I08","symptomatic","fibroblast",0.927902285835943,12
"GSM8121897_athero_human_4.txt.gz","Plate_552s_I10","symptomatic","unassigned",-0.328966611885987,12
"GSM8121897_athero_human_4.txt.gz","Plate_552s_I11","symptomatic","fibroblast",0.687988371489243,12
"GSM8121897_athero_human_4.txt.gz","Plate_552s_I12","symptomatic","fibroblast",0.123027661956227,12
"GSM8121897_athero_human_4.txt.gz","Plate_552s_I13","symptomatic","fibroblast",-0.195658355705197,12
"GSM8121897_athero_human_4.txt.gz","Plate_552s_I14","symptomatic","vsmc",-0.634117266819473,12
"GSM8121897_athero_human_4.txt.gz","Plate_552s_I15","symptomatic","t_nk",-0.40821064744046,12
"GSM8121897_athero_human_4.txt.gz","Plate_552s_I17","symptomatic","unassigned",-0.0772457476482271,12
"GSM8121897_athero_human_4.txt.gz","Plate_552s_I18","symptomatic","fibroblast",-0.552826572120155,12
"GSM8121897_athero_human_4.txt.gz","Plate_552s_I19","symptomatic","vsmc",-0.530862740398896,12
"GSM8121897_athero_human_4.txt.gz","Plate_552s_I20","symptomatic","fibroblast",0.0816535978522093,12
"GSM8121897_athero_human_4.txt.gz","Plate_552s_I21","symptomatic","vsmc",-0.367523037354435,12
"GSM8121897_athero_human_4.txt.gz","Plate_552s_I22","symptomatic","fibroblast",-0.200436134755313,12
"GSM8121897_athero_human_4.txt.gz","Plate_552s_I23","symptomatic","fibroblast",-0.354023871822563,12
"GSM8121897_athero_human_4.txt.gz","Plate_552s_J01","symptomatic","vsmc",0.700697996863209,12
"GSM8121897_athero_human_4.txt.gz","Plate_552s_J02","symptomatic","fibroblast",0.519596612950701,12
"GSM8121897_athero_human_4.txt.gz","Plate_552s_J03","symptomatic","fibroblast",-0.00155964992701501,12
"GSM8121897_athero_human_4.txt.gz","Plate_552s_J04","symptomatic","vsmc",-0.124604270200435,12
"GSM8121897_athero_human_4.txt.gz","Plate_552s_J05","symptomatic","fibroblast",0.121872572180732,12
"GSM8121897_athero_human_4.txt.gz","Plate_552s_J06","symptomatic","unassigned",0.0560835091136959,12
"GSM8121897_athero_human_4.txt.gz","Plate_552s_J07","symptomatic","vsmc",-0.361626389673945,12
"GSM8121897_athero_human_4.txt.gz","Plate_552s_J09","symptomatic","fibroblast",-0.0726577538125459,12
"GSM8121897_athero_human_4.txt.gz","Plate_552s_J10","symptomatic","vsmc",-0.0956128052036019,12
"GSM8121897_athero_human_4.txt.gz","Plate_552s_J11","symptomatic","fibroblast",-0.0765461489132341,12
"GSM8121897_athero_human_4.txt.gz","Plate_552s_J12","symptomatic","fibroblast",-0.0860963552991453,12
"GSM8121897_athero_human_4.txt.gz","Plate_552s_J13","symptomatic","t_nk",-0.473265647600909,12
"GSM8121897_athero_human_4.txt.gz","Plate_552s_J15","symptomatic","fibroblast",-0.133723220004587,12
"GSM8121897_athero_human_4.txt.gz","Plate_552s_J16","symptomatic","vsmc",0.379150768029767,12
"GSM8121897_athero_human_4.txt.gz","Plate_552s_J17","symptomatic","vsmc",-0.499880862030647,12
"GSM8121897_athero_human_4.txt.gz","Plate_552s_J18","symptomatic","fibroblast",-0.192749942602373,12
"GSM8121897_athero_human_4.txt.gz","Plate_552s_J19","symptomatic","unassigned",0.499273458125737,12
"GSM8121897_athero_human_4.txt.gz","Plate_552s_J20","symptomatic","fibroblast",0.684269207053072,12
"GSM8121897_athero_human_4.txt.gz","Plate_552s_J21","symptomatic","fibroblast",0.527658886881919,12
"GSM8121897_athero_human_4.txt.gz","Plate_552s_J22","symptomatic","fibroblast",-0.17024740477005,12
"GSM8121897_athero_human_4.txt.gz","Plate_552s_J23","symptomatic","endothelial",-0.388587240864845,12
"GSM8121897_athero_human_4.txt.gz","Plate_552s_J24","symptomatic","vsmc",-0.246773368041746,12
"GSM8121897_athero_human_4.txt.gz","Plate_552s_K01","symptomatic","vsmc",0.808269178057176,12
"GSM8121897_athero_human_4.txt.gz","Plate_552s_K02","symptomatic","fibroblast",0.42924516094991,12
"GSM8121897_athero_human_4.txt.gz","Plate_552s_K03","symptomatic","fibroblast",0.0391350324762583,12
"GSM8121897_athero_human_4.txt.gz","Plate_552s_K04","symptomatic","vsmc",-0.294591372890283,12
"GSM8121897_athero_human_4.txt.gz","Plate_552s_K05","symptomatic","fibroblast",-0.0723572483347297,12
"GSM8121897_athero_human_4.txt.gz","Plate_552s_K06","symptomatic","fibroblast",0.189494736326008,12
"GSM8121897_athero_human_4.txt.gz","Plate_552s_K07","symptomatic","fibroblast",0.509460066278057,12
"GSM8121897_athero_human_4.txt.gz","Plate_552s_K08","symptomatic","fibroblast",0.373767300192617,12
"GSM8121897_athero_human_4.txt.gz","Plate_552s_K09","symptomatic","fibroblast",0.191136355951422,12
"GSM8121897_athero_human_4.txt.gz","Plate_552s_K10","symptomatic","fibroblast",-0.488993329623345,12
"GSM8121897_athero_human_4.txt.gz","Plate_552s_K11","symptomatic","fibroblast",-0.393866337257824,12
"GSM8121897_athero_human_4.txt.gz","Plate_552s_K12","symptomatic","fibroblast",-0.0509839475679573,12
"GSM8121897_athero_human_4.txt.gz","Plate_552s_K13","symptomatic","fibroblast",-0.0684445602165756,12
"GSM8121897_athero_human_4.txt.gz","Plate_552s_K14","symptomatic","fibroblast",-0.40585837978929,12
"GSM8121897_athero_human_4.txt.gz","Plate_552s_K15","symptomatic","vsmc",-0.252144387666051,12
"GSM8121897_athero_human_4.txt.gz","Plate_552s_K16","symptomatic","fibroblast",-0.630612594200108,12
"GSM8121897_athero_human_4.txt.gz","Plate_552s_K17","symptomatic","fibroblast",-0.581242309823326,12
"GSM8121897_athero_human_4.txt.gz","Plate_552s_K18","symptomatic","vsmc",-0.530329748336179,12
"GSM8121897_athero_human_4.txt.gz","Plate_552s_K19","symptomatic","fibroblast",0.165676907173753,12
"GSM8121897_athero_human_4.txt.gz","Plate_552s_K20","symptomatic","vsmc",-0.236939291154093,12
"GSM8121897_athero_human_4.txt.gz","Plate_552s_K21","symptomatic","fibroblast",-0.318579614353593,12
"GSM8121897_athero_human_4.txt.gz","Plate_552s_K22","symptomatic","b_cell",-0.37895513135046,12
"GSM8121897_athero_human_4.txt.gz","Plate_552s_K23","symptomatic","unassigned",-0.767748730586066,12
"GSM8121897_athero_human_4.txt.gz","Plate_552s_L01","symptomatic","endothelial",0.560204391763451,12
"GSM8121897_athero_human_4.txt.gz","Plate_552s_L02","symptomatic","fibroblast",0.311542568684778,12
"GSM8121897_athero_human_4.txt.gz","Plate_552s_L03","symptomatic","unassigned",0.110685033455965,12
"GSM8121897_athero_human_4.txt.gz","Plate_552s_L04","symptomatic","unassigned",-0.014364956062653,12
"GSM8121897_athero_human_4.txt.gz","Plate_552s_L05","symptomatic","fibroblast",-0.00876584182093495,12
"GSM8121897_athero_human_4.txt.gz","Plate_552s_L06","symptomatic","unassigned",0.0384511965373994,12
"GSM8121897_athero_human_4.txt.gz","Plate_552s_L07","symptomatic","vsmc",-0.185033999493056,12
"GSM8121897_athero_human_4.txt.gz","Plate_552s_L08","symptomatic","endothelial",-0.139542450598477,12
"GSM8121897_athero_human_4.txt.gz","Plate_552s_L09","symptomatic","fibroblast",-0.0834618672491233,12
"GSM8121897_athero_human_4.txt.gz","Plate_552s_L10","symptomatic","t_nk",-0.163586458922434,12
"GSM8121897_athero_human_4.txt.gz","Plate_552s_L11","symptomatic","vsmc",0.013382147101746,12
"GSM8121897_athero_human_4.txt.gz","Plate_552s_L12","symptomatic","vsmc",-0.202588119546216,12
"GSM8121897_athero_human_4.txt.gz","Plate_552s_L13","symptomatic","fibroblast",-0.00812789227172736,12
"GSM8121897_athero_human_4.txt.gz","Plate_552s_L14","symptomatic","unassigned",-0.685304829263991,12
"GSM8121897_athero_human_4.txt.gz","Plate_552s_L16","symptomatic","unassigned",-0.203773325863157,12
"GSM8121897_athero_human_4.txt.gz","Plate_552s_L18","symptomatic","fibroblast",-0.168188065813536,12
"GSM8121897_athero_human_4.txt.gz","Plate_552s_L19","symptomatic","fibroblast",-0.561477588427699,12
"GSM8121897_athero_human_4.txt.gz","Plate_552s_L20","symptomatic","fibroblast",-0.265203436543601,12
"GSM8121897_athero_human_4.txt.gz","Plate_552s_L21","symptomatic","endothelial",0.289717046585048,12
"GSM8121897_athero_human_4.txt.gz","Plate_552s_L22","symptomatic","vsmc",-0.342463199981586,12
"GSM8121897_athero_human_4.txt.gz","Plate_552s_L23","symptomatic","fibroblast",-0.239257768314518,12
"GSM8121897_athero_human_4.txt.gz","Plate_552s_L24","symptomatic","unassigned",-0.384319172178203,12
"GSM8121897_athero_human_4.txt.gz","Plate_552s_M01","symptomatic","endothelial",0.176732247940277,12
"GSM8121897_athero_human_4.txt.gz","Plate_552s_M02","symptomatic","fibroblast",0.160255802671323,12
"GSM8121897_athero_human_4.txt.gz","Plate_552s_M03","symptomatic","vsmc",-0.0758492577553235,12
"GSM8121897_athero_human_4.txt.gz","Plate_552s_M04","symptomatic","fibroblast",0.297084353474558,12
"GSM8121897_athero_human_4.txt.gz","Plate_552s_M05","symptomatic","vsmc",-0.115103466148827,12
"GSM8121897_athero_human_4.txt.gz","Plate_552s_M06","symptomatic","fibroblast",0.495394624052447,12
"GSM8121897_athero_human_4.txt.gz","Plate_552s_M08","symptomatic","fibroblast",-0.141736440851244,12
"GSM8121897_athero_human_4.txt.gz","Plate_552s_M09","symptomatic","fibroblast",-0.086094214684716,12
"GSM8121897_athero_human_4.txt.gz","Plate_552s_M10","symptomatic","fibroblast",-0.0829433448097814,12
"GSM8121897_athero_human_4.txt.gz","Plate_552s_M11","symptomatic","vsmc",-0.754461533791613,12
"GSM8121897_athero_human_4.txt.gz","Plate_552s_M12","symptomatic","mast",-0.482687840626304,12
"GSM8121897_athero_human_4.txt.gz","Plate_552s_M13","symptomatic","vsmc",0.112630731341131,12
"GSM8121897_athero_human_4.txt.gz","Plate_552s_M14","symptomatic","endothelial",-0.190173556571149,12
"GSM8121897_athero_human_4.txt.gz","Plate_552s_M15","symptomatic","fibroblast",-0.27209517451738,12
"GSM8121897_athero_human_4.txt.gz","Plate_552s_M16","symptomatic","vsmc",0.294006522400377,12
"GSM8121897_athero_human_4.txt.gz","Plate_552s_M17","symptomatic","fibroblast",-0.2043219061721,12
"GSM8121897_athero_human_4.txt.gz","Plate_552s_M18","symptomatic","vsmc",-0.263070367566771,12
"GSM8121897_athero_human_4.txt.gz","Plate_552s_M19","symptomatic","fibroblast",0.0108684863119413,12
"GSM8121897_athero_human_4.txt.gz","Plate_552s_M21","symptomatic","vsmc",0.872388496153971,12
"GSM8121897_athero_human_4.txt.gz","Plate_552s_M22","symptomatic","unassigned",-0.333356446472411,12
"GSM8121897_athero_human_4.txt.gz","Plate_552s_M23","symptomatic","unassigned",-0.498194837763572,12
"GSM8121897_athero_human_4.txt.gz","Plate_552s_M24","symptomatic","vsmc",-0.167205766918272,12
"GSM8121897_athero_human_4.txt.gz","Plate_552s_N01","symptomatic","endothelial",-0.141129480933651,12
"GSM8121897_athero_human_4.txt.gz","Plate_552s_N02","symptomatic","fibroblast",-0.0581202415875509,12
"GSM8121897_athero_human_4.txt.gz","Plate_552s_N03","symptomatic","vsmc",-0.10744019257421,12
"GSM8121897_athero_human_4.txt.gz","Plate_552s_N04","symptomatic","unassigned",0.605955687926831,12
"GSM8121897_athero_human_4.txt.gz","Plate_552s_N05","symptomatic","vsmc",-0.197220531462189,12
"GSM8121897_athero_human_4.txt.gz","Plate_552s_N06","symptomatic","fibroblast",0.564486514214711,12
"GSM8121897_athero_human_4.txt.gz","Plate_552s_N07","symptomatic","vsmc",-0.470655091029854,12
"GSM8121897_athero_human_4.txt.gz","Plate_552s_N08","symptomatic","endothelial",-0.379278012924211,12
"GSM8121897_athero_human_4.txt.gz","Plate_552s_N09","symptomatic","unassigned",0.372407798051438,12
"GSM8121897_athero_human_4.txt.gz","Plate_552s_N10","symptomatic","endothelial",0.0639208200905246,12
"GSM8121897_athero_human_4.txt.gz","Plate_552s_N11","symptomatic","fibroblast",0.277675388252586,12
"GSM8121897_athero_human_4.txt.gz","Plate_552s_N12","symptomatic","fibroblast",-0.0948535762182574,12
"GSM8121897_athero_human_4.txt.gz","Plate_552s_N13","symptomatic","fibroblast",-0.344519224841469,12
"GSM8121897_athero_human_4.txt.gz","Plate_552s_N14","symptomatic","fibroblast",0.299151553581346,12
"GSM8121897_athero_human_4.txt.gz","Plate_552s_N15","symptomatic","vsmc",-0.211599647068406,12
"GSM8121897_athero_human_4.txt.gz","Plate_552s_N18","symptomatic","mast",-0.651122780610046,12
"GSM8121897_athero_human_4.txt.gz","Plate_552s_N19","symptomatic","unassigned",-0.107973862516485,12
"GSM8121897_athero_human_4.txt.gz","Plate_552s_N20","symptomatic","vsmc",-0.261825687533891,12
"GSM8121897_athero_human_4.txt.gz","Plate_552s_N21","symptomatic","mast",0.0248246220017772,12
"GSM8121897_athero_human_4.txt.gz","Plate_552s_N22","symptomatic","unassigned",0.0132998100149992,12
"GSM8121897_athero_human_4.txt.gz","Plate_552s_N23","symptomatic","fibroblast",-0.500578450501441,12
"GSM8121897_athero_human_4.txt.gz","Plate_552s_N24","symptomatic","fibroblast",-0.0133892628588557,12
"GSM8121897_athero_human_4.txt.gz","Plate_552s_O01","symptomatic","unassigned",-0.254050476683161,12
"GSM8121897_athero_human_4.txt.gz","Plate_552s_O02","symptomatic","fibroblast",-0.216919071736868,12
"GSM8121897_athero_human_4.txt.gz","Plate_552s_O03","symptomatic","unassigned",-0.0589179715777845,12
"GSM8121897_athero_human_4.txt.gz","Plate_552s_O04","symptomatic","vsmc",0.445385341157389,12
"GSM8121897_athero_human_4.txt.gz","Plate_552s_O05","symptomatic","vsmc",-0.199483431492752,12
"GSM8121897_athero_human_4.txt.gz","Plate_552s_O06","symptomatic","vsmc",0.301005048809139,12
"GSM8121897_athero_human_4.txt.gz","Plate_552s_O08","symptomatic","fibroblast",0.0770105960222274,12
"GSM8121897_athero_human_4.txt.gz","Plate_552s_O09","symptomatic","vsmc",-0.363687729214036,12
"GSM8121897_athero_human_4.txt.gz","Plate_552s_O10","symptomatic","endothelial",-0.265540618620955,12
"GSM8121897_athero_human_4.txt.gz","Plate_552s_O11","symptomatic","fibroblast",0.221508880135138,12
"GSM8121897_athero_human_4.txt.gz","Plate_552s_O12","symptomatic","vsmc",-0.718263418816999,12
"GSM8121897_athero_human_4.txt.gz","Plate_552s_O13","symptomatic","unassigned",-0.400654355963067,12
"GSM8121897_athero_human_4.txt.gz","Plate_552s_O14","symptomatic","unassigned",-0.11354867408881,12
"GSM8121897_athero_human_4.txt.gz","Plate_552s_O15","symptomatic","unassigned",-0.51979886828122,12
"GSM8121897_athero_human_4.txt.gz","Plate_552s_O16","symptomatic","vsmc",-0.509753748843557,12
"GSM8121897_athero_human_4.txt.gz","Plate_552s_O17","symptomatic","vsmc",0.926809413907998,12
"GSM8121897_athero_human_4.txt.gz","Plate_552s_O18","symptomatic","fibroblast",-0.037987395154071,12
"GSM8121897_athero_human_4.txt.gz","Plate_552s_O19","symptomatic","fibroblast",-0.0664862564503758,12
"GSM8121897_athero_human_4.txt.gz","Plate_552s_O20","symptomatic","fibroblast",-0.481527379095976,12
"GSM8121897_athero_human_4.txt.gz","Plate_552s_O21","symptomatic","vsmc",-0.460765807489528,12
"GSM8121897_athero_human_4.txt.gz","Plate_552s_O22","symptomatic","vsmc",0.212535971813133,12
"GSM8121897_athero_human_4.txt.gz","Plate_552s_O23","symptomatic","endothelial",-0.783414416048316,12
"GSM8121897_athero_human_4.txt.gz","Plate_552s_O24","symptomatic","unassigned",-0.203138014279871,12
"GSM8121897_athero_human_4.txt.gz","Plate_552s_P01","symptomatic","unassigned",-0.367498172815075,12
"GSM8121897_athero_human_4.txt.gz","Plate_552s_P02","symptomatic","fibroblast",-0.254838768407141,12
"GSM8121897_athero_human_4.txt.gz","Plate_552s_P03","symptomatic","fibroblast",-0.00228434889641964,12
"GSM8121897_athero_human_4.txt.gz","Plate_552s_P04","symptomatic","vsmc",0.24504401394029,12
"GSM8121897_athero_human_4.txt.gz","Plate_552s_P05","symptomatic","vsmc",0.153039225307746,12
"GSM8121897_athero_human_4.txt.gz","Plate_552s_P06","symptomatic","vsmc",-0.199633540286609,12
"GSM8121897_athero_human_4.txt.gz","Plate_552s_P07","symptomatic","fibroblast",-0.486489604450127,12
"GSM8121897_athero_human_4.txt.gz","Plate_552s_P08","symptomatic","vsmc",-0.756908802090253,12
"GSM8121897_athero_human_4.txt.gz","Plate_552s_P09","symptomatic","b_cell",0.196996071173589,12
"GSM8121897_athero_human_4.txt.gz","Plate_552s_P10","symptomatic","endothelial",-0.601533189057091,12
"GSM8121897_athero_human_4.txt.gz","Plate_552s_P11","symptomatic","vsmc",-0.411659553029618,12
"GSM8121897_athero_human_4.txt.gz","Plate_552s_P12","symptomatic","unassigned",-0.495273733920341,12
"GSM8121897_athero_human_4.txt.gz","Plate_552s_P14","symptomatic","fibroblast",-0.0349099977404491,12
"GSM8121897_athero_human_4.txt.gz","Plate_552s_P15","symptomatic","vsmc",-0.217017917242769,12
"GSM8121897_athero_human_4.txt.gz","Plate_552s_P16","symptomatic","fibroblast",0.143586240541416,12
"GSM8121897_athero_human_4.txt.gz","Plate_552s_P17","symptomatic","fibroblast",-0.138736582491917,12
"GSM8121897_athero_human_4.txt.gz","Plate_552s_P18","symptomatic","vsmc",0.100602928074761,12
"GSM8121897_athero_human_4.txt.gz","Plate_552s_P19","symptomatic","vsmc",-0.658233297097253,12
"GSM8121897_athero_human_4.txt.gz","Plate_552s_P20","symptomatic","fibroblast",-0.197931820880618,12
"GSM8121897_athero_human_4.txt.gz","Plate_552s_P21","symptomatic","fibroblast",-0.160528312058034,12
"GSM8121897_athero_human_4.txt.gz","Plate_552s_P22","symptomatic","unassigned",-0.369899633186358,12
"GSM8121897_athero_human_4.txt.gz","Plate_553s_A08","symptomatic","macrophage",-0.46059153244373,12
"GSM8121897_athero_human_4.txt.gz","Plate_553s_C03","symptomatic","endothelial",0.309435516508988,12
"GSM8121897_athero_human_4.txt.gz","Plate_553s_C10","symptomatic","macrophage",0.775024343485392,12
"GSM8121897_athero_human_4.txt.gz","Plate_553s_C18","symptomatic","vsmc",-0.121642573452559,12
"GSM8121897_athero_human_4.txt.gz","Plate_553s_D14","symptomatic","macrophage",-0.186196541662392,12
"GSM8121897_athero_human_4.txt.gz","Plate_553s_D16","symptomatic","macrophage",-0.213553729399158,12
"GSM8121897_athero_human_4.txt.gz","Plate_553s_E08","symptomatic","macrophage",-0.00957631786491665,12
"GSM8121897_athero_human_4.txt.gz","Plate_553s_E21","symptomatic","macrophage",-0.382266014174264,12
"GSM8121897_athero_human_4.txt.gz","Plate_553s_F06","symptomatic","macrophage",-0.499651151085739,12
"GSM8121897_athero_human_4.txt.gz","Plate_553s_F10","symptomatic","macrophage",0.951685646433799,12
"GSM8121897_athero_human_4.txt.gz","Plate_553s_F13","symptomatic","macrophage",-0.17886316123026,12
"GSM8121897_athero_human_4.txt.gz","Plate_553s_F14","symptomatic","macrophage",0.0936129373918051,12
"GSM8121897_athero_human_4.txt.gz","Plate_553s_F16","symptomatic","mast",-0.453298292492556,12
"GSM8121897_athero_human_4.txt.gz","Plate_553s_F22","symptomatic","t_nk",-0.71806437427271,12
"GSM8121897_athero_human_4.txt.gz","Plate_553s_F23","symptomatic","macrophage",-0.383686016548286,12
"GSM8121897_athero_human_4.txt.gz","Plate_553s_F24","symptomatic","macrophage",-0.440969782658452,12
"GSM8121897_athero_human_4.txt.gz","Plate_553s_G01","symptomatic","macrophage",-0.0990909651882153,12
"GSM8121897_athero_human_4.txt.gz","Plate_553s_G02","symptomatic","macrophage",-0.476730188863083,12
"GSM8121897_athero_human_4.txt.gz","Plate_553s_G03","symptomatic","macrophage",0.929219434657536,12
"GSM8121897_athero_human_4.txt.gz","Plate_553s_G04","symptomatic","macrophage",-0.467675569580386,12
"GSM8121897_athero_human_4.txt.gz","Plate_553s_G07","symptomatic","macrophage",0.12094750737157,12
"GSM8121897_athero_human_4.txt.gz","Plate_553s_G10","symptomatic","endothelial",1.04800802477752,12
"GSM8121897_athero_human_4.txt.gz","Plate_553s_G16","symptomatic","endothelial",0.132721406013516,12
"GSM8121897_athero_human_4.txt.gz","Plate_553s_H01","symptomatic","b_cell",0.162880467008701,12
"GSM8121897_athero_human_4.txt.gz","Plate_553s_H03","symptomatic","macrophage",0.164271253520434,12
"GSM8121897_athero_human_4.txt.gz","Plate_553s_H04","symptomatic","macrophage",0.164359608789545,12
"GSM8121897_athero_human_4.txt.gz","Plate_553s_H10","symptomatic","macrophage",0.728088707172403,12
"GSM8121897_athero_human_4.txt.gz","Plate_553s_H16","symptomatic","macrophage",-0.128987623242321,12
"GSM8121897_athero_human_4.txt.gz","Plate_553s_H22","symptomatic","unassigned",-0.024410817807884,12
"GSM8121897_athero_human_4.txt.gz","Plate_553s_H23","symptomatic","mast",-0.045703133728024,12
"GSM8121897_athero_human_4.txt.gz","Plate_553s_I01","symptomatic","macrophage",1.11251873948488,12
"GSM8121897_athero_human_4.txt.gz","Plate_553s_I02","symptomatic","macrophage",0.8410887689724,12
"GSM8121897_athero_human_4.txt.gz","Plate_553s_I03","symptomatic","macrophage",1.06947027450489,12
"GSM8121897_athero_human_4.txt.gz","Plate_553s_I04","symptomatic","macrophage",1.05758691333797,12
"GSM8121897_athero_human_4.txt.gz","Plate_553s_I05","symptomatic","macrophage",0.107182176983422,12
"GSM8121897_athero_human_4.txt.gz","Plate_553s_I06","symptomatic","macrophage",1.09196382975673,12
"GSM8121897_athero_human_4.txt.gz","Plate_553s_I07","symptomatic","mast",0.858770418262064,12
"GSM8121897_athero_human_4.txt.gz","Plate_553s_I08","symptomatic","endothelial",1.18578110351245,12
"GSM8121897_athero_human_4.txt.gz","Plate_553s_I09","symptomatic","macrophage",-0.0630148477000053,12
"GSM8121897_athero_human_4.txt.gz","Plate_553s_I14","symptomatic","macrophage",1.10469362317873,12
"GSM8121897_athero_human_4.txt.gz","Plate_553s_I16","symptomatic","macrophage",1.09338379882389,12
"GSM8121897_athero_human_4.txt.gz","Plate_553s_I22","symptomatic","macrophage",0.820959257374136,12
"GSM8121897_athero_human_4.txt.gz","Plate_553s_I23","symptomatic","macrophage",1.48910043049519,12
"GSM8121897_athero_human_4.txt.gz","Plate_553s_I24","symptomatic","macrophage",0.279100976288619,12
"GSM8121897_athero_human_4.txt.gz","Plate_553s_J03","symptomatic","macrophage",0.305190710715467,12
"GSM8121897_athero_human_4.txt.gz","Plate_553s_J04","symptomatic","t_nk",0.0959716071032773,12
"GSM8121897_athero_human_4.txt.gz","Plate_553s_J06","symptomatic","macrophage",-0.331706591719262,12
"GSM8121897_athero_human_4.txt.gz","Plate_553s_J09","symptomatic","macrophage",0.454178073468714,12
"GSM8121897_athero_human_4.txt.gz","Plate_553s_J10","symptomatic","macrophage",1.46777565395105,12
"GSM8121897_athero_human_4.txt.gz","Plate_553s_J14","symptomatic","macrophage",0.744250453066292,12
"GSM8121897_athero_human_4.txt.gz","Plate_553s_J16","symptomatic","macrophage",0.244430326815863,12
"GSM8121897_athero_human_4.txt.gz","Plate_553s_J24","symptomatic","macrophage",0.0581218885180071,12
"GSM8121897_athero_human_4.txt.gz","Plate_553s_K04","symptomatic","macrophage",-0.349003171253831,12
"GSM8121897_athero_human_4.txt.gz","Plate_553s_K05","symptomatic","fibroblast",0.73225871697425,12
"GSM8121897_athero_human_4.txt.gz","Plate_553s_L01","symptomatic","macrophage",0.0103321110142146,12
"GSM8121897_athero_human_4.txt.gz","Plate_553s_L02","symptomatic","fibroblast",-0.115578186440668,12
"GSM8121897_athero_human_4.txt.gz","Plate_553s_L06","symptomatic","macrophage",-0.134145081451238,12
"GSM8121897_athero_human_4.txt.gz","Plate_553s_L07","symptomatic","macrophage",-0.0906390360796434,12
"GSM8121897_athero_human_4.txt.gz","Plate_553s_L09","symptomatic","macrophage",0.30395195720588,12
"GSM8121897_athero_human_4.txt.gz","Plate_553s_L10","symptomatic","macrophage",1.07949268764151,12
"GSM8121897_athero_human_4.txt.gz","Plate_553s_L14","symptomatic","macrophage",1.03808191794042,12
"GSM8121897_athero_human_4.txt.gz","Plate_553s_L18","symptomatic","macrophage",-0.365789422474902,12
"GSM8121897_athero_human_4.txt.gz","Plate_553s_M01","symptomatic","b_cell",-0.316765343797471,12
"GSM8121897_athero_human_4.txt.gz","Plate_553s_M10","symptomatic","macrophage",0.782815893196272,12
"GSM8121897_athero_human_4.txt.gz","Plate_553s_N07","symptomatic","macrophage",-0.554615462380294,12
"GSM8121897_athero_human_4.txt.gz","Plate_553s_N14","symptomatic","macrophage",-0.48194025876904,12
"GSM8121897_athero_human_4.txt.gz","Plate_553s_O01","symptomatic","mast",-0.286317485033718,12
"GSM8121897_athero_human_4.txt.gz","Plate_553s_O07","symptomatic","macrophage",0.981692841544814,12
"GSM8121897_athero_human_4.txt.gz","Plate_553s_P07","symptomatic","macrophage",1.06852302862672,12
"GSM8121898_athero_human_5.txt.gz","Plate_555s_A03","asymptomatic","vsmc",-0.129949559689902,12
"GSM8121898_athero_human_5.txt.gz","Plate_555s_A06","asymptomatic","fibroblast",-0.203884479822611,12
"GSM8121898_athero_human_5.txt.gz","Plate_555s_A10","asymptomatic","fibroblast",0.417648275194879,12
"GSM8121898_athero_human_5.txt.gz","Plate_555s_A13","asymptomatic","vsmc",0.0633122629344253,12
"GSM8121898_athero_human_5.txt.gz","Plate_555s_A14","asymptomatic","fibroblast",0.152585246980821,12
"GSM8121898_athero_human_5.txt.gz","Plate_555s_A18","asymptomatic","unassigned",0.131466255431735,12
"GSM8121898_athero_human_5.txt.gz","Plate_555s_A22","asymptomatic","fibroblast",0.464516558974283,12
"GSM8121898_athero_human_5.txt.gz","Plate_555s_B03","asymptomatic","vsmc",0.0109297066166697,12
"GSM8121898_athero_human_5.txt.gz","Plate_555s_B05","asymptomatic","vsmc",-0.114863665006429,12
"GSM8121898_athero_human_5.txt.gz","Plate_555s_B11","asymptomatic","vsmc",0.65982028313546,12
"GSM8121898_athero_human_5.txt.gz","Plate_555s_B12","asymptomatic","fibroblast",-0.119352048654392,12
"GSM8121898_athero_human_5.txt.gz","Plate_555s_B16","asymptomatic","fibroblast",-0.226744025507406,12
"GSM8121898_athero_human_5.txt.gz","Plate_555s_B18","asymptomatic","mast",0.166792951837525,12
"GSM8121898_athero_human_5.txt.gz","Plate_555s_C01","asymptomatic","fibroblast",0.838699631177119,12
"GSM8121898_athero_human_5.txt.gz","Plate_555s_C03","asymptomatic","b_cell",0.275005714851266,12
"GSM8121898_athero_human_5.txt.gz","Plate_555s_C08","asymptomatic","vsmc",0.200361410058253,12
"GSM8121898_athero_human_5.txt.gz","Plate_555s_C14","asymptomatic","vsmc",0.113433630311068,12
"GSM8121898_athero_human_5.txt.gz","Plate_555s_C22","asymptomatic","fibroblast",0.171310667543508,12
"GSM8121898_athero_human_5.txt.gz","Plate_555s_D01","asymptomatic","fibroblast",-0.252939163687449,12
"GSM8121898_athero_human_5.txt.gz","Plate_555s_D22","asymptomatic","vsmc",-0.0433254473144169,12
"GSM8121898_athero_human_5.txt.gz","Plate_555s_E04","asymptomatic","fibroblast",-0.136321780717243,12
"GSM8121898_athero_human_5.txt.gz","Plate_555s_E14","asymptomatic","fibroblast",1.01548672986092,12
"GSM8121898_athero_human_5.txt.gz","Plate_555s_E18","asymptomatic","fibroblast",0.693764018225656,12
"GSM8121898_athero_human_5.txt.gz","Plate_555s_F01","asymptomatic","vsmc",-0.212281496756457,12
"GSM8121898_athero_human_5.txt.gz","Plate_555s_F03","asymptomatic","fibroblast",-0.303806281140479,12
"GSM8121898_athero_human_5.txt.gz","Plate_555s_F05","asymptomatic","vsmc",0.0763402334003271,12
"GSM8121898_athero_human_5.txt.gz","Plate_555s_F10","asymptomatic","vsmc",-0.385441743939329,12
"GSM8121898_athero_human_5.txt.gz","Plate_555s_F15","asymptomatic","fibroblast",0.240173629962177,12
"GSM8121898_athero_human_5.txt.gz","Plate_555s_F18","asymptomatic","mast",-0.221851333116182,12
"GSM8121898_athero_human_5.txt.gz","Plate_555s_F21","asymptomatic","t_nk",0.17630183958552,12
"GSM8121898_athero_human_5.txt.gz","Plate_555s_F23","asymptomatic","unassigned",0.419407572598447,12
"GSM8121898_athero_human_5.txt.gz","Plate_555s_F24","asymptomatic","fibroblast",-0.243860082291201,12
"GSM8121898_athero_human_5.txt.gz","Plate_555s_G04","asymptomatic","vsmc",-0.158302002712825,12
"GSM8121898_athero_human_5.txt.gz","Plate_555s_G06","asymptomatic","fibroblast",0.736563572593301,12
"GSM8121898_athero_human_5.txt.gz","Plate_555s_G08","asymptomatic","mast",0.0884280333484346,12
"GSM8121898_athero_human_5.txt.gz","Plate_555s_G14","asymptomatic","vsmc",-0.2738692083442,12
"GSM8121898_athero_human_5.txt.gz","Plate_555s_G19","asymptomatic","fibroblast",0.530314927914588,12
"GSM8121898_athero_human_5.txt.gz","Plate_555s_G24","asymptomatic","vsmc",-0.277013903687599,12
"GSM8121898_athero_human_5.txt.gz","Plate_555s_H13","asymptomatic","fibroblast",-0.00947704922659605,12
"GSM8121898_athero_human_5.txt.gz","Plate_555s_H15","asymptomatic","unassigned",-0.379738864871435,12
"GSM8121898_athero_human_5.txt.gz","Plate_555s_H19","asymptomatic","fibroblast",0.137514993551756,12
"GSM8121898_athero_human_5.txt.gz","Plate_555s_H21","asymptomatic","fibroblast",-0.0593409619682638,12
"GSM8121898_athero_human_5.txt.gz","Plate_555s_H23","asymptomatic","vsmc",0.26757367174744,12
"GSM8121898_athero_human_5.txt.gz","Plate_555s_I01","asymptomatic","vsmc",0.0363414859059829,12
"GSM8121898_athero_human_5.txt.gz","Plate_555s_I03","asymptomatic","unassigned",0.5317097461083,12
"GSM8121898_athero_human_5.txt.gz","Plate_555s_I06","asymptomatic","fibroblast",0.0314415454630641,12
"GSM8121898_athero_human_5.txt.gz","Plate_555s_I10","asymptomatic","fibroblast",0.155115933405127,12
"GSM8121898_athero_human_5.txt.gz","Plate_555s_I20","asymptomatic","fibroblast",-0.0780596082127404,12
"GSM8121898_athero_human_5.txt.gz","Plate_555s_I24","asymptomatic","fibroblast",0.326896912274864,12
"GSM8121898_athero_human_5.txt.gz","Plate_555s_J09","asymptomatic","vsmc",0.576202608287127,12
"GSM8121898_athero_human_5.txt.gz","Plate_555s_J10","asymptomatic","fibroblast",0.0073504364847711,12
"GSM8121898_athero_human_5.txt.gz","Plate_555s_J18","asymptomatic","fibroblast",-0.272088843794453,12
"GSM8121898_athero_human_5.txt.gz","Plate_555s_J19","asymptomatic","fibroblast",-0.221819343125164,12
"GSM8121898_athero_human_5.txt.gz","Plate_555s_J21","asymptomatic","vsmc",-0.0210637842888766,12
"GSM8121898_athero_human_5.txt.gz","Plate_555s_K01","asymptomatic","vsmc",1.03127051819306,12
"GSM8121898_athero_human_5.txt.gz","Plate_555s_K02","asymptomatic","fibroblast",0.384789468965614,12
"GSM8121898_athero_human_5.txt.gz","Plate_555s_K10","asymptomatic","vsmc",0.0271123329021561,12
"GSM8121898_athero_human_5.txt.gz","Plate_555s_K12","asymptomatic","vsmc",-0.0116093909436326,12
"GSM8121898_athero_human_5.txt.gz","Plate_555s_K15","asymptomatic","fibroblast",0.0851178501987548,12
"GSM8121898_athero_human_5.txt.gz","Plate_555s_K18","asymptomatic","fibroblast",-0.282792151747901,12
"GSM8121898_athero_human_5.txt.gz","Plate_555s_K20","asymptomatic","vsmc",0.56681728462862,12
"GSM8121898_athero_human_5.txt.gz","Plate_555s_K24","asymptomatic","vsmc",0.103064716024967,12
"GSM8121898_athero_human_5.txt.gz","Plate_555s_L01","asymptomatic","vsmc",-0.428033123129088,12
"GSM8121898_athero_human_5.txt.gz","Plate_555s_L08","asymptomatic","mast",-0.433892088251954,12
"GSM8121898_athero_human_5.txt.gz","Plate_555s_L10","asymptomatic","fibroblast",-0.0612761070564155,12
"GSM8121898_athero_human_5.txt.gz","Plate_555s_L18","asymptomatic","fibroblast",0.105226611072827,12
"GSM8121898_athero_human_5.txt.gz","Plate_555s_L21","asymptomatic","unassigned",0.272779661499135,12
"GSM8121898_athero_human_5.txt.gz","Plate_555s_L22","asymptomatic","vsmc",-0.410485937175027,12
"GSM8121898_athero_human_5.txt.gz","Plate_555s_L23","asymptomatic","vsmc",0.312787809066422,12
"GSM8121898_athero_human_5.txt.gz","Plate_555s_L24","asymptomatic","fibroblast",-0.0789984273654848,12
"GSM8121898_athero_human_5.txt.gz","Plate_555s_M03","asymptomatic","fibroblast",0.229984471333287,12
"GSM8121898_athero_human_5.txt.gz","Plate_555s_M12","asymptomatic","fibroblast",-0.0384823648353786,12
"GSM8121898_athero_human_5.txt.gz","Plate_555s_M14","asymptomatic","vsmc",0.1851498703478,12
"GSM8121898_athero_human_5.txt.gz","Plate_555s_M17","asymptomatic","vsmc",-0.0463624778728691,12
"GSM8121898_athero_human_5.txt.gz","Plate_555s_M18","asymptomatic","vsmc",-0.306602606715167,12
"GSM8121898_athero_human_5.txt.gz","Plate_555s_M22","asymptomatic","mast",-0.301032466053399,12
"GSM8121898_athero_human_5.txt.gz","Plate_555s_M24","asymptomatic","vsmc",0.0459282069102286,12
"GSM8121898_athero_human_5.txt.gz","Plate_555s_N02","asymptomatic","vsmc",0.440571222269901,12
"GSM8121898_athero_human_5.txt.gz","Plate_555s_N03","asymptomatic","vsmc",0.0623757282351321,12
"GSM8121898_athero_human_5.txt.gz","Plate_555s_N04","asymptomatic","unassigned",-0.471498431492041,12
"GSM8121898_athero_human_5.txt.gz","Plate_555s_N05","asymptomatic","vsmc",0.203337052850659,12
"GSM8121898_athero_human_5.txt.gz","Plate_555s_N08","asymptomatic","fibroblast",0.151636799856506,12
"GSM8121898_athero_human_5.txt.gz","Plate_555s_N09","asymptomatic","vsmc",-0.405457139182695,12
"GSM8121898_athero_human_5.txt.gz","Plate_555s_N16","asymptomatic","vsmc",-0.0685755145340325,12
"GSM8121898_athero_human_5.txt.gz","Plate_555s_O03","asymptomatic","vsmc",0.28353337881195,12
"GSM8121898_athero_human_5.txt.gz","Plate_555s_O09","asymptomatic","vsmc",-0.2487104106646,12
"GSM8121898_athero_human_5.txt.gz","Plate_555s_O10","asymptomatic","vsmc",-0.303365139509052,12
"GSM8121898_athero_human_5.txt.gz","Plate_555s_O14","asymptomatic","vsmc",-0.0234477627129129,12
"GSM8121898_athero_human_5.txt.gz","Plate_555s_O22","asymptomatic","vsmc",-0.300236934986624,12
"GSM8121898_athero_human_5.txt.gz","Plate_555s_P02","asymptomatic","fibroblast",0.07308666101253,12
"GSM8121898_athero_human_5.txt.gz","Plate_555s_P05","asymptomatic","vsmc",-0.149966396635405,12
"GSM8121898_athero_human_5.txt.gz","Plate_555s_P12","asymptomatic","fibroblast",-0.04321349218195,12
"GSM8121898_athero_human_5.txt.gz","Plate_555s_P15","asymptomatic","fibroblast",0.309925023569352,12
"GSM8121898_athero_human_5.txt.gz","Plate_555s_P18","asymptomatic","macrophage",0.175684517269152,12
"GSM8121898_athero_human_5.txt.gz","Plate_554s_A04","asymptomatic","endothelial",1.11780681379563,12
"GSM8121898_athero_human_5.txt.gz","Plate_554s_A06","asymptomatic","macrophage",1.97591310561812,12
"GSM8121898_athero_human_5.txt.gz","Plate_554s_A07","asymptomatic","endothelial",-0.0815037401601909,12
"GSM8121898_athero_human_5.txt.gz","Plate_554s_A09","asymptomatic","endothelial",-0.0744302999311353,12
"GSM8121898_athero_human_5.txt.gz","Plate_554s_A11","asymptomatic","endothelial",-0.0776762351366659,12
"GSM8121898_athero_human_5.txt.gz","Plate_554s_B01","asymptomatic","endothelial",-0.000730205607530351,12
"GSM8121898_athero_human_5.txt.gz","Plate_554s_B04","asymptomatic","macrophage",-0.229706863535098,12
"GSM8121898_athero_human_5.txt.gz","Plate_554s_B05","asymptomatic","endothelial",-0.16290074203687,12
"GSM8121898_athero_human_5.txt.gz","Plate_554s_B07","asymptomatic","unassigned",-0.284766043051526,12
"GSM8121898_athero_human_5.txt.gz","Plate_554s_B08","asymptomatic","endothelial",-0.18797038923719,12
"GSM8121898_athero_human_5.txt.gz","Plate_554s_B09","asymptomatic","endothelial",0.327031863863304,12
"GSM8121898_athero_human_5.txt.gz","Plate_554s_B10","asymptomatic","endothelial",-0.364816051672854,12
"GSM8121898_athero_human_5.txt.gz","Plate_554s_B11","asymptomatic","endothelial",0.138736594224572,12
"GSM8121898_athero_human_5.txt.gz","Plate_554s_C01","asymptomatic","endothelial",0.243886419987376,12
"GSM8121898_athero_human_5.txt.gz","Plate_554s_C02","asymptomatic","endothelial",-0.0837257386679643,12
"GSM8121898_athero_human_5.txt.gz","Plate_554s_C04","asymptomatic","endothelial",-0.157793136904769,12
"GSM8121898_athero_human_5.txt.gz","Plate_554s_C05","asymptomatic","endothelial",-0.115300247682983,12
"GSM8121898_athero_human_5.txt.gz","Plate_554s_C06","asymptomatic","endothelial",-0.0747236755605573,12
"GSM8121898_athero_human_5.txt.gz","Plate_554s_C07","asymptomatic","endothelial",0.00880300396480511,12
"GSM8121898_athero_human_5.txt.gz","Plate_554s_C10","asymptomatic","endothelial",0.0421607213862242,12
"GSM8121898_athero_human_5.txt.gz","Plate_554s_C11","asymptomatic","unassigned",-0.480523076769257,12
"GSM8121898_athero_human_5.txt.gz","Plate_554s_D03","asymptomatic","endothelial",-0.251810775654123,12
"GSM8121898_athero_human_5.txt.gz","Plate_554s_D04","asymptomatic","endothelial",-0.0764682537406157,12
"GSM8121898_athero_human_5.txt.gz","Plate_554s_D07","asymptomatic","endothelial",-0.479633936464427,12
"GSM8121898_athero_human_5.txt.gz","Plate_554s_D08","asymptomatic","endothelial",0.160162117280466,12
"GSM8121898_athero_human_5.txt.gz","Plate_554s_D09","asymptomatic","endothelial",-0.504910975139412,12
"GSM8121898_athero_human_5.txt.gz","Plate_554s_D10","asymptomatic","endothelial",-0.186803134832315,12
"GSM8121898_athero_human_5.txt.gz","Plate_554s_D11","asymptomatic","endothelial",-0.257782112929328,12
"GSM8121898_athero_human_5.txt.gz","Plate_554s_D12","asymptomatic","endothelial",0.0233334757218041,12
"GSM8121898_athero_human_5.txt.gz","Plate_554s_E02","asymptomatic","endothelial",-0.497252216910552,12
"GSM8121898_athero_human_5.txt.gz","Plate_554s_E04","asymptomatic","endothelial",-0.111769372989157,12
"GSM8121898_athero_human_5.txt.gz","Plate_554s_E05","asymptomatic","unassigned",0.417968397789854,12
"GSM8121898_athero_human_5.txt.gz","Plate_554s_E06","asymptomatic","endothelial",-0.182194993538331,12
"GSM8121898_athero_human_5.txt.gz","Plate_554s_E07","asymptomatic","mast",-0.222018042064554,12
"GSM8121898_athero_human_5.txt.gz","Plate_554s_E09","asymptomatic","macrophage",-0.328583990820721,12
"GSM8121898_athero_human_5.txt.gz","Plate_554s_E11","asymptomatic","fibroblast",-0.220688968935355,12
"GSM8121898_athero_human_5.txt.gz","Plate_554s_E12","asymptomatic","endothelial",0.63478096038343,12
"GSM8121898_athero_human_5.txt.gz","Plate_554s_F01","asymptomatic","endothelial",0.158661549719292,12
"GSM8121898_athero_human_5.txt.gz","Plate_554s_F02","asymptomatic","endothelial",-0.168874920592011,12
"GSM8121898_athero_human_5.txt.gz","Plate_554s_F03","asymptomatic","endothelial",-0.0851529334038588,12
"GSM8121898_athero_human_5.txt.gz","Plate_554s_F04","asymptomatic","endothelial",0.353822949459317,12
"GSM8121898_athero_human_5.txt.gz","Plate_554s_F05","asymptomatic","endothelial",-0.244233280332655,12
"GSM8121898_athero_human_5.txt.gz","Plate_554s_F08","asymptomatic","endothelial",-0.234339521983235,12
"GSM8121898_athero_human_5.txt.gz","Plate_554s_F09","asymptomatic","unassigned",-0.115709213628114,12
"GSM8121898_athero_human_5.txt.gz","Plate_554s_F10","asymptomatic","endothelial",-0.0912410658372399,12
"GSM8121898_athero_human_5.txt.gz","Plate_554s_F12","asymptomatic","endothelial",-0.340554141732989,12
"GSM8121898_athero_human_5.txt.gz","Plate_554s_G02","asymptomatic","macrophage",1.23768493541562,12
"GSM8121898_athero_human_5.txt.gz","Plate_554s_G03","asymptomatic","endothelial",-0.136061788130815,12
"GSM8121898_athero_human_5.txt.gz","Plate_554s_G05","asymptomatic","endothelial",0.0909074876457312,12
"GSM8121898_athero_human_5.txt.gz","Plate_554s_G06","asymptomatic","endothelial",0.354090313558003,12
"GSM8121898_athero_human_5.txt.gz","Plate_554s_G09","asymptomatic","endothelial",-0.143569478992056,12
"GSM8121898_athero_human_5.txt.gz","Plate_554s_G10","asymptomatic","unassigned",-0.429838288181618,12
"GSM8121898_athero_human_5.txt.gz","Plate_554s_G11","asymptomatic","endothelial",0.0127177402772177,12
"GSM8121898_athero_human_5.txt.gz","Plate_554s_G12","asymptomatic","unassigned",0.344392462462914,12
"GSM8121898_athero_human_5.txt.gz","Plate_554s_H02","asymptomatic","endothelial",0.307572686169874,12
"GSM8121898_athero_human_5.txt.gz","Plate_554s_H03","asymptomatic","unassigned",0.170710579636684,12
"GSM8121898_athero_human_5.txt.gz","Plate_554s_H05","asymptomatic","b_cell",0.0590949943313916,12
"GSM8121898_athero_human_5.txt.gz","Plate_554s_H10","asymptomatic","endothelial",-0.251452811154707,12
"GSM8121898_athero_human_5.txt.gz","Plate_554s_H11","asymptomatic","t_nk",0.13751429318732,12
"GSM8121898_athero_human_5.txt.gz","Plate_554s_H12","asymptomatic","unassigned",-0.0745180990437184,12
"GSM8121898_athero_human_5.txt.gz","Plate_554s_I01","asymptomatic","endothelial",-0.167694008532739,12
"GSM8121898_athero_human_5.txt.gz","Plate_554s_I02","asymptomatic","b_cell",0.242115041372554,12
"GSM8121898_athero_human_5.txt.gz","Plate_554s_I03","asymptomatic","endothelial",-0.272994305312437,12
"GSM8121898_athero_human_5.txt.gz","Plate_554s_I05","asymptomatic","unassigned",0.128086184284618,12
"GSM8121898_athero_human_5.txt.gz","Plate_554s_I06","asymptomatic","endothelial",-0.235558230563672,12
"GSM8121898_athero_human_5.txt.gz","Plate_554s_I07","asymptomatic","endothelial",0.382918641756602,12
"GSM8121898_athero_human_5.txt.gz","Plate_554s_I08","asymptomatic","endothelial",-0.231521469031998,12
"GSM8121898_athero_human_5.txt.gz","Plate_554s_I09","asymptomatic","endothelial",0.394153206554688,12
"GSM8121898_athero_human_5.txt.gz","Plate_554s_I10","asymptomatic","b_cell",0.306285246084277,12
"GSM8121898_athero_human_5.txt.gz","Plate_554s_I11","asymptomatic","endothelial",0.215404010178728,12
"GSM8121898_athero_human_5.txt.gz","Plate_554s_J01","asymptomatic","endothelial",-0.177271680213754,12
"GSM8121898_athero_human_5.txt.gz","Plate_554s_J02","asymptomatic","b_cell",0.128267856737755,12
"GSM8121898_athero_human_5.txt.gz","Plate_554s_J05","asymptomatic","unassigned",-0.503583376463218,12
"GSM8121898_athero_human_5.txt.gz","Plate_554s_J06","asymptomatic","endothelial",-0.00696553289680445,12
"GSM8121898_athero_human_5.txt.gz","Plate_554s_J09","asymptomatic","t_nk",-0.117099126435694,12
"GSM8121898_athero_human_5.txt.gz","Plate_554s_J10","asymptomatic","endothelial",-0.238507534924911,12
"GSM8121898_athero_human_5.txt.gz","Plate_554s_J11","asymptomatic","endothelial",-0.325087394187572,12
"GSM8121898_athero_human_5.txt.gz","Plate_554s_J12","asymptomatic","fibroblast",0.561304945151736,12
"GSM8121898_athero_human_5.txt.gz","Plate_554s_K03","asymptomatic","endothelial",0.158470003111949,12
"GSM8121898_athero_human_5.txt.gz","Plate_554s_K07","asymptomatic","unassigned",-0.354640665132557,12
"GSM8121898_athero_human_5.txt.gz","Plate_554s_K08","asymptomatic","unassigned",-0.373512965268159,12
"GSM8121898_athero_human_5.txt.gz","Plate_554s_K09","asymptomatic","t_nk",-0.52144028081709,12
"GSM8121898_athero_human_5.txt.gz","Plate_554s_K10","asymptomatic","endothelial",0.118814752183111,12
"GSM8121898_athero_human_5.txt.gz","Plate_554s_K11","asymptomatic","endothelial",-0.491158309585037,12
"GSM8121898_athero_human_5.txt.gz","Plate_554s_L03","asymptomatic","endothelial",-0.312544871496869,12
"GSM8121898_athero_human_5.txt.gz","Plate_554s_L05","asymptomatic","endothelial",-0.34489671799738,12
"GSM8121898_athero_human_5.txt.gz","Plate_554s_L06","asymptomatic","unassigned",-0.169418586107275,12
"GSM8121898_athero_human_5.txt.gz","Plate_554s_L07","asymptomatic","endothelial",0.0756708358776282,12
"GSM8121898_athero_human_5.txt.gz","Plate_554s_L08","asymptomatic","unassigned",-0.524266878110809,12
"GSM8121898_athero_human_5.txt.gz","Plate_554s_L10","asymptomatic","endothelial",-0.132302834188057,12
"GSM8121898_athero_human_5.txt.gz","Plate_554s_L11","asymptomatic","mast",-0.37125700413414,12
"GSM8121898_athero_human_5.txt.gz","Plate_554s_L12","asymptomatic","mast",-0.269523347197456,12
"GSM8121898_athero_human_5.txt.gz","Plate_554s_M01","asymptomatic","b_cell",-0.493095933472562,12
"GSM8121898_athero_human_5.txt.gz","Plate_554s_M03","asymptomatic","endothelial",-0.179324920571948,12
"GSM8121898_athero_human_5.txt.gz","Plate_554s_M04","asymptomatic","endothelial",0.262075755833887,12
"GSM8121898_athero_human_5.txt.gz","Plate_554s_M05","asymptomatic","endothelial",-0.0127119143617279,12
"GSM8121898_athero_human_5.txt.gz","Plate_554s_M06","asymptomatic","endothelial",-0.35771131034842,12
"GSM8121898_athero_human_5.txt.gz","Plate_554s_M07","asymptomatic","endothelial",0.0854600362551479,12
"GSM8121898_athero_human_5.txt.gz","Plate_554s_M08","asymptomatic","endothelial",-0.453458266807756,12
"GSM8121898_athero_human_5.txt.gz","Plate_554s_M09","asymptomatic","endothelial",-0.291841586297718,12
"GSM8121898_athero_human_5.txt.gz","Plate_554s_M11","asymptomatic","macrophage",0.676858877877146,12
"GSM8121898_athero_human_5.txt.gz","Plate_554s_M12","asymptomatic","endothelial",-0.333442316032018,12
"GSM8121898_athero_human_5.txt.gz","Plate_554s_N01","asymptomatic","endothelial",0.0871912630444031,12
"GSM8121898_athero_human_5.txt.gz","Plate_554s_N02","asymptomatic","endothelial",0.0771574458581954,12
"GSM8121898_athero_human_5.txt.gz","Plate_554s_N03","asymptomatic","endothelial",-0.312872958431157,12
"GSM8121898_athero_human_5.txt.gz","Plate_554s_N06","asymptomatic","endothelial",-0.0441864172880951,12
"GSM8121898_athero_human_5.txt.gz","Plate_554s_N07","asymptomatic","endothelial",-0.257572587072038,12
"GSM8121898_athero_human_5.txt.gz","Plate_554s_N09","asymptomatic","endothelial",-0.373976927450067,12
"GSM8121898_athero_human_5.txt.gz","Plate_554s_N11","asymptomatic","unassigned",-0.212695336526052,12
"GSM8121898_athero_human_5.txt.gz","Plate_554s_O01","asymptomatic","endothelial",0.0360665485992306,12
"GSM8121898_athero_human_5.txt.gz","Plate_554s_O02","asymptomatic","endothelial",0.57777366577762,12
"GSM8121898_athero_human_5.txt.gz","Plate_554s_O03","asymptomatic","mast",-0.0762260636076205,12
"GSM8121898_athero_human_5.txt.gz","Plate_554s_O05","asymptomatic","b_cell",0.128385320329592,12
"GSM8121898_athero_human_5.txt.gz","Plate_554s_O06","asymptomatic","endothelial",-0.228437713060031,12
"GSM8121898_athero_human_5.txt.gz","Plate_554s_O09","asymptomatic","endothelial",-0.0653544959197108,12
"GSM8121898_athero_human_5.txt.gz","Plate_554s_O10","asymptomatic","endothelial",0.433419540390188,12
"GSM8121898_athero_human_5.txt.gz","Plate_554s_O11","asymptomatic","endothelial",-0.108406247419615,12
"GSM8121898_athero_human_5.txt.gz","Plate_554s_O12","asymptomatic","endothelial",-0.042648153796047,12
"GSM8121898_athero_human_5.txt.gz","Plate_554s_P01","asymptomatic","endothelial",-0.465245888314766,12
"GSM8121898_athero_human_5.txt.gz","Plate_554s_P02","asymptomatic","endothelial",0.342376510307263,12
"GSM8121898_athero_human_5.txt.gz","Plate_554s_P03","asymptomatic","endothelial",-0.252470549928381,12
"GSM8121898_athero_human_5.txt.gz","Plate_554s_P04","asymptomatic","endothelial",-0.134379655289075,12
"GSM8121898_athero_human_5.txt.gz","Plate_554s_P06","asymptomatic","endothelial",-0.0715551187498226,12
"GSM8121898_athero_human_5.txt.gz","Plate_554s_P07","asymptomatic","mast",-0.101472668845193,12
"GSM8121898_athero_human_5.txt.gz","Plate_554s_P08","asymptomatic","unassigned",0.108841081748346,12
"GSM8121898_athero_human_5.txt.gz","Plate_554s_P09","asymptomatic","endothelial",-0.178466000200852,12
"GSM8121898_athero_human_5.txt.gz","Plate_554s_P10","asymptomatic","mast",-0.346186719359816,12
"GSM8121898_athero_human_5.txt.gz","Plate_554s_P12","asymptomatic","endothelial",0.00816975881054373,12
"GSM8121898_athero_human_5.txt.gz","Plate_554s_P24","asymptomatic","macrophage",-0.309562993131125,12
"GSM8121899_athero_human_6.txt.gz","Plate_096_A01","symptomatic","unassigned",-0.508773778690436,12
"GSM8121899_athero_human_6.txt.gz","Plate_096_A02","symptomatic","macrophage",-0.340826781269482,12
"GSM8121899_athero_human_6.txt.gz","Plate_096_A03","symptomatic","mast",0.201815915744363,12
"GSM8121899_athero_human_6.txt.gz","Plate_096_A04","symptomatic","unassigned",-0.0960952743957517,12
"GSM8121899_athero_human_6.txt.gz","Plate_096_A05","symptomatic","unassigned",-0.218994754326834,12
"GSM8121899_athero_human_6.txt.gz","Plate_096_A09","symptomatic","fibroblast",-0.340266047269077,12
"GSM8121899_athero_human_6.txt.gz","Plate_096_A11","symptomatic","endothelial",-0.404400501570694,12
"GSM8121899_athero_human_6.txt.gz","Plate_096_A13","symptomatic","fibroblast",2.24004814510646,12
"GSM8121899_athero_human_6.txt.gz","Plate_096_A14","symptomatic","fibroblast",-0.205333520585102,12
"GSM8121899_athero_human_6.txt.gz","Plate_096_A15","symptomatic","unassigned",-0.430128696917936,12
"GSM8121899_athero_human_6.txt.gz","Plate_096_A16","symptomatic","endothelial",-0.0703333202524861,12
"GSM8121899_athero_human_6.txt.gz","Plate_096_A17","symptomatic","unassigned",-0.143232858063815,12
"GSM8121899_athero_human_6.txt.gz","Plate_096_A18","symptomatic","endothelial",0.303994339138702,12
"GSM8121899_athero_human_6.txt.gz","Plate_096_A19","symptomatic","endothelial",0.541236089059113,12
"GSM8121899_athero_human_6.txt.gz","Plate_096_A20","symptomatic","vsmc",-0.125502932039238,12
"GSM8121899_athero_human_6.txt.gz","Plate_096_A21","symptomatic","fibroblast",0.164430440469844,12
"GSM8121899_athero_human_6.txt.gz","Plate_096_A22","symptomatic","vsmc",-0.117488885433047,12
"GSM8121899_athero_human_6.txt.gz","Plate_096_A23","symptomatic","t_nk",-0.165176743454998,12
"GSM8121899_athero_human_6.txt.gz","Plate_096_A24","symptomatic","endothelial",-0.0424368325365105,12
"GSM8121899_athero_human_6.txt.gz","Plate_096_B04","symptomatic","b_cell",-0.0702162527607842,12
"GSM8121899_athero_human_6.txt.gz","Plate_096_B05","symptomatic","unassigned",0.468897494440959,12
"GSM8121899_athero_human_6.txt.gz","Plate_096_B08","symptomatic","vsmc",-0.174689067230604,12
"GSM8121899_athero_human_6.txt.gz","Plate_096_B09","symptomatic","b_cell",-0.0099774372633518,12
"GSM8121899_athero_human_6.txt.gz","Plate_096_B10","symptomatic","endothelial",0.262294491128392,12
"GSM8121899_athero_human_6.txt.gz","Plate_096_B11","symptomatic","unassigned",-0.288212290499061,12
"GSM8121899_athero_human_6.txt.gz","Plate_096_B12","symptomatic","unassigned",-0.351781979354326,12
"GSM8121899_athero_human_6.txt.gz","Plate_096_B13","symptomatic","unassigned",-0.0718213942810915,12
"GSM8121899_athero_human_6.txt.gz","Plate_096_B14","symptomatic","endothelial",-0.247579030112407,12
"GSM8121899_athero_human_6.txt.gz","Plate_096_B16","symptomatic","endothelial",0.0959530900143347,12
"GSM8121899_athero_human_6.txt.gz","Plate_096_B17","symptomatic","t_nk",-0.300907164019073,12
"GSM8121899_athero_human_6.txt.gz","Plate_096_B19","symptomatic","b_cell",-0.187774220369151,12
"GSM8121899_athero_human_6.txt.gz","Plate_096_B20","symptomatic","t_nk",0.21074263797983,12
"GSM8121899_athero_human_6.txt.gz","Plate_096_B21","symptomatic","vsmc",-0.0900859726369105,12
"GSM8121899_athero_human_6.txt.gz","Plate_096_B22","symptomatic","fibroblast",-0.224832389329664,12
"GSM8121899_athero_human_6.txt.gz","Plate_096_B23","symptomatic","fibroblast",0.772794272443524,12
"GSM8121899_athero_human_6.txt.gz","Plate_096_C03","symptomatic","fibroblast",-0.0895627674354841,12
"GSM8121899_athero_human_6.txt.gz","Plate_096_C05","symptomatic","endothelial",-0.0186881068642324,12
"GSM8121899_athero_human_6.txt.gz","Plate_096_C06","symptomatic","unassigned",-0.0444578400117071,12
"GSM8121899_athero_human_6.txt.gz","Plate_096_C09","symptomatic","vsmc",-0.359527476437442,12
"GSM8121899_athero_human_6.txt.gz","Plate_096_C10","symptomatic","b_cell",0.169369300147141,12
"GSM8121899_athero_human_6.txt.gz","Plate_096_C11","symptomatic","unassigned",-0.0713809973187536,12
"GSM8121899_athero_human_6.txt.gz","Plate_096_C12","symptomatic","endothelial",-0.0191033457212647,12
"GSM8121899_athero_human_6.txt.gz","Plate_096_C13","symptomatic","fibroblast",-0.173091253034506,12
"GSM8121899_athero_human_6.txt.gz","Plate_096_C15","symptomatic","unassigned",-0.168187529417172,12
"GSM8121899_athero_human_6.txt.gz","Plate_096_C17","symptomatic","mast",-0.173575366097145,12
"GSM8121899_athero_human_6.txt.gz","Plate_096_C18","symptomatic","unassigned",0.0986849769545277,12
"GSM8121899_athero_human_6.txt.gz","Plate_096_C19","symptomatic","endothelial",-0.244210343752208,12
"GSM8121899_athero_human_6.txt.gz","Plate_096_C21","symptomatic","unassigned",0.254666523710951,12
"GSM8121899_athero_human_6.txt.gz","Plate_096_C23","symptomatic","endothelial",-0.0937735995861592,12
"GSM8121899_athero_human_6.txt.gz","Plate_096_D01","symptomatic","t_nk",0.0262311324626019,12
"GSM8121899_athero_human_6.txt.gz","Plate_096_D02","symptomatic","endothelial",-0.0893017694398541,12
"GSM8121899_athero_human_6.txt.gz","Plate_096_D04","symptomatic","unassigned",-0.0169194796114135,12
"GSM8121899_athero_human_6.txt.gz","Plate_096_D07","symptomatic","endothelial",-0.0419759361662889,12
"GSM8121899_athero_human_6.txt.gz","Plate_096_D08","symptomatic","endothelial",0.221255207761369,12
"GSM8121899_athero_human_6.txt.gz","Plate_096_D10","symptomatic","b_cell",-0.326056568637833,12
"GSM8121899_athero_human_6.txt.gz","Plate_096_D12","symptomatic","unassigned",-0.164137800423009,12
"GSM8121899_athero_human_6.txt.gz","Plate_096_D13","symptomatic","unassigned",-0.158593681615014,12
"GSM8121899_athero_human_6.txt.gz","Plate_096_D15","symptomatic","fibroblast",-0.248530892111268,12
"GSM8121899_athero_human_6.txt.gz","Plate_096_D16","symptomatic","endothelial",-0.316301683356284,12
"GSM8121899_athero_human_6.txt.gz","Plate_096_D17","symptomatic","unassigned",0.230396229075294,12
"GSM8121899_athero_human_6.txt.gz","Plate_096_D18","symptomatic","endothelial",-0.02236015097666,12
"GSM8121899_athero_human_6.txt.gz","Plate_096_D19","symptomatic","endothelial",-0.106619475515399,12
"GSM8121899_athero_human_6.txt.gz","Plate_096_D20","symptomatic","mast",-0.295094362876589,12
"GSM8121899_athero_human_6.txt.gz","Plate_096_D22","symptomatic","unassigned",-0.219214679769144,12
"GSM8121899_athero_human_6.txt.gz","Plate_096_E01","symptomatic","endothelial",0.0765865086222282,12
"GSM8121899_athero_human_6.txt.gz","Plate_096_E02","symptomatic","unassigned",0.0530773978784844,12
"GSM8121899_athero_human_6.txt.gz","Plate_096_E04","symptomatic","endothelial",-0.185661472104285,12
"GSM8121899_athero_human_6.txt.gz","Plate_096_E05","symptomatic","fibroblast",0.0624888035294326,12
"GSM8121899_athero_human_6.txt.gz","Plate_096_E06","symptomatic","unassigned",0.029480219370645,12
"GSM8121899_athero_human_6.txt.gz","Plate_096_E08","symptomatic","fibroblast",0.231168437038944,12
"GSM8121899_athero_human_6.txt.gz","Plate_096_E10","symptomatic","unassigned",0.567516213300811,12
"GSM8121899_athero_human_6.txt.gz","Plate_096_E14","symptomatic","endothelial",0.136420870771509,12
"GSM8121899_athero_human_6.txt.gz","Plate_096_E16","symptomatic","fibroblast",-0.237836615228364,12
"GSM8121899_athero_human_6.txt.gz","Plate_096_E17","symptomatic","unassigned",-0.54147424374249,12
"GSM8121899_athero_human_6.txt.gz","Plate_096_E19","symptomatic","fibroblast",-0.0506769121907599,12
"GSM8121899_athero_human_6.txt.gz","Plate_096_E21","symptomatic","unassigned",0.228236397687938,12
"GSM8121899_athero_human_6.txt.gz","Plate_096_E22","symptomatic","endothelial",-0.468166200891928,12
"GSM8121899_athero_human_6.txt.gz","Plate_096_E23","symptomatic","fibroblast",-0.0837263204117974,12
"GSM8121899_athero_human_6.txt.gz","Plate_096_F01","symptomatic","vsmc",-0.279912798863992,12
"GSM8121899_athero_human_6.txt.gz","Plate_096_F02","symptomatic","endothelial",1.2590918877212,12
"GSM8121899_athero_human_6.txt.gz","Plate_096_F04","symptomatic","unassigned",0.0334976229963137,12
"GSM8121899_athero_human_6.txt.gz","Plate_096_F06","symptomatic","b_cell",-0.0678331075308449,12
"GSM8121899_athero_human_6.txt.gz","Plate_096_F07","symptomatic","endothelial",0.10090175905933,12
"GSM8121899_athero_human_6.txt.gz","Plate_096_F09","symptomatic","endothelial",0.0383959588839285,12
"GSM8121899_athero_human_6.txt.gz","Plate_096_F10","symptomatic","unassigned",-0.0742798524904106,12
"GSM8121899_athero_human_6.txt.gz","Plate_096_F11","symptomatic","endothelial",0.314028955676893,12
"GSM8121899_athero_human_6.txt.gz","Plate_096_F12","symptomatic","unassigned",0.126877234095067,12
"GSM8121899_athero_human_6.txt.gz","Plate_096_F13","symptomatic","endothelial",0.11571025044742,12
"GSM8121899_athero_human_6.txt.gz","Plate_096_F14","symptomatic","fibroblast",-0.307900609394908,12
"GSM8121899_athero_human_6.txt.gz","Plate_096_F16","symptomatic","endothelial",0.123109612902949,12
"GSM8121899_athero_human_6.txt.gz","Plate_096_F17","symptomatic","unassigned",-0.300944283453668,12
"GSM8121899_athero_human_6.txt.gz","Plate_096_F18","symptomatic","mast",-0.177886416495709,12
"GSM8121899_athero_human_6.txt.gz","Plate_096_F19","symptomatic","endothelial",-0.160112343300119,12
"GSM8121899_athero_human_6.txt.gz","Plate_096_F21","symptomatic","mast",-0.0433767777944777,12
"GSM8121899_athero_human_6.txt.gz","Plate_096_F22","symptomatic","unassigned",-0.14382969526131,12
"GSM8121899_athero_human_6.txt.gz","Plate_096_F23","symptomatic","unassigned",-0.323717314977042,12
"GSM8121899_athero_human_6.txt.gz","Plate_096_G02","symptomatic","unassigned",0.206305542935108,12
"GSM8121899_athero_human_6.txt.gz","Plate_096_G03","symptomatic","unassigned",-0.105327162669146,12
"GSM8121899_athero_human_6.txt.gz","Plate_096_G04","symptomatic","unassigned",-0.176244667883757,12
"GSM8121899_athero_human_6.txt.gz","Plate_096_G05","symptomatic","mast",0.0896669969551588,12
"GSM8121899_athero_human_6.txt.gz","Plate_096_G07","symptomatic","endothelial",-0.117658134384405,12
"GSM8121899_athero_human_6.txt.gz","Plate_096_G09","symptomatic","macrophage",-0.201587449915109,12
"GSM8121899_athero_human_6.txt.gz","Plate_096_G10","symptomatic","b_cell",0.0261138708840372,12
"GSM8121899_athero_human_6.txt.gz","Plate_096_G12","symptomatic","fibroblast",0.105654271179312,12
"GSM8121899_athero_human_6.txt.gz","Plate_096_G13","symptomatic","endothelial",0.409667774795624,12
"GSM8121899_athero_human_6.txt.gz","Plate_096_G15","symptomatic","endothelial",0.138809250885714,12
"GSM8121899_athero_human_6.txt.gz","Plate_096_G16","symptomatic","unassigned",-0.115522964875462,12
"GSM8121899_athero_human_6.txt.gz","Plate_096_G18","symptomatic","endothelial",-0.0895225846088233,12
"GSM8121899_athero_human_6.txt.gz","Plate_096_G19","symptomatic","endothelial",0.361700256881918,12
"GSM8121899_athero_human_6.txt.gz","Plate_096_G20","symptomatic","unassigned",-0.36396953621619,12
"GSM8121899_athero_human_6.txt.gz","Plate_096_G21","symptomatic","endothelial",-0.263638137725591,12
"GSM8121899_athero_human_6.txt.gz","Plate_096_G22","symptomatic","unassigned",0.473959594301474,12
"GSM8121899_athero_human_6.txt.gz","Plate_096_G23","symptomatic","endothelial",0.181185535864229,12
"GSM8121899_athero_human_6.txt.gz","Plate_096_G24","symptomatic","unassigned",-0.541573035193812,12
"GSM8121899_athero_human_6.txt.gz","Plate_096_H01","symptomatic","unassigned",-0.533012664385651,12
"GSM8121899_athero_human_6.txt.gz","Plate_096_H02","symptomatic","mast",-0.268239006063616,12
"GSM8121899_athero_human_6.txt.gz","Plate_096_H03","symptomatic","unassigned",-0.084229959535655,12
"GSM8121899_athero_human_6.txt.gz","Plate_096_H04","symptomatic","unassigned",0.0137682685261142,12
"GSM8121899_athero_human_6.txt.gz","Plate_096_H07","symptomatic","fibroblast",-0.152867443275016,12
"GSM8121899_athero_human_6.txt.gz","Plate_096_H08","symptomatic","unassigned",0.000649062357061096,12
"GSM8121899_athero_human_6.txt.gz","Plate_096_H12","symptomatic","mast",-0.365655662907295,12
"GSM8121899_athero_human_6.txt.gz","Plate_096_H15","symptomatic","unassigned",-0.433026806948533,12
"GSM8121899_athero_human_6.txt.gz","Plate_096_H18","symptomatic","endothelial",-0.0728074692620571,12
"GSM8121899_athero_human_6.txt.gz","Plate_096_H19","symptomatic","b_cell",0.0485224975107898,12
"GSM8121899_athero_human_6.txt.gz","Plate_096_H20","symptomatic","endothelial",0.140011743512527,12
"GSM8121899_athero_human_6.txt.gz","Plate_096_H22","symptomatic","mast",0.146622150827841,12
"GSM8121899_athero_human_6.txt.gz","Plate_096_H23","symptomatic","endothelial",0.338832625109751,12
"GSM8121899_athero_human_6.txt.gz","Plate_096_H24","symptomatic","endothelial",-0.363256533491849,12
"GSM8121899_athero_human_6.txt.gz","Plate_096_I02","symptomatic","vsmc",0.421734190583319,12
"GSM8121899_athero_human_6.txt.gz","Plate_096_I03","symptomatic","fibroblast",-0.003825057359269,12
"GSM8121899_athero_human_6.txt.gz","Plate_096_I06","symptomatic","unassigned",-0.0538609804453692,12
"GSM8121899_athero_human_6.txt.gz","Plate_096_I07","symptomatic","unassigned",-0.111557664344093,12
"GSM8121899_athero_human_6.txt.gz","Plate_096_I08","symptomatic","b_cell",0.361659443691742,12
"GSM8121899_athero_human_6.txt.gz","Plate_096_I09","symptomatic","mast",0.76261322340102,12
"GSM8121899_athero_human_6.txt.gz","Plate_096_I11","symptomatic","vsmc",-0.0302308526057915,12
"GSM8121899_athero_human_6.txt.gz","Plate_096_I13","symptomatic","endothelial",-0.214226845224908,12
"GSM8121899_athero_human_6.txt.gz","Plate_096_I14","symptomatic","unassigned",-0.0828619665741164,12
"GSM8121899_athero_human_6.txt.gz","Plate_096_I15","symptomatic","b_cell",0.242956914100967,12
"GSM8121899_athero_human_6.txt.gz","Plate_096_I16","symptomatic","endothelial",-0.0992356569128899,12
"GSM8121899_athero_human_6.txt.gz","Plate_096_I17","symptomatic","endothelial",0.128611049202077,12
"GSM8121899_athero_human_6.txt.gz","Plate_096_I18","symptomatic","fibroblast",0.286831701820516,12
"GSM8121899_athero_human_6.txt.gz","Plate_096_I20","symptomatic","vsmc",-0.189403385786059,12
"GSM8121899_athero_human_6.txt.gz","Plate_096_I21","symptomatic","unassigned",-0.00371420523772051,12
"GSM8121899_athero_human_6.txt.gz","Plate_096_I22","symptomatic","mast",0.282801632007092,12
"GSM8121899_athero_human_6.txt.gz","Plate_096_I23","symptomatic","endothelial",0.246791914431287,12
"GSM8121899_athero_human_6.txt.gz","Plate_096_I24","symptomatic","endothelial",0.00171021046328095,12
"GSM8121899_athero_human_6.txt.gz","Plate_096_J02","symptomatic","vsmc",-0.237666602443794,12
"GSM8121899_athero_human_6.txt.gz","Plate_096_J05","symptomatic","fibroblast",-0.28620003139964,12
"GSM8121899_athero_human_6.txt.gz","Plate_096_J07","symptomatic","vsmc",-0.118900559951982,12
"GSM8121899_athero_human_6.txt.gz","Plate_096_J09","symptomatic","unassigned",-0.302476922373306,12
"GSM8121899_athero_human_6.txt.gz","Plate_096_J10","symptomatic","unassigned",-0.0112800208841646,12
"GSM8121899_athero_human_6.txt.gz","Plate_096_J11","symptomatic","unassigned",-0.217309139739381,12
"GSM8121899_athero_human_6.txt.gz","Plate_096_J12","symptomatic","unassigned",0.0680131817720262,12
"GSM8121899_athero_human_6.txt.gz","Plate_096_J20","symptomatic","endothelial",-0.209645486339009,12
"GSM8121899_athero_human_6.txt.gz","Plate_096_J21","symptomatic","b_cell",-0.0339994274198784,12
"GSM8121899_athero_human_6.txt.gz","Plate_096_J23","symptomatic","vsmc",0.486485316167826,12
"GSM8121899_athero_human_6.txt.gz","Plate_096_K03","symptomatic","unassigned",0.332521134088645,12
"GSM8121899_athero_human_6.txt.gz","Plate_096_K04","symptomatic","unassigned",-0.23575945829307,12
"GSM8121899_athero_human_6.txt.gz","Plate_096_K06","symptomatic","macrophage",-0.24691669036631,12
"GSM8121899_athero_human_6.txt.gz","Plate_096_K07","symptomatic","vsmc",0.0344854326431656,12
"GSM8121899_athero_human_6.txt.gz","Plate_096_K08","symptomatic","unassigned",-0.121060739870406,12
"GSM8121899_athero_human_6.txt.gz","Plate_096_K09","symptomatic","endothelial",0.263100339947119,12
"GSM8121899_athero_human_6.txt.gz","Plate_096_K11","symptomatic","endothelial",0.225234287706317,12
"GSM8121899_athero_human_6.txt.gz","Plate_096_K12","symptomatic","unassigned",0.0101096613975855,12
"GSM8121899_athero_human_6.txt.gz","Plate_096_K15","symptomatic","mast",-0.190147367914726,12
"GSM8121899_athero_human_6.txt.gz","Plate_096_K16","symptomatic","mast",-0.270404945177732,12
"GSM8121899_athero_human_6.txt.gz","Plate_096_K17","symptomatic","fibroblast",-0.389251252200419,12
"GSM8121899_athero_human_6.txt.gz","Plate_096_K18","symptomatic","endothelial",-0.0972175141695511,12
"GSM8121899_athero_human_6.txt.gz","Plate_096_K19","symptomatic","endothelial",-0.0840825023984668,12
"GSM8121899_athero_human_6.txt.gz","Plate_096_K20","symptomatic","unassigned",-0.250158421806732,12
"GSM8121899_athero_human_6.txt.gz","Plate_096_K21","symptomatic","endothelial",0.117011455083561,12
"GSM8121899_athero_human_6.txt.gz","Plate_096_K22","symptomatic","unassigned",-0.280743811322884,12
"GSM8121899_athero_human_6.txt.gz","Plate_096_K23","symptomatic","vsmc",0.09482000552824,12
"GSM8121899_athero_human_6.txt.gz","Plate_096_L02","symptomatic","unassigned",-0.0589342006203374,12
"GSM8121899_athero_human_6.txt.gz","Plate_096_L03","symptomatic","unassigned",1.0293931456633,12
"GSM8121899_athero_human_6.txt.gz","Plate_096_L04","symptomatic","unassigned",0.188710037768566,12
"GSM8121899_athero_human_6.txt.gz","Plate_096_L05","symptomatic","endothelial",-0.344746854523302,12
"GSM8121899_athero_human_6.txt.gz","Plate_096_L07","symptomatic","endothelial",0.429446950466102,12
"GSM8121899_athero_human_6.txt.gz","Plate_096_L08","symptomatic","endothelial",-0.152629837414851,12
"GSM8121899_athero_human_6.txt.gz","Plate_096_L09","symptomatic","unassigned",-0.228853975774461,12
"GSM8121899_athero_human_6.txt.gz","Plate_096_L10","symptomatic","fibroblast",-0.31582679546925,12
"GSM8121899_athero_human_6.txt.gz","Plate_096_L12","symptomatic","unassigned",-0.136565140140695,12
"GSM8121899_athero_human_6.txt.gz","Plate_096_L14","symptomatic","unassigned",-0.220940636059183,12
"GSM8121899_athero_human_6.txt.gz","Plate_096_L15","symptomatic","endothelial",-0.136934347111347,12
"GSM8121899_athero_human_6.txt.gz","Plate_096_L16","symptomatic","t_nk",-0.0616448935663099,12
"GSM8121899_athero_human_6.txt.gz","Plate_096_L17","symptomatic","unassigned",0.231882816109496,12
"GSM8121899_athero_human_6.txt.gz","Plate_096_L18","symptomatic","mast",-0.144416502041336,12
"GSM8121899_athero_human_6.txt.gz","Plate_096_L22","symptomatic","vsmc",-0.0610154213465371,12
"GSM8121899_athero_human_6.txt.gz","Plate_096_L23","symptomatic","unassigned",0.0966048233577652,12
"GSM8121899_athero_human_6.txt.gz","Plate_096_M01","symptomatic","unassigned",0.242388144381934,12
"GSM8121899_athero_human_6.txt.gz","Plate_096_M03","symptomatic","unassigned",-0.0913436532148343,12
"GSM8121899_athero_human_6.txt.gz","Plate_096_M04","symptomatic","endothelial",-0.226427608323664,12
"GSM8121899_athero_human_6.txt.gz","Plate_096_M10","symptomatic","t_nk",0.0546779071054169,12
"GSM8121899_athero_human_6.txt.gz","Plate_096_M12","symptomatic","unassigned",0.309370334771354,12
"GSM8121899_athero_human_6.txt.gz","Plate_096_M14","symptomatic","t_nk",0.562234181071733,12
"GSM8121899_athero_human_6.txt.gz","Plate_096_M15","symptomatic","unassigned",-0.193840786446581,12
"GSM8121899_athero_human_6.txt.gz","Plate_096_M16","symptomatic","fibroblast",-0.454034771689195,12
"GSM8121899_athero_human_6.txt.gz","Plate_096_M17","symptomatic","endothelial",-0.10522780236366,12
"GSM8121899_athero_human_6.txt.gz","Plate_096_M18","symptomatic","fibroblast",0.0928830342017323,12
"GSM8121899_athero_human_6.txt.gz","Plate_096_M19","symptomatic","endothelial",0.231996753179832,12
"GSM8121899_athero_human_6.txt.gz","Plate_096_M20","symptomatic","t_nk",-0.153544731826031,12
"GSM8121899_athero_human_6.txt.gz","Plate_096_M21","symptomatic","unassigned",0.148919127112397,12
"GSM8121899_athero_human_6.txt.gz","Plate_096_M22","symptomatic","macrophage",4.75850589205261,12
"GSM8121899_athero_human_6.txt.gz","Plate_096_N01","symptomatic","unassigned",0.0733916595198379,12
"GSM8121899_athero_human_6.txt.gz","Plate_096_N02","symptomatic","unassigned",-0.209162884532256,12
"GSM8121899_athero_human_6.txt.gz","Plate_096_N03","symptomatic","vsmc",-0.466046880007433,12
"GSM8121899_athero_human_6.txt.gz","Plate_096_N04","symptomatic","t_nk",0.260246668488606,12
"GSM8121899_athero_human_6.txt.gz","Plate_096_N05","symptomatic","unassigned",-0.0996614557161187,12
"GSM8121899_athero_human_6.txt.gz","Plate_096_N06","symptomatic","vsmc",-0.138133939394727,12
"GSM8121899_athero_human_6.txt.gz","Plate_096_N07","symptomatic","mast",-0.0727985541456357,12
"GSM8121899_athero_human_6.txt.gz","Plate_096_N09","symptomatic","mast",-0.37161147433694,12
"GSM8121899_athero_human_6.txt.gz","Plate_096_N10","symptomatic","unassigned",-0.165034538064997,12
"GSM8121899_athero_human_6.txt.gz","Plate_096_N12","symptomatic","endothelial",0.201948835922188,12
"GSM8121899_athero_human_6.txt.gz","Plate_096_N15","symptomatic","endothelial",0.0130915284490753,12
"GSM8121899_athero_human_6.txt.gz","Plate_096_N16","symptomatic","unassigned",-0.404971147660022,12
"GSM8121899_athero_human_6.txt.gz","Plate_096_N18","symptomatic","fibroblast",0.279597392662837,12
"GSM8121899_athero_human_6.txt.gz","Plate_096_N21","symptomatic","b_cell",-0.414796218625473,12
"GSM8121899_athero_human_6.txt.gz","Plate_096_N22","symptomatic","unassigned",-0.411016971541176,12
"GSM8121899_athero_human_6.txt.gz","Plate_096_N23","symptomatic","vsmc",-0.105071390923532,12
"GSM8121899_athero_human_6.txt.gz","Plate_096_N24","symptomatic","unassigned",-0.0575002217895012,12
"GSM8121899_athero_human_6.txt.gz","Plate_096_O01","symptomatic","unassigned",-0.14963216815278,12
"GSM8121899_athero_human_6.txt.gz","Plate_096_O02","symptomatic","mast",-0.126282633255602,12
"GSM8121899_athero_human_6.txt.gz","Plate_096_O05","symptomatic","unassigned",-0.0251574373159972,12
"GSM8121899_athero_human_6.txt.gz","Plate_096_O06","symptomatic","b_cell",-0.0819080889862015,12
"GSM8121899_athero_human_6.txt.gz","Plate_096_O08","symptomatic","unassigned",-0.50058852630759,12
"GSM8121899_athero_human_6.txt.gz","Plate_096_O10","symptomatic","unassigned",0.00557104071411735,12
"GSM8121899_athero_human_6.txt.gz","Plate_096_O12","symptomatic","mast",0.656019733846366,12
"GSM8121899_athero_human_6.txt.gz","Plate_096_O13","symptomatic","endothelial",0.247284462203596,12
"GSM8121899_athero_human_6.txt.gz","Plate_096_O14","symptomatic","unassigned",0.116321775885974,12
"GSM8121899_athero_human_6.txt.gz","Plate_096_O18","symptomatic","unassigned",0.0722568504324491,12
"GSM8121899_athero_human_6.txt.gz","Plate_096_O19","symptomatic","endothelial",0.133893051428151,12
"GSM8121899_athero_human_6.txt.gz","Plate_096_O20","symptomatic","vsmc",-0.0240362427506043,12
"GSM8121899_athero_human_6.txt.gz","Plate_096_O21","symptomatic","fibroblast",0.954415532387471,12
"GSM8121899_athero_human_6.txt.gz","Plate_096_O23","symptomatic","unassigned",0.00202397059734468,12
"GSM8121899_athero_human_6.txt.gz","Plate_096_O24","symptomatic","fibroblast",-0.466120892452624,12
"GSM8121899_athero_human_6.txt.gz","Plate_096_P01","symptomatic","vsmc",-0.245215607171873,12
"GSM8121899_athero_human_6.txt.gz","Plate_096_P02","symptomatic","unassigned",-0.0261799835164749,12
"GSM8121899_athero_human_6.txt.gz","Plate_096_P03","symptomatic","b_cell",0.301012881544378,12
"GSM8121899_athero_human_6.txt.gz","Plate_096_P04","symptomatic","endothelial",-0.0257086502683836,12
"GSM8121899_athero_human_6.txt.gz","Plate_096_P05","symptomatic","b_cell",-0.0893918627073807,12
"GSM8121899_athero_human_6.txt.gz","Plate_096_P07","symptomatic","endothelial",0.213037477469201,12
"GSM8121899_athero_human_6.txt.gz","Plate_096_P10","symptomatic","unassigned",0.0669681950744771,12
"GSM8121899_athero_human_6.txt.gz","Plate_096_P12","symptomatic","unassigned",-0.124572284681409,12
"GSM8121899_athero_human_6.txt.gz","Plate_096_P13","symptomatic","b_cell",0.00450887691603914,12
"GSM8121899_athero_human_6.txt.gz","Plate_096_P16","symptomatic","unassigned",-0.175761884438529,12
"GSM8121899_athero_human_6.txt.gz","Plate_096_P17","symptomatic","t_nk",-0.114250597859623,12
"GSM8121899_athero_human_6.txt.gz","Plate_096_P18","symptomatic","fibroblast",0.418100340483445,12
"GSM8121899_athero_human_6.txt.gz","Plate_096_P20","symptomatic","fibroblast",-0.487210472172369,12
"GSM8121899_athero_human_6.txt.gz","Plate_096_P21","symptomatic","fibroblast",0.327667851812936,12
"GSM8121899_athero_human_6.txt.gz","Plate_096_P22","symptomatic","vsmc",0.317028833829752,12
"GSM8121899_athero_human_6.txt.gz","Plate_096_P24","symptomatic","macrophage",-0.429863169514191,12
"GSM8121900_athero_human_7.txt.gz","Plate_100s_A01","symptomatic","fibroblast",-0.204707726730082,12
"GSM8121900_athero_human_7.txt.gz","Plate_100s_A02","symptomatic","fibroblast",0.63750088746784,12
"GSM8121900_athero_human_7.txt.gz","Plate_100s_A03","symptomatic","fibroblast",-0.207062910865446,12
"GSM8121900_athero_human_7.txt.gz","Plate_100s_A04","symptomatic","vsmc",0.0336993622433129,12
"GSM8121900_athero_human_7.txt.gz","Plate_100s_A05","symptomatic","fibroblast",-0.197873265417143,12
"GSM8121900_athero_human_7.txt.gz","Plate_100s_A11","symptomatic","fibroblast",0.337778031583854,12
"GSM8121900_athero_human_7.txt.gz","Plate_100s_A12","symptomatic","fibroblast",0.293262015951922,12
"GSM8121900_athero_human_7.txt.gz","Plate_100s_A13","symptomatic","fibroblast",-0.28415433840392,12
"GSM8121900_athero_human_7.txt.gz","Plate_100s_A14","symptomatic","unassigned",-0.32560399028996,12
"GSM8121900_athero_human_7.txt.gz","Plate_100s_A15","symptomatic","vsmc",0.00772881683876412,12
"GSM8121900_athero_human_7.txt.gz","Plate_100s_A16","symptomatic","fibroblast",0.624208357280503,12
"GSM8121900_athero_human_7.txt.gz","Plate_100s_A17","symptomatic","endothelial",0.241919057348898,12
"GSM8121900_athero_human_7.txt.gz","Plate_100s_A18","symptomatic","fibroblast",0.398531369593384,12
"GSM8121900_athero_human_7.txt.gz","Plate_100s_A19","symptomatic","vsmc",-0.0782039839164059,12
"GSM8121900_athero_human_7.txt.gz","Plate_100s_A20","symptomatic","b_cell",0.933447489748282,12
"GSM8121900_athero_human_7.txt.gz","Plate_100s_A21","symptomatic","vsmc",0.0317298657312631,12
"GSM8121900_athero_human_7.txt.gz","Plate_100s_A23","symptomatic","fibroblast",-0.0735657953552923,12
"GSM8121900_athero_human_7.txt.gz","Plate_100s_A24","symptomatic","fibroblast",-0.0390513081989495,12
"GSM8121900_athero_human_7.txt.gz","Plate_100s_B01","symptomatic","vsmc",-0.134360357052378,12
"GSM8121900_athero_human_7.txt.gz","Plate_100s_B02","symptomatic","vsmc",-0.274039019848351,12
"GSM8121900_athero_human_7.txt.gz","Plate_100s_B03","symptomatic","vsmc",-0.370303703879679,12
"GSM8121900_athero_human_7.txt.gz","Plate_100s_B04","symptomatic","unassigned",0.128929247230495,12
"GSM8121900_athero_human_7.txt.gz","Plate_100s_B05","symptomatic","fibroblast",1.5132928658025,12
"GSM8121900_athero_human_7.txt.gz","Plate_100s_B06","symptomatic","fibroblast",0.108405260064629,12
"GSM8121900_athero_human_7.txt.gz","Plate_100s_B07","symptomatic","fibroblast",0.185526048792751,12
"GSM8121900_athero_human_7.txt.gz","Plate_100s_B08","symptomatic","fibroblast",0.199251134905144,12
"GSM8121900_athero_human_7.txt.gz","Plate_100s_B09","symptomatic","fibroblast",-0.0662323669171884,12
"GSM8121900_athero_human_7.txt.gz","Plate_100s_B11","symptomatic","fibroblast",0.438173537892831,12
"GSM8121900_athero_human_7.txt.gz","Plate_100s_B12","symptomatic","fibroblast",-0.297057865645905,12
"GSM8121900_athero_human_7.txt.gz","Plate_100s_B13","symptomatic","fibroblast",0.403872764388002,12
"GSM8121900_athero_human_7.txt.gz","Plate_100s_B14","symptomatic","unassigned",0.219239639553373,12
"GSM8121900_athero_human_7.txt.gz","Plate_100s_B15","symptomatic","unassigned",0.332551055347868,12
"GSM8121900_athero_human_7.txt.gz","Plate_100s_B17","symptomatic","fibroblast",-0.0198431617540431,12
"GSM8121900_athero_human_7.txt.gz","Plate_100s_B18","symptomatic","vsmc",-0.0590027518856253,12
"GSM8121900_athero_human_7.txt.gz","Plate_100s_B19","symptomatic","fibroblast",0.0152076086668957,12
"GSM8121900_athero_human_7.txt.gz","Plate_100s_B20","symptomatic","fibroblast",0.25372918857495,12
"GSM8121900_athero_human_7.txt.gz","Plate_100s_B21","symptomatic","vsmc",0.271199232786314,12
"GSM8121900_athero_human_7.txt.gz","Plate_100s_B22","symptomatic","vsmc",-0.0454393704341624,12
"GSM8121900_athero_human_7.txt.gz","Plate_100s_B23","symptomatic","fibroblast",0.339859714987226,12
"GSM8121900_athero_human_7.txt.gz","Plate_100s_B24","symptomatic","vsmc",-0.121903275443154,12
"GSM8121900_athero_human_7.txt.gz","Plate_100s_C01","symptomatic","fibroblast",-0.249048633084882,12
"GSM8121900_athero_human_7.txt.gz","Plate_100s_C02","symptomatic","fibroblast",0.352490702366355,12
"GSM8121900_athero_human_7.txt.gz","Plate_100s_C03","symptomatic","fibroblast",-0.313999508012754,12
"GSM8121900_athero_human_7.txt.gz","Plate_100s_C04","symptomatic","fibroblast",0.391279353408712,12
"GSM8121900_athero_human_7.txt.gz","Plate_100s_C06","symptomatic","fibroblast",0.33664764310869,12
"GSM8121900_athero_human_7.txt.gz","Plate_100s_C07","symptomatic","fibroblast",1.27099823047665,12
"GSM8121900_athero_human_7.txt.gz","Plate_100s_C08","symptomatic","vsmc",-0.250362009722744,12
"GSM8121900_athero_human_7.txt.gz","Plate_100s_C09","symptomatic","vsmc",-0.148270298044783,12
"GSM8121900_athero_human_7.txt.gz","Plate_100s_C10","symptomatic","vsmc",-0.0111790644129457,12
"GSM8121900_athero_human_7.txt.gz","Plate_100s_C11","symptomatic","vsmc",-0.264731248359956,12
"GSM8121900_athero_human_7.txt.gz","Plate_100s_C12","symptomatic","vsmc",0.109934487664167,12
"GSM8121900_athero_human_7.txt.gz","Plate_100s_C13","symptomatic","vsmc",-0.273890750981493,12
"GSM8121900_athero_human_7.txt.gz","Plate_100s_C14","symptomatic","vsmc",0.275772826132367,12
"GSM8121900_athero_human_7.txt.gz","Plate_100s_C15","symptomatic","unassigned",0.155887782961956,12
"GSM8121900_athero_human_7.txt.gz","Plate_100s_C17","symptomatic","fibroblast",0.0522204934958186,12
"GSM8121900_athero_human_7.txt.gz","Plate_100s_C18","symptomatic","fibroblast",-0.21067244057928,12
"GSM8121900_athero_human_7.txt.gz","Plate_100s_C19","symptomatic","fibroblast",0.245730201068806,12
"GSM8121900_athero_human_7.txt.gz","Plate_100s_C20","symptomatic","vsmc",-0.456225520335737,12
"GSM8121900_athero_human_7.txt.gz","Plate_100s_C21","symptomatic","vsmc",-0.0821054237609534,12
"GSM8121900_athero_human_7.txt.gz","Plate_100s_C22","symptomatic","vsmc",-0.0496412211595361,12
"GSM8121900_athero_human_7.txt.gz","Plate_100s_C23","symptomatic","vsmc",-0.256101701214235,12
"GSM8121900_athero_human_7.txt.gz","Plate_100s_C24","symptomatic","fibroblast",-0.0995794030281024,12
"GSM8121900_athero_human_7.txt.gz","Plate_100s_D01","symptomatic","fibroblast",0.941276261830293,12
"GSM8121900_athero_human_7.txt.gz","Plate_100s_D02","symptomatic","vsmc",-0.168432433625138,12
"GSM8121900_athero_human_7.txt.gz","Plate_100s_D03","symptomatic","fibroblast",0.417242494722144,12
"GSM8121900_athero_human_7.txt.gz","Plate_100s_D05","symptomatic","fibroblast",0.274605079218065,12
"GSM8121900_athero_human_7.txt.gz","Plate_100s_D06","symptomatic","fibroblast",0.128005246713129,12
"GSM8121900_athero_human_7.txt.gz","Plate_100s_D07","symptomatic","fibroblast",-0.0463362111410814,12
"GSM8121900_athero_human_7.txt.gz","Plate_100s_D08","symptomatic","endothelial",0.553465835321138,12
"GSM8121900_athero_human_7.txt.gz","Plate_100s_D09","symptomatic","fibroblast",0.0757920114085794,12
"GSM8121900_athero_human_7.txt.gz","Plate_100s_D10","symptomatic","vsmc",-0.047435406719543,12
"GSM8121900_athero_human_7.txt.gz","Plate_100s_D11","symptomatic","endothelial",-0.0545242008914516,12
"GSM8121900_athero_human_7.txt.gz","Plate_100s_D12","symptomatic","vsmc",0.497899442136906,12
"GSM8121900_athero_human_7.txt.gz","Plate_100s_D13","symptomatic","fibroblast",0.171727376804998,12
"GSM8121900_athero_human_7.txt.gz","Plate_100s_D14","symptomatic","vsmc",-0.152486446946546,12
"GSM8121900_athero_human_7.txt.gz","Plate_100s_D15","symptomatic","vsmc",-0.0911824313003105,12
"GSM8121900_athero_human_7.txt.gz","Plate_100s_D17","symptomatic","vsmc",-0.395409083678869,12
"GSM8121900_athero_human_7.txt.gz","Plate_100s_D18","symptomatic","fibroblast",-0.211640891742673,12
"GSM8121900_athero_human_7.txt.gz","Plate_100s_D20","symptomatic","vsmc",0.071633124120293,12
"GSM8121900_athero_human_7.txt.gz","Plate_100s_D21","symptomatic","vsmc",0.308979194967945,12
"GSM8121900_athero_human_7.txt.gz","Plate_100s_D22","symptomatic","vsmc",-0.278500027221065,12
"GSM8121900_athero_human_7.txt.gz","Plate_100s_D23","symptomatic","vsmc",0.258102341204651,12
"GSM8121900_athero_human_7.txt.gz","Plate_100s_D24","symptomatic","unassigned",0.257184528410614,12
"GSM8121900_athero_human_7.txt.gz","Plate_100s_E01","symptomatic","vsmc",-0.0941037539295094,12
"GSM8121900_athero_human_7.txt.gz","Plate_100s_E02","symptomatic","fibroblast",-0.20840781754304,12
"GSM8121900_athero_human_7.txt.gz","Plate_100s_E03","symptomatic","vsmc",-0.416797280590778,12
"GSM8121900_athero_human_7.txt.gz","Plate_100s_E04","symptomatic","fibroblast",0.480381171544095,12
"GSM8121900_athero_human_7.txt.gz","Plate_100s_E05","symptomatic","vsmc",-0.353472947906811,12
"GSM8121900_athero_human_7.txt.gz","Plate_100s_E06","symptomatic","unassigned",-0.256127094179109,12
"GSM8121900_athero_human_7.txt.gz","Plate_100s_E07","symptomatic","fibroblast",0.0569986052012648,12
"GSM8121900_athero_human_7.txt.gz","Plate_100s_E09","symptomatic","vsmc",0.202734526751449,12
"GSM8121900_athero_human_7.txt.gz","Plate_100s_E10","symptomatic","fibroblast",-0.158370685259249,12
"GSM8121900_athero_human_7.txt.gz","Plate_100s_E11","symptomatic","fibroblast",0.200528548007925,12
"GSM8121900_athero_human_7.txt.gz","Plate_100s_E12","symptomatic","fibroblast",1.19432128976429,12
"GSM8121900_athero_human_7.txt.gz","Plate_100s_E13","symptomatic","fibroblast",0.400290137301246,12
"GSM8121900_athero_human_7.txt.gz","Plate_100s_E14","symptomatic","unassigned",-0.0615828215923784,12
"GSM8121900_athero_human_7.txt.gz","Plate_100s_E15","symptomatic","fibroblast",0.250601419409342,12
"GSM8121900_athero_human_7.txt.gz","Plate_100s_E16","symptomatic","vsmc",-0.205860968060889,12
"GSM8121900_athero_human_7.txt.gz","Plate_100s_E17","symptomatic","fibroblast",0.00858266327304218,12
"GSM8121900_athero_human_7.txt.gz","Plate_100s_E18","symptomatic","vsmc",-0.425697503983506,12
"GSM8121900_athero_human_7.txt.gz","Plate_100s_E19","symptomatic","endothelial",0.180201140883853,12
"GSM8121900_athero_human_7.txt.gz","Plate_100s_E20","symptomatic","fibroblast",-0.12649086878319,12
"GSM8121900_athero_human_7.txt.gz","Plate_100s_E22","symptomatic","vsmc",-0.194092334293655,12
"GSM8121900_athero_human_7.txt.gz","Plate_100s_E23","symptomatic","vsmc",-0.360929051358633,12
"GSM8121900_athero_human_7.txt.gz","Plate_100s_E24","symptomatic","fibroblast",0.294578507032155,12
"GSM8121900_athero_human_7.txt.gz","Plate_100s_F02","symptomatic","vsmc",0.531192216421639,12
"GSM8121900_athero_human_7.txt.gz","Plate_100s_F03","symptomatic","vsmc",-0.0654948575960493,12
"GSM8121900_athero_human_7.txt.gz","Plate_100s_F04","symptomatic","fibroblast",0.0492590749332593,12
"GSM8121900_athero_human_7.txt.gz","Plate_100s_F06","symptomatic","fibroblast",0.033460322489285,12
"GSM8121900_athero_human_7.txt.gz","Plate_100s_F07","symptomatic","vsmc",0.781886559251225,12
"GSM8121900_athero_human_7.txt.gz","Plate_100s_F08","symptomatic","fibroblast",-0.0921386464531824,12
"GSM8121900_athero_human_7.txt.gz","Plate_100s_F09","symptomatic","fibroblast",0.0268259167020424,12
"GSM8121900_athero_human_7.txt.gz","Plate_100s_F10","symptomatic","fibroblast",-0.0751237277288513,12
"GSM8121900_athero_human_7.txt.gz","Plate_100s_F11","symptomatic","fibroblast",-0.14959669490697,12
"GSM8121900_athero_human_7.txt.gz","Plate_100s_F12","symptomatic","fibroblast",0.0147536341678198,12
"GSM8121900_athero_human_7.txt.gz","Plate_100s_F13","symptomatic","unassigned",0.603517745161965,12
"GSM8121900_athero_human_7.txt.gz","Plate_100s_F14","symptomatic","vsmc",-0.191640905783107,12
"GSM8121900_athero_human_7.txt.gz","Plate_100s_F15","symptomatic","vsmc",-0.189440905740702,12
"GSM8121900_athero_human_7.txt.gz","Plate_100s_F16","symptomatic","unassigned",-0.0780178618216008,12
"GSM8121900_athero_human_7.txt.gz","Plate_100s_F17","symptomatic","unassigned",-0.301620169324976,12
"GSM8121900_athero_human_7.txt.gz","Plate_100s_F18","symptomatic","vsmc",-0.277222855385853,12
"GSM8121900_athero_human_7.txt.gz","Plate_100s_F19","symptomatic","fibroblast",0.300436430542986,12
"GSM8121900_athero_human_7.txt.gz","Plate_100s_F20","symptomatic","vsmc",-0.184623907428797,12
"GSM8121900_athero_human_7.txt.gz","Plate_100s_F21","symptomatic","fibroblast",0.349040261049363,12
"GSM8121900_athero_human_7.txt.gz","Plate_100s_F22","symptomatic","fibroblast",-0.134888239953071,12
"GSM8121900_athero_human_7.txt.gz","Plate_100s_F23","symptomatic","fibroblast",0.0339212509633292,12
"GSM8121900_athero_human_7.txt.gz","Plate_100s_F24","symptomatic","fibroblast",-0.274701130837512,12
"GSM8121900_athero_human_7.txt.gz","Plate_100s_G01","symptomatic","unassigned",-0.127263130256644,12
"GSM8121900_athero_human_7.txt.gz","Plate_100s_G02","symptomatic","vsmc",-0.310509594647641,12
"GSM8121900_athero_human_7.txt.gz","Plate_100s_G03","symptomatic","fibroblast",0.0819458482922776,12
"GSM8121900_athero_human_7.txt.gz","Plate_100s_G04","symptomatic","fibroblast",0.157854267254705,12
"GSM8121900_athero_human_7.txt.gz","Plate_100s_G05","symptomatic","vsmc",-0.155679426880535,12
"GSM8121900_athero_human_7.txt.gz","Plate_100s_G06","symptomatic","fibroblast",0.106172562323914,12
"GSM8121900_athero_human_7.txt.gz","Plate_100s_G07","symptomatic","fibroblast",-0.312709337304699,12
"GSM8121900_athero_human_7.txt.gz","Plate_100s_G08","symptomatic","fibroblast",0.108621541953088,12
"GSM8121900_athero_human_7.txt.gz","Plate_100s_G09","symptomatic","fibroblast",-0.41232561033789,12
"GSM8121900_athero_human_7.txt.gz","Plate_100s_G10","symptomatic","vsmc",-0.259011949526978,12
"GSM8121900_athero_human_7.txt.gz","Plate_100s_G11","symptomatic","fibroblast",0.664774144685771,12
"GSM8121900_athero_human_7.txt.gz","Plate_100s_G12","symptomatic","vsmc",-0.475482854723147,12
"GSM8121900_athero_human_7.txt.gz","Plate_100s_G13","symptomatic","vsmc",-0.260474889898626,12
"GSM8121900_athero_human_7.txt.gz","Plate_100s_G14","symptomatic","fibroblast",-0.171676987673615,12
"GSM8121900_athero_human_7.txt.gz","Plate_100s_G16","symptomatic","vsmc",-0.171772665621899,12
"GSM8121900_athero_human_7.txt.gz","Plate_100s_G18","symptomatic","unassigned",0.475375970463035,12
"GSM8121900_athero_human_7.txt.gz","Plate_100s_G19","symptomatic","vsmc",-0.275184683551146,12
"GSM8121900_athero_human_7.txt.gz","Plate_100s_G21","symptomatic","vsmc",-0.172655706112067,12
"GSM8121900_athero_human_7.txt.gz","Plate_100s_G22","symptomatic","t_nk",-0.0944246588906172,12
"GSM8121900_athero_human_7.txt.gz","Plate_100s_G23","symptomatic","fibroblast",0.0919838382835965,12
"GSM8121900_athero_human_7.txt.gz","Plate_100s_H01","symptomatic","fibroblast",-0.00231047189495139,12
"GSM8121900_athero_human_7.txt.gz","Plate_100s_H02","symptomatic","vsmc",0.130895788211336,12
"GSM8121900_athero_human_7.txt.gz","Plate_100s_H03","symptomatic","fibroblast",-0.126059263531995,12
"GSM8121900_athero_human_7.txt.gz","Plate_100s_H05","symptomatic","vsmc",0.582533348028244,12
"GSM8121900_athero_human_7.txt.gz","Plate_100s_H06","symptomatic","fibroblast",-0.187047515155516,12
"GSM8121900_athero_human_7.txt.gz","Plate_100s_H07","symptomatic","vsmc",0.065160883601672,12
"GSM8121900_athero_human_7.txt.gz","Plate_100s_H08","symptomatic","vsmc",-0.321956251579382,12
"GSM8121900_athero_human_7.txt.gz","Plate_100s_H09","symptomatic","vsmc",0.218228140594339,12
"GSM8121900_athero_human_7.txt.gz","Plate_100s_H10","symptomatic","fibroblast",0.419532864420117,12
"GSM8121900_athero_human_7.txt.gz","Plate_100s_H11","symptomatic","fibroblast",0.453193198402469,12
"GSM8121900_athero_human_7.txt.gz","Plate_100s_H12","symptomatic","vsmc",-0.19106847526597,12
"GSM8121900_athero_human_7.txt.gz","Plate_100s_H13","symptomatic","vsmc",0.0140150355591587,12
"GSM8121900_athero_human_7.txt.gz","Plate_100s_H15","symptomatic","fibroblast",-0.0638657386949463,12
"GSM8121900_athero_human_7.txt.gz","Plate_100s_H16","symptomatic","vsmc",0.140812460020197,12
"GSM8121900_athero_human_7.txt.gz","Plate_100s_H17","symptomatic","unassigned",-0.0578133710295805,12
"GSM8121900_athero_human_7.txt.gz","Plate_100s_H18","symptomatic","fibroblast",-0.0498840577875968,12
"GSM8121900_athero_human_7.txt.gz","Plate_100s_H19","symptomatic","fibroblast",-0.0379906840378628,12
"GSM8121900_athero_human_7.txt.gz","Plate_100s_H20","symptomatic","vsmc",0.10552784817284,12
"GSM8121900_athero_human_7.txt.gz","Plate_100s_H21","symptomatic","vsmc",0.231802051721885,12
"GSM8121900_athero_human_7.txt.gz","Plate_100s_H22","symptomatic","fibroblast",-0.176890390124931,12
"GSM8121900_athero_human_7.txt.gz","Plate_100s_H23","symptomatic","fibroblast",-0.181187612891334,12
"GSM8121900_athero_human_7.txt.gz","Plate_100s_H24","symptomatic","vsmc",-0.364835055492446,12
"GSM8121900_athero_human_7.txt.gz","Plate_100s_I01","symptomatic","fibroblast",-0.0612645323629086,12
"GSM8121900_athero_human_7.txt.gz","Plate_100s_I02","symptomatic","fibroblast",0.125298389816113,12
"GSM8121900_athero_human_7.txt.gz","Plate_100s_I04","symptomatic","vsmc",0.25611609690186,12
"GSM8121900_athero_human_7.txt.gz","Plate_100s_I05","symptomatic","fibroblast",-0.10994624662588,12
"GSM8121900_athero_human_7.txt.gz","Plate_100s_I06","symptomatic","fibroblast",0.0653272760854986,12
"GSM8121900_athero_human_7.txt.gz","Plate_100s_I07","symptomatic","vsmc",0.226713481759733,12
"GSM8121900_athero_human_7.txt.gz","Plate_100s_I09","symptomatic","fibroblast",1.2945540938983,12
"GSM8121900_athero_human_7.txt.gz","Plate_100s_I10","symptomatic","fibroblast",-0.107814725194429,12
"GSM8121900_athero_human_7.txt.gz","Plate_100s_I11","symptomatic","vsmc",0.609048107143676,12
"GSM8121900_athero_human_7.txt.gz","Plate_100s_I12","symptomatic","fibroblast",-0.137720560747202,12
"GSM8121900_athero_human_7.txt.gz","Plate_100s_I13","symptomatic","fibroblast",-0.111704661012787,12
"GSM8121900_athero_human_7.txt.gz","Plate_100s_I14","symptomatic","unassigned",0.152289628722184,12
"GSM8121900_athero_human_7.txt.gz","Plate_100s_I15","symptomatic","fibroblast",0.0562255418587838,12
"GSM8121900_athero_human_7.txt.gz","Plate_100s_I16","symptomatic","fibroblast",-0.160793091028535,12
"GSM8121900_athero_human_7.txt.gz","Plate_100s_I17","symptomatic","fibroblast",-0.15444927915525,12
"GSM8121900_athero_human_7.txt.gz","Plate_100s_I18","symptomatic","unassigned",-0.337731937211183,12
"GSM8121900_athero_human_7.txt.gz","Plate_100s_I19","symptomatic","fibroblast",-0.11993033173436,12
"GSM8121900_athero_human_7.txt.gz","Plate_100s_I21","symptomatic","vsmc",-0.0737672076337576,12
"GSM8121900_athero_human_7.txt.gz","Plate_100s_I22","symptomatic","fibroblast",0.167027782983764,12
"GSM8121900_athero_human_7.txt.gz","Plate_100s_I23","symptomatic","fibroblast",0.388192112194763,12
"GSM8121900_athero_human_7.txt.gz","Plate_100s_I24","symptomatic","vsmc",-0.194554233357126,12
"GSM8121900_athero_human_7.txt.gz","Plate_100s_J01","symptomatic","vsmc",0.00627362772100204,12
"GSM8121900_athero_human_7.txt.gz","Plate_100s_J02","symptomatic","unassigned",-0.288870714672373,12
"GSM8121900_athero_human_7.txt.gz","Plate_100s_J03","symptomatic","fibroblast",0.345349478021711,12
"GSM8121900_athero_human_7.txt.gz","Plate_100s_J04","symptomatic","fibroblast",0.446957254963288,12
"GSM8121900_athero_human_7.txt.gz","Plate_100s_J05","symptomatic","unassigned",0.066867176175618,12
"GSM8121900_athero_human_7.txt.gz","Plate_100s_J06","symptomatic","fibroblast",0.121861840620033,12
"GSM8121900_athero_human_7.txt.gz","Plate_100s_J07","symptomatic","vsmc",-0.0246679227941974,12
"GSM8121900_athero_human_7.txt.gz","Plate_100s_J08","symptomatic","vsmc",-0.474189309170923,12
"GSM8121900_athero_human_7.txt.gz","Plate_100s_J10","symptomatic","fibroblast",-0.152805328114554,12
"GSM8121900_athero_human_7.txt.gz","Plate_100s_J11","symptomatic","fibroblast",-0.276960243711185,12
"GSM8121900_athero_human_7.txt.gz","Plate_100s_J12","symptomatic","fibroblast",0.125151856723146,12
"GSM8121900_athero_human_7.txt.gz","Plate_100s_J13","symptomatic","fibroblast",0.798414999047155,12
"GSM8121900_athero_human_7.txt.gz","Plate_100s_J14","symptomatic","fibroblast",-0.384944662507044,12
"GSM8121900_athero_human_7.txt.gz","Plate_100s_J15","symptomatic","unassigned",0.22198713132211,12
"GSM8121900_athero_human_7.txt.gz","Plate_100s_J16","symptomatic","endothelial",0.044846950413629,12
"GSM8121900_athero_human_7.txt.gz","Plate_100s_J17","symptomatic","fibroblast",-0.152209557868955,12
"GSM8121900_athero_human_7.txt.gz","Plate_100s_J20","symptomatic","fibroblast",0.0577355106120388,12
"GSM8121900_athero_human_7.txt.gz","Plate_100s_J22","symptomatic","vsmc",-0.390574219244317,12
"GSM8121900_athero_human_7.txt.gz","Plate_100s_J23","symptomatic","vsmc",0.368595704598363,12
"GSM8121900_athero_human_7.txt.gz","Plate_100s_J24","symptomatic","vsmc",-0.298287621084033,12
"GSM8121900_athero_human_7.txt.gz","Plate_100s_K01","symptomatic","vsmc",-0.472260206877109,12
"GSM8121900_athero_human_7.txt.gz","Plate_100s_K02","symptomatic","fibroblast",0.175366202251548,12
"GSM8121900_athero_human_7.txt.gz","Plate_100s_K04","symptomatic","unassigned",0.133609766628242,12
"GSM8121900_athero_human_7.txt.gz","Plate_100s_K05","symptomatic","fibroblast",-0.28284688559858,12
"GSM8121900_athero_human_7.txt.gz","Plate_100s_K06","symptomatic","vsmc",-0.253413700215045,12
"GSM8121900_athero_human_7.txt.gz","Plate_100s_K07","symptomatic","fibroblast",0.844850672007235,12
"GSM8121900_athero_human_7.txt.gz","Plate_100s_K08","symptomatic","vsmc",-0.133200301292611,12
"GSM8121900_athero_human_7.txt.gz","Plate_100s_K09","symptomatic","fibroblast",-0.117877289421565,12
"GSM8121900_athero_human_7.txt.gz","Plate_100s_K10","symptomatic","vsmc",-0.399308085931757,12
"GSM8121900_athero_human_7.txt.gz","Plate_100s_K11","symptomatic","unassigned",-0.209718982533551,12
"GSM8121900_athero_human_7.txt.gz","Plate_100s_K12","symptomatic","fibroblast",0.0900661675400479,12
"GSM8121900_athero_human_7.txt.gz","Plate_100s_K13","symptomatic","fibroblast",0.17005675520973,12
"GSM8121900_athero_human_7.txt.gz","Plate_100s_K14","symptomatic","fibroblast",0.048518293287408,12
"GSM8121900_athero_human_7.txt.gz","Plate_100s_K15","symptomatic","fibroblast",0.51753171103374,12
"GSM8121900_athero_human_7.txt.gz","Plate_100s_K16","symptomatic","unassigned",-0.229122843985158,12
"GSM8121900_athero_human_7.txt.gz","Plate_100s_K17","symptomatic","vsmc",-0.246853735217501,12
"GSM8121900_athero_human_7.txt.gz","Plate_100s_K18","symptomatic","fibroblast",0.104247221459731,12
"GSM8121900_athero_human_7.txt.gz","Plate_100s_K19","symptomatic","unassigned",-0.134726908949353,12
"GSM8121900_athero_human_7.txt.gz","Plate_100s_K21","symptomatic","unassigned",0.394119110778122,12
"GSM8121900_athero_human_7.txt.gz","Plate_100s_K22","symptomatic","vsmc",-0.0815122143662031,12
"GSM8121900_athero_human_7.txt.gz","Plate_100s_K23","symptomatic","fibroblast",-0.0110960062826492,12
"GSM8121900_athero_human_7.txt.gz","Plate_100s_K24","symptomatic","vsmc",-0.145144260373609,12
"GSM8121900_athero_human_7.txt.gz","Plate_100s_L01","symptomatic","fibroblast",-0.317187311055968,12
"GSM8121900_athero_human_7.txt.gz","Plate_100s_L03","symptomatic","fibroblast",0.0441073057930675,12
"GSM8121900_athero_human_7.txt.gz","Plate_100s_L05","symptomatic","vsmc",0.0131403366516945,12
"GSM8121900_athero_human_7.txt.gz","Plate_100s_L06","symptomatic","unassigned",-0.189326741976338,12
"GSM8121900_athero_human_7.txt.gz","Plate_100s_L07","symptomatic","fibroblast",0.17952589302112,12
"GSM8121900_athero_human_7.txt.gz","Plate_100s_L09","symptomatic","fibroblast",0.413536362663704,12
"GSM8121900_athero_human_7.txt.gz","Plate_100s_L11","symptomatic","fibroblast",-0.133716061060529,12
"GSM8121900_athero_human_7.txt.gz","Plate_100s_L13","symptomatic","unassigned",0.403614632076506,12
"GSM8121900_athero_human_7.txt.gz","Plate_100s_L14","symptomatic","fibroblast",0.604230997893344,12
"GSM8121900_athero_human_7.txt.gz","Plate_100s_L15","symptomatic","fibroblast",0.0823503426981606,12
"GSM8121900_athero_human_7.txt.gz","Plate_100s_L16","symptomatic","vsmc",-0.20945921955857,12
"GSM8121900_athero_human_7.txt.gz","Plate_100s_L17","symptomatic","vsmc",-0.0563711101719163,12
"GSM8121900_athero_human_7.txt.gz","Plate_100s_L18","symptomatic","fibroblast",0.0253551246282106,12
"GSM8121900_athero_human_7.txt.gz","Plate_100s_L19","symptomatic","fibroblast",0.0835086395629322,12
"GSM8121900_athero_human_7.txt.gz","Plate_100s_L20","symptomatic","unassigned",0.194816722382691,12
"GSM8121900_athero_human_7.txt.gz","Plate_100s_L21","symptomatic","vsmc",-0.274510472177431,12
"GSM8121900_athero_human_7.txt.gz","Plate_100s_L22","symptomatic","vsmc",-0.505221732765027,12
"GSM8121900_athero_human_7.txt.gz","Plate_100s_L23","symptomatic","vsmc",0.0576219011341432,12
"GSM8121900_athero_human_7.txt.gz","Plate_100s_L24","symptomatic","vsmc",-0.205694283103979,12
"GSM8121900_athero_human_7.txt.gz","Plate_100s_M01","symptomatic","fibroblast",0.0866342495320334,12
"GSM8121900_athero_human_7.txt.gz","Plate_100s_M02","symptomatic","fibroblast",-0.164003201655934,12
"GSM8121900_athero_human_7.txt.gz","Plate_100s_M04","symptomatic","vsmc",-0.0842499902834597,12
"GSM8121900_athero_human_7.txt.gz","Plate_100s_M05","symptomatic","vsmc",0.131764462331705,12
"GSM8121900_athero_human_7.txt.gz","Plate_100s_M06","symptomatic","unassigned",-0.228083169238194,12
"GSM8121900_athero_human_7.txt.gz","Plate_100s_M09","symptomatic","vsmc",-0.184577810034062,12
"GSM8121900_athero_human_7.txt.gz","Plate_100s_M10","symptomatic","fibroblast",0.362882851302568,12
"GSM8121900_athero_human_7.txt.gz","Plate_100s_M11","symptomatic","fibroblast",-0.0402357023200875,12
"GSM8121900_athero_human_7.txt.gz","Plate_100s_M12","symptomatic","fibroblast",0.10810708844927,12
"GSM8121900_athero_human_7.txt.gz","Plate_100s_M14","symptomatic","fibroblast",0.0310979425585979,12
"GSM8121900_athero_human_7.txt.gz","Plate_100s_M15","symptomatic","vsmc",0.167911312292017,12
"GSM8121900_athero_human_7.txt.gz","Plate_100s_M16","symptomatic","vsmc",-0.459993433137066,12
"GSM8121900_athero_human_7.txt.gz","Plate_100s_M17","symptomatic","fibroblast",0.3092262529757,12
"GSM8121900_athero_human_7.txt.gz","Plate_100s_M18","symptomatic","vsmc",0.0460043426971492,12
"GSM8121900_athero_human_7.txt.gz","Plate_100s_M19","symptomatic","vsmc",0.564899072909184,12
"GSM8121900_athero_human_7.txt.gz","Plate_100s_M20","symptomatic","vsmc",0.0167879735579874,12
"GSM8121900_athero_human_7.txt.gz","Plate_100s_M21","symptomatic","fibroblast",0.436079394693254,12
"GSM8121900_athero_human_7.txt.gz","Plate_100s_M22","symptomatic","fibroblast",0.357840628780868,12
"GSM8121900_athero_human_7.txt.gz","Plate_100s_M23","symptomatic","fibroblast",0.418220432282582,12
"GSM8121900_athero_human_7.txt.gz","Plate_100s_M24","symptomatic","vsmc",-0.376042647327673,12
"GSM8121900_athero_human_7.txt.gz","Plate_100s_N01","symptomatic","vsmc",-0.166631324994953,12
"GSM8121900_athero_human_7.txt.gz","Plate_100s_N02","symptomatic","fibroblast",0.459558237432189,12
"GSM8121900_athero_human_7.txt.gz","Plate_100s_N03","symptomatic","vsmc",-0.112749216240569,12
"GSM8121900_athero_human_7.txt.gz","Plate_100s_N04","symptomatic","vsmc",-0.0554604310704253,12
"GSM8121900_athero_human_7.txt.gz","Plate_100s_N05","symptomatic","unassigned",-0.126602753381989,12
"GSM8121900_athero_human_7.txt.gz","Plate_100s_N06","symptomatic","fibroblast",0.294312109107105,12
"GSM8121900_athero_human_7.txt.gz","Plate_100s_N07","symptomatic","fibroblast",0.505180417061227,12
"GSM8121900_athero_human_7.txt.gz","Plate_100s_N08","symptomatic","unassigned",-0.329449837869443,12
"GSM8121900_athero_human_7.txt.gz","Plate_100s_N09","symptomatic","fibroblast",-0.0457456618966334,12
"GSM8121900_athero_human_7.txt.gz","Plate_100s_N10","symptomatic","unassigned",0.16349840193226,12
"GSM8121900_athero_human_7.txt.gz","Plate_100s_N11","symptomatic","fibroblast",-0.422608370636215,12
"GSM8121900_athero_human_7.txt.gz","Plate_100s_N12","symptomatic","vsmc",0.0302005485575758,12
"GSM8121900_athero_human_7.txt.gz","Plate_100s_N14","symptomatic","fibroblast",0.0688385269281208,12
"GSM8121900_athero_human_7.txt.gz","Plate_100s_N15","symptomatic","fibroblast",0.00154727502296861,12
"GSM8121900_athero_human_7.txt.gz","Plate_100s_N16","symptomatic","vsmc",-0.0916859449491877,12
"GSM8121900_athero_human_7.txt.gz","Plate_100s_N17","symptomatic","vsmc",-0.269518290625751,12
"GSM8121900_athero_human_7.txt.gz","Plate_100s_N18","symptomatic","vsmc",-0.273671066862744,12
"GSM8121900_athero_human_7.txt.gz","Plate_100s_N19","symptomatic","vsmc",-0.195826739786886,12
"GSM8121900_athero_human_7.txt.gz","Plate_100s_N21","symptomatic","fibroblast",0.997847175228574,12
"GSM8121900_athero_human_7.txt.gz","Plate_100s_N22","symptomatic","fibroblast",0.141279982281706,12
"GSM8121900_athero_human_7.txt.gz","Plate_100s_N23","symptomatic","fibroblast",-0.349160357065854,12
"GSM8121900_athero_human_7.txt.gz","Plate_100s_N24","symptomatic","vsmc",-0.52044854347933,12
"GSM8121900_athero_human_7.txt.gz","Plate_100s_O02","symptomatic","unassigned",-0.137241251646915,12
"GSM8121900_athero_human_7.txt.gz","Plate_100s_O03","symptomatic","vsmc",-0.0757827887674528,12
"GSM8121900_athero_human_7.txt.gz","Plate_100s_O04","symptomatic","vsmc",-0.0429054529103612,12
"GSM8121900_athero_human_7.txt.gz","Plate_100s_O05","symptomatic","fibroblast",-0.0304774489558531,12
"GSM8121900_athero_human_7.txt.gz","Plate_100s_O07","symptomatic","unassigned",-0.418881321049953,12
"GSM8121900_athero_human_7.txt.gz","Plate_100s_O09","symptomatic","endothelial",-0.00663310798242641,12
"GSM8121900_athero_human_7.txt.gz","Plate_100s_O10","symptomatic","b_cell",-0.305666869803058,12
"GSM8121900_athero_human_7.txt.gz","Plate_100s_O11","symptomatic","vsmc",-0.200580297305054,12
"GSM8121900_athero_human_7.txt.gz","Plate_100s_O12","symptomatic","fibroblast",0.154224249493872,12
"GSM8121900_athero_human_7.txt.gz","Plate_100s_O13","symptomatic","fibroblast",-0.0904137337807791,12
"GSM8121900_athero_human_7.txt.gz","Plate_100s_O15","symptomatic","vsmc",-0.211470230047285,12
"GSM8121900_athero_human_7.txt.gz","Plate_100s_O16","symptomatic","fibroblast",-0.505348940635928,12
"GSM8121900_athero_human_7.txt.gz","Plate_100s_O17","symptomatic","vsmc",0.1078305895551,12
"GSM8121900_athero_human_7.txt.gz","Plate_100s_O18","symptomatic","fibroblast",-0.281866831251764,12
"GSM8121900_athero_human_7.txt.gz","Plate_100s_O19","symptomatic","vsmc",-0.31320204814395,12
"GSM8121900_athero_human_7.txt.gz","Plate_100s_O20","symptomatic","fibroblast",-0.277788322197729,12
"GSM8121900_athero_human_7.txt.gz","Plate_100s_O21","symptomatic","vsmc",-0.1131150070119,12
"GSM8121900_athero_human_7.txt.gz","Plate_100s_O22","symptomatic","vsmc",-0.407196857918725,12
"GSM8121900_athero_human_7.txt.gz","Plate_100s_O23","symptomatic","fibroblast",-0.351735001076564,12
"GSM8121900_athero_human_7.txt.gz","Plate_100s_O24","symptomatic","unassigned",-0.353894153418283,12
"GSM8121900_athero_human_7.txt.gz","Plate_100s_P02","symptomatic","unassigned",0.34945528122354,12
"GSM8121900_athero_human_7.txt.gz","Plate_100s_P03","symptomatic","vsmc",0.163894224969493,12
"GSM8121900_athero_human_7.txt.gz","Plate_100s_P04","symptomatic","vsmc",-0.261247676043906,12
"GSM8121900_athero_human_7.txt.gz","Plate_100s_P05","symptomatic","vsmc",-0.390539176967959,12
"GSM8121900_athero_human_7.txt.gz","Plate_100s_P06","symptomatic","fibroblast",0.12454068564088,12
"GSM8121900_athero_human_7.txt.gz","Plate_100s_P07","symptomatic","vsmc",-0.16283870487521,12
"GSM8121900_athero_human_7.txt.gz","Plate_100s_P08","symptomatic","vsmc",-0.356362096601135,12
"GSM8121900_athero_human_7.txt.gz","Plate_100s_P09","symptomatic","fibroblast",0.0886929373340999,12
"GSM8121900_athero_human_7.txt.gz","Plate_100s_P11","symptomatic","fibroblast",0.138235782946776,12
"GSM8121900_athero_human_7.txt.gz","Plate_100s_P12","symptomatic","unassigned",0.0388851243146907,12
"GSM8121900_athero_human_7.txt.gz","Plate_100s_P13","symptomatic","vsmc",-0.104919373898322,12
"GSM8121900_athero_human_7.txt.gz","Plate_100s_P14","symptomatic","fibroblast",0.239749322699129,12
"GSM8121900_athero_human_7.txt.gz","Plate_100s_P15","symptomatic","endothelial",0.0977470598131153,12
"GSM8121900_athero_human_7.txt.gz","Plate_100s_P16","symptomatic","vsmc",-0.107670746359626,12
"GSM8121900_athero_human_7.txt.gz","Plate_100s_P17","symptomatic","fibroblast",0.172365542876978,12
"GSM8121900_athero_human_7.txt.gz","Plate_100s_P18","symptomatic","vsmc",-0.33456660026034,12
"GSM8121900_athero_human_7.txt.gz","Plate_100s_P19","symptomatic","vsmc",-0.276976047708448,12
"GSM8121900_athero_human_7.txt.gz","Plate_100s_P20","symptomatic","fibroblast",0.631238261847282,12
"GSM8121900_athero_human_7.txt.gz","Plate_100s_P21","symptomatic","vsmc",-0.225781451803201,12
"GSM8121900_athero_human_7.txt.gz","Plate_100s_P22","symptomatic","vsmc",-0.215831026279796,12
"GSM8121900_athero_human_7.txt.gz","Plate_100s_P24","symptomatic","endothelial",-0.286362722238753,12
"GSM8121900_athero_human_7.txt.gz","Plate_20_101s_A02Plate_20_101s_A02_accepted_hits_sorted_rm_dup","symptomatic","macrophage",-0.40390916561147,12
"GSM8121900_athero_human_7.txt.gz","Plate_20_101s_A04Plate_20_101s_A04_accepted_hits_sorted_rm_dup","symptomatic","macrophage",-0.370746394804996,12
"GSM8121900_athero_human_7.txt.gz","Plate_20_101s_A05Plate_20_101s_A05_accepted_hits_sorted_rm_dup","symptomatic","t_nk",-0.468412217600501,12
"GSM8121900_athero_human_7.txt.gz","Plate_20_101s_A06Plate_20_101s_A06_accepted_hits_sorted_rm_dup","symptomatic","macrophage",0.445768785628186,12
"GSM8121900_athero_human_7.txt.gz","Plate_20_101s_A07Plate_20_101s_A07_accepted_hits_sorted_rm_dup","symptomatic","macrophage",0.236139367534849,12
"GSM8121900_athero_human_7.txt.gz","Plate_20_101s_A08Plate_20_101s_A08_accepted_hits_sorted_rm_dup","symptomatic","fibroblast",-0.25737585696325,12
"GSM8121900_athero_human_7.txt.gz","Plate_20_101s_A09Plate_20_101s_A09_accepted_hits_sorted_rm_dup","symptomatic","t_nk",-0.226626894068404,12
"GSM8121900_athero_human_7.txt.gz","Plate_20_101s_A10Plate_20_101s_A10_accepted_hits_sorted_rm_dup","symptomatic","t_nk",0.218097013294184,12
"GSM8121900_athero_human_7.txt.gz","Plate_20_101s_A11Plate_20_101s_A11_accepted_hits_sorted_rm_dup","symptomatic","macrophage",-0.216547347681126,12
"GSM8121900_athero_human_7.txt.gz","Plate_20_101s_A12Plate_20_101s_A12_accepted_hits_sorted_rm_dup","symptomatic","unassigned",-0.275804188156182,12
"GSM8121900_athero_human_7.txt.gz","Plate_20_101s_A13Plate_20_101s_A13_accepted_hits_sorted_rm_dup","symptomatic","t_nk",-0.410157566773868,12
"GSM8121900_athero_human_7.txt.gz","Plate_20_101s_A14Plate_20_101s_A14_accepted_hits_sorted_rm_dup","symptomatic","macrophage",0.0473838451050546,12
"GSM8121900_athero_human_7.txt.gz","Plate_20_101s_A15Plate_20_101s_A15_accepted_hits_sorted_rm_dup","symptomatic","t_nk",-0.137961097790838,12
"GSM8121900_athero_human_7.txt.gz","Plate_20_101s_A16Plate_20_101s_A16_accepted_hits_sorted_rm_dup","symptomatic","t_nk",-0.167142654585319,12
"GSM8121900_athero_human_7.txt.gz","Plate_20_101s_A17Plate_20_101s_A17_accepted_hits_sorted_rm_dup","symptomatic","macrophage",-0.189813760307462,12
"GSM8121900_athero_human_7.txt.gz","Plate_20_101s_A18Plate_20_101s_A18_accepted_hits_sorted_rm_dup","symptomatic","t_nk",-0.170376605087147,12
"GSM8121900_athero_human_7.txt.gz","Plate_20_101s_A19Plate_20_101s_A19_accepted_hits_sorted_rm_dup","symptomatic","macrophage",0.1341828249242,12
"GSM8121900_athero_human_7.txt.gz","Plate_20_101s_A20Plate_20_101s_A20_accepted_hits_sorted_rm_dup","symptomatic","t_nk",-0.22409717624226,12
"GSM8121900_athero_human_7.txt.gz","Plate_20_101s_A21Plate_20_101s_A21_accepted_hits_sorted_rm_dup","symptomatic","t_nk",0.0530837413718163,12
"GSM8121900_athero_human_7.txt.gz","Plate_20_101s_A22Plate_20_101s_A22_accepted_hits_sorted_rm_dup","symptomatic","t_nk",0.456326587393676,12
"GSM8121900_athero_human_7.txt.gz","Plate_20_101s_A23Plate_20_101s_A23_accepted_hits_sorted_rm_dup","symptomatic","t_nk",0.142992751543348,12
"GSM8121900_athero_human_7.txt.gz","Plate_20_101s_A24Plate_20_101s_A24_accepted_hits_sorted_rm_dup","symptomatic","t_nk",0.0164117220330742,12
"GSM8121900_athero_human_7.txt.gz","Plate_20_101s_B02Plate_20_101s_B02_accepted_hits_sorted_rm_dup","symptomatic","macrophage",0.611300110727838,12
"GSM8121900_athero_human_7.txt.gz","Plate_20_101s_B03Plate_20_101s_B03_accepted_hits_sorted_rm_dup","symptomatic","t_nk",0.142153522390431,12
"GSM8121900_athero_human_7.txt.gz","Plate_20_101s_B04Plate_20_101s_B04_accepted_hits_sorted_rm_dup","symptomatic","t_nk",-0.207802661443836,12
"GSM8121900_athero_human_7.txt.gz","Plate_20_101s_B05Plate_20_101s_B05_accepted_hits_sorted_rm_dup","symptomatic","vsmc",-0.0855619581627838,12
"GSM8121900_athero_human_7.txt.gz","Plate_20_101s_B06Plate_20_101s_B06_accepted_hits_sorted_rm_dup","symptomatic","t_nk",0.113687527282606,12
"GSM8121900_athero_human_7.txt.gz","Plate_20_101s_B07Plate_20_101s_B07_accepted_hits_sorted_rm_dup","symptomatic","vsmc",0.0090183522506928,12
"GSM8121900_athero_human_7.txt.gz","Plate_20_101s_B08Plate_20_101s_B08_accepted_hits_sorted_rm_dup","symptomatic","t_nk",-0.401327862350566,12
"GSM8121900_athero_human_7.txt.gz","Plate_20_101s_B10Plate_20_101s_B10_accepted_hits_sorted_rm_dup","symptomatic","macrophage",-0.391353000943131,12
"GSM8121900_athero_human_7.txt.gz","Plate_20_101s_B11Plate_20_101s_B11_accepted_hits_sorted_rm_dup","symptomatic","t_nk",-0.304654781793237,12
"GSM8121900_athero_human_7.txt.gz","Plate_20_101s_B12Plate_20_101s_B12_accepted_hits_sorted_rm_dup","symptomatic","macrophage",-0.279738600753828,12
"GSM8121900_athero_human_7.txt.gz","Plate_20_101s_B13Plate_20_101s_B13_accepted_hits_sorted_rm_dup","symptomatic","b_cell",-0.47029005453383,12
"GSM8121900_athero_human_7.txt.gz","Plate_20_101s_B14Plate_20_101s_B14_accepted_hits_sorted_rm_dup","symptomatic","t_nk",0.222579316405511,12
"GSM8121900_athero_human_7.txt.gz","Plate_20_101s_B15Plate_20_101s_B15_accepted_hits_sorted_rm_dup","symptomatic","b_cell",-0.168514797267991,12
"GSM8121900_athero_human_7.txt.gz","Plate_20_101s_B16Plate_20_101s_B16_accepted_hits_sorted_rm_dup","symptomatic","t_nk",0.232453949412559,12
"GSM8121900_athero_human_7.txt.gz","Plate_20_101s_B17Plate_20_101s_B17_accepted_hits_sorted_rm_dup","symptomatic","macrophage",-0.0499828319298018,12
"GSM8121900_athero_human_7.txt.gz","Plate_20_101s_B18Plate_20_101s_B18_accepted_hits_sorted_rm_dup","symptomatic","macrophage",0.984883418594023,12
"GSM8121900_athero_human_7.txt.gz","Plate_20_101s_B19Plate_20_101s_B19_accepted_hits_sorted_rm_dup","symptomatic","b_cell",-0.203147853470819,12
"GSM8121900_athero_human_7.txt.gz","Plate_20_101s_B21Plate_20_101s_B21_accepted_hits_sorted_rm_dup","symptomatic","macrophage",-0.387425987769574,12
"GSM8121900_athero_human_7.txt.gz","Plate_20_101s_B23Plate_20_101s_B23_accepted_hits_sorted_rm_dup","symptomatic","t_nk",0.0314089795767701,12
"GSM8121900_athero_human_7.txt.gz","Plate_20_101s_B24Plate_20_101s_B24_accepted_hits_sorted_rm_dup","symptomatic","t_nk",-0.128591439845124,12
"GSM8121900_athero_human_7.txt.gz","Plate_20_101s_C01Plate_20_101s_C01_accepted_hits_sorted_rm_dup","symptomatic","macrophage",-0.317285388882122,12
"GSM8121900_athero_human_7.txt.gz","Plate_20_101s_C02Plate_20_101s_C02_accepted_hits_sorted_rm_dup","symptomatic","t_nk",0.388404614741126,12
"GSM8121900_athero_human_7.txt.gz","Plate_20_101s_C03Plate_20_101s_C03_accepted_hits_sorted_rm_dup","symptomatic","mast",-0.0124180419934163,12
"GSM8121900_athero_human_7.txt.gz","Plate_20_101s_C04Plate_20_101s_C04_accepted_hits_sorted_rm_dup","symptomatic","macrophage",-0.110766598036942,12
"GSM8121900_athero_human_7.txt.gz","Plate_20_101s_C05Plate_20_101s_C05_accepted_hits_sorted_rm_dup","symptomatic","macrophage",0.0899801522760337,12
"GSM8121900_athero_human_7.txt.gz","Plate_20_101s_C06Plate_20_101s_C06_accepted_hits_sorted_rm_dup","symptomatic","b_cell",0.492642049770002,12
"GSM8121900_athero_human_7.txt.gz","Plate_20_101s_C07Plate_20_101s_C07_accepted_hits_sorted_rm_dup","symptomatic","macrophage",-0.350132214184857,12
"GSM8121900_athero_human_7.txt.gz","Plate_20_101s_C09Plate_20_101s_C09_accepted_hits_sorted_rm_dup","symptomatic","mast",-0.196671554182509,12
"GSM8121900_athero_human_7.txt.gz","Plate_20_101s_C10Plate_20_101s_C10_accepted_hits_sorted_rm_dup","symptomatic","macrophage",0.73627656881611,12
"GSM8121900_athero_human_7.txt.gz","Plate_20_101s_C11Plate_20_101s_C11_accepted_hits_sorted_rm_dup","symptomatic","t_nk",0.0684436572649954,12
"GSM8121900_athero_human_7.txt.gz","Plate_20_101s_C12Plate_20_101s_C12_accepted_hits_sorted_rm_dup","symptomatic","b_cell",-0.162583570992761,12
"GSM8121900_athero_human_7.txt.gz","Plate_20_101s_C13Plate_20_101s_C13_accepted_hits_sorted_rm_dup","symptomatic","unassigned",-0.11768763368078,12
"GSM8121900_athero_human_7.txt.gz","Plate_20_101s_C15Plate_20_101s_C15_accepted_hits_sorted_rm_dup","symptomatic","macrophage",-0.147188967913263,12
"GSM8121900_athero_human_7.txt.gz","Plate_20_101s_C16Plate_20_101s_C16_accepted_hits_sorted_rm_dup","symptomatic","macrophage",-0.451973118880939,12
"GSM8121900_athero_human_7.txt.gz","Plate_20_101s_C17Plate_20_101s_C17_accepted_hits_sorted_rm_dup","symptomatic","macrophage",-0.352759829698921,12
"GSM8121900_athero_human_7.txt.gz","Plate_20_101s_C18Plate_20_101s_C18_accepted_hits_sorted_rm_dup","symptomatic","mast",-0.0187454518555347,12
"GSM8121900_athero_human_7.txt.gz","Plate_20_101s_C19Plate_20_101s_C19_accepted_hits_sorted_rm_dup","symptomatic","t_nk",0.421534998262104,12
"GSM8121900_athero_human_7.txt.gz","Plate_20_101s_C21Plate_20_101s_C21_accepted_hits_sorted_rm_dup","symptomatic","macrophage",-0.405521283764164,12
"GSM8121900_athero_human_7.txt.gz","Plate_20_101s_C22Plate_20_101s_C22_accepted_hits_sorted_rm_dup","symptomatic","t_nk",0.107400869428411,12
"GSM8121900_athero_human_7.txt.gz","Plate_20_101s_C23Plate_20_101s_C23_accepted_hits_sorted_rm_dup","symptomatic","mast",-0.100326747147088,12
"GSM8121900_athero_human_7.txt.gz","Plate_20_101s_C24Plate_20_101s_C24_accepted_hits_sorted_rm_dup","symptomatic","macrophage",-0.310489334788674,12
"GSM8121900_athero_human_7.txt.gz","Plate_20_101s_D01Plate_20_101s_D01_accepted_hits_sorted_rm_dup","symptomatic","macrophage",1.01565235546342,12
"GSM8121900_athero_human_7.txt.gz","Plate_20_101s_D02Plate_20_101s_D02_accepted_hits_sorted_rm_dup","symptomatic","t_nk",0.522096268142216,12
"GSM8121900_athero_human_7.txt.gz","Plate_20_101s_D04Plate_20_101s_D04_accepted_hits_sorted_rm_dup","symptomatic","macrophage",-0.35475800739066,12
"GSM8121900_athero_human_7.txt.gz","Plate_20_101s_D05Plate_20_101s_D05_accepted_hits_sorted_rm_dup","symptomatic","macrophage",0.219211592184811,12
"GSM8121900_athero_human_7.txt.gz","Plate_20_101s_D06Plate_20_101s_D06_accepted_hits_sorted_rm_dup","symptomatic","macrophage",0.814199960271733,12
"GSM8121900_athero_human_7.txt.gz","Plate_20_101s_D07Plate_20_101s_D07_accepted_hits_sorted_rm_dup","symptomatic","macrophage",0.0503165332697511,12
"GSM8121900_athero_human_7.txt.gz","Plate_20_101s_D08Plate_20_101s_D08_accepted_hits_sorted_rm_dup","symptomatic","t_nk",-0.253962658097149,12
"GSM8121900_athero_human_7.txt.gz","Plate_20_101s_D09Plate_20_101s_D09_accepted_hits_sorted_rm_dup","symptomatic","t_nk",0.419393516564138,12
"GSM8121900_athero_human_7.txt.gz","Plate_20_101s_D10Plate_20_101s_D10_accepted_hits_sorted_rm_dup","symptomatic","macrophage",0.355097057318927,12
"GSM8121900_athero_human_7.txt.gz","Plate_20_101s_D11Plate_20_101s_D11_accepted_hits_sorted_rm_dup","symptomatic","t_nk",-0.283900459307162,12
"GSM8121900_athero_human_7.txt.gz","Plate_20_101s_D12Plate_20_101s_D12_accepted_hits_sorted_rm_dup","symptomatic","vsmc",0.138326627533211,12
"GSM8121900_athero_human_7.txt.gz","Plate_20_101s_D13Plate_20_101s_D13_accepted_hits_sorted_rm_dup","symptomatic","b_cell",-0.400674910040011,12
"GSM8121900_athero_human_7.txt.gz","Plate_20_101s_D17Plate_20_101s_D17_accepted_hits_sorted_rm_dup","symptomatic","macrophage",-0.444786092484092,12
"GSM8121900_athero_human_7.txt.gz","Plate_20_101s_D19Plate_20_101s_D19_accepted_hits_sorted_rm_dup","symptomatic","t_nk",-0.176944633114935,12
"GSM8121900_athero_human_7.txt.gz","Plate_20_101s_D20Plate_20_101s_D20_accepted_hits_sorted_rm_dup","symptomatic","macrophage",0.559667987978572,12
"GSM8121900_athero_human_7.txt.gz","Plate_20_101s_D22Plate_20_101s_D22_accepted_hits_sorted_rm_dup","symptomatic","macrophage",-0.394651817321822,12
"GSM8121900_athero_human_7.txt.gz","Plate_20_101s_D23Plate_20_101s_D23_accepted_hits_sorted_rm_dup","symptomatic","macrophage",-0.259571504531579,12
"GSM8121900_athero_human_7.txt.gz","Plate_20_101s_D24Plate_20_101s_D24_accepted_hits_sorted_rm_dup","symptomatic","t_nk",-0.156599973664755,12
"GSM8121900_athero_human_7.txt.gz","Plate_20_101s_E01Plate_20_101s_E01_accepted_hits_sorted_rm_dup","symptomatic","macrophage",-0.342323946922474,12
"GSM8121900_athero_human_7.txt.gz","Plate_20_101s_E03Plate_20_101s_E03_accepted_hits_sorted_rm_dup","symptomatic","t_nk",0.412790529713793,12
"GSM8121900_athero_human_7.txt.gz","Plate_20_101s_E05Plate_20_101s_E05_accepted_hits_sorted_rm_dup","symptomatic","t_nk",0.114818477198142,12
"GSM8121900_athero_human_7.txt.gz","Plate_20_101s_E06Plate_20_101s_E06_accepted_hits_sorted_rm_dup","symptomatic","macrophage",-0.0727723329833427,12
"GSM8121900_athero_human_7.txt.gz","Plate_20_101s_E07Plate_20_101s_E07_accepted_hits_sorted_rm_dup","symptomatic","macrophage",0.306358327599245,12
"GSM8121900_athero_human_7.txt.gz","Plate_20_101s_E08Plate_20_101s_E08_accepted_hits_sorted_rm_dup","symptomatic","t_nk",-0.0806216378978096,12
"GSM8121900_athero_human_7.txt.gz","Plate_20_101s_E09Plate_20_101s_E09_accepted_hits_sorted_rm_dup","symptomatic","macrophage",1.57756265700376,12
"GSM8121900_athero_human_7.txt.gz","Plate_20_101s_E10Plate_20_101s_E10_accepted_hits_sorted_rm_dup","symptomatic","t_nk",-0.526310025724275,12
"GSM8121900_athero_human_7.txt.gz","Plate_20_101s_E11Plate_20_101s_E11_accepted_hits_sorted_rm_dup","symptomatic","unassigned",0.16701365039847,12
"GSM8121900_athero_human_7.txt.gz","Plate_20_101s_E13Plate_20_101s_E13_accepted_hits_sorted_rm_dup","symptomatic","macrophage",-0.106257375322395,12
"GSM8121900_athero_human_7.txt.gz","Plate_20_101s_E14Plate_20_101s_E14_accepted_hits_sorted_rm_dup","symptomatic","macrophage",0.282672471104056,12
"GSM8121900_athero_human_7.txt.gz","Plate_20_101s_E15Plate_20_101s_E15_accepted_hits_sorted_rm_dup","symptomatic","endothelial",-0.305949855801356,12
"GSM8121900_athero_human_7.txt.gz","Plate_20_101s_E16Plate_20_101s_E16_accepted_hits_sorted_rm_dup","symptomatic","macrophage",-0.0798383128483581,12
"GSM8121900_athero_human_7.txt.gz","Plate_20_101s_E17Plate_20_101s_E17_accepted_hits_sorted_rm_dup","symptomatic","endothelial",0.451302647249269,12
"GSM8121900_athero_human_7.txt.gz","Plate_20_101s_E18Plate_20_101s_E18_accepted_hits_sorted_rm_dup","symptomatic","b_cell",-0.244754164456656,12
"GSM8121900_athero_human_7.txt.gz","Plate_20_101s_E19Plate_20_101s_E19_accepted_hits_sorted_rm_dup","symptomatic","macrophage",0.352577045369139,12
"GSM8121900_athero_human_7.txt.gz","Plate_20_101s_E20Plate_20_101s_E20_accepted_hits_sorted_rm_dup","symptomatic","unassigned",0.246592741410824,12
"GSM8121900_athero_human_7.txt.gz","Plate_20_101s_E21Plate_20_101s_E21_accepted_hits_sorted_rm_dup","symptomatic","macrophage",-0.417169581373314,12
"GSM8121900_athero_human_7.txt.gz","Plate_20_101s_E22Plate_20_101s_E22_accepted_hits_sorted_rm_dup","symptomatic","macrophage",0.160092782569432,12
"GSM8121900_athero_human_7.txt.gz","Plate_20_101s_E23Plate_20_101s_E23_accepted_hits_sorted_rm_dup","symptomatic","macrophage",-0.149623263207658,12
"GSM8121900_athero_human_7.txt.gz","Plate_20_101s_E24Plate_20_101s_E24_accepted_hits_sorted_rm_dup","symptomatic","macrophage",0.595642196362409,12
"GSM8121900_athero_human_7.txt.gz","Plate_20_101s_F01Plate_20_101s_F01_accepted_hits_sorted_rm_dup","symptomatic","macrophage",-0.401737872811569,12
"GSM8121900_athero_human_7.txt.gz","Plate_20_101s_F02Plate_20_101s_F02_accepted_hits_sorted_rm_dup","symptomatic","fibroblast",0.0841459489717518,12
"GSM8121900_athero_human_7.txt.gz","Plate_20_101s_F03Plate_20_101s_F03_accepted_hits_sorted_rm_dup","symptomatic","macrophage",-0.283620325930987,12
"GSM8121900_athero_human_7.txt.gz","Plate_20_101s_F04Plate_20_101s_F04_accepted_hits_sorted_rm_dup","symptomatic","t_nk",-0.183732997826684,12
"GSM8121900_athero_human_7.txt.gz","Plate_20_101s_F06Plate_20_101s_F06_accepted_hits_sorted_rm_dup","symptomatic","t_nk",0.388843682363227,12
"GSM8121900_athero_human_7.txt.gz","Plate_20_101s_F07Plate_20_101s_F07_accepted_hits_sorted_rm_dup","symptomatic","macrophage",-0.00517555214288818,12
"GSM8121900_athero_human_7.txt.gz","Plate_20_101s_F08Plate_20_101s_F08_accepted_hits_sorted_rm_dup","symptomatic","macrophage",-0.259837027541046,12
"GSM8121900_athero_human_7.txt.gz","Plate_20_101s_F09Plate_20_101s_F09_accepted_hits_sorted_rm_dup","symptomatic","macrophage",-0.164978474521241,12
"GSM8121900_athero_human_7.txt.gz","Plate_20_101s_F10Plate_20_101s_F10_accepted_hits_sorted_rm_dup","symptomatic","macrophage",-0.184374204969227,12
"GSM8121900_athero_human_7.txt.gz","Plate_20_101s_F11Plate_20_101s_F11_accepted_hits_sorted_rm_dup","symptomatic","macrophage",-0.0867473772341417,12
"GSM8121900_athero_human_7.txt.gz","Plate_20_101s_F12Plate_20_101s_F12_accepted_hits_sorted_rm_dup","symptomatic","macrophage",-0.0399281870579653,12
"GSM8121900_athero_human_7.txt.gz","Plate_20_101s_F13Plate_20_101s_F13_accepted_hits_sorted_rm_dup","symptomatic","b_cell",0.180991007071961,12
"GSM8121900_athero_human_7.txt.gz","Plate_20_101s_F14Plate_20_101s_F14_accepted_hits_sorted_rm_dup","symptomatic","macrophage",-0.186711219020634,12
"GSM8121900_athero_human_7.txt.gz","Plate_20_101s_F15Plate_20_101s_F15_accepted_hits_sorted_rm_dup","symptomatic","macrophage",-0.419623696761624,12
"GSM8121900_athero_human_7.txt.gz","Plate_20_101s_F16Plate_20_101s_F16_accepted_hits_sorted_rm_dup","symptomatic","macrophage",-0.28855637331479,12
"GSM8121900_athero_human_7.txt.gz","Plate_20_101s_F18Plate_20_101s_F18_accepted_hits_sorted_rm_dup","symptomatic","t_nk",-0.0828872256890965,12
"GSM8121900_athero_human_7.txt.gz","Plate_20_101s_F19Plate_20_101s_F19_accepted_hits_sorted_rm_dup","symptomatic","macrophage",0.297914099621918,12
"GSM8121900_athero_human_7.txt.gz","Plate_20_101s_F20Plate_20_101s_F20_accepted_hits_sorted_rm_dup","symptomatic","fibroblast",-0.0400644778101649,12
"GSM8121900_athero_human_7.txt.gz","Plate_20_101s_F22Plate_20_101s_F22_accepted_hits_sorted_rm_dup","symptomatic","macrophage",0.111595806283359,12
"GSM8121900_athero_human_7.txt.gz","Plate_20_101s_F23Plate_20_101s_F23_accepted_hits_sorted_rm_dup","symptomatic","b_cell",-0.254481882076572,12
"GSM8121900_athero_human_7.txt.gz","Plate_20_101s_F24Plate_20_101s_F24_accepted_hits_sorted_rm_dup","symptomatic","macrophage",0.0191113687532875,12
"GSM8121900_athero_human_7.txt.gz","Plate_20_101s_G01Plate_20_101s_G01_accepted_hits_sorted_rm_dup","symptomatic","macrophage",-0.187099735423305,12
"GSM8121900_athero_human_7.txt.gz","Plate_20_101s_G03Plate_20_101s_G03_accepted_hits_sorted_rm_dup","symptomatic","macrophage",-0.200272762583942,12
"GSM8121900_athero_human_7.txt.gz","Plate_20_101s_G04Plate_20_101s_G04_accepted_hits_sorted_rm_dup","symptomatic","macrophage",0.0970557557030578,12
"GSM8121900_athero_human_7.txt.gz","Plate_20_101s_G05Plate_20_101s_G05_accepted_hits_sorted_rm_dup","symptomatic","macrophage",-0.342641180634801,12
"GSM8121900_athero_human_7.txt.gz","Plate_20_101s_G07Plate_20_101s_G07_accepted_hits_sorted_rm_dup","symptomatic","macrophage",-0.225208378140538,12
"GSM8121900_athero_human_7.txt.gz","Plate_20_101s_G08Plate_20_101s_G08_accepted_hits_sorted_rm_dup","symptomatic","macrophage",-0.101067213162916,12
"GSM8121900_athero_human_7.txt.gz","Plate_20_101s_G09Plate_20_101s_G09_accepted_hits_sorted_rm_dup","symptomatic","macrophage",0.651445817202702,12
"GSM8121900_athero_human_7.txt.gz","Plate_20_101s_G10Plate_20_101s_G10_accepted_hits_sorted_rm_dup","symptomatic","macrophage",-0.145707279571026,12
"GSM8121900_athero_human_7.txt.gz","Plate_20_101s_G11Plate_20_101s_G11_accepted_hits_sorted_rm_dup","symptomatic","macrophage",-0.226761462950243,12
"GSM8121900_athero_human_7.txt.gz","Plate_20_101s_G12Plate_20_101s_G12_accepted_hits_sorted_rm_dup","symptomatic","t_nk",0.341297652484549,12
"GSM8121900_athero_human_7.txt.gz","Plate_20_101s_G13Plate_20_101s_G13_accepted_hits_sorted_rm_dup","symptomatic","macrophage",-0.478780759380737,12
"GSM8121900_athero_human_7.txt.gz","Plate_20_101s_G14Plate_20_101s_G14_accepted_hits_sorted_rm_dup","symptomatic","macrophage",0.209922560133584,12
"GSM8121900_athero_human_7.txt.gz","Plate_20_101s_G17Plate_20_101s_G17_accepted_hits_sorted_rm_dup","symptomatic","macrophage",-0.00472694110565843,12
"GSM8121900_athero_human_7.txt.gz","Plate_20_101s_G18Plate_20_101s_G18_accepted_hits_sorted_rm_dup","symptomatic","macrophage",0.148075946511723,12
"GSM8121900_athero_human_7.txt.gz","Plate_20_101s_G19Plate_20_101s_G19_accepted_hits_sorted_rm_dup","symptomatic","unassigned",-0.476123812982092,12
"GSM8121900_athero_human_7.txt.gz","Plate_20_101s_G20Plate_20_101s_G20_accepted_hits_sorted_rm_dup","symptomatic","macrophage",0.264576361870848,12
"GSM8121900_athero_human_7.txt.gz","Plate_20_101s_G21Plate_20_101s_G21_accepted_hits_sorted_rm_dup","symptomatic","macrophage",-0.389672824798708,12
"GSM8121900_athero_human_7.txt.gz","Plate_20_101s_G22Plate_20_101s_G22_accepted_hits_sorted_rm_dup","symptomatic","macrophage",-0.1846900048825,12
"GSM8121900_athero_human_7.txt.gz","Plate_20_101s_G23Plate_20_101s_G23_accepted_hits_sorted_rm_dup","symptomatic","macrophage",0.0563276392667471,12
"GSM8121900_athero_human_7.txt.gz","Plate_20_101s_G24Plate_20_101s_G24_accepted_hits_sorted_rm_dup","symptomatic","macrophage",1.23047869668487,12
"GSM8121900_athero_human_7.txt.gz","Plate_20_101s_H01Plate_20_101s_H01_accepted_hits_sorted_rm_dup","symptomatic","macrophage",0.244644962387501,12
"GSM8121900_athero_human_7.txt.gz","Plate_20_101s_H02Plate_20_101s_H02_accepted_hits_sorted_rm_dup","symptomatic","macrophage",-0.0325077968409353,12
"GSM8121900_athero_human_7.txt.gz","Plate_20_101s_H03Plate_20_101s_H03_accepted_hits_sorted_rm_dup","symptomatic","macrophage",0.592375960277924,12
"GSM8121900_athero_human_7.txt.gz","Plate_20_101s_H04Plate_20_101s_H04_accepted_hits_sorted_rm_dup","symptomatic","macrophage",-0.282221208971077,12
"GSM8121900_athero_human_7.txt.gz","Plate_20_101s_H05Plate_20_101s_H05_accepted_hits_sorted_rm_dup","symptomatic","macrophage",-0.377563391655317,12
"GSM8121900_athero_human_7.txt.gz","Plate_20_101s_H06Plate_20_101s_H06_accepted_hits_sorted_rm_dup","symptomatic","macrophage",-0.243071111301432,12
"GSM8121900_athero_human_7.txt.gz","Plate_20_101s_H08Plate_20_101s_H08_accepted_hits_sorted_rm_dup","symptomatic","vsmc",0.221627401351918,12
"GSM8121900_athero_human_7.txt.gz","Plate_20_101s_H12Plate_20_101s_H12_accepted_hits_sorted_rm_dup","symptomatic","mast",-0.294839342080679,12
"GSM8121900_athero_human_7.txt.gz","Plate_20_101s_H13Plate_20_101s_H13_accepted_hits_sorted_rm_dup","symptomatic","t_nk",0.217483519169028,12
"GSM8121900_athero_human_7.txt.gz","Plate_20_101s_H14Plate_20_101s_H14_accepted_hits_sorted_rm_dup","symptomatic","macrophage",-0.159625131433846,12
"GSM8121900_athero_human_7.txt.gz","Plate_20_101s_H15Plate_20_101s_H15_accepted_hits_sorted_rm_dup","symptomatic","endothelial",-0.267439131478961,12
"GSM8121900_athero_human_7.txt.gz","Plate_20_101s_H16Plate_20_101s_H16_accepted_hits_sorted_rm_dup","symptomatic","macrophage",0.302326762711956,12
"GSM8121900_athero_human_7.txt.gz","Plate_20_101s_H17Plate_20_101s_H17_accepted_hits_sorted_rm_dup","symptomatic","macrophage",-0.393342961978267,12
"GSM8121900_athero_human_7.txt.gz","Plate_20_101s_H18Plate_20_101s_H18_accepted_hits_sorted_rm_dup","symptomatic","unassigned",0.174878020247488,12
"GSM8121900_athero_human_7.txt.gz","Plate_20_101s_H19Plate_20_101s_H19_accepted_hits_sorted_rm_dup","symptomatic","macrophage",0.414749997056825,12
"GSM8121900_athero_human_7.txt.gz","Plate_20_101s_H20Plate_20_101s_H20_accepted_hits_sorted_rm_dup","symptomatic","macrophage",0.0153179313169884,12
"GSM8121900_athero_human_7.txt.gz","Plate_20_101s_H21Plate_20_101s_H21_accepted_hits_sorted_rm_dup","symptomatic","macrophage",-0.467931344973619,12
"GSM8121900_athero_human_7.txt.gz","Plate_20_101s_H22Plate_20_101s_H22_accepted_hits_sorted_rm_dup","symptomatic","macrophage",-0.368599880668193,12
"GSM8121900_athero_human_7.txt.gz","Plate_20_101s_H23Plate_20_101s_H23_accepted_hits_sorted_rm_dup","symptomatic","macrophage",0.334032226138401,12
"GSM8121900_athero_human_7.txt.gz","Plate_20_101s_I01Plate_20_101s_I01_accepted_hits_sorted_rm_dup","symptomatic","t_nk",-0.125374328093411,12
"GSM8121900_athero_human_7.txt.gz","Plate_20_101s_I02Plate_20_101s_I02_accepted_hits_sorted_rm_dup","symptomatic","macrophage",0.537864898342477,12
"GSM8121900_athero_human_7.txt.gz","Plate_20_101s_I03Plate_20_101s_I03_accepted_hits_sorted_rm_dup","symptomatic","macrophage",-0.413582443072655,12
"GSM8121900_athero_human_7.txt.gz","Plate_20_101s_I04Plate_20_101s_I04_accepted_hits_sorted_rm_dup","symptomatic","fibroblast",-0.152299595018098,12
"GSM8121900_athero_human_7.txt.gz","Plate_20_101s_I06Plate_20_101s_I06_accepted_hits_sorted_rm_dup","symptomatic","t_nk",-0.394496265883411,12
"GSM8121900_athero_human_7.txt.gz","Plate_20_101s_I09Plate_20_101s_I09_accepted_hits_sorted_rm_dup","symptomatic","macrophage",0.539192159389862,12
"GSM8121900_athero_human_7.txt.gz","Plate_20_101s_I10Plate_20_101s_I10_accepted_hits_sorted_rm_dup","symptomatic","macrophage",-0.230032743247987,12
"GSM8121900_athero_human_7.txt.gz","Plate_20_101s_I11Plate_20_101s_I11_accepted_hits_sorted_rm_dup","symptomatic","macrophage",-0.384953153192301,12
"GSM8121900_athero_human_7.txt.gz","Plate_20_101s_I12Plate_20_101s_I12_accepted_hits_sorted_rm_dup","symptomatic","macrophage",0.604942085971507,12
"GSM8121900_athero_human_7.txt.gz","Plate_20_101s_I13Plate_20_101s_I13_accepted_hits_sorted_rm_dup","symptomatic","macrophage",-0.121068464447451,12
"GSM8121900_athero_human_7.txt.gz","Plate_20_101s_I16Plate_20_101s_I16_accepted_hits_sorted_rm_dup","symptomatic","macrophage",0.077235772503982,12
"GSM8121900_athero_human_7.txt.gz","Plate_20_101s_I17Plate_20_101s_I17_accepted_hits_sorted_rm_dup","symptomatic","macrophage",-0.125886198466331,12
"GSM8121900_athero_human_7.txt.gz","Plate_20_101s_I18Plate_20_101s_I18_accepted_hits_sorted_rm_dup","symptomatic","macrophage",-0.0879503371878676,12
"GSM8121900_athero_human_7.txt.gz","Plate_20_101s_I19Plate_20_101s_I19_accepted_hits_sorted_rm_dup","symptomatic","t_nk",-0.221673593311843,12
"GSM8121900_athero_human_7.txt.gz","Plate_20_101s_I20Plate_20_101s_I20_accepted_hits_sorted_rm_dup","symptomatic","macrophage",-0.230833952280173,12
"GSM8121900_athero_human_7.txt.gz","Plate_20_101s_I21Plate_20_101s_I21_accepted_hits_sorted_rm_dup","symptomatic","macrophage",0.527152474466542,12
"GSM8121900_athero_human_7.txt.gz","Plate_20_101s_I22Plate_20_101s_I22_accepted_hits_sorted_rm_dup","symptomatic","macrophage",-0.00191965167638265,12
"GSM8121900_athero_human_7.txt.gz","Plate_20_101s_I23Plate_20_101s_I23_accepted_hits_sorted_rm_dup","symptomatic","macrophage",-0.106655640398545,12
"GSM8121900_athero_human_7.txt.gz","Plate_20_101s_I24Plate_20_101s_I24_accepted_hits_sorted_rm_dup","symptomatic","macrophage",-0.263257532623322,12
"GSM8121900_athero_human_7.txt.gz","Plate_20_101s_J01Plate_20_101s_J01_accepted_hits_sorted_rm_dup","symptomatic","t_nk",0.469025541181113,12
"GSM8121900_athero_human_7.txt.gz","Plate_20_101s_J02Plate_20_101s_J02_accepted_hits_sorted_rm_dup","symptomatic","macrophage",0.309179768668765,12
"GSM8121900_athero_human_7.txt.gz","Plate_20_101s_J03Plate_20_101s_J03_accepted_hits_sorted_rm_dup","symptomatic","t_nk",0.430079345680753,12
"GSM8121900_athero_human_7.txt.gz","Plate_20_101s_J05Plate_20_101s_J05_accepted_hits_sorted_rm_dup","symptomatic","macrophage",-0.381015141040065,12
"GSM8121900_athero_human_7.txt.gz","Plate_20_101s_J06Plate_20_101s_J06_accepted_hits_sorted_rm_dup","symptomatic","macrophage",-0.341021985322087,12
"GSM8121900_athero_human_7.txt.gz","Plate_20_101s_J07Plate_20_101s_J07_accepted_hits_sorted_rm_dup","symptomatic","macrophage",0.824911104545124,12
"GSM8121900_athero_human_7.txt.gz","Plate_20_101s_J08Plate_20_101s_J08_accepted_hits_sorted_rm_dup","symptomatic","t_nk",-0.156965529136102,12
"GSM8121900_athero_human_7.txt.gz","Plate_20_101s_J10Plate_20_101s_J10_accepted_hits_sorted_rm_dup","symptomatic","t_nk",-0.120166863943582,12
"GSM8121900_athero_human_7.txt.gz","Plate_20_101s_J11Plate_20_101s_J11_accepted_hits_sorted_rm_dup","symptomatic","macrophage",0.52607175449917,12
"GSM8121900_athero_human_7.txt.gz","Plate_20_101s_J12Plate_20_101s_J12_accepted_hits_sorted_rm_dup","symptomatic","t_nk",-0.0795133148973638,12
"GSM8121900_athero_human_7.txt.gz","Plate_20_101s_J13Plate_20_101s_J13_accepted_hits_sorted_rm_dup","symptomatic","macrophage",0.382189047504987,12
"GSM8121900_athero_human_7.txt.gz","Plate_20_101s_J14Plate_20_101s_J14_accepted_hits_sorted_rm_dup","symptomatic","macrophage",-0.122395796740527,12
"GSM8121900_athero_human_7.txt.gz","Plate_20_101s_J19Plate_20_101s_J19_accepted_hits_sorted_rm_dup","symptomatic","macrophage",-0.147832096902774,12
"GSM8121900_athero_human_7.txt.gz","Plate_20_101s_J20Plate_20_101s_J20_accepted_hits_sorted_rm_dup","symptomatic","macrophage",-0.454170352221013,12
"GSM8121900_athero_human_7.txt.gz","Plate_20_101s_J21Plate_20_101s_J21_accepted_hits_sorted_rm_dup","symptomatic","macrophage",-0.511781788473822,12
"GSM8121900_athero_human_7.txt.gz","Plate_20_101s_J23Plate_20_101s_J23_accepted_hits_sorted_rm_dup","symptomatic","unassigned",0.371468298740251,12
"GSM8121900_athero_human_7.txt.gz","Plate_20_101s_K01Plate_20_101s_K01_accepted_hits_sorted_rm_dup","symptomatic","t_nk",-0.354014218552007,12
"GSM8121900_athero_human_7.txt.gz","Plate_20_101s_K02Plate_20_101s_K02_accepted_hits_sorted_rm_dup","symptomatic","t_nk",0.193340970124075,12
"GSM8121900_athero_human_7.txt.gz","Plate_20_101s_K03Plate_20_101s_K03_accepted_hits_sorted_rm_dup","symptomatic","macrophage",0.00205851773259906,12
"GSM8121900_athero_human_7.txt.gz","Plate_20_101s_K04Plate_20_101s_K04_accepted_hits_sorted_rm_dup","symptomatic","t_nk",0.0585231216727933,12
"GSM8121900_athero_human_7.txt.gz","Plate_20_101s_K05Plate_20_101s_K05_accepted_hits_sorted_rm_dup","symptomatic","t_nk",-0.158110705021713,12
"GSM8121900_athero_human_7.txt.gz","Plate_20_101s_K06Plate_20_101s_K06_accepted_hits_sorted_rm_dup","symptomatic","macrophage",0.946508232083524,12
"GSM8121900_athero_human_7.txt.gz","Plate_20_101s_K07Plate_20_101s_K07_accepted_hits_sorted_rm_dup","symptomatic","macrophage",0.557234349877753,12
"GSM8121900_athero_human_7.txt.gz","Plate_20_101s_K08Plate_20_101s_K08_accepted_hits_sorted_rm_dup","symptomatic","macrophage",-0.115994903477495,12
"GSM8121900_athero_human_7.txt.gz","Plate_20_101s_K10Plate_20_101s_K10_accepted_hits_sorted_rm_dup","symptomatic","macrophage",8.55155885493801e-05,12
"GSM8121900_athero_human_7.txt.gz","Plate_20_101s_K11Plate_20_101s_K11_accepted_hits_sorted_rm_dup","symptomatic","macrophage",-0.238777000462365,12
"GSM8121900_athero_human_7.txt.gz","Plate_20_101s_K13Plate_20_101s_K13_accepted_hits_sorted_rm_dup","symptomatic","endothelial",0.516522880046064,12
"GSM8121900_athero_human_7.txt.gz","Plate_20_101s_K14Plate_20_101s_K14_accepted_hits_sorted_rm_dup","symptomatic","macrophage",-0.493265260650248,12
"GSM8121900_athero_human_7.txt.gz","Plate_20_101s_K15Plate_20_101s_K15_accepted_hits_sorted_rm_dup","symptomatic","macrophage",0.332695772514756,12
"GSM8121900_athero_human_7.txt.gz","Plate_20_101s_K16Plate_20_101s_K16_accepted_hits_sorted_rm_dup","symptomatic","macrophage",-0.292681600459407,12
"GSM8121900_athero_human_7.txt.gz","Plate_20_101s_K17Plate_20_101s_K17_accepted_hits_sorted_rm_dup","symptomatic","macrophage",-0.229923566834174,12
"GSM8121900_athero_human_7.txt.gz","Plate_20_101s_K18Plate_20_101s_K18_accepted_hits_sorted_rm_dup","symptomatic","macrophage",0.586602553680388,12
"GSM8121900_athero_human_7.txt.gz","Plate_20_101s_K19Plate_20_101s_K19_accepted_hits_sorted_rm_dup","symptomatic","macrophage",-0.352751562644914,12
"GSM8121900_athero_human_7.txt.gz","Plate_20_101s_K20Plate_20_101s_K20_accepted_hits_sorted_rm_dup","symptomatic","macrophage",0.10072126444786,12
"GSM8121900_athero_human_7.txt.gz","Plate_20_101s_K21Plate_20_101s_K21_accepted_hits_sorted_rm_dup","symptomatic","endothelial",-0.156721784564001,12
"GSM8121900_athero_human_7.txt.gz","Plate_20_101s_K22Plate_20_101s_K22_accepted_hits_sorted_rm_dup","symptomatic","macrophage",-0.0233210720548222,12
"GSM8121900_athero_human_7.txt.gz","Plate_20_101s_K23Plate_20_101s_K23_accepted_hits_sorted_rm_dup","symptomatic","macrophage",-0.290075659607292,12
"GSM8121900_athero_human_7.txt.gz","Plate_20_101s_K24Plate_20_101s_K24_accepted_hits_sorted_rm_dup","symptomatic","macrophage",-0.223364694374704,12
"GSM8121900_athero_human_7.txt.gz","Plate_20_101s_L01Plate_20_101s_L01_accepted_hits_sorted_rm_dup","symptomatic","t_nk",-0.316395724025137,12
"GSM8121900_athero_human_7.txt.gz","Plate_20_101s_L02Plate_20_101s_L02_accepted_hits_sorted_rm_dup","symptomatic","macrophage",-0.369117063723547,12
"GSM8121900_athero_human_7.txt.gz","Plate_20_101s_L03Plate_20_101s_L03_accepted_hits_sorted_rm_dup","symptomatic","t_nk",-0.4801435929654,12
"GSM8121900_athero_human_7.txt.gz","Plate_20_101s_L04Plate_20_101s_L04_accepted_hits_sorted_rm_dup","symptomatic","t_nk",-0.0140222354120923,12
"GSM8121900_athero_human_7.txt.gz","Plate_20_101s_L06Plate_20_101s_L06_accepted_hits_sorted_rm_dup","symptomatic","macrophage",0.613546396268675,12
"GSM8121900_athero_human_7.txt.gz","Plate_20_101s_L07Plate_20_101s_L07_accepted_hits_sorted_rm_dup","symptomatic","fibroblast",-0.174953863407319,12
"GSM8121900_athero_human_7.txt.gz","Plate_20_101s_L08Plate_20_101s_L08_accepted_hits_sorted_rm_dup","symptomatic","t_nk",0.0131765096812882,12
"GSM8121900_athero_human_7.txt.gz","Plate_20_101s_L09Plate_20_101s_L09_accepted_hits_sorted_rm_dup","symptomatic","macrophage",-0.154965335606333,12
"GSM8121900_athero_human_7.txt.gz","Plate_20_101s_L10Plate_20_101s_L10_accepted_hits_sorted_rm_dup","symptomatic","unassigned",0.104483517426658,12
"GSM8121900_athero_human_7.txt.gz","Plate_20_101s_L11Plate_20_101s_L11_accepted_hits_sorted_rm_dup","symptomatic","vsmc",-0.184721772643664,12
"GSM8121900_athero_human_7.txt.gz","Plate_20_101s_L12Plate_20_101s_L12_accepted_hits_sorted_rm_dup","symptomatic","macrophage",-0.0413696369823203,12
"GSM8121900_athero_human_7.txt.gz","Plate_20_101s_L13Plate_20_101s_L13_accepted_hits_sorted_rm_dup","symptomatic","macrophage",-0.243815675450094,12
"GSM8121900_athero_human_7.txt.gz","Plate_20_101s_L14Plate_20_101s_L14_accepted_hits_sorted_rm_dup","symptomatic","macrophage",-0.25779353402164,12
"GSM8121900_athero_human_7.txt.gz","Plate_20_101s_L15Plate_20_101s_L15_accepted_hits_sorted_rm_dup","symptomatic","vsmc",-0.291560655903199,12
"GSM8121900_athero_human_7.txt.gz","Plate_20_101s_L16Plate_20_101s_L16_accepted_hits_sorted_rm_dup","symptomatic","macrophage",-0.0633728699707497,12
"GSM8121900_athero_human_7.txt.gz","Plate_20_101s_L19Plate_20_101s_L19_accepted_hits_sorted_rm_dup","symptomatic","macrophage",-0.308927071908051,12
"GSM8121900_athero_human_7.txt.gz","Plate_20_101s_L20Plate_20_101s_L20_accepted_hits_sorted_rm_dup","symptomatic","macrophage",0.271421368710279,12
"GSM8121900_athero_human_7.txt.gz","Plate_20_101s_L21Plate_20_101s_L21_accepted_hits_sorted_rm_dup","symptomatic","macrophage",-0.2004702481411,12
"GSM8121900_athero_human_7.txt.gz","Plate_20_101s_L22Plate_20_101s_L22_accepted_hits_sorted_rm_dup","symptomatic","t_nk",-0.301781693930081,12
"GSM8121900_athero_human_7.txt.gz","Plate_20_101s_L23Plate_20_101s_L23_accepted_hits_sorted_rm_dup","symptomatic","vsmc",-0.306493131077647,12
"GSM8121900_athero_human_7.txt.gz","Plate_20_101s_L24Plate_20_101s_L24_accepted_hits_sorted_rm_dup","symptomatic","t_nk",-0.0316027937008299,12
"GSM8121900_athero_human_7.txt.gz","Plate_20_101s_M02Plate_20_101s_M02_accepted_hits_sorted_rm_dup","symptomatic","macrophage",0.937829199295145,12
"GSM8121900_athero_human_7.txt.gz","Plate_20_101s_M03Plate_20_101s_M03_accepted_hits_sorted_rm_dup","symptomatic","macrophage",-0.0315157200433841,12
"GSM8121900_athero_human_7.txt.gz","Plate_20_101s_M04Plate_20_101s_M04_accepted_hits_sorted_rm_dup","symptomatic","t_nk",-0.318922424010395,12
"GSM8121900_athero_human_7.txt.gz","Plate_20_101s_M05Plate_20_101s_M05_accepted_hits_sorted_rm_dup","symptomatic","macrophage",0.502684153556071,12
"GSM8121900_athero_human_7.txt.gz","Plate_20_101s_M07Plate_20_101s_M07_accepted_hits_sorted_rm_dup","symptomatic","macrophage",-0.276817705829822,12
"GSM8121900_athero_human_7.txt.gz","Plate_20_101s_M08Plate_20_101s_M08_accepted_hits_sorted_rm_dup","symptomatic","macrophage",-0.436927110514098,12
"GSM8121900_athero_human_7.txt.gz","Plate_20_101s_M09Plate_20_101s_M09_accepted_hits_sorted_rm_dup","symptomatic","unassigned",-0.319372084926895,12
"GSM8121900_athero_human_7.txt.gz","Plate_20_101s_M10Plate_20_101s_M10_accepted_hits_sorted_rm_dup","symptomatic","t_nk",-0.263209994965907,12
"GSM8121900_athero_human_7.txt.gz","Plate_20_101s_M11Plate_20_101s_M11_accepted_hits_sorted_rm_dup","symptomatic","macrophage",-0.213847997319033,12
"GSM8121900_athero_human_7.txt.gz","Plate_20_101s_M12Plate_20_101s_M12_accepted_hits_sorted_rm_dup","symptomatic","mast",-0.101521500186581,12
"GSM8121900_athero_human_7.txt.gz","Plate_20_101s_M13Plate_20_101s_M13_accepted_hits_sorted_rm_dup","symptomatic","b_cell",-0.0599172521140808,12
"GSM8121900_athero_human_7.txt.gz","Plate_20_101s_M14Plate_20_101s_M14_accepted_hits_sorted_rm_dup","symptomatic","t_nk",-0.518761214158761,12
"GSM8121900_athero_human_7.txt.gz","Plate_20_101s_M15Plate_20_101s_M15_accepted_hits_sorted_rm_dup","symptomatic","macrophage",-0.362139600166767,12
"GSM8121900_athero_human_7.txt.gz","Plate_20_101s_M16Plate_20_101s_M16_accepted_hits_sorted_rm_dup","symptomatic","t_nk",-0.0492350617444691,12
"GSM8121900_athero_human_7.txt.gz","Plate_20_101s_M17Plate_20_101s_M17_accepted_hits_sorted_rm_dup","symptomatic","macrophage",-0.251095096888377,12
"GSM8121900_athero_human_7.txt.gz","Plate_20_101s_M18Plate_20_101s_M18_accepted_hits_sorted_rm_dup","symptomatic","macrophage",-0.340927415679586,12
"GSM8121900_athero_human_7.txt.gz","Plate_20_101s_M19Plate_20_101s_M19_accepted_hits_sorted_rm_dup","symptomatic","vsmc",0.0437969891724382,12
"GSM8121900_athero_human_7.txt.gz","Plate_20_101s_M20Plate_20_101s_M20_accepted_hits_sorted_rm_dup","symptomatic","macrophage",0.558300288657221,12
"GSM8121900_athero_human_7.txt.gz","Plate_20_101s_M21Plate_20_101s_M21_accepted_hits_sorted_rm_dup","symptomatic","t_nk",-0.0211998675182965,12
"GSM8121900_athero_human_7.txt.gz","Plate_20_101s_M22Plate_20_101s_M22_accepted_hits_sorted_rm_dup","symptomatic","macrophage",0.202829260684341,12
"GSM8121900_athero_human_7.txt.gz","Plate_20_101s_M23Plate_20_101s_M23_accepted_hits_sorted_rm_dup","symptomatic","macrophage",-0.224971133559064,12
"GSM8121900_athero_human_7.txt.gz","Plate_20_101s_M24Plate_20_101s_M24_accepted_hits_sorted_rm_dup","symptomatic","mast",0.223403682086967,12
"GSM8121900_athero_human_7.txt.gz","Plate_20_101s_N02Plate_20_101s_N02_accepted_hits_sorted_rm_dup","symptomatic","macrophage",-0.0767179353251508,12
"GSM8121900_athero_human_7.txt.gz","Plate_20_101s_N04Plate_20_101s_N04_accepted_hits_sorted_rm_dup","symptomatic","t_nk",-0.249526199941757,12
"GSM8121900_athero_human_7.txt.gz","Plate_20_101s_N05Plate_20_101s_N05_accepted_hits_sorted_rm_dup","symptomatic","t_nk",-0.199566218256752,12
"GSM8121900_athero_human_7.txt.gz","Plate_20_101s_N07Plate_20_101s_N07_accepted_hits_sorted_rm_dup","symptomatic","t_nk",-0.369765241263017,12
"GSM8121900_athero_human_7.txt.gz","Plate_20_101s_N08Plate_20_101s_N08_accepted_hits_sorted_rm_dup","symptomatic","macrophage",0.0887268887015209,12
"GSM8121900_athero_human_7.txt.gz","Plate_20_101s_N09Plate_20_101s_N09_accepted_hits_sorted_rm_dup","symptomatic","macrophage",-0.22095324475736,12
"GSM8121900_athero_human_7.txt.gz","Plate_20_101s_N10Plate_20_101s_N10_accepted_hits_sorted_rm_dup","symptomatic","unassigned",-0.386707828579914,12
"GSM8121900_athero_human_7.txt.gz","Plate_20_101s_N11Plate_20_101s_N11_accepted_hits_sorted_rm_dup","symptomatic","t_nk",0.127018164997212,12
"GSM8121900_athero_human_7.txt.gz","Plate_20_101s_N12Plate_20_101s_N12_accepted_hits_sorted_rm_dup","symptomatic","mast",-0.182107273570434,12
"GSM8121900_athero_human_7.txt.gz","Plate_20_101s_N13Plate_20_101s_N13_accepted_hits_sorted_rm_dup","symptomatic","macrophage",-0.203484039498908,12
"GSM8121900_athero_human_7.txt.gz","Plate_20_101s_N14Plate_20_101s_N14_accepted_hits_sorted_rm_dup","symptomatic","macrophage",-0.203099354472349,12
"GSM8121900_athero_human_7.txt.gz","Plate_20_101s_N15Plate_20_101s_N15_accepted_hits_sorted_rm_dup","symptomatic","fibroblast",-0.0344669647098921,12
"GSM8121900_athero_human_7.txt.gz","Plate_20_101s_N16Plate_20_101s_N16_accepted_hits_sorted_rm_dup","symptomatic","macrophage",0.272874443869679,12
"GSM8121900_athero_human_7.txt.gz","Plate_20_101s_N17Plate_20_101s_N17_accepted_hits_sorted_rm_dup","symptomatic","t_nk",-0.257270387954443,12
"GSM8121900_athero_human_7.txt.gz","Plate_20_101s_N18Plate_20_101s_N18_accepted_hits_sorted_rm_dup","symptomatic","macrophage",-0.392188540663191,12
"GSM8121900_athero_human_7.txt.gz","Plate_20_101s_N19Plate_20_101s_N19_accepted_hits_sorted_rm_dup","symptomatic","macrophage",0.185913707971511,12
"GSM8121900_athero_human_7.txt.gz","Plate_20_101s_N21Plate_20_101s_N21_accepted_hits_sorted_rm_dup","symptomatic","macrophage",0.528840040537965,12
"GSM8121900_athero_human_7.txt.gz","Plate_20_101s_N22Plate_20_101s_N22_accepted_hits_sorted_rm_dup","symptomatic","macrophage",0.0522107357438856,12
"GSM8121900_athero_human_7.txt.gz","Plate_20_101s_N23Plate_20_101s_N23_accepted_hits_sorted_rm_dup","symptomatic","macrophage",-0.116834004033227,12
"GSM8121900_athero_human_7.txt.gz","Plate_20_101s_N24Plate_20_101s_N24_accepted_hits_sorted_rm_dup","symptomatic","t_nk",0.459475399156591,12
"GSM8121900_athero_human_7.txt.gz","Plate_20_101s_O01Plate_20_101s_O01_accepted_hits_sorted_rm_dup","symptomatic","macrophage",-0.281958532501647,12
"GSM8121900_athero_human_7.txt.gz","Plate_20_101s_O02Plate_20_101s_O02_accepted_hits_sorted_rm_dup","symptomatic","macrophage",-0.273982665438131,12
"GSM8121900_athero_human_7.txt.gz","Plate_20_101s_O03Plate_20_101s_O03_accepted_hits_sorted_rm_dup","symptomatic","macrophage",-0.334650329418117,12
"GSM8121900_athero_human_7.txt.gz","Plate_20_101s_O04Plate_20_101s_O04_accepted_hits_sorted_rm_dup","symptomatic","macrophage",-0.290816496776766,12
"GSM8121900_athero_human_7.txt.gz","Plate_20_101s_O05Plate_20_101s_O05_accepted_hits_sorted_rm_dup","symptomatic","macrophage",0.0644552576717542,12
"GSM8121900_athero_human_7.txt.gz","Plate_20_101s_O07Plate_20_101s_O07_accepted_hits_sorted_rm_dup","symptomatic","mast",-0.0918058537994175,12
"GSM8121900_athero_human_7.txt.gz","Plate_20_101s_O08Plate_20_101s_O08_accepted_hits_sorted_rm_dup","symptomatic","macrophage",-0.426344746227799,12
"GSM8121900_athero_human_7.txt.gz","Plate_20_101s_O09Plate_20_101s_O09_accepted_hits_sorted_rm_dup","symptomatic","fibroblast",-0.10767970695041,12
"GSM8121900_athero_human_7.txt.gz","Plate_20_101s_O11Plate_20_101s_O11_accepted_hits_sorted_rm_dup","symptomatic","macrophage",-0.408194312910907,12
"GSM8121900_athero_human_7.txt.gz","Plate_20_101s_O12Plate_20_101s_O12_accepted_hits_sorted_rm_dup","symptomatic","macrophage",0.053369119073927,12
"GSM8121900_athero_human_7.txt.gz","Plate_20_101s_O13Plate_20_101s_O13_accepted_hits_sorted_rm_dup","symptomatic","macrophage",-0.217437824561093,12
"GSM8121900_athero_human_7.txt.gz","Plate_20_101s_O14Plate_20_101s_O14_accepted_hits_sorted_rm_dup","symptomatic","t_nk",-0.217950619258085,12
"GSM8121900_athero_human_7.txt.gz","Plate_20_101s_O16Plate_20_101s_O16_accepted_hits_sorted_rm_dup","symptomatic","macrophage",-0.330085808573666,12
"GSM8121900_athero_human_7.txt.gz","Plate_20_101s_O18Plate_20_101s_O18_accepted_hits_sorted_rm_dup","symptomatic","macrophage",0.17457898777306,12
"GSM8121900_athero_human_7.txt.gz","Plate_20_101s_O19Plate_20_101s_O19_accepted_hits_sorted_rm_dup","symptomatic","macrophage",-0.173750104818364,12
"GSM8121900_athero_human_7.txt.gz","Plate_20_101s_O20Plate_20_101s_O20_accepted_hits_sorted_rm_dup","symptomatic","macrophage",0.064439990333566,12
"GSM8121900_athero_human_7.txt.gz","Plate_20_101s_O21Plate_20_101s_O21_accepted_hits_sorted_rm_dup","symptomatic","macrophage",-0.267871725249129,12
"GSM8121900_athero_human_7.txt.gz","Plate_20_101s_O22Plate_20_101s_O22_accepted_hits_sorted_rm_dup","symptomatic","macrophage",0.565981685979383,12
"GSM8121900_athero_human_7.txt.gz","Plate_20_101s_O23Plate_20_101s_O23_accepted_hits_sorted_rm_dup","symptomatic","macrophage",0.617732333727169,12
"GSM8121900_athero_human_7.txt.gz","Plate_20_101s_P01Plate_20_101s_P01_accepted_hits_sorted_rm_dup","symptomatic","macrophage",-0.140109215855189,12
"GSM8121900_athero_human_7.txt.gz","Plate_20_101s_P02Plate_20_101s_P02_accepted_hits_sorted_rm_dup","symptomatic","macrophage",-0.0360122820997229,12
"GSM8121900_athero_human_7.txt.gz","Plate_20_101s_P03Plate_20_101s_P03_accepted_hits_sorted_rm_dup","symptomatic","macrophage",-0.0308717490093792,12
"GSM8121900_athero_human_7.txt.gz","Plate_20_101s_P04Plate_20_101s_P04_accepted_hits_sorted_rm_dup","symptomatic","t_nk",-0.24439765431827,12
"GSM8121900_athero_human_7.txt.gz","Plate_20_101s_P05Plate_20_101s_P05_accepted_hits_sorted_rm_dup","symptomatic","macrophage",-0.386728718435785,12
"GSM8121900_athero_human_7.txt.gz","Plate_20_101s_P08Plate_20_101s_P08_accepted_hits_sorted_rm_dup","symptomatic","macrophage",-0.263689659091158,12
"GSM8121900_athero_human_7.txt.gz","Plate_20_101s_P09Plate_20_101s_P09_accepted_hits_sorted_rm_dup","symptomatic","macrophage",0.177293383770629,12
"GSM8121900_athero_human_7.txt.gz","Plate_20_101s_P10Plate_20_101s_P10_accepted_hits_sorted_rm_dup","symptomatic","macrophage",0.502872831061226,12
"GSM8121900_athero_human_7.txt.gz","Plate_20_101s_P11Plate_20_101s_P11_accepted_hits_sorted_rm_dup","symptomatic","macrophage",0.385721253740519,12
"GSM8121900_athero_human_7.txt.gz","Plate_20_101s_P13Plate_20_101s_P13_accepted_hits_sorted_rm_dup","symptomatic","macrophage",0.047013893995626,12
"GSM8121900_athero_human_7.txt.gz","Plate_20_101s_P15Plate_20_101s_P15_accepted_hits_sorted_rm_dup","symptomatic","t_nk",0.0834418291814016,12
"GSM8121900_athero_human_7.txt.gz","Plate_20_101s_P16Plate_20_101s_P16_accepted_hits_sorted_rm_dup","symptomatic","macrophage",1.20232217217336,12
"GSM8121900_athero_human_7.txt.gz","Plate_20_101s_P17Plate_20_101s_P17_accepted_hits_sorted_rm_dup","symptomatic","macrophage",0.131689008008769,12
"GSM8121900_athero_human_7.txt.gz","Plate_20_101s_P19Plate_20_101s_P19_accepted_hits_sorted_rm_dup","symptomatic","mast",-0.042363453254916,12
"GSM8121900_athero_human_7.txt.gz","Plate_20_101s_P24Plate_20_101s_P24_accepted_hits_sorted_rm_dup","symptomatic","endothelial",-0.340314918878871,12
"GSM8121901_athero_human_8.txt.gz","Plate_373s_A02","symptomatic","mast",0.0857699289896127,12
"GSM8121901_athero_human_8.txt.gz","Plate_373s_A03","symptomatic","fibroblast",0.513320472401632,12
"GSM8121901_athero_human_8.txt.gz","Plate_373s_A04","symptomatic","macrophage",-0.198758817929293,12
"GSM8121901_athero_human_8.txt.gz","Plate_373s_A05","symptomatic","macrophage",-0.0345361672596215,12
"GSM8121901_athero_human_8.txt.gz","Plate_373s_A06","symptomatic","macrophage",-0.211250160988485,12
"GSM8121901_athero_human_8.txt.gz","Plate_373s_A07","symptomatic","macrophage",-0.17846215078629,12
"GSM8121901_athero_human_8.txt.gz","Plate_373s_A10","symptomatic","macrophage",-0.264252722674393,12
"GSM8121901_athero_human_8.txt.gz","Plate_373s_A11","symptomatic","macrophage",-0.438835567972908,12
"GSM8121901_athero_human_8.txt.gz","Plate_373s_A12","symptomatic","macrophage",0.259022925586519,12
"GSM8121901_athero_human_8.txt.gz","Plate_373s_A14","symptomatic","vsmc",-0.331769946111732,12
"GSM8121901_athero_human_8.txt.gz","Plate_373s_A18","symptomatic","macrophage",-0.374553755073613,12
"GSM8121901_athero_human_8.txt.gz","Plate_373s_A19","symptomatic","macrophage",-0.190678437548034,12
"GSM8121901_athero_human_8.txt.gz","Plate_373s_A20","symptomatic","unassigned",-0.435213982513834,12
"GSM8121901_athero_human_8.txt.gz","Plate_373s_A21","symptomatic","vsmc",-0.0150196665258508,12
"GSM8121901_athero_human_8.txt.gz","Plate_373s_A24","symptomatic","macrophage",-0.593181366198846,12
"GSM8121901_athero_human_8.txt.gz","Plate_373s_B01","symptomatic","macrophage",-0.289374418017543,12
"GSM8121901_athero_human_8.txt.gz","Plate_373s_B03","symptomatic","unassigned",-0.539654618203508,12
"GSM8121901_athero_human_8.txt.gz","Plate_373s_B05","symptomatic","vsmc",-0.211530602076558,12
"GSM8121901_athero_human_8.txt.gz","Plate_373s_B07","symptomatic","fibroblast",-0.625948633704908,12
"GSM8121901_athero_human_8.txt.gz","Plate_373s_B10","symptomatic","macrophage",-0.36172968472266,12
"GSM8121901_athero_human_8.txt.gz","Plate_373s_B11","symptomatic","macrophage",0.261170085329035,12
"GSM8121901_athero_human_8.txt.gz","Plate_373s_B12","symptomatic","macrophage",-0.39382777769595,12
"GSM8121901_athero_human_8.txt.gz","Plate_373s_B13","symptomatic","unassigned",0.398262845750078,12
"GSM8121901_athero_human_8.txt.gz","Plate_373s_B14","symptomatic","fibroblast",0.0466605650997351,12
"GSM8121901_athero_human_8.txt.gz","Plate_373s_B16","symptomatic","macrophage",-0.437693371951266,12
"GSM8121901_athero_human_8.txt.gz","Plate_373s_B18","symptomatic","macrophage",0.330817936083708,12
"GSM8121901_athero_human_8.txt.gz","Plate_373s_B20","symptomatic","macrophage",-0.209018378748929,12
"GSM8121901_athero_human_8.txt.gz","Plate_373s_B21","symptomatic","b_cell",0.221068788514262,12
"GSM8121901_athero_human_8.txt.gz","Plate_373s_B23","symptomatic","macrophage",-0.541423210013959,12
"GSM8121901_athero_human_8.txt.gz","Plate_373s_C01","symptomatic","unassigned",-0.105724672633415,12
"GSM8121901_athero_human_8.txt.gz","Plate_373s_C02","symptomatic","mast",1.9647761717224,12
"GSM8121901_athero_human_8.txt.gz","Plate_373s_C04","symptomatic","macrophage",-0.404521637053544,12
"GSM8121901_athero_human_8.txt.gz","Plate_373s_C05","symptomatic","b_cell",0.483219217822021,12
"GSM8121901_athero_human_8.txt.gz","Plate_373s_C06","symptomatic","unassigned",0.155087803199068,12
"GSM8121901_athero_human_8.txt.gz","Plate_373s_C07","symptomatic","unassigned",0.341154983172002,12
"GSM8121901_athero_human_8.txt.gz","Plate_373s_C09","symptomatic","fibroblast",0.260490285354119,12
"GSM8121901_athero_human_8.txt.gz","Plate_373s_C10","symptomatic","macrophage",-0.268156573136525,12
"GSM8121901_athero_human_8.txt.gz","Plate_373s_C13","symptomatic","macrophage",-0.297755146951456,12
"GSM8121901_athero_human_8.txt.gz","Plate_373s_C15","symptomatic","fibroblast",1.05612549651465,12
"GSM8121901_athero_human_8.txt.gz","Plate_373s_C20","symptomatic","fibroblast",-0.222998146248637,12
"GSM8121901_athero_human_8.txt.gz","Plate_373s_C21","symptomatic","macrophage",-0.258816505094459,12
"GSM8121901_athero_human_8.txt.gz","Plate_373s_C23","symptomatic","unassigned",-0.203429725091706,12
"GSM8121901_athero_human_8.txt.gz","Plate_373s_D02","symptomatic","mast",0.0422433718264716,12
"GSM8121901_athero_human_8.txt.gz","Plate_373s_D03","symptomatic","macrophage",-0.475435281848998,12
"GSM8121901_athero_human_8.txt.gz","Plate_373s_D05","symptomatic","macrophage",-0.00889779669192917,12
"GSM8121901_athero_human_8.txt.gz","Plate_373s_D06","symptomatic","macrophage",-0.705949621691002,12
"GSM8121901_athero_human_8.txt.gz","Plate_373s_D07","symptomatic","unassigned",0.928716132062507,12
"GSM8121901_athero_human_8.txt.gz","Plate_373s_D11","symptomatic","t_nk",0.0570022158077887,12
"GSM8121901_athero_human_8.txt.gz","Plate_373s_D12","symptomatic","fibroblast",-0.189434806392937,12
"GSM8121901_athero_human_8.txt.gz","Plate_373s_D14","symptomatic","macrophage",0.0569031536113122,12
"GSM8121901_athero_human_8.txt.gz","Plate_373s_D16","symptomatic","macrophage",-0.172819226877553,12
"GSM8121901_athero_human_8.txt.gz","Plate_373s_D19","symptomatic","fibroblast",0.253071573830651,12
"GSM8121901_athero_human_8.txt.gz","Plate_373s_D20","symptomatic","b_cell",-0.378173057535307,12
"GSM8121901_athero_human_8.txt.gz","Plate_373s_D22","symptomatic","macrophage",0.0474733420678033,12
"GSM8121901_athero_human_8.txt.gz","Plate_373s_E02","symptomatic","macrophage",-0.0250067535108121,12
"GSM8121901_athero_human_8.txt.gz","Plate_373s_E03","symptomatic","macrophage",0.116561603878964,12
"GSM8121901_athero_human_8.txt.gz","Plate_373s_E04","symptomatic","fibroblast",-0.337831233660453,12
"GSM8121901_athero_human_8.txt.gz","Plate_373s_E07","symptomatic","unassigned",0.562126838277019,12
"GSM8121901_athero_human_8.txt.gz","Plate_373s_E08","symptomatic","unassigned",0.737550826274179,12
"GSM8121901_athero_human_8.txt.gz","Plate_373s_E10","symptomatic","macrophage",0.154447429857324,12
"GSM8121901_athero_human_8.txt.gz","Plate_373s_E11","symptomatic","macrophage",-0.416521008371383,12
"GSM8121901_athero_human_8.txt.gz","Plate_373s_E16","symptomatic","macrophage",0.161964128820418,12
"GSM8121901_athero_human_8.txt.gz","Plate_373s_E21","symptomatic","macrophage",0.243080094253487,12
"GSM8121901_athero_human_8.txt.gz","Plate_373s_E22","symptomatic","macrophage",-0.632025352268654,12
"GSM8121901_athero_human_8.txt.gz","Plate_373s_E23","symptomatic","vsmc",0.431841498385586,12
"GSM8121901_athero_human_8.txt.gz","Plate_373s_F01","symptomatic","fibroblast",0.192045500372819,12
"GSM8121901_athero_human_8.txt.gz","Plate_373s_F02","symptomatic","mast",-0.297993596725797,12
"GSM8121901_athero_human_8.txt.gz","Plate_373s_F03","symptomatic","macrophage",-0.348874699336958,12
"GSM8121901_athero_human_8.txt.gz","Plate_373s_F04","symptomatic","unassigned",0.381063838188328,12
"GSM8121901_athero_human_8.txt.gz","Plate_373s_F05","symptomatic","mast",-0.0313205465289384,12
"GSM8121901_athero_human_8.txt.gz","Plate_373s_F07","symptomatic","macrophage",1.44445353585991,12
"GSM8121901_athero_human_8.txt.gz","Plate_373s_F09","symptomatic","vsmc",-0.288572727428532,12
"GSM8121901_athero_human_8.txt.gz","Plate_373s_F10","symptomatic","mast",0.26165256577775,12
"GSM8121901_athero_human_8.txt.gz","Plate_373s_F11","symptomatic","unassigned",-0.500763381549101,12
"GSM8121901_athero_human_8.txt.gz","Plate_373s_F14","symptomatic","mast",0.245233541176727,12
"GSM8121901_athero_human_8.txt.gz","Plate_373s_F15","symptomatic","mast",-0.0354901973635436,12
"GSM8121901_athero_human_8.txt.gz","Plate_373s_F17","symptomatic","mast",-0.25239498877479,12
"GSM8121901_athero_human_8.txt.gz","Plate_373s_F18","symptomatic","mast",-0.189837389325753,12
"GSM8121901_athero_human_8.txt.gz","Plate_373s_F20","symptomatic","mast",0.0546375719771277,12
"GSM8121901_athero_human_8.txt.gz","Plate_373s_F21","symptomatic","mast",-0.368099193797749,12
"GSM8121901_athero_human_8.txt.gz","Plate_373s_F22","symptomatic","mast",0.0447342196396112,12
"GSM8121901_athero_human_8.txt.gz","Plate_373s_F23","symptomatic","mast",0.615860975930621,12
"GSM8121901_athero_human_8.txt.gz","Plate_373s_G02","symptomatic","vsmc",-0.112671695680675,12
"GSM8121901_athero_human_8.txt.gz","Plate_373s_G04","symptomatic","unassigned",0.245790993575027,12
"GSM8121901_athero_human_8.txt.gz","Plate_373s_G05","symptomatic","b_cell",-0.0618611479477654,12
"GSM8121901_athero_human_8.txt.gz","Plate_373s_G07","symptomatic","fibroblast",0.417891173758622,12
"GSM8121901_athero_human_8.txt.gz","Plate_373s_G08","symptomatic","fibroblast",-0.210292808885252,12
"GSM8121901_athero_human_8.txt.gz","Plate_373s_G10","symptomatic","vsmc",-0.0685167108913147,12
"GSM8121901_athero_human_8.txt.gz","Plate_373s_G11","symptomatic","macrophage",-0.122713945057293,12
"GSM8121901_athero_human_8.txt.gz","Plate_373s_G12","symptomatic","t_nk",-0.233093788732429,12
"GSM8121901_athero_human_8.txt.gz","Plate_373s_G13","symptomatic","macrophage",-0.13445196537386,12
"GSM8121901_athero_human_8.txt.gz","Plate_373s_G15","symptomatic","t_nk",-0.0832839056296206,12
"GSM8121901_athero_human_8.txt.gz","Plate_373s_G16","symptomatic","macrophage",-0.0918877058328485,12
"GSM8121901_athero_human_8.txt.gz","Plate_373s_G18","symptomatic","unassigned",-0.232487513111551,12
"GSM8121901_athero_human_8.txt.gz","Plate_373s_G21","symptomatic","endothelial",0.421815686084619,12
"GSM8121901_athero_human_8.txt.gz","Plate_373s_G23","symptomatic","unassigned",0.213675642756227,12
"GSM8121901_athero_human_8.txt.gz","Plate_373s_G24","symptomatic","unassigned",-0.476900843488525,12
"GSM8121901_athero_human_8.txt.gz","Plate_373s_H01","symptomatic","b_cell",-0.491683495242281,12
"GSM8121901_athero_human_8.txt.gz","Plate_373s_H03","symptomatic","unassigned",-0.0434821470087661,12
"GSM8121901_athero_human_8.txt.gz","Plate_373s_H04","symptomatic","unassigned",-0.0142083227997155,12
"GSM8121901_athero_human_8.txt.gz","Plate_373s_H05","symptomatic","macrophage",-0.168440198830444,12
"GSM8121901_athero_human_8.txt.gz","Plate_373s_H06","symptomatic","macrophage",-0.209544389276744,12
"GSM8121901_athero_human_8.txt.gz","Plate_373s_H09","symptomatic","macrophage",-0.653868151684155,12
"GSM8121901_athero_human_8.txt.gz","Plate_373s_H10","symptomatic","macrophage",-0.666736769380644,12
"GSM8121901_athero_human_8.txt.gz","Plate_373s_H12","symptomatic","macrophage",-0.516031380610977,12
"GSM8121901_athero_human_8.txt.gz","Plate_373s_H13","symptomatic","macrophage",-0.273435947341937,12
"GSM8121901_athero_human_8.txt.gz","Plate_373s_H14","symptomatic","macrophage",-0.10525281175836,12
"GSM8121901_athero_human_8.txt.gz","Plate_373s_H16","symptomatic","macrophage",-0.478653051497751,12
"GSM8121901_athero_human_8.txt.gz","Plate_373s_H17","symptomatic","vsmc",-0.390171474432305,12
"GSM8121901_athero_human_8.txt.gz","Plate_373s_H18","symptomatic","b_cell",0.573722490694569,12
"GSM8121901_athero_human_8.txt.gz","Plate_373s_H23","symptomatic","macrophage",0.125972713573809,12
"GSM8121901_athero_human_8.txt.gz","Plate_373s_I01","symptomatic","macrophage",-0.354478649047219,12
"GSM8121901_athero_human_8.txt.gz","Plate_373s_I02","symptomatic","mast",0.68174826090019,12
"GSM8121901_athero_human_8.txt.gz","Plate_373s_I04","symptomatic","macrophage",0.168156863522467,12
"GSM8121901_athero_human_8.txt.gz","Plate_373s_I13","symptomatic","macrophage",0.254837346590472,12
"GSM8121901_athero_human_8.txt.gz","Plate_373s_I16","symptomatic","fibroblast",0.516910217964072,12
"GSM8121901_athero_human_8.txt.gz","Plate_373s_I17","symptomatic","fibroblast",0.910116412177474,12
"GSM8121901_athero_human_8.txt.gz","Plate_373s_I18","symptomatic","macrophage",-0.128606980890929,12
"GSM8121901_athero_human_8.txt.gz","Plate_373s_I20","symptomatic","macrophage",-0.0458022852943206,12
"GSM8121901_athero_human_8.txt.gz","Plate_373s_I23","symptomatic","macrophage",-0.205620977146511,12
"GSM8121901_athero_human_8.txt.gz","Plate_373s_I24","symptomatic","macrophage",0.141078426893704,12
"GSM8121901_athero_human_8.txt.gz","Plate_373s_J03","symptomatic","macrophage",-0.17927194296929,12
"GSM8121901_athero_human_8.txt.gz","Plate_373s_J06","symptomatic","unassigned",-0.197610600703842,12
"GSM8121901_athero_human_8.txt.gz","Plate_373s_J07","symptomatic","unassigned",0.0560285644282479,12
"GSM8121901_athero_human_8.txt.gz","Plate_373s_J08","symptomatic","unassigned",0.852466952855291,12
"GSM8121901_athero_human_8.txt.gz","Plate_373s_J10","symptomatic","vsmc",0.197910674017304,12
"GSM8121901_athero_human_8.txt.gz","Plate_373s_J12","symptomatic","fibroblast",0.0993886813704618,12
"GSM8121901_athero_human_8.txt.gz","Plate_373s_J13","symptomatic","t_nk",0.0597154265852277,12
"GSM8121901_athero_human_8.txt.gz","Plate_373s_J14","symptomatic","macrophage",-0.391647803435279,12
"GSM8121901_athero_human_8.txt.gz","Plate_373s_J15","symptomatic","fibroblast",0.193731367977231,12
"GSM8121901_athero_human_8.txt.gz","Plate_373s_J18","symptomatic","macrophage",-0.192882578830406,12
"GSM8121901_athero_human_8.txt.gz","Plate_373s_J19","symptomatic","macrophage",-0.321903683198677,12
"GSM8121901_athero_human_8.txt.gz","Plate_373s_J22","symptomatic","fibroblast",0.135483814196266,12
"GSM8121901_athero_human_8.txt.gz","Plate_373s_J23","symptomatic","unassigned",0.0136092822154789,12
"GSM8121901_athero_human_8.txt.gz","Plate_373s_J24","symptomatic","macrophage",-0.175090025307502,12
"GSM8121901_athero_human_8.txt.gz","Plate_373s_K03","symptomatic","macrophage",0.00767968532846874,12
"GSM8121901_athero_human_8.txt.gz","Plate_373s_K07","symptomatic","mast",0.180369740519446,12
"GSM8121901_athero_human_8.txt.gz","Plate_373s_K08","symptomatic","endothelial",-0.0426014192825648,12
"GSM8121901_athero_human_8.txt.gz","Plate_373s_K09","symptomatic","endothelial",0.391151506937684,12
"GSM8121901_athero_human_8.txt.gz","Plate_373s_K10","symptomatic","fibroblast",0.579231187308309,12
"GSM8121901_athero_human_8.txt.gz","Plate_373s_K12","symptomatic","mast",0.469119693247702,12
"GSM8121901_athero_human_8.txt.gz","Plate_373s_K13","symptomatic","unassigned",1.3799899978347,12
"GSM8121901_athero_human_8.txt.gz","Plate_373s_K14","symptomatic","macrophage",-0.273882854294321,12
"GSM8121901_athero_human_8.txt.gz","Plate_373s_K18","symptomatic","t_nk",-0.0197285612292787,12
"GSM8121901_athero_human_8.txt.gz","Plate_373s_K19","symptomatic","endothelial",-0.460649999998518,12
"GSM8121901_athero_human_8.txt.gz","Plate_373s_K23","symptomatic","macrophage",-0.173206986023288,12
"GSM8121901_athero_human_8.txt.gz","Plate_373s_K24","symptomatic","mast",0.244041113256833,12
"GSM8121901_athero_human_8.txt.gz","Plate_373s_L01","symptomatic","fibroblast",-0.0228442748775165,12
"GSM8121901_athero_human_8.txt.gz","Plate_373s_L03","symptomatic","macrophage",-0.454317347070798,12
"GSM8121901_athero_human_8.txt.gz","Plate_373s_L04","symptomatic","macrophage",-0.207587120494436,12
"GSM8121901_athero_human_8.txt.gz","Plate_373s_L06","symptomatic","fibroblast",-0.350571033943239,12
"GSM8121901_athero_human_8.txt.gz","Plate_373s_L08","symptomatic","unassigned",-0.324054268478748,12
"GSM8121901_athero_human_8.txt.gz","Plate_373s_L09","symptomatic","fibroblast",0.399881002896371,12
"GSM8121901_athero_human_8.txt.gz","Plate_373s_L10","symptomatic","macrophage",-0.491582133612602,12
"GSM8121901_athero_human_8.txt.gz","Plate_373s_L13","symptomatic","macrophage",0.18366065833619,12
"GSM8121901_athero_human_8.txt.gz","Plate_373s_L14","symptomatic","macrophage",0.179686104893166,12
"GSM8121901_athero_human_8.txt.gz","Plate_373s_L15","symptomatic","macrophage",-0.220829295259253,12
"GSM8121901_athero_human_8.txt.gz","Plate_373s_L16","symptomatic","fibroblast",0.15173237801802,12
"GSM8121901_athero_human_8.txt.gz","Plate_373s_L17","symptomatic","fibroblast",0.271690503461279,12
"GSM8121901_athero_human_8.txt.gz","Plate_373s_L18","symptomatic","macrophage",-0.0449924691581601,12
"GSM8121901_athero_human_8.txt.gz","Plate_373s_L19","symptomatic","macrophage",-0.0368924585821245,12
"GSM8121901_athero_human_8.txt.gz","Plate_373s_L21","symptomatic","macrophage",0.314181034486889,12
"GSM8121901_athero_human_8.txt.gz","Plate_373s_L22","symptomatic","fibroblast",0.952332996524484,12
"GSM8121901_athero_human_8.txt.gz","Plate_373s_L23","symptomatic","fibroblast",1.20500048950623,12
"GSM8121901_athero_human_8.txt.gz","Plate_373s_L24","symptomatic","macrophage",-0.294136834189301,12
"GSM8121901_athero_human_8.txt.gz","Plate_373s_M01","symptomatic","unassigned",0.128717864958729,12
"GSM8121901_athero_human_8.txt.gz","Plate_373s_M02","symptomatic","macrophage",0.147730670843556,12
"GSM8121901_athero_human_8.txt.gz","Plate_373s_M03","symptomatic","fibroblast",-0.123088334685464,12
"GSM8121901_athero_human_8.txt.gz","Plate_373s_M05","symptomatic","fibroblast",0.252844966233968,12
"GSM8121901_athero_human_8.txt.gz","Plate_373s_M06","symptomatic","macrophage",0.317843913654561,12
"GSM8121901_athero_human_8.txt.gz","Plate_373s_M11","symptomatic","b_cell",0.339858070477747,12
"GSM8121901_athero_human_8.txt.gz","Plate_373s_M15","symptomatic","unassigned",0.07394755345377,12
"GSM8121901_athero_human_8.txt.gz","Plate_373s_M16","symptomatic","unassigned",-0.0807786053096835,12
"GSM8121901_athero_human_8.txt.gz","Plate_373s_M20","symptomatic","fibroblast",0.225819078147673,12
"GSM8121901_athero_human_8.txt.gz","Plate_373s_M22","symptomatic","macrophage",-0.154499137960645,12
"GSM8121901_athero_human_8.txt.gz","Plate_373s_M23","symptomatic","macrophage",-0.347579999844733,12
"GSM8121901_athero_human_8.txt.gz","Plate_373s_M24","symptomatic","mast",-0.401233041473142,12
"GSM8121901_athero_human_8.txt.gz","Plate_373s_N01","symptomatic","macrophage",-0.0326599917097333,12
"GSM8121901_athero_human_8.txt.gz","Plate_373s_N02","symptomatic","macrophage",-0.519829083961837,12
"GSM8121901_athero_human_8.txt.gz","Plate_373s_N04","symptomatic","macrophage",0.210180433815062,12
"GSM8121901_athero_human_8.txt.gz","Plate_373s_N07","symptomatic","unassigned",-0.353188650842673,12
"GSM8121901_athero_human_8.txt.gz","Plate_373s_N08","symptomatic","t_nk",0.221449740191453,12
"GSM8121901_athero_human_8.txt.gz","Plate_373s_N10","symptomatic","macrophage",-0.416328536428743,12
"GSM8121901_athero_human_8.txt.gz","Plate_373s_N12","symptomatic","unassigned",-0.406395504778683,12
"GSM8121901_athero_human_8.txt.gz","Plate_373s_N13","symptomatic","macrophage",-0.270565026213454,12
"GSM8121901_athero_human_8.txt.gz","Plate_373s_N14","symptomatic","macrophage",0.78337399558233,12
"GSM8121901_athero_human_8.txt.gz","Plate_373s_N16","symptomatic","unassigned",-0.258106687229208,12
"GSM8121901_athero_human_8.txt.gz","Plate_373s_N18","symptomatic","b_cell",-0.455446874911539,12
"GSM8121901_athero_human_8.txt.gz","Plate_373s_N19","symptomatic","fibroblast",0.338409753117356,12
"GSM8121901_athero_human_8.txt.gz","Plate_373s_N20","symptomatic","macrophage",-0.476561657552566,12
"GSM8121901_athero_human_8.txt.gz","Plate_373s_N21","symptomatic","macrophage",1.09249565782905,12
"GSM8121901_athero_human_8.txt.gz","Plate_373s_N22","symptomatic","macrophage",0.336910619598369,12
"GSM8121901_athero_human_8.txt.gz","Plate_373s_N23","symptomatic","macrophage",-0.18974977827752,12
"GSM8121901_athero_human_8.txt.gz","Plate_373s_O01","symptomatic","macrophage",-0.205592503277657,12
"GSM8121901_athero_human_8.txt.gz","Plate_373s_O04","symptomatic","vsmc",-0.342964812165578,12
"GSM8121901_athero_human_8.txt.gz","Plate_373s_O05","symptomatic","vsmc",0.132564554452822,12
"GSM8121901_athero_human_8.txt.gz","Plate_373s_O07","symptomatic","b_cell",-0.0403647156408197,12
"GSM8121901_athero_human_8.txt.gz","Plate_373s_O08","symptomatic","unassigned",0.0454907860004579,12
"GSM8121901_athero_human_8.txt.gz","Plate_373s_O09","symptomatic","vsmc",-0.311474422732228,12
"GSM8121901_athero_human_8.txt.gz","Plate_373s_O10","symptomatic","vsmc",0.160308223645446,12
"GSM8121901_athero_human_8.txt.gz","Plate_373s_O11","symptomatic","unassigned",0.256015524924175,12
"GSM8121901_athero_human_8.txt.gz","Plate_373s_O12","symptomatic","macrophage",-0.286498715946139,12
"GSM8121901_athero_human_8.txt.gz","Plate_373s_O15","symptomatic","fibroblast",0.221188594698388,12
"GSM8121901_athero_human_8.txt.gz","Plate_373s_O16","symptomatic","vsmc",0.338825252779079,12
"GSM8121901_athero_human_8.txt.gz","Plate_373s_O17","symptomatic","macrophage",-0.280147842420559,12
"GSM8121901_athero_human_8.txt.gz","Plate_373s_O19","symptomatic","t_nk",0.140251314475025,12
"GSM8121901_athero_human_8.txt.gz","Plate_373s_O20","symptomatic","vsmc",-0.528076987904868,12
"GSM8121901_athero_human_8.txt.gz","Plate_373s_O22","symptomatic","fibroblast",0.0786271725642074,12
"GSM8121901_athero_human_8.txt.gz","Plate_373s_O23","symptomatic","macrophage",-0.318554856948612,12
"GSM8121901_athero_human_8.txt.gz","Plate_373s_P02","symptomatic","mast",-0.182932509073858,12
"GSM8121901_athero_human_8.txt.gz","Plate_373s_P05","symptomatic","macrophage",-0.155983590947763,12
"GSM8121901_athero_human_8.txt.gz","Plate_373s_P06","symptomatic","macrophage",-0.322754074999747,12
"GSM8121901_athero_human_8.txt.gz","Plate_373s_P09","symptomatic","unassigned",-0.385063569956789,12
"GSM8121901_athero_human_8.txt.gz","Plate_373s_P14","symptomatic","macrophage",-0.334402404749355,12
"GSM8121901_athero_human_8.txt.gz","Plate_373s_P15","symptomatic","unassigned",0.597709624606473,12
"GSM8121901_athero_human_8.txt.gz","Plate_373s_P16","symptomatic","macrophage",0.456931662867843,12
"GSM8121901_athero_human_8.txt.gz","Plate_373s_P17","symptomatic","t_nk",0.271523032927245,12
"GSM8121901_athero_human_8.txt.gz","Plate_373s_P18","symptomatic","macrophage",-0.063059965628398,12
"GSM8121901_athero_human_8.txt.gz","Plate_373s_P19","symptomatic","endothelial",0.356147518604482,12
"GSM8121901_athero_human_8.txt.gz","Plate_373s_P21","symptomatic","endothelial",-0.136674788563589,12
"GSM8121902_athero_human_9.txt.gz","Plate_1076s_A01","asymptomatic","fibroblast",0.553444889628303,12
"GSM8121902_athero_human_9.txt.gz","Plate_1076s_A02","asymptomatic","vsmc",-0.607404406749881,12
"GSM8121902_athero_human_9.txt.gz","Plate_1076s_A03","asymptomatic","macrophage",-0.149410438685617,12
"GSM8121902_athero_human_9.txt.gz","Plate_1076s_A04","asymptomatic","macrophage",-0.151630517723992,12
"GSM8121902_athero_human_9.txt.gz","Plate_1076s_A05","asymptomatic","unassigned",0.546596636615345,12
"GSM8121902_athero_human_9.txt.gz","Plate_1076s_A07","asymptomatic","b_cell",-0.0416470228225903,12
"GSM8121902_athero_human_9.txt.gz","Plate_1076s_A09","asymptomatic","unassigned",0.343924391922647,12
"GSM8121902_athero_human_9.txt.gz","Plate_1076s_A10","asymptomatic","t_nk",1.14091588398102,12
"GSM8121902_athero_human_9.txt.gz","Plate_1076s_A11","asymptomatic","vsmc",0.0387620654670563,12
"GSM8121902_athero_human_9.txt.gz","Plate_1076s_A12","asymptomatic","b_cell",-0.295011175868026,12
"GSM8121902_athero_human_9.txt.gz","Plate_1076s_B01","asymptomatic","unassigned",-0.244351092291242,12
"GSM8121902_athero_human_9.txt.gz","Plate_1076s_B02","asymptomatic","unassigned",0.0874924603276506,12
"GSM8121902_athero_human_9.txt.gz","Plate_1076s_B03","asymptomatic","unassigned",1.19294138100452,12
"GSM8121902_athero_human_9.txt.gz","Plate_1076s_B05","asymptomatic","t_nk",0.293289364107378,12
"GSM8121902_athero_human_9.txt.gz","Plate_1076s_B06","asymptomatic","macrophage",0.322311755742957,12
"GSM8121902_athero_human_9.txt.gz","Plate_1076s_B07","asymptomatic","macrophage",0.247414197615313,12
"GSM8121902_athero_human_9.txt.gz","Plate_1076s_B08","asymptomatic","unassigned",-0.247372596179269,12
"GSM8121902_athero_human_9.txt.gz","Plate_1076s_B09","asymptomatic","fibroblast",0.64669667647827,12
"GSM8121902_athero_human_9.txt.gz","Plate_1076s_B10","asymptomatic","unassigned",0.00311359707319321,12
"GSM8121902_athero_human_9.txt.gz","Plate_1076s_B12","asymptomatic","macrophage",-0.221496576222153,12
"GSM8121902_athero_human_9.txt.gz","Plate_1076s_C01","asymptomatic","macrophage",-0.293224892214295,12
"GSM8121902_athero_human_9.txt.gz","Plate_1076s_C03","asymptomatic","macrophage",-0.458680226540523,12
"GSM8121902_athero_human_9.txt.gz","Plate_1076s_C06","asymptomatic","unassigned",-0.436379615100433,12
"GSM8121902_athero_human_9.txt.gz","Plate_1076s_C07","asymptomatic","macrophage",-0.224331528445118,12
"GSM8121902_athero_human_9.txt.gz","Plate_1076s_C08","asymptomatic","endothelial",-0.236443996956591,12
"GSM8121902_athero_human_9.txt.gz","Plate_1076s_C09","asymptomatic","unassigned",0.234510503358467,12
"GSM8121902_athero_human_9.txt.gz","Plate_1076s_C10","asymptomatic","macrophage",-0.568625730317049,12
"GSM8121902_athero_human_9.txt.gz","Plate_1076s_C11","asymptomatic","unassigned",0.325341406934747,12
"GSM8121902_athero_human_9.txt.gz","Plate_1076s_D04","asymptomatic","t_nk",-0.528135910260957,12
"GSM8121902_athero_human_9.txt.gz","Plate_1076s_D05","asymptomatic","macrophage",0.256296571838865,12
"GSM8121902_athero_human_9.txt.gz","Plate_1076s_D07","asymptomatic","macrophage",-0.709154179212326,12
"GSM8121902_athero_human_9.txt.gz","Plate_1076s_D08","asymptomatic","fibroblast",-0.2621767669257,12
"GSM8121902_athero_human_9.txt.gz","Plate_1076s_D09","asymptomatic","vsmc",-0.464674705332457,12
"GSM8121902_athero_human_9.txt.gz","Plate_1076s_D10","asymptomatic","unassigned",-0.156896968907308,12
"GSM8121902_athero_human_9.txt.gz","Plate_1076s_D11","asymptomatic","macrophage",-0.414904626949446,12
"GSM8121902_athero_human_9.txt.gz","Plate_1076s_D12","asymptomatic","vsmc",-0.417867390641283,12
"GSM8121902_athero_human_9.txt.gz","Plate_1076s_E02","asymptomatic","macrophage",0.135686433599908,12
"GSM8121902_athero_human_9.txt.gz","Plate_1076s_E03","asymptomatic","macrophage",0.0808949286330147,12
"GSM8121902_athero_human_9.txt.gz","Plate_1076s_E04","asymptomatic","unassigned",0.296438409189327,12
"GSM8121902_athero_human_9.txt.gz","Plate_1076s_E05","asymptomatic","unassigned",0.663927881754071,12
"GSM8121902_athero_human_9.txt.gz","Plate_1076s_E07","asymptomatic","macrophage",-0.463459547384344,12
"GSM8121902_athero_human_9.txt.gz","Plate_1076s_E08","asymptomatic","macrophage",0.431455291383341,12
"GSM8121902_athero_human_9.txt.gz","Plate_1076s_E11","asymptomatic","unassigned",0.415385797210717,12
"GSM8121902_athero_human_9.txt.gz","Plate_1076s_E12","asymptomatic","vsmc",-0.35074047644327,12
"GSM8121902_athero_human_9.txt.gz","Plate_1076s_F02","asymptomatic","t_nk",0.659030291340406,12
"GSM8121902_athero_human_9.txt.gz","Plate_1076s_F06","asymptomatic","macrophage",-0.176195241591885,12
"GSM8121902_athero_human_9.txt.gz","Plate_1076s_F07","asymptomatic","macrophage",-0.133026075343421,12
"GSM8121902_athero_human_9.txt.gz","Plate_1076s_F08","asymptomatic","macrophage",-0.616228544058028,12
"GSM8121902_athero_human_9.txt.gz","Plate_1076s_F10","asymptomatic","t_nk",0.465320512476713,12
"GSM8121902_athero_human_9.txt.gz","Plate_1076s_F11","asymptomatic","macrophage",0.505677186764989,12
"GSM8121902_athero_human_9.txt.gz","Plate_1076s_F12","asymptomatic","macrophage",-0.68930747756616,12
"GSM8121902_athero_human_9.txt.gz","Plate_1076s_G01","asymptomatic","macrophage",-0.315118106666237,12
"GSM8121902_athero_human_9.txt.gz","Plate_1076s_G02","asymptomatic","endothelial",0.131919127785257,12
"GSM8121902_athero_human_9.txt.gz","Plate_1076s_G03","asymptomatic","unassigned",1.34758513455941,12
"GSM8121902_athero_human_9.txt.gz","Plate_1076s_G04","asymptomatic","fibroblast",-0.0263819260019936,12
"GSM8121902_athero_human_9.txt.gz","Plate_1076s_G05","asymptomatic","vsmc",-0.176045386676322,12
"GSM8121902_athero_human_9.txt.gz","Plate_1076s_G06","asymptomatic","macrophage",-0.220954202020108,12
"GSM8121902_athero_human_9.txt.gz","Plate_1076s_G07","asymptomatic","macrophage",0.240929500314094,12
"GSM8121902_athero_human_9.txt.gz","Plate_1076s_G11","asymptomatic","vsmc",-0.350208274560473,12
"GSM8121902_athero_human_9.txt.gz","Plate_1076s_G15","asymptomatic","macrophage",-0.487220313766307,12
"GSM8121902_athero_human_9.txt.gz","Plate_1076s_G18","asymptomatic","fibroblast",0.0949079210991753,12
"GSM8121902_athero_human_9.txt.gz","Plate_1076s_G19","asymptomatic","vsmc",-0.614485702229154,12
"GSM8121902_athero_human_9.txt.gz","Plate_1076s_G20","asymptomatic","t_nk",0.409397118804924,12
"GSM8121902_athero_human_9.txt.gz","Plate_1076s_G22","asymptomatic","macrophage",-0.511249911220897,12
"GSM8121902_athero_human_9.txt.gz","Plate_1076s_H01","asymptomatic","macrophage",-0.0707199289069371,12
"GSM8121902_athero_human_9.txt.gz","Plate_1076s_H02","asymptomatic","unassigned",-0.312210193135968,12
"GSM8121902_athero_human_9.txt.gz","Plate_1076s_H03","asymptomatic","unassigned",0.723584691222459,12
"GSM8121902_athero_human_9.txt.gz","Plate_1076s_H04","asymptomatic","mast",-0.50475369220697,12
"GSM8121902_athero_human_9.txt.gz","Plate_1076s_H05","asymptomatic","macrophage",-0.366050426830973,12
"GSM8121902_athero_human_9.txt.gz","Plate_1076s_H07","asymptomatic","macrophage",-0.182495333965247,12
"GSM8121902_athero_human_9.txt.gz","Plate_1076s_H08","asymptomatic","macrophage",-0.37561059996244,12
"GSM8121902_athero_human_9.txt.gz","Plate_1076s_H09","asymptomatic","mast",0.929842576565157,12
"GSM8121902_athero_human_9.txt.gz","Plate_1076s_H10","asymptomatic","endothelial",0.167612529264962,12
"GSM8121902_athero_human_9.txt.gz","Plate_1076s_H11","asymptomatic","macrophage",-0.243199133339398,12
"GSM8121902_athero_human_9.txt.gz","Plate_1076s_H12","asymptomatic","macrophage",0.086469884410447,12
"GSM8121902_athero_human_9.txt.gz","Plate_1076s_H13","asymptomatic","macrophage",0.046460845180456,12
"GSM8121902_athero_human_9.txt.gz","Plate_1076s_H14","asymptomatic","vsmc",0.286242815249604,12
"GSM8121902_athero_human_9.txt.gz","Plate_1076s_H15","asymptomatic","macrophage",-0.435570900636598,12
"GSM8121902_athero_human_9.txt.gz","Plate_1076s_H16","asymptomatic","macrophage",-0.0919430156842126,12
"GSM8121902_athero_human_9.txt.gz","Plate_1076s_H17","asymptomatic","vsmc",-0.398796928069433,12
"GSM8121902_athero_human_9.txt.gz","Plate_1076s_H19","asymptomatic","unassigned",0.754715518376553,12
"GSM8121902_athero_human_9.txt.gz","Plate_1076s_H20","asymptomatic","macrophage",-0.423502701085371,12
"GSM8121902_athero_human_9.txt.gz","Plate_1076s_H22","asymptomatic","macrophage",0.249997373055149,12
"GSM8121902_athero_human_9.txt.gz","Plate_1076s_H23","asymptomatic","unassigned",-0.00723138548255133,12
"GSM8121902_athero_human_9.txt.gz","Plate_1076s_I01","asymptomatic","macrophage",-0.15631514908121,12
"GSM8121902_athero_human_9.txt.gz","Plate_1076s_I02","asymptomatic","macrophage",-0.333942104401959,12
"GSM8121902_athero_human_9.txt.gz","Plate_1076s_I03","asymptomatic","t_nk",-0.275826479239352,12
"GSM8121902_athero_human_9.txt.gz","Plate_1076s_I04","asymptomatic","unassigned",0.278816297304223,12
"GSM8121902_athero_human_9.txt.gz","Plate_1076s_I05","asymptomatic","macrophage",-0.239999678470127,12
"GSM8121902_athero_human_9.txt.gz","Plate_1076s_I06","asymptomatic","macrophage",-0.179260710577341,12
"GSM8121902_athero_human_9.txt.gz","Plate_1076s_I07","asymptomatic","macrophage",0.0628609051633885,12
"GSM8121902_athero_human_9.txt.gz","Plate_1076s_I08","asymptomatic","unassigned",0.49800894182341,12
"GSM8121902_athero_human_9.txt.gz","Plate_1076s_I10","asymptomatic","macrophage",-0.0193680120029228,12
"GSM8121902_athero_human_9.txt.gz","Plate_1076s_I12","asymptomatic","unassigned",0.0540018497228316,12
"GSM8121902_athero_human_9.txt.gz","Plate_1076s_I13","asymptomatic","macrophage",-0.575976160007361,12
"GSM8121902_athero_human_9.txt.gz","Plate_1076s_I15","asymptomatic","unassigned",0.177277536053894,12
"GSM8121902_athero_human_9.txt.gz","Plate_1076s_I17","asymptomatic","t_nk",0.248253614955819,12
"GSM8121902_athero_human_9.txt.gz","Plate_1076s_I18","asymptomatic","fibroblast",0.448788927777712,12
"GSM8121902_athero_human_9.txt.gz","Plate_1076s_I20","asymptomatic","macrophage",-0.379181120847198,12
"GSM8121902_athero_human_9.txt.gz","Plate_1076s_I21","asymptomatic","unassigned",0.443455487784255,12
"GSM8121902_athero_human_9.txt.gz","Plate_1076s_I22","asymptomatic","fibroblast",-0.157912474359942,12
"GSM8121902_athero_human_9.txt.gz","Plate_1076s_I23","asymptomatic","unassigned",-0.391520102828237,12
"GSM8121902_athero_human_9.txt.gz","Plate_1076s_I24","asymptomatic","macrophage",-0.238637502913919,12
"GSM8121902_athero_human_9.txt.gz","Plate_1076s_J02","asymptomatic","unassigned",1.08359408712729,12
"GSM8121902_athero_human_9.txt.gz","Plate_1076s_J03","asymptomatic","fibroblast",0.325637383686999,12
"GSM8121902_athero_human_9.txt.gz","Plate_1076s_J05","asymptomatic","macrophage",-0.292340529296457,12
"GSM8121902_athero_human_9.txt.gz","Plate_1076s_J07","asymptomatic","macrophage",-0.208662818982298,12
"GSM8121902_athero_human_9.txt.gz","Plate_1076s_J08","asymptomatic","macrophage",-0.467794783495572,12
"GSM8121902_athero_human_9.txt.gz","Plate_1076s_J09","asymptomatic","macrophage",-0.2780737398221,12
"GSM8121902_athero_human_9.txt.gz","Plate_1076s_J11","asymptomatic","vsmc",0.0381621407872026,12
"GSM8121902_athero_human_9.txt.gz","Plate_1076s_J12","asymptomatic","t_nk",-0.565328207344673,12
"GSM8121902_athero_human_9.txt.gz","Plate_1076s_J13","asymptomatic","macrophage",-0.23322617145387,12
"GSM8121902_athero_human_9.txt.gz","Plate_1076s_J15","asymptomatic","vsmc",-0.14035259064662,12
"GSM8121902_athero_human_9.txt.gz","Plate_1076s_J16","asymptomatic","mast",-0.384909716795809,12
"GSM8121902_athero_human_9.txt.gz","Plate_1076s_J19","asymptomatic","b_cell",-0.410241574641347,12
"GSM8121902_athero_human_9.txt.gz","Plate_1076s_J20","asymptomatic","vsmc",-0.601398797427593,12
"GSM8121902_athero_human_9.txt.gz","Plate_1076s_J21","asymptomatic","vsmc",-0.739199092035321,12
"GSM8121902_athero_human_9.txt.gz","Plate_1076s_J22","asymptomatic","macrophage",-0.0141088093785418,12
"GSM8121902_athero_human_9.txt.gz","Plate_1076s_K01","asymptomatic","macrophage",0.120020609463212,12
"GSM8121902_athero_human_9.txt.gz","Plate_1076s_K02","asymptomatic","macrophage",0.240677900593437,12
"GSM8121902_athero_human_9.txt.gz","Plate_1076s_K03","asymptomatic","unassigned",-0.405844658202101,12
"GSM8121902_athero_human_9.txt.gz","Plate_1076s_K04","asymptomatic","mast",0.76427615568469,12
"GSM8121902_athero_human_9.txt.gz","Plate_1076s_K05","asymptomatic","macrophage",0.0565810084152145,12
"GSM8121902_athero_human_9.txt.gz","Plate_1076s_K08","asymptomatic","vsmc",-0.412043269820522,12
"GSM8121902_athero_human_9.txt.gz","Plate_1076s_K09","asymptomatic","mast",-0.154469420201549,12
"GSM8121902_athero_human_9.txt.gz","Plate_1076s_K10","asymptomatic","macrophage",-0.216355234268019,12
"GSM8121902_athero_human_9.txt.gz","Plate_1076s_K11","asymptomatic","unassigned",-0.0683591666299033,12
"GSM8121902_athero_human_9.txt.gz","Plate_1076s_K12","asymptomatic","fibroblast",-0.257472946629991,12
"GSM8121902_athero_human_9.txt.gz","Plate_1076s_K13","asymptomatic","vsmc",-0.173984865372979,12
"GSM8121902_athero_human_9.txt.gz","Plate_1076s_K14","asymptomatic","unassigned",0.145453900319013,12
"GSM8121902_athero_human_9.txt.gz","Plate_1076s_K15","asymptomatic","mast",-0.298658731421928,12
"GSM8121902_athero_human_9.txt.gz","Plate_1076s_K16","asymptomatic","unassigned",-0.0977537096820511,12
"GSM8121902_athero_human_9.txt.gz","Plate_1076s_K17","asymptomatic","macrophage",-0.209610353377644,12
"GSM8121902_athero_human_9.txt.gz","Plate_1076s_K18","asymptomatic","macrophage",0.193765939485823,12
"GSM8121902_athero_human_9.txt.gz","Plate_1076s_K19","asymptomatic","fibroblast",0.109371827280812,12
"GSM8121902_athero_human_9.txt.gz","Plate_1076s_K20","asymptomatic","unassigned",-0.365936984576177,12
"GSM8121902_athero_human_9.txt.gz","Plate_1076s_K22","asymptomatic","mast",-0.419822636127539,12
"GSM8121902_athero_human_9.txt.gz","Plate_1076s_K23","asymptomatic","macrophage",-0.298085640853281,12
"GSM8121902_athero_human_9.txt.gz","Plate_1076s_K24","asymptomatic","unassigned",0.533187080025251,12
"GSM8121902_athero_human_9.txt.gz","Plate_1076s_L01","asymptomatic","unassigned",-0.360743642129567,12
"GSM8121902_athero_human_9.txt.gz","Plate_1076s_L02","asymptomatic","unassigned",-0.22600461052173,12
"GSM8121902_athero_human_9.txt.gz","Plate_1076s_L05","asymptomatic","macrophage",-0.208437258383914,12
"GSM8121902_athero_human_9.txt.gz","Plate_1076s_L06","asymptomatic","macrophage",-0.503537262647529,12
"GSM8121902_athero_human_9.txt.gz","Plate_1076s_L07","asymptomatic","t_nk",0.71613681567484,12
"GSM8121902_athero_human_9.txt.gz","Plate_1076s_L09","asymptomatic","macrophage",1.10662957545886,12
"GSM8121902_athero_human_9.txt.gz","Plate_1076s_L10","asymptomatic","macrophage",0.38529442829153,12
"GSM8121902_athero_human_9.txt.gz","Plate_1076s_L11","asymptomatic","t_nk",-0.0524737053465707,12
"GSM8121902_athero_human_9.txt.gz","Plate_1076s_L12","asymptomatic","macrophage",-0.0161035510360134,12
"GSM8121902_athero_human_9.txt.gz","Plate_1076s_L13","asymptomatic","vsmc",-0.55188029910533,12
"GSM8121902_athero_human_9.txt.gz","Plate_1076s_L15","asymptomatic","macrophage",-0.270298780302122,12
"GSM8121902_athero_human_9.txt.gz","Plate_1076s_L16","asymptomatic","macrophage",-0.190495400673131,12
"GSM8121902_athero_human_9.txt.gz","Plate_1076s_L17","asymptomatic","macrophage",0.415290701407334,12
"GSM8121902_athero_human_9.txt.gz","Plate_1076s_L18","asymptomatic","macrophage",0.186062845003401,12
"GSM8121902_athero_human_9.txt.gz","Plate_1076s_L19","asymptomatic","macrophage",-0.599998778000881,12
"GSM8121902_athero_human_9.txt.gz","Plate_1076s_L22","asymptomatic","macrophage",-0.39531231557687,12
"GSM8121902_athero_human_9.txt.gz","Plate_1076s_L24","asymptomatic","macrophage",-0.181095621691291,12
"GSM8121902_athero_human_9.txt.gz","Plate_1076s_M02","asymptomatic","unassigned",-0.284916045936229,12
"GSM8121902_athero_human_9.txt.gz","Plate_1076s_M03","asymptomatic","macrophage",0.712292099812961,12
"GSM8121902_athero_human_9.txt.gz","Plate_1076s_M04","asymptomatic","macrophage",-0.347226871317757,12
"GSM8121902_athero_human_9.txt.gz","Plate_1076s_M05","asymptomatic","macrophage",0.479104264150566,12
"GSM8121902_athero_human_9.txt.gz","Plate_1076s_M06","asymptomatic","vsmc",-0.285884052393768,12
"GSM8121902_athero_human_9.txt.gz","Plate_1076s_M08","asymptomatic","macrophage",-0.084597434128731,12
"GSM8121902_athero_human_9.txt.gz","Plate_1076s_M09","asymptomatic","macrophage",0.491938147627155,12
"GSM8121902_athero_human_9.txt.gz","Plate_1076s_M11","asymptomatic","macrophage",-0.557536721204691,12
"GSM8121902_athero_human_9.txt.gz","Plate_1076s_M12","asymptomatic","unassigned",0.576556706703043,12
"GSM8121902_athero_human_9.txt.gz","Plate_1076s_M13","asymptomatic","fibroblast",-0.0320851591369142,12
"GSM8121902_athero_human_9.txt.gz","Plate_1076s_M14","asymptomatic","macrophage",-0.562861866274289,12
"GSM8121902_athero_human_9.txt.gz","Plate_1076s_M15","asymptomatic","macrophage",-0.348061414000657,12
"GSM8121902_athero_human_9.txt.gz","Plate_1076s_M16","asymptomatic","t_nk",1.49493200248217,12
"GSM8121902_athero_human_9.txt.gz","Plate_1076s_M17","asymptomatic","vsmc",-0.347505570800151,12
"GSM8121902_athero_human_9.txt.gz","Plate_1076s_M18","asymptomatic","macrophage",-0.0849271612424574,12
"GSM8121902_athero_human_9.txt.gz","Plate_1076s_M19","asymptomatic","unassigned",0.378723773546985,12
"GSM8121902_athero_human_9.txt.gz","Plate_1076s_M21","asymptomatic","unassigned",-0.0416628114548215,12
"GSM8121902_athero_human_9.txt.gz","Plate_1076s_M22","asymptomatic","vsmc",-0.199322546334893,12
"GSM8121902_athero_human_9.txt.gz","Plate_1076s_M23","asymptomatic","vsmc",-0.387171100162892,12
"GSM8121902_athero_human_9.txt.gz","Plate_1076s_N01","asymptomatic","unassigned",-0.720006037165105,12
"GSM8121902_athero_human_9.txt.gz","Plate_1076s_N02","asymptomatic","t_nk",0.553412243064456,12
"GSM8121902_athero_human_9.txt.gz","Plate_1076s_N03","asymptomatic","t_nk",-0.419744648653161,12
"GSM8121902_athero_human_9.txt.gz","Plate_1076s_N04","asymptomatic","b_cell",-0.444818496816081,12
"GSM8121902_athero_human_9.txt.gz","Plate_1076s_N05","asymptomatic","fibroblast",-0.139357092001611,12
"GSM8121902_athero_human_9.txt.gz","Plate_1076s_N06","asymptomatic","vsmc",0.392943885823716,12
"GSM8121902_athero_human_9.txt.gz","Plate_1076s_N07","asymptomatic","macrophage",-0.622868131620305,12
"GSM8121902_athero_human_9.txt.gz","Plate_1076s_N08","asymptomatic","macrophage",-0.151425712208081,12
"GSM8121902_athero_human_9.txt.gz","Plate_1076s_N09","asymptomatic","vsmc",-0.618430290025242,12
"GSM8121902_athero_human_9.txt.gz","Plate_1076s_N10","asymptomatic","unassigned",-0.0196702538736045,12
"GSM8121902_athero_human_9.txt.gz","Plate_1076s_N12","asymptomatic","macrophage",0.056537314750215,12
"GSM8121902_athero_human_9.txt.gz","Plate_1076s_N13","asymptomatic","t_nk",-0.174983637631382,12
"GSM8121902_athero_human_9.txt.gz","Plate_1076s_N15","asymptomatic","fibroblast",0.454307481616032,12
"GSM8121902_athero_human_9.txt.gz","Plate_1076s_N16","asymptomatic","vsmc",-0.668692567992007,12
"GSM8121902_athero_human_9.txt.gz","Plate_1076s_N17","asymptomatic","vsmc",0.0963258439679413,12
"GSM8121902_athero_human_9.txt.gz","Plate_1076s_N19","asymptomatic","macrophage",-0.0345502455259549,12
"GSM8121902_athero_human_9.txt.gz","Plate_1076s_N21","asymptomatic","macrophage",-0.626687699918323,12
"GSM8121902_athero_human_9.txt.gz","Plate_1076s_N23","asymptomatic","macrophage",-0.615077412633793,12
"GSM8121902_athero_human_9.txt.gz","Plate_1076s_N24","asymptomatic","macrophage",-0.41693024720098,12
"GSM8121902_athero_human_9.txt.gz","Plate_1076s_O01","asymptomatic","vsmc",-0.185617696975608,12
"GSM8121902_athero_human_9.txt.gz","Plate_1076s_O02","asymptomatic","b_cell",0.410714538992853,12
"GSM8121902_athero_human_9.txt.gz","Plate_1076s_O03","asymptomatic","vsmc",-0.491150006365817,12
"GSM8121902_athero_human_9.txt.gz","Plate_1076s_O06","asymptomatic","unassigned",0.46934167307825,12
"GSM8121902_athero_human_9.txt.gz","Plate_1076s_O07","asymptomatic","fibroblast",0.210521152711226,12
"GSM8121902_athero_human_9.txt.gz","Plate_1076s_O08","asymptomatic","unassigned",-0.0671667303602152,12
"GSM8121902_athero_human_9.txt.gz","Plate_1076s_O09","asymptomatic","fibroblast",0.120622842168646,12
"GSM8121902_athero_human_9.txt.gz","Plate_1076s_O10","asymptomatic","unassigned",0.0136009641772396,12
"GSM8121902_athero_human_9.txt.gz","Plate_1076s_O11","asymptomatic","fibroblast",0.28996623160285,12
"GSM8121902_athero_human_9.txt.gz","Plate_1076s_O12","asymptomatic","macrophage",-0.451629090271241,12
"GSM8121902_athero_human_9.txt.gz","Plate_1076s_O13","asymptomatic","t_nk",0.463846082718856,12
"GSM8121902_athero_human_9.txt.gz","Plate_1076s_O14","asymptomatic","macrophage",-0.16879198342223,12
"GSM8121902_athero_human_9.txt.gz","Plate_1076s_O15","asymptomatic","endothelial",0.282716771385592,12
"GSM8121902_athero_human_9.txt.gz","Plate_1076s_O16","asymptomatic","unassigned",-0.223669593140574,12
"GSM8121902_athero_human_9.txt.gz","Plate_1076s_O18","asymptomatic","macrophage",-0.243204575350347,12
"GSM8121902_athero_human_9.txt.gz","Plate_1076s_O20","asymptomatic","macrophage",-0.273978552194985,12
"GSM8121902_athero_human_9.txt.gz","Plate_1076s_O21","asymptomatic","unassigned",0.388805176952049,12
"GSM8121902_athero_human_9.txt.gz","Plate_1076s_O22","asymptomatic","macrophage",-0.420476028788675,12
"GSM8121902_athero_human_9.txt.gz","Plate_1076s_O24","asymptomatic","fibroblast",-0.454848481410741,12
"GSM8121902_athero_human_9.txt.gz","Plate_1076s_P01","asymptomatic","t_nk",0.104453533598316,12
"GSM8121902_athero_human_9.txt.gz","Plate_1076s_P02","asymptomatic","macrophage",0.177510138935956,12
"GSM8121902_athero_human_9.txt.gz","Plate_1076s_P03","asymptomatic","vsmc",0.0806154927657508,12
"GSM8121902_athero_human_9.txt.gz","Plate_1076s_P04","asymptomatic","t_nk",0.480969256085479,12
"GSM8121902_athero_human_9.txt.gz","Plate_1076s_P07","asymptomatic","t_nk",-0.134561582169939,12
"GSM8121902_athero_human_9.txt.gz","Plate_1076s_P08","asymptomatic","t_nk",-0.1033940000243,12
"GSM8121902_athero_human_9.txt.gz","Plate_1076s_P09","asymptomatic","fibroblast",-0.365055157641672,12
"GSM8121902_athero_human_9.txt.gz","Plate_1076s_P10","asymptomatic","unassigned",0.815620046858305,12
"GSM8121902_athero_human_9.txt.gz","Plate_1076s_P11","asymptomatic","endothelial",-0.675075581542479,12
"GSM8121902_athero_human_9.txt.gz","Plate_1076s_P13","asymptomatic","unassigned",0.178304583998837,12
"GSM8121902_athero_human_9.txt.gz","Plate_1076s_P15","asymptomatic","endothelial",-0.0615197768236916,12
"GSM8121902_athero_human_9.txt.gz","Plate_1076s_P16","asymptomatic","unassigned",0.663646939926169,12
"GSM8121902_athero_human_9.txt.gz","Plate_1076s_P17","asymptomatic","macrophage",0.305080943843662,12
"GSM8121902_athero_human_9.txt.gz","Plate_1076s_P18","asymptomatic","macrophage",0.368855159076628,12
"GSM8121902_athero_human_9.txt.gz","Plate_1076s_P20","asymptomatic","macrophage",-0.2672880336996,12
"GSM8121902_athero_human_9.txt.gz","Plate_1076s_P21","asymptomatic","macrophage",-0.0158014462372694,12
"GSM8121902_athero_human_9.txt.gz","Plate_1076s_P22","asymptomatic","vsmc",-0.0642036872153199,12
"GSM8121902_athero_human_9.txt.gz","Plate_1082s_A09","asymptomatic","vsmc",-0.107925680050177,12
"GSM8121902_athero_human_9.txt.gz","Plate_1082s_A12","asymptomatic","macrophage",0.176503825169342,12
"GSM8121902_athero_human_9.txt.gz","Plate_1082s_A13","asymptomatic","vsmc",-0.399730197708061,12
"GSM8121902_athero_human_9.txt.gz","Plate_1082s_A16","asymptomatic","macrophage",0.550391379532093,12
"GSM8121902_athero_human_9.txt.gz","Plate_1082s_A17","asymptomatic","unassigned",0.906204567722297,12
"GSM8121902_athero_human_9.txt.gz","Plate_1082s_B02","asymptomatic","unassigned",-0.0226083710731739,12
"GSM8121902_athero_human_9.txt.gz","Plate_1082s_B03","asymptomatic","mast",0.284292121198982,12
"GSM8121902_athero_human_9.txt.gz","Plate_1082s_B04","asymptomatic","macrophage",0.106202160759495,12
"GSM8121902_athero_human_9.txt.gz","Plate_1082s_B05","asymptomatic","unassigned",0.540401737037372,12
"GSM8121902_athero_human_9.txt.gz","Plate_1082s_B06","asymptomatic","macrophage",-0.322190936793564,12
"GSM8121902_athero_human_9.txt.gz","Plate_1082s_B08","asymptomatic","unassigned",-0.228281764406431,12
"GSM8121902_athero_human_9.txt.gz","Plate_1082s_B09","asymptomatic","fibroblast",0.229245689794526,12
"GSM8121902_athero_human_9.txt.gz","Plate_1082s_B10","asymptomatic","macrophage",-0.267121561744864,12
"GSM8121902_athero_human_9.txt.gz","Plate_1082s_B11","asymptomatic","macrophage",-0.219621325535047,12
"GSM8121902_athero_human_9.txt.gz","Plate_1082s_B12","asymptomatic","macrophage",-0.393177707153966,12
"GSM8121902_athero_human_9.txt.gz","Plate_1082s_B13","asymptomatic","mast",0.0584726520766395,12
"GSM8121902_athero_human_9.txt.gz","Plate_1082s_B14","asymptomatic","vsmc",-0.134299304219543,12
"GSM8121902_athero_human_9.txt.gz","Plate_1082s_B15","asymptomatic","mast",-0.582329141879147,12
"GSM8121902_athero_human_9.txt.gz","Plate_1082s_B16","asymptomatic","macrophage",0.15421661623755,12
"GSM8121902_athero_human_9.txt.gz","Plate_1082s_B17","asymptomatic","mast",-0.0738597145470865,12
"GSM8121902_athero_human_9.txt.gz","Plate_1082s_B18","asymptomatic","unassigned",-0.0352171760181163,12
"GSM8121902_athero_human_9.txt.gz","Plate_1082s_B21","asymptomatic","mast",-0.720778625106036,12
"GSM8121902_athero_human_9.txt.gz","Plate_1082s_B23","asymptomatic","macrophage",-0.599570933855303,12
"GSM8121902_athero_human_9.txt.gz","Plate_1082s_C02","asymptomatic","fibroblast",0.404712429304434,12
"GSM8121902_athero_human_9.txt.gz","Plate_1082s_C03","asymptomatic","t_nk",-0.205294468149127,12
"GSM8121902_athero_human_9.txt.gz","Plate_1082s_C04","asymptomatic","macrophage",-0.0442158844670763,12
"GSM8121902_athero_human_9.txt.gz","Plate_1082s_C05","asymptomatic","macrophage",0.112992066357048,12
"GSM8121902_athero_human_9.txt.gz","Plate_1082s_C06","asymptomatic","macrophage",0.288467731813425,12
"GSM8121902_athero_human_9.txt.gz","Plate_1082s_C07","asymptomatic","macrophage",-0.381737173321549,12
"GSM8121902_athero_human_9.txt.gz","Plate_1082s_C08","asymptomatic","macrophage",1.02489228381021,12
"GSM8121902_athero_human_9.txt.gz","Plate_1082s_C10","asymptomatic","vsmc",0.0931533323894376,12
"GSM8121902_athero_human_9.txt.gz","Plate_1082s_C11","asymptomatic","macrophage",-0.555926616484887,12
"GSM8121902_athero_human_9.txt.gz","Plate_1082s_C12","asymptomatic","unassigned",0.44535762289074,12
"GSM8121902_athero_human_9.txt.gz","Plate_1082s_C13","asymptomatic","t_nk",-0.32116834485021,12
"GSM8121902_athero_human_9.txt.gz","Plate_1082s_C14","asymptomatic","macrophage",-0.0206604950692096,12
"GSM8121902_athero_human_9.txt.gz","Plate_1082s_C17","asymptomatic","macrophage",-0.0175601463533261,12
"GSM8121902_athero_human_9.txt.gz","Plate_1082s_C18","asymptomatic","macrophage",-0.519226498355746,12
"GSM8121902_athero_human_9.txt.gz","Plate_1082s_C19","asymptomatic","macrophage",-0.262876760065917,12
"GSM8121902_athero_human_9.txt.gz","Plate_1082s_C20","asymptomatic","macrophage",-0.32944550919399,12
"GSM8121902_athero_human_9.txt.gz","Plate_1082s_C21","asymptomatic","macrophage",-0.167376585582932,12
"GSM8121902_athero_human_9.txt.gz","Plate_1082s_C22","asymptomatic","macrophage",0.0419516841230877,12
"GSM8121902_athero_human_9.txt.gz","Plate_1082s_C23","asymptomatic","fibroblast",0.361612848391256,12
"GSM8121902_athero_human_9.txt.gz","Plate_1082s_D01","asymptomatic","t_nk",0.532449524289503,12
"GSM8121902_athero_human_9.txt.gz","Plate_1082s_D03","asymptomatic","macrophage",-0.489526856362713,12
"GSM8121902_athero_human_9.txt.gz","Plate_1082s_D04","asymptomatic","unassigned",-0.328019124673423,12
"GSM8121902_athero_human_9.txt.gz","Plate_1082s_D05","asymptomatic","t_nk",0.807579552893501,12
"GSM8121902_athero_human_9.txt.gz","Plate_1082s_D06","asymptomatic","macrophage",-0.441446465470898,12
"GSM8121902_athero_human_9.txt.gz","Plate_1082s_D07","asymptomatic","unassigned",-0.313288107846072,12
"GSM8121902_athero_human_9.txt.gz","Plate_1082s_D08","asymptomatic","unassigned",-0.174869382581068,12
"GSM8121902_athero_human_9.txt.gz","Plate_1082s_D09","asymptomatic","fibroblast",0.373630624958741,12
"GSM8121902_athero_human_9.txt.gz","Plate_1082s_D10","asymptomatic","macrophage",-0.227068767027712,12
"GSM8121902_athero_human_9.txt.gz","Plate_1082s_D11","asymptomatic","macrophage",0.418218363247518,12
"GSM8121902_athero_human_9.txt.gz","Plate_1082s_D14","asymptomatic","macrophage",-0.121305886514085,12
"GSM8121902_athero_human_9.txt.gz","Plate_1082s_D15","asymptomatic","fibroblast",0.130464569088388,12
"GSM8121902_athero_human_9.txt.gz","Plate_1082s_D17","asymptomatic","unassigned",-0.526416948863782,12
"GSM8121902_athero_human_9.txt.gz","Plate_1082s_D18","asymptomatic","macrophage",-0.393315841207148,12
"GSM8121902_athero_human_9.txt.gz","Plate_1082s_D19","asymptomatic","macrophage",-0.0347135416756192,12
"GSM8121902_athero_human_9.txt.gz","Plate_1082s_D20","asymptomatic","unassigned",-0.593478715396316,12
"GSM8121902_athero_human_9.txt.gz","Plate_1082s_D21","asymptomatic","macrophage",-0.350666016923677,12
"GSM8121902_athero_human_9.txt.gz","Plate_1082s_D22","asymptomatic","macrophage",-0.185173269553627,12
"GSM8121902_athero_human_9.txt.gz","Plate_1082s_D24","asymptomatic","macrophage",0.577061775678021,12
"GSM8121902_athero_human_9.txt.gz","Plate_1082s_E02","asymptomatic","mast",0.371674002175561,12
"GSM8121902_athero_human_9.txt.gz","Plate_1082s_E04","asymptomatic","unassigned",0.399194944395107,12
"GSM8121902_athero_human_9.txt.gz","Plate_1082s_E05","asymptomatic","vsmc",-0.104041822348415,12
"GSM8121902_athero_human_9.txt.gz","Plate_1082s_E06","asymptomatic","macrophage",-0.380159777037963,12
"GSM8121902_athero_human_9.txt.gz","Plate_1082s_E08","asymptomatic","macrophage",-0.0408313246510037,12
"GSM8121902_athero_human_9.txt.gz","Plate_1082s_E09","asymptomatic","unassigned",-0.128198677514266,12
"GSM8121902_athero_human_9.txt.gz","Plate_1082s_E10","asymptomatic","macrophage",-0.0563894586533736,12
"GSM8121902_athero_human_9.txt.gz","Plate_1082s_E11","asymptomatic","unassigned",-0.349736592046672,12
"GSM8121902_athero_human_9.txt.gz","Plate_1082s_E12","asymptomatic","fibroblast",-0.369897094034257,12
"GSM8121902_athero_human_9.txt.gz","Plate_1082s_E13","asymptomatic","unassigned",0.0627343558704248,12
"GSM8121902_athero_human_9.txt.gz","Plate_1082s_E14","asymptomatic","unassigned",0.0824159808448677,12
"GSM8121902_athero_human_9.txt.gz","Plate_1082s_E15","asymptomatic","macrophage",0.251820614591441,12
"GSM8121902_athero_human_9.txt.gz","Plate_1082s_E16","asymptomatic","endothelial",-0.375802098744202,12
"GSM8121902_athero_human_9.txt.gz","Plate_1082s_E17","asymptomatic","unassigned",-0.273972280464106,12
"GSM8121902_athero_human_9.txt.gz","Plate_1082s_E18","asymptomatic","t_nk",-0.234780242147624,12
"GSM8121902_athero_human_9.txt.gz","Plate_1082s_E19","asymptomatic","fibroblast",0.196253406795041,12
"GSM8121902_athero_human_9.txt.gz","Plate_1082s_E20","asymptomatic","fibroblast",-0.226322392688278,12
"GSM8121902_athero_human_9.txt.gz","Plate_1082s_E22","asymptomatic","fibroblast",0.245396796810699,12
"GSM8121902_athero_human_9.txt.gz","Plate_1082s_F02","asymptomatic","mast",-0.657509349303096,12
"GSM8121902_athero_human_9.txt.gz","Plate_1082s_F03","asymptomatic","macrophage",-0.0476436225422547,12
"GSM8121902_athero_human_9.txt.gz","Plate_1082s_F04","asymptomatic","macrophage",-0.179113347793861,12
"GSM8121902_athero_human_9.txt.gz","Plate_1082s_F07","asymptomatic","macrophage",-0.298011176023504,12
"GSM8121902_athero_human_9.txt.gz","Plate_1082s_F08","asymptomatic","unassigned",0.540420247864555,12
"GSM8121902_athero_human_9.txt.gz","Plate_1082s_F09","asymptomatic","t_nk",0.460602073850095,12
"GSM8121902_athero_human_9.txt.gz","Plate_1082s_F10","asymptomatic","macrophage",-0.16233010714592,12
"GSM8121902_athero_human_9.txt.gz","Plate_1082s_F11","asymptomatic","fibroblast",0.0259684309467291,12
"GSM8121902_athero_human_9.txt.gz","Plate_1082s_F12","asymptomatic","macrophage",-0.216990945103464,12
"GSM8121902_athero_human_9.txt.gz","Plate_1082s_F13","asymptomatic","macrophage",-0.202267632960048,12
"GSM8121902_athero_human_9.txt.gz","Plate_1082s_F15","asymptomatic","fibroblast",0.453790729101055,12
"GSM8121902_athero_human_9.txt.gz","Plate_1082s_F16","asymptomatic","macrophage",-0.393760654143453,12
"GSM8121902_athero_human_9.txt.gz","Plate_1082s_F17","asymptomatic","macrophage",-0.294025347779755,12
"GSM8121902_athero_human_9.txt.gz","Plate_1082s_F18","asymptomatic","macrophage",-0.190921147884681,12
"GSM8121902_athero_human_9.txt.gz","Plate_1082s_F19","asymptomatic","t_nk",0.0341618353166586,12
"GSM8121902_athero_human_9.txt.gz","Plate_1082s_F20","asymptomatic","macrophage",-0.0179537290459166,12
"GSM8121902_athero_human_9.txt.gz","Plate_1082s_F22","asymptomatic","unassigned",-0.293679987846061,12
"GSM8121902_athero_human_9.txt.gz","Plate_1082s_F23","asymptomatic","macrophage",-0.548698053790265,12
"GSM8121902_athero_human_9.txt.gz","Plate_1082s_G04","asymptomatic","macrophage",-0.621244165463402,12
"GSM8121902_athero_human_9.txt.gz","Plate_1082s_G05","asymptomatic","fibroblast",0.467162077356498,12
"GSM8121902_athero_human_9.txt.gz","Plate_1082s_G06","asymptomatic","macrophage",-0.366550081557905,12
"GSM8121902_athero_human_9.txt.gz","Plate_1082s_G07","asymptomatic","unassigned",0.0302259378157753,12
"GSM8121902_athero_human_9.txt.gz","Plate_1082s_G09","asymptomatic","macrophage",-0.179539820077504,12
"GSM8121902_athero_human_9.txt.gz","Plate_1082s_G11","asymptomatic","macrophage",-0.399218779775351,12
"GSM8121902_athero_human_9.txt.gz","Plate_1082s_G12","asymptomatic","macrophage",-0.385001158420783,12
"GSM8121902_athero_human_9.txt.gz","Plate_1082s_G13","asymptomatic","fibroblast",0.620340074434332,12
"GSM8121902_athero_human_9.txt.gz","Plate_1082s_G14","asymptomatic","vsmc",-0.261664138188955,12
"GSM8121902_athero_human_9.txt.gz","Plate_1082s_G15","asymptomatic","fibroblast",0.250590040306324,12
"GSM8121902_athero_human_9.txt.gz","Plate_1082s_G16","asymptomatic","unassigned",-0.491644174223918,12
"GSM8121902_athero_human_9.txt.gz","Plate_1082s_G17","asymptomatic","unassigned",-0.226236238525714,12
"GSM8121902_athero_human_9.txt.gz","Plate_1082s_G18","asymptomatic","macrophage",0.44300536548827,12
"GSM8121902_athero_human_9.txt.gz","Plate_1082s_G19","asymptomatic","unassigned",0.32956998541175,12
"GSM8121902_athero_human_9.txt.gz","Plate_1082s_G21","asymptomatic","fibroblast",-0.257642540427837,12
"GSM8121902_athero_human_9.txt.gz","Plate_1082s_G22","asymptomatic","unassigned",-0.492254478414884,12
"GSM8121902_athero_human_9.txt.gz","Plate_1082s_G23","asymptomatic","macrophage",-0.122265781490527,12
"GSM8121902_athero_human_9.txt.gz","Plate_1082s_H01","asymptomatic","unassigned",-0.189634842104564,12
"GSM8121902_athero_human_9.txt.gz","Plate_1082s_H02","asymptomatic","vsmc",-0.117279882453452,12
"GSM8121902_athero_human_9.txt.gz","Plate_1082s_H03","asymptomatic","unassigned",0.876964019301068,12
"GSM8121902_athero_human_9.txt.gz","Plate_1082s_H05","asymptomatic","macrophage",-0.39682124563891,12
"GSM8121902_athero_human_9.txt.gz","Plate_1082s_H06","asymptomatic","t_nk",-0.287071711402847,12
"GSM8121902_athero_human_9.txt.gz","Plate_1082s_H07","asymptomatic","unassigned",-0.435712336538076,12
"GSM8121902_athero_human_9.txt.gz","Plate_1082s_H08","asymptomatic","unassigned",0.539676514829792,12
"GSM8121902_athero_human_9.txt.gz","Plate_1082s_H10","asymptomatic","macrophage",-0.154748026267397,12
"GSM8121902_athero_human_9.txt.gz","Plate_1082s_H11","asymptomatic","unassigned",0.98047452729197,12
"GSM8121902_athero_human_9.txt.gz","Plate_1082s_H12","asymptomatic","macrophage",-0.270619418634479,12
"GSM8121902_athero_human_9.txt.gz","Plate_1082s_H13","asymptomatic","macrophage",0.223164572695392,12
"GSM8121902_athero_human_9.txt.gz","Plate_1082s_H14","asymptomatic","macrophage",-0.221129806376267,12
"GSM8121902_athero_human_9.txt.gz","Plate_1082s_H15","asymptomatic","unassigned",0.425373035783562,12
"GSM8121902_athero_human_9.txt.gz","Plate_1082s_H16","asymptomatic","vsmc",-0.469967512863561,12
"GSM8121902_athero_human_9.txt.gz","Plate_1082s_H17","asymptomatic","macrophage",-0.0146392454924108,12
"GSM8121902_athero_human_9.txt.gz","Plate_1082s_H18","asymptomatic","unassigned",-0.309438145266698,12
"GSM8121902_athero_human_9.txt.gz","Plate_1082s_H19","asymptomatic","macrophage",-0.289001614093209,12
"GSM8121902_athero_human_9.txt.gz","Plate_1082s_H20","asymptomatic","unassigned",0.507178501845772,12
"GSM8121902_athero_human_9.txt.gz","Plate_1082s_H21","asymptomatic","macrophage",0.146562945965687,12
"GSM8121902_athero_human_9.txt.gz","Plate_1082s_H22","asymptomatic","macrophage",-0.376087965868338,12
"GSM8121902_athero_human_9.txt.gz","Plate_1082s_H23","asymptomatic","macrophage",0.11000458936914,12
"GSM8121902_athero_human_9.txt.gz","Plate_1082s_I02","asymptomatic","unassigned",-0.410074499245766,12
"GSM8121902_athero_human_9.txt.gz","Plate_1082s_I03","asymptomatic","macrophage",0.158920036186954,12
"GSM8121902_athero_human_9.txt.gz","Plate_1082s_I04","asymptomatic","macrophage",-0.593031144622011,12
"GSM8121902_athero_human_9.txt.gz","Plate_1082s_I05","asymptomatic","unassigned",-0.293080832986567,12
"GSM8121902_athero_human_9.txt.gz","Plate_1082s_I07","asymptomatic","unassigned",-0.505390079454811,12
"GSM8121902_athero_human_9.txt.gz","Plate_1082s_I08","asymptomatic","macrophage",-0.311025787623152,12
"GSM8121902_athero_human_9.txt.gz","Plate_1082s_I09","asymptomatic","t_nk",0.0931393881833928,12
"GSM8121902_athero_human_9.txt.gz","Plate_1082s_I10","asymptomatic","endothelial",0.266063884264081,12
"GSM8121902_athero_human_9.txt.gz","Plate_1082s_I11","asymptomatic","vsmc",0.400690545670907,12
"GSM8121902_athero_human_9.txt.gz","Plate_1082s_I13","asymptomatic","macrophage",-0.216103041937139,12
"GSM8121902_athero_human_9.txt.gz","Plate_1082s_I14","asymptomatic","macrophage",-0.172903004349293,12
"GSM8121902_athero_human_9.txt.gz","Plate_1082s_I15","asymptomatic","macrophage",0.265207972790053,12
"GSM8121902_athero_human_9.txt.gz","Plate_1082s_I16","asymptomatic","t_nk",-0.584615521261904,12
"GSM8121902_athero_human_9.txt.gz","Plate_1082s_I17","asymptomatic","macrophage",-0.2572317011061,12
"GSM8121902_athero_human_9.txt.gz","Plate_1082s_I18","asymptomatic","fibroblast",0.0869627313199319,12
"GSM8121902_athero_human_9.txt.gz","Plate_1082s_I19","asymptomatic","vsmc",-0.567171292408894,12
"GSM8121902_athero_human_9.txt.gz","Plate_1082s_I20","asymptomatic","macrophage",-0.47984131726592,12
"GSM8121902_athero_human_9.txt.gz","Plate_1082s_I21","asymptomatic","macrophage",0.1811638901376,12
"GSM8121902_athero_human_9.txt.gz","Plate_1082s_I22","asymptomatic","macrophage",-0.646094260668108,12
"GSM8121902_athero_human_9.txt.gz","Plate_1082s_J02","asymptomatic","unassigned",0.435194179148037,12
"GSM8121902_athero_human_9.txt.gz","Plate_1082s_J03","asymptomatic","macrophage",-0.335280114560621,12
"GSM8121902_athero_human_9.txt.gz","Plate_1082s_J04","asymptomatic","unassigned",0.965547134993962,12
"GSM8121902_athero_human_9.txt.gz","Plate_1082s_J05","asymptomatic","fibroblast",0.622400441074016,12
"GSM8121902_athero_human_9.txt.gz","Plate_1082s_J06","asymptomatic","macrophage",-0.46481999622915,12
"GSM8121902_athero_human_9.txt.gz","Plate_1082s_J07","asymptomatic","macrophage",-0.228479145997303,12
"GSM8121902_athero_human_9.txt.gz","Plate_1082s_J08","asymptomatic","vsmc",-0.58350893526105,12
"GSM8121902_athero_human_9.txt.gz","Plate_1082s_J09","asymptomatic","unassigned",1.16800401960979,12
"GSM8121902_athero_human_9.txt.gz","Plate_1082s_J10","asymptomatic","macrophage",0.254010040413606,12
"GSM8121902_athero_human_9.txt.gz","Plate_1082s_J11","asymptomatic","macrophage",-0.197932614180338,12
"GSM8121902_athero_human_9.txt.gz","Plate_1082s_J12","asymptomatic","fibroblast",0.0381977225484637,12
"GSM8121902_athero_human_9.txt.gz","Plate_1082s_J13","asymptomatic","vsmc",0.187776967999318,12
"GSM8121902_athero_human_9.txt.gz","Plate_1082s_J15","asymptomatic","macrophage",0.00889382321905936,12
"GSM8121902_athero_human_9.txt.gz","Plate_1082s_J16","asymptomatic","macrophage",-0.191661936900985,12
"GSM8121902_athero_human_9.txt.gz","Plate_1082s_J17","asymptomatic","vsmc",0.0489117633792936,12
"GSM8121902_athero_human_9.txt.gz","Plate_1082s_J18","asymptomatic","vsmc",-0.0801406310783387,12
"GSM8121902_athero_human_9.txt.gz","Plate_1082s_J19","asymptomatic","macrophage",-0.552490105626046,12
"GSM8121902_athero_human_9.txt.gz","Plate_1082s_J20","asymptomatic","unassigned",-0.638370508370704,12
"GSM8121902_athero_human_9.txt.gz","Plate_1082s_J21","asymptomatic","t_nk",0.252527590367045,12
"GSM8121902_athero_human_9.txt.gz","Plate_1082s_J22","asymptomatic","fibroblast",0.621522822154866,12
"GSM8121902_athero_human_9.txt.gz","Plate_1082s_J23","asymptomatic","unassigned",1.15297151165457,12
"GSM8121902_athero_human_9.txt.gz","Plate_1082s_K02","asymptomatic","macrophage",-0.000998378482482305,12
"GSM8121902_athero_human_9.txt.gz","Plate_1082s_K05","asymptomatic","macrophage",0.178623343961073,12
"GSM8121902_athero_human_9.txt.gz","Plate_1082s_K06","asymptomatic","fibroblast",0.252693099393367,12
"GSM8121902_athero_human_9.txt.gz","Plate_1082s_K07","asymptomatic","macrophage",-0.352721937419192,12
"GSM8121902_athero_human_9.txt.gz","Plate_1082s_K09","asymptomatic","unassigned",0.607346357217996,12
"GSM8121902_athero_human_9.txt.gz","Plate_1082s_K10","asymptomatic","t_nk",0.300010763215485,12
"GSM8121902_athero_human_9.txt.gz","Plate_1082s_K11","asymptomatic","macrophage",0.306216514894483,12
"GSM8121902_athero_human_9.txt.gz","Plate_1082s_K13","asymptomatic","unassigned",-0.0154285291482034,12
"GSM8121902_athero_human_9.txt.gz","Plate_1082s_K14","asymptomatic","macrophage",-0.394061985313541,12
"GSM8121902_athero_human_9.txt.gz","Plate_1082s_K15","asymptomatic","macrophage",0.278783264061917,12
"GSM8121902_athero_human_9.txt.gz","Plate_1082s_K16","asymptomatic","t_nk",1.01937063266954,12
"GSM8121902_athero_human_9.txt.gz","Plate_1082s_K17","asymptomatic","macrophage",-0.495693829467875,12
"GSM8121902_athero_human_9.txt.gz","Plate_1082s_K18","asymptomatic","t_nk",0.374164895728167,12
"GSM8121902_athero_human_9.txt.gz","Plate_1082s_K19","asymptomatic","unassigned",-0.53011452283557,12
"GSM8121902_athero_human_9.txt.gz","Plate_1082s_K20","asymptomatic","vsmc",-0.133570197663847,12
"GSM8121902_athero_human_9.txt.gz","Plate_1082s_K21","asymptomatic","vsmc",0.0647035125335924,12
"GSM8121902_athero_human_9.txt.gz","Plate_1082s_L01","asymptomatic","t_nk",0.585466958812544,12
"GSM8121902_athero_human_9.txt.gz","Plate_1082s_L02","asymptomatic","macrophage",0.135282132910664,12
"GSM8121902_athero_human_9.txt.gz","Plate_1082s_L04","asymptomatic","t_nk",0.170468897702309,12
"GSM8121902_athero_human_9.txt.gz","Plate_1082s_L05","asymptomatic","macrophage",-0.0169920216768668,12
"GSM8121902_athero_human_9.txt.gz","Plate_1082s_L06","asymptomatic","macrophage",-0.330051956706788,12
"GSM8121902_athero_human_9.txt.gz","Plate_1082s_L07","asymptomatic","macrophage",0.235218110140748,12
"GSM8121902_athero_human_9.txt.gz","Plate_1082s_L08","asymptomatic","t_nk",0.17645899359812,12
"GSM8121902_athero_human_9.txt.gz","Plate_1082s_L09","asymptomatic","t_nk",0.182914317845315,12
"GSM8121902_athero_human_9.txt.gz","Plate_1082s_L10","asymptomatic","unassigned",-0.372941555553504,12
"GSM8121902_athero_human_9.txt.gz","Plate_1082s_L11","asymptomatic","t_nk",-0.158428494868692,12
"GSM8121902_athero_human_9.txt.gz","Plate_1082s_L12","asymptomatic","t_nk",0.386926384141263,12
"GSM8121902_athero_human_9.txt.gz","Plate_1082s_L13","asymptomatic","macrophage",-0.316128902242207,12
"GSM8121902_athero_human_9.txt.gz","Plate_1082s_L14","asymptomatic","t_nk",0.328477795978097,12
"GSM8121902_athero_human_9.txt.gz","Plate_1082s_L15","asymptomatic","macrophage",-0.354869898943982,12
"GSM8121902_athero_human_9.txt.gz","Plate_1082s_L16","asymptomatic","macrophage",-0.504670543680986,12
"GSM8121902_athero_human_9.txt.gz","Plate_1082s_L17","asymptomatic","vsmc",-0.634703861925256,12
"GSM8121902_athero_human_9.txt.gz","Plate_1082s_L18","asymptomatic","macrophage",0.162593457550826,12
"GSM8121902_athero_human_9.txt.gz","Plate_1082s_L19","asymptomatic","fibroblast",0.38331564894903,12
"GSM8121902_athero_human_9.txt.gz","Plate_1082s_L20","asymptomatic","macrophage",0.197056377130627,12
"GSM8121902_athero_human_9.txt.gz","Plate_1082s_L21","asymptomatic","macrophage",-0.324091804947695,12
"GSM8121902_athero_human_9.txt.gz","Plate_1082s_L22","asymptomatic","t_nk",-0.363836353512248,12
"GSM8121902_athero_human_9.txt.gz","Plate_1082s_L23","asymptomatic","fibroblast",0.624792421291336,12
"GSM8121902_athero_human_9.txt.gz","Plate_1082s_M03","asymptomatic","unassigned",-0.163715861525543,12
"GSM8121902_athero_human_9.txt.gz","Plate_1082s_M04","asymptomatic","unassigned",1.1956731006328,12
"GSM8121902_athero_human_9.txt.gz","Plate_1082s_M05","asymptomatic","unassigned",-0.283307464562495,12
"GSM8121902_athero_human_9.txt.gz","Plate_1082s_M06","asymptomatic","macrophage",0.0532360220517307,12
"GSM8121902_athero_human_9.txt.gz","Plate_1082s_M07","asymptomatic","macrophage",-0.046266805355794,12
"GSM8121902_athero_human_9.txt.gz","Plate_1082s_M08","asymptomatic","vsmc",-0.34895265643964,12
"GSM8121902_athero_human_9.txt.gz","Plate_1082s_M09","asymptomatic","macrophage",-0.240040745918955,12
"GSM8121902_athero_human_9.txt.gz","Plate_1082s_M11","asymptomatic","macrophage",-0.101679102411789,12
"GSM8121902_athero_human_9.txt.gz","Plate_1082s_M12","asymptomatic","macrophage",-0.614827977203672,12
"GSM8121902_athero_human_9.txt.gz","Plate_1082s_M13","asymptomatic","unassigned",-0.694413996129292,12
"GSM8121902_athero_human_9.txt.gz","Plate_1082s_M14","asymptomatic","macrophage",-0.265598948576459,12
"GSM8121902_athero_human_9.txt.gz","Plate_1082s_M15","asymptomatic","unassigned",0.0850557382023184,12
"GSM8121902_athero_human_9.txt.gz","Plate_1082s_M16","asymptomatic","vsmc",-0.000467015354638445,12
"GSM8121902_athero_human_9.txt.gz","Plate_1082s_M17","asymptomatic","macrophage",0.00942835042108396,12
"GSM8121902_athero_human_9.txt.gz","Plate_1082s_M18","asymptomatic","macrophage",-0.405578024361383,12
"GSM8121902_athero_human_9.txt.gz","Plate_1082s_M19","asymptomatic","fibroblast",0.211268511831417,12
"GSM8121902_athero_human_9.txt.gz","Plate_1082s_M20","asymptomatic","macrophage",-0.323670956681644,12
"GSM8121902_athero_human_9.txt.gz","Plate_1082s_M21","asymptomatic","fibroblast",0.175650132193846,12
"GSM8121902_athero_human_9.txt.gz","Plate_1082s_M23","asymptomatic","unassigned",-0.226791210083581,12
"GSM8121902_athero_human_9.txt.gz","Plate_1082s_N01","asymptomatic","macrophage",0.110956923737379,12
"GSM8121902_athero_human_9.txt.gz","Plate_1082s_N02","asymptomatic","macrophage",-0.273258049004963,12
"GSM8121902_athero_human_9.txt.gz","Plate_1082s_N05","asymptomatic","macrophage",-0.178484067520551,12
"GSM8121902_athero_human_9.txt.gz","Plate_1082s_N06","asymptomatic","macrophage",-0.676952110164009,12
"GSM8121902_athero_human_9.txt.gz","Plate_1082s_N07","asymptomatic","macrophage",0.00737435168470912,12
"GSM8121902_athero_human_9.txt.gz","Plate_1082s_N08","asymptomatic","unassigned",0.393618574385165,12
"GSM8121902_athero_human_9.txt.gz","Plate_1082s_N09","asymptomatic","macrophage",0.468920786936077,12
"GSM8121902_athero_human_9.txt.gz","Plate_1082s_N10","asymptomatic","unassigned",0.0901774298813829,12
"GSM8121902_athero_human_9.txt.gz","Plate_1082s_N11","asymptomatic","macrophage",-0.385510400290335,12
"GSM8121902_athero_human_9.txt.gz","Plate_1082s_N12","asymptomatic","unassigned",0.374222310073995,12
"GSM8121902_athero_human_9.txt.gz","Plate_1082s_N13","asymptomatic","macrophage",-0.595293592843174,12
"GSM8121902_athero_human_9.txt.gz","Plate_1082s_N16","asymptomatic","macrophage",0.0364366281502694,12
"GSM8121902_athero_human_9.txt.gz","Plate_1082s_N17","asymptomatic","macrophage",0.373636927314959,12
"GSM8121902_athero_human_9.txt.gz","Plate_1082s_N18","asymptomatic","unassigned",-0.229449225762395,12
"GSM8121902_athero_human_9.txt.gz","Plate_1082s_N19","asymptomatic","vsmc",0.102745982433728,12
"GSM8121902_athero_human_9.txt.gz","Plate_1082s_N20","asymptomatic","vsmc",-0.0695599761872198,12
"GSM8121902_athero_human_9.txt.gz","Plate_1082s_N22","asymptomatic","macrophage",0.0776486166825859,12
"GSM8121902_athero_human_9.txt.gz","Plate_1082s_N23","asymptomatic","macrophage",-0.35281499292305,12
"GSM8121902_athero_human_9.txt.gz","Plate_1082s_N24","asymptomatic","macrophage",0.275675749831077,12
"GSM8121902_athero_human_9.txt.gz","Plate_1082s_O02","asymptomatic","vsmc",-0.240081580652107,12
"GSM8121902_athero_human_9.txt.gz","Plate_1082s_O05","asymptomatic","unassigned",0.0159124308425609,12
"GSM8121902_athero_human_9.txt.gz","Plate_1082s_O08","asymptomatic","macrophage",-0.384482909307956,12
"GSM8121902_athero_human_9.txt.gz","Plate_1082s_O09","asymptomatic","fibroblast",0.180205570831126,12
"GSM8121902_athero_human_9.txt.gz","Plate_1082s_O10","asymptomatic","macrophage",-0.317040850519716,12
"GSM8121902_athero_human_9.txt.gz","Plate_1082s_O12","asymptomatic","macrophage",-0.20737782891895,12
"GSM8121902_athero_human_9.txt.gz","Plate_1082s_O14","asymptomatic","vsmc",-0.260543484807694,12
"GSM8121902_athero_human_9.txt.gz","Plate_1082s_O18","asymptomatic","t_nk",1.28240540812045,12
"GSM8121902_athero_human_9.txt.gz","Plate_1082s_O19","asymptomatic","macrophage",-0.314505602914911,12
"GSM8121902_athero_human_9.txt.gz","Plate_1082s_O20","asymptomatic","vsmc",-0.45814206921425,12
"GSM8121902_athero_human_9.txt.gz","Plate_1082s_O21","asymptomatic","macrophage",-0.503302253281387,12
"GSM8121902_athero_human_9.txt.gz","Plate_1082s_O22","asymptomatic","macrophage",0.37101973398613,12
"GSM8121902_athero_human_9.txt.gz","Plate_1082s_P11","asymptomatic","endothelial",-0.5647980123487,12
"GSM8121902_athero_human_9.txt.gz","Plate_1082s_P17","asymptomatic","macrophage",-0.406268728715252,12
"GSM8121902_athero_human_9.txt.gz","Plate_1082s_P20","asymptomatic","macrophage",-0.312580007133672,12
"GSM8121902_athero_human_9.txt.gz","Plate_1083s_A01","asymptomatic","macrophage",-0.406977063696398,12
"GSM8121902_athero_human_9.txt.gz","Plate_1083s_A02","asymptomatic","b_cell",0.664635381765485,12
"GSM8121902_athero_human_9.txt.gz","Plate_1083s_A03","asymptomatic","vsmc",-0.454566280742158,12
"GSM8121902_athero_human_9.txt.gz","Plate_1083s_A04","asymptomatic","fibroblast",0.304322909269816,12
"GSM8121902_athero_human_9.txt.gz","Plate_1083s_A05","asymptomatic","vsmc",-0.271919688168806,12
"GSM8121902_athero_human_9.txt.gz","Plate_1083s_A06","asymptomatic","macrophage",0.32497835246903,12
"GSM8121902_athero_human_9.txt.gz","Plate_1083s_A07","asymptomatic","t_nk",0.967424379264437,12
"GSM8121902_athero_human_9.txt.gz","Plate_1083s_A08","asymptomatic","unassigned",0.449878638425559,12
"GSM8121902_athero_human_9.txt.gz","Plate_1083s_A09","asymptomatic","vsmc",-0.108935623996176,12
"GSM8121902_athero_human_9.txt.gz","Plate_1083s_A10","asymptomatic","unassigned",-0.176185995242887,12
"GSM8121902_athero_human_9.txt.gz","Plate_1083s_A11","asymptomatic","vsmc",-0.0734086975409543,12
"GSM8121902_athero_human_9.txt.gz","Plate_1083s_A12","asymptomatic","macrophage",-0.122349233885889,12
"GSM8121902_athero_human_9.txt.gz","Plate_1083s_A13","asymptomatic","macrophage",0.350562072121353,12
"GSM8121902_athero_human_9.txt.gz","Plate_1083s_A14","asymptomatic","unassigned",-0.33662594895544,12
"GSM8121902_athero_human_9.txt.gz","Plate_1083s_A17","asymptomatic","unassigned",0.153177206340438,12
"GSM8121902_athero_human_9.txt.gz","Plate_1083s_A18","asymptomatic","fibroblast",0.329619301544089,12
"GSM8121902_athero_human_9.txt.gz","Plate_1083s_A20","asymptomatic","macrophage",0.537525304635372,12
"GSM8121902_athero_human_9.txt.gz","Plate_1083s_A21","asymptomatic","vsmc",-0.378494661585444,12
"GSM8121902_athero_human_9.txt.gz","Plate_1083s_A22","asymptomatic","macrophage",-0.162235448119377,12
"GSM8121902_athero_human_9.txt.gz","Plate_1083s_A24","asymptomatic","macrophage",-0.159491447482264,12
"GSM8121902_athero_human_9.txt.gz","Plate_1083s_B01","asymptomatic","macrophage",0.178087748814659,12
"GSM8121902_athero_human_9.txt.gz","Plate_1083s_B02","asymptomatic","macrophage",-0.239497748220267,12
"GSM8121902_athero_human_9.txt.gz","Plate_1083s_B03","asymptomatic","macrophage",-0.353771055522365,12
"GSM8121902_athero_human_9.txt.gz","Plate_1083s_B04","asymptomatic","macrophage",0.547632539099493,12
"GSM8121902_athero_human_9.txt.gz","Plate_1083s_B05","asymptomatic","macrophage",-0.368940272007321,12
"GSM8121902_athero_human_9.txt.gz","Plate_1083s_B06","asymptomatic","macrophage",0.204754960494908,12
"GSM8121902_athero_human_9.txt.gz","Plate_1083s_B07","asymptomatic","macrophage",-0.252372222690007,12
"GSM8121902_athero_human_9.txt.gz","Plate_1083s_B08","asymptomatic","vsmc",-0.182283305507181,12
"GSM8121902_athero_human_9.txt.gz","Plate_1083s_B09","asymptomatic","fibroblast",0.236583714545842,12
"GSM8121902_athero_human_9.txt.gz","Plate_1083s_B10","asymptomatic","macrophage",-0.0766100974156993,12
"GSM8121902_athero_human_9.txt.gz","Plate_1083s_B11","asymptomatic","fibroblast",0.281861216151539,12
"GSM8121902_athero_human_9.txt.gz","Plate_1083s_B13","asymptomatic","macrophage",-0.454637584160883,12
"GSM8121902_athero_human_9.txt.gz","Plate_1083s_B14","asymptomatic","macrophage",-0.262778605143587,12
"GSM8121902_athero_human_9.txt.gz","Plate_1083s_B15","asymptomatic","macrophage",-0.0246766336509106,12
"GSM8121902_athero_human_9.txt.gz","Plate_1083s_B17","asymptomatic","macrophage",-0.199367831358554,12
"GSM8121902_athero_human_9.txt.gz","Plate_1083s_B18","asymptomatic","macrophage",0.481684040968747,12
"GSM8121902_athero_human_9.txt.gz","Plate_1083s_B19","asymptomatic","macrophage",-0.103796359902712,12
"GSM8121902_athero_human_9.txt.gz","Plate_1083s_B20","asymptomatic","macrophage",-0.0425658049101187,12
"GSM8121902_athero_human_9.txt.gz","Plate_1083s_B21","asymptomatic","endothelial",-0.475564388522032,12
"GSM8121902_athero_human_9.txt.gz","Plate_1083s_B22","asymptomatic","vsmc",0.0528999542433903,12
"GSM8121902_athero_human_9.txt.gz","Plate_1083s_B24","asymptomatic","macrophage",-0.52331114949802,12
"GSM8121902_athero_human_9.txt.gz","Plate_1083s_C01","asymptomatic","macrophage",-0.0669789578901104,12
"GSM8121902_athero_human_9.txt.gz","Plate_1083s_C02","asymptomatic","macrophage",0.200145222742935,12
"GSM8121902_athero_human_9.txt.gz","Plate_1083s_C03","asymptomatic","macrophage",0.203840914122253,12
"GSM8121902_athero_human_9.txt.gz","Plate_1083s_C04","asymptomatic","macrophage",0.0123360644157934,12
"GSM8121902_athero_human_9.txt.gz","Plate_1083s_C05","asymptomatic","macrophage",0.0936772076985057,12
"GSM8121902_athero_human_9.txt.gz","Plate_1083s_C06","asymptomatic","macrophage",0.36958633448977,12
"GSM8121902_athero_human_9.txt.gz","Plate_1083s_C07","asymptomatic","macrophage",0.654218289647552,12
"GSM8121902_athero_human_9.txt.gz","Plate_1083s_C08","asymptomatic","macrophage",0.3132292221262,12
"GSM8121902_athero_human_9.txt.gz","Plate_1083s_C09","asymptomatic","macrophage",-0.00484097246902073,12
"GSM8121902_athero_human_9.txt.gz","Plate_1083s_C10","asymptomatic","macrophage",0.14129634749802,12
"GSM8121902_athero_human_9.txt.gz","Plate_1083s_C11","asymptomatic","macrophage",-0.157495224675627,12
"GSM8121902_athero_human_9.txt.gz","Plate_1083s_C12","asymptomatic","macrophage",-0.300797067367028,12
"GSM8121902_athero_human_9.txt.gz","Plate_1083s_C13","asymptomatic","macrophage",-0.345893987518359,12
"GSM8121902_athero_human_9.txt.gz","Plate_1083s_C14","asymptomatic","unassigned",-0.0954682098240056,12
"GSM8121902_athero_human_9.txt.gz","Plate_1083s_C15","asymptomatic","macrophage",0.0582209461641748,12
"GSM8121902_athero_human_9.txt.gz","Plate_1083s_C16","asymptomatic","b_cell",-0.134093648726699,12
"GSM8121902_athero_human_9.txt.gz","Plate_1083s_C17","asymptomatic","mast",0.279420860877664,12
"GSM8121902_athero_human_9.txt.gz","Plate_1083s_C18","asymptomatic","unassigned",0.880253479412023,12
"GSM8121902_athero_human_9.txt.gz","Plate_1083s_C20","asymptomatic","macrophage",0.0622253286417299,12
"GSM8121902_athero_human_9.txt.gz","Plate_1083s_C21","asymptomatic","macrophage",-0.120973911596961,12
"GSM8121902_athero_human_9.txt.gz","Plate_1083s_C23","asymptomatic","unassigned",0.165162669173724,12
"GSM8121902_athero_human_9.txt.gz","Plate_1083s_C24","asymptomatic","macrophage",0.394966412117577,12
"GSM8121902_athero_human_9.txt.gz","Plate_1083s_D01","asymptomatic","macrophage",-0.0122192243231344,12
"GSM8121902_athero_human_9.txt.gz","Plate_1083s_D02","asymptomatic","macrophage",-0.317006295567497,12
"GSM8121902_athero_human_9.txt.gz","Plate_1083s_D04","asymptomatic","macrophage",0.905765412020113,12
"GSM8121902_athero_human_9.txt.gz","Plate_1083s_D06","asymptomatic","macrophage",-0.110822524984156,12
"GSM8121902_athero_human_9.txt.gz","Plate_1083s_D07","asymptomatic","macrophage",-0.0791813011011971,12
"GSM8121902_athero_human_9.txt.gz","Plate_1083s_D09","asymptomatic","fibroblast",0.427764375918954,12
"GSM8121902_athero_human_9.txt.gz","Plate_1083s_D10","asymptomatic","macrophage",-0.34135719556917,12
"GSM8121902_athero_human_9.txt.gz","Plate_1083s_D12","asymptomatic","unassigned",0.691538331148051,12
"GSM8121902_athero_human_9.txt.gz","Plate_1083s_D13","asymptomatic","macrophage",-0.15053391353916,12
"GSM8121902_athero_human_9.txt.gz","Plate_1083s_D15","asymptomatic","unassigned",0.0886468807940345,12
"GSM8121902_athero_human_9.txt.gz","Plate_1083s_D16","asymptomatic","vsmc",1.50637160227563,12
"GSM8121902_athero_human_9.txt.gz","Plate_1083s_D18","asymptomatic","macrophage",-0.140760639420911,12
"GSM8121902_athero_human_9.txt.gz","Plate_1083s_D19","asymptomatic","t_nk",-0.113303907668036,12
"GSM8121902_athero_human_9.txt.gz","Plate_1083s_D20","asymptomatic","endothelial",0.472498106731444,12
"GSM8121902_athero_human_9.txt.gz","Plate_1083s_D21","asymptomatic","macrophage",-0.560725474473976,12
"GSM8121902_athero_human_9.txt.gz","Plate_1083s_D22","asymptomatic","macrophage",-0.260873384714223,12
"GSM8121902_athero_human_9.txt.gz","Plate_1083s_D23","asymptomatic","macrophage",-0.23055522607418,12
"GSM8121902_athero_human_9.txt.gz","Plate_1083s_D24","asymptomatic","macrophage",-0.210356157907377,12
"GSM8121902_athero_human_9.txt.gz","Plate_1083s_E01","asymptomatic","macrophage",-0.0573123014432983,12
"GSM8121902_athero_human_9.txt.gz","Plate_1083s_E02","asymptomatic","b_cell",-0.411134876774711,12
"GSM8121902_athero_human_9.txt.gz","Plate_1083s_E03","asymptomatic","t_nk",0.284944142265807,12
"GSM8121902_athero_human_9.txt.gz","Plate_1083s_E04","asymptomatic","macrophage",-0.101392429366339,12
"GSM8121902_athero_human_9.txt.gz","Plate_1083s_E05","asymptomatic","unassigned",0.393334174607079,12
"GSM8121902_athero_human_9.txt.gz","Plate_1083s_E07","asymptomatic","fibroblast",0.29895509524425,12
"GSM8121902_athero_human_9.txt.gz","Plate_1083s_E08","asymptomatic","macrophage",0.139112830503521,12
"GSM8121902_athero_human_9.txt.gz","Plate_1083s_E09","asymptomatic","unassigned",-0.0750588537912585,12
"GSM8121902_athero_human_9.txt.gz","Plate_1083s_E11","asymptomatic","unassigned",-0.131873291331682,12
"GSM8121902_athero_human_9.txt.gz","Plate_1083s_E12","asymptomatic","b_cell",0.755124270527093,12
"GSM8121902_athero_human_9.txt.gz","Plate_1083s_E13","asymptomatic","macrophage",-0.577483895858657,12
"GSM8121902_athero_human_9.txt.gz","Plate_1083s_E14","asymptomatic","vsmc",-0.286825959490127,12
"GSM8121902_athero_human_9.txt.gz","Plate_1083s_E15","asymptomatic","macrophage",-0.151994406041727,12
"GSM8121902_athero_human_9.txt.gz","Plate_1083s_E16","asymptomatic","b_cell",-0.31027289673483,12
"GSM8121902_athero_human_9.txt.gz","Plate_1083s_E17","asymptomatic","mast",-0.150416435481624,12
"GSM8121902_athero_human_9.txt.gz","Plate_1083s_E18","asymptomatic","b_cell",-0.0861721720260406,12
"GSM8121902_athero_human_9.txt.gz","Plate_1083s_E20","asymptomatic","b_cell",0.389323155699457,12
"GSM8121902_athero_human_9.txt.gz","Plate_1083s_E21","asymptomatic","macrophage",-0.247439812413357,12
"GSM8121902_athero_human_9.txt.gz","Plate_1083s_E22","asymptomatic","macrophage",0.113075582702648,12
"GSM8121902_athero_human_9.txt.gz","Plate_1083s_E23","asymptomatic","macrophage",0.769715797118877,12
"GSM8121902_athero_human_9.txt.gz","Plate_1083s_E24","asymptomatic","b_cell",0.0465258905699339,12
"GSM8121902_athero_human_9.txt.gz","Plate_1083s_F02","asymptomatic","t_nk",-0.201933083096545,12
"GSM8121902_athero_human_9.txt.gz","Plate_1083s_F03","asymptomatic","macrophage",-0.103627725913922,12
"GSM8121902_athero_human_9.txt.gz","Plate_1083s_F05","asymptomatic","unassigned",0.189975522180012,12
"GSM8121902_athero_human_9.txt.gz","Plate_1083s_F06","asymptomatic","unassigned",0.103003056815884,12
"GSM8121902_athero_human_9.txt.gz","Plate_1083s_F07","asymptomatic","unassigned",-0.347919215702665,12
"GSM8121902_athero_human_9.txt.gz","Plate_1083s_F08","asymptomatic","macrophage",-0.210298362240903,12
"GSM8121902_athero_human_9.txt.gz","Plate_1083s_F09","asymptomatic","macrophage",0.0461145888523678,12
"GSM8121902_athero_human_9.txt.gz","Plate_1083s_F10","asymptomatic","macrophage",-0.0726602691164902,12
"GSM8121902_athero_human_9.txt.gz","Plate_1083s_F12","asymptomatic","b_cell",0.77127531592626,12
"GSM8121902_athero_human_9.txt.gz","Plate_1083s_F13","asymptomatic","macrophage",0.095475753082181,12
"GSM8121902_athero_human_9.txt.gz","Plate_1083s_F14","asymptomatic","macrophage",-0.248602148535904,12
"GSM8121902_athero_human_9.txt.gz","Plate_1083s_F15","asymptomatic","macrophage",0.13468929087723,12
"GSM8121902_athero_human_9.txt.gz","Plate_1083s_F16","asymptomatic","vsmc",-0.0959456375404464,12
"GSM8121902_athero_human_9.txt.gz","Plate_1083s_F17","asymptomatic","mast",-0.545946097420547,12
"GSM8121902_athero_human_9.txt.gz","Plate_1083s_F18","asymptomatic","macrophage",0.344088907869545,12
"GSM8121902_athero_human_9.txt.gz","Plate_1083s_F19","asymptomatic","endothelial",0.0729882877528739,12
"GSM8121902_athero_human_9.txt.gz","Plate_1083s_F20","asymptomatic","unassigned",-0.297261849120889,12
"GSM8121902_athero_human_9.txt.gz","Plate_1083s_F21","asymptomatic","endothelial",-0.165317545422583,12
"GSM8121902_athero_human_9.txt.gz","Plate_1083s_F22","asymptomatic","macrophage",0.268175117292175,12
"GSM8121902_athero_human_9.txt.gz","Plate_1083s_F23","asymptomatic","macrophage",0.209869713836699,12
"GSM8121902_athero_human_9.txt.gz","Plate_1083s_F24","asymptomatic","t_nk",0.338291500390535,12
"GSM8121902_athero_human_9.txt.gz","Plate_1083s_G01","asymptomatic","macrophage",0.221722462135071,12
"GSM8121902_athero_human_9.txt.gz","Plate_1083s_G02","asymptomatic","macrophage",0.0192041873943055,12
"GSM8121902_athero_human_9.txt.gz","Plate_1083s_G03","asymptomatic","macrophage",0.139208481610318,12
"GSM8121902_athero_human_9.txt.gz","Plate_1083s_G04","asymptomatic","macrophage",0.0699527517785121,12
"GSM8121902_athero_human_9.txt.gz","Plate_1083s_G05","asymptomatic","macrophage",-0.168194810408453,12
"GSM8121902_athero_human_9.txt.gz","Plate_1083s_G06","asymptomatic","macrophage",0.0537647196330221,12
"GSM8121902_athero_human_9.txt.gz","Plate_1083s_G07","asymptomatic","macrophage",0.705953215718194,12
"GSM8121902_athero_human_9.txt.gz","Plate_1083s_G09","asymptomatic","vsmc",-0.221385728141558,12
"GSM8121902_athero_human_9.txt.gz","Plate_1083s_G11","asymptomatic","macrophage",-0.417743534090865,12
"GSM8121902_athero_human_9.txt.gz","Plate_1083s_G12","asymptomatic","macrophage",-0.308663579076525,12
"GSM8121902_athero_human_9.txt.gz","Plate_1083s_G13","asymptomatic","unassigned",-0.181508827261664,12
"GSM8121902_athero_human_9.txt.gz","Plate_1083s_G14","asymptomatic","macrophage",-0.0240009544706548,12
"GSM8121902_athero_human_9.txt.gz","Plate_1083s_G15","asymptomatic","b_cell",0.174746757419815,12
"GSM8121902_athero_human_9.txt.gz","Plate_1083s_G16","asymptomatic","b_cell",-0.0318435252987071,12
"GSM8121902_athero_human_9.txt.gz","Plate_1083s_G18","asymptomatic","macrophage",-0.0752935323028465,12
"GSM8121902_athero_human_9.txt.gz","Plate_1083s_G19","asymptomatic","unassigned",-0.0216004625637538,12
"GSM8121902_athero_human_9.txt.gz","Plate_1083s_G20","asymptomatic","mast",-0.0535845231022054,12
"GSM8121902_athero_human_9.txt.gz","Plate_1083s_H01","asymptomatic","macrophage",-0.133275753690926,12
"GSM8121902_athero_human_9.txt.gz","Plate_1083s_H02","asymptomatic","macrophage",0.150200522256048,12
"GSM8121902_athero_human_9.txt.gz","Plate_1083s_H03","asymptomatic","unassigned",-0.0352458283384285,12
"GSM8121902_athero_human_9.txt.gz","Plate_1083s_H04","asymptomatic","fibroblast",-0.138095519284528,12
"GSM8121902_athero_human_9.txt.gz","Plate_1083s_H05","asymptomatic","macrophage",1.00078009634775,12
"GSM8121902_athero_human_9.txt.gz","Plate_1083s_H06","asymptomatic","macrophage",-0.0894301328911847,12
"GSM8121902_athero_human_9.txt.gz","Plate_1083s_H07","asymptomatic","macrophage",-0.222432348524421,12
"GSM8121902_athero_human_9.txt.gz","Plate_1083s_H08","asymptomatic","unassigned",-0.132066753681199,12
"GSM8121902_athero_human_9.txt.gz","Plate_1083s_H10","asymptomatic","macrophage",-0.280525896330115,12
"GSM8121902_athero_human_9.txt.gz","Plate_1083s_H11","asymptomatic","macrophage",-0.52563479412592,12
"GSM8121902_athero_human_9.txt.gz","Plate_1083s_H12","asymptomatic","macrophage",-0.121131973814892,12
"GSM8121902_athero_human_9.txt.gz","Plate_1083s_H13","asymptomatic","t_nk",0.540272508581934,12
"GSM8121902_athero_human_9.txt.gz","Plate_1083s_H14","asymptomatic","macrophage",-0.302095498735592,12
"GSM8121902_athero_human_9.txt.gz","Plate_1083s_H15","asymptomatic","macrophage",0.266572233318746,12
"GSM8121902_athero_human_9.txt.gz","Plate_1083s_H16","asymptomatic","b_cell",-0.360766556505134,12
"GSM8121902_athero_human_9.txt.gz","Plate_1083s_H17","asymptomatic","mast",-0.300709576111268,12
"GSM8121902_athero_human_9.txt.gz","Plate_1083s_H18","asymptomatic","t_nk",1.35427223511733,12
"GSM8121902_athero_human_9.txt.gz","Plate_1083s_H19","asymptomatic","unassigned",0.699469604998306,12
"GSM8121902_athero_human_9.txt.gz","Plate_1083s_H21","asymptomatic","unassigned",-0.0291941835647048,12
"GSM8121902_athero_human_9.txt.gz","Plate_1083s_H22","asymptomatic","vsmc",-0.543170562296296,12
"GSM8121902_athero_human_9.txt.gz","Plate_1083s_H24","asymptomatic","unassigned",0.165453131675711,12
"GSM8121902_athero_human_9.txt.gz","Plate_1083s_I01","asymptomatic","macrophage",-0.245051289223756,12
"GSM8121902_athero_human_9.txt.gz","Plate_1083s_I02","asymptomatic","macrophage",0.398668841832582,12
"GSM8121902_athero_human_9.txt.gz","Plate_1083s_I03","asymptomatic","fibroblast",0.541158574358148,12
"GSM8121902_athero_human_9.txt.gz","Plate_1083s_I04","asymptomatic","macrophage",-0.0423450553232754,12
"GSM8121902_athero_human_9.txt.gz","Plate_1083s_I05","asymptomatic","macrophage",-0.145478737591482,12
"GSM8121902_athero_human_9.txt.gz","Plate_1083s_I06","asymptomatic","macrophage",0.875863139364728,12
"GSM8121902_athero_human_9.txt.gz","Plate_1083s_I07","asymptomatic","macrophage",-0.0412810335890128,12
"GSM8121902_athero_human_9.txt.gz","Plate_1083s_I08","asymptomatic","macrophage",0.296562860346342,12
"GSM8121902_athero_human_9.txt.gz","Plate_1083s_I09","asymptomatic","macrophage",0.401049059053555,12
"GSM8121902_athero_human_9.txt.gz","Plate_1083s_I10","asymptomatic","macrophage",-0.345182596490838,12
"GSM8121902_athero_human_9.txt.gz","Plate_1083s_I11","asymptomatic","macrophage",-0.130324359448077,12
"GSM8121902_athero_human_9.txt.gz","Plate_1083s_I12","asymptomatic","unassigned",0.166422837892908,12
"GSM8121902_athero_human_9.txt.gz","Plate_1083s_I13","asymptomatic","fibroblast",0.18752694146117,12
"GSM8121902_athero_human_9.txt.gz","Plate_1083s_I14","asymptomatic","macrophage",0.462011823982221,12
"GSM8121902_athero_human_9.txt.gz","Plate_1083s_I15","asymptomatic","macrophage",0.372088890663059,12
"GSM8121902_athero_human_9.txt.gz","Plate_1083s_I16","asymptomatic","b_cell",0.512838414117923,12
"GSM8121902_athero_human_9.txt.gz","Plate_1083s_I17","asymptomatic","unassigned",-0.253102419878677,12
"GSM8121902_athero_human_9.txt.gz","Plate_1083s_I18","asymptomatic","macrophage",0.131043928832687,12
"GSM8121902_athero_human_9.txt.gz","Plate_1083s_I19","asymptomatic","t_nk",-0.12669992262981,12
"GSM8121902_athero_human_9.txt.gz","Plate_1083s_I20","asymptomatic","macrophage",-0.021042223167338,12
"GSM8121902_athero_human_9.txt.gz","Plate_1083s_I21","asymptomatic","unassigned",0.376180353294632,12
"GSM8121902_athero_human_9.txt.gz","Plate_1083s_I22","asymptomatic","macrophage",-0.223305095691709,12
"GSM8121902_athero_human_9.txt.gz","Plate_1083s_I23","asymptomatic","t_nk",1.02703905427098,12
"GSM8121902_athero_human_9.txt.gz","Plate_1083s_I24","asymptomatic","macrophage",-0.244626713419772,12
"GSM8121902_athero_human_9.txt.gz","Plate_1083s_J01","asymptomatic","unassigned",0.344317658126279,12
"GSM8121902_athero_human_9.txt.gz","Plate_1083s_J02","asymptomatic","macrophage",0.24550670210482,12
"GSM8121902_athero_human_9.txt.gz","Plate_1083s_J03","asymptomatic","macrophage",0.482610139342874,12
"GSM8121902_athero_human_9.txt.gz","Plate_1083s_J04","asymptomatic","macrophage",-0.121656853240073,12
"GSM8121902_athero_human_9.txt.gz","Plate_1083s_J07","asymptomatic","macrophage",-0.0718567487314951,12
"GSM8121902_athero_human_9.txt.gz","Plate_1083s_J08","asymptomatic","b_cell",-0.0843966824176306,12
"GSM8121902_athero_human_9.txt.gz","Plate_1083s_J09","asymptomatic","macrophage",0.0286548889485149,12
"GSM8121902_athero_human_9.txt.gz","Plate_1083s_J10","asymptomatic","vsmc",-0.334688641458281,12
"GSM8121902_athero_human_9.txt.gz","Plate_1083s_J11","asymptomatic","macrophage",-0.392915043802268,12
"GSM8121902_athero_human_9.txt.gz","Plate_1083s_J12","asymptomatic","vsmc",-0.268681749622896,12
"GSM8121902_athero_human_9.txt.gz","Plate_1083s_J13","asymptomatic","vsmc",-0.0547261851918888,12
"GSM8121902_athero_human_9.txt.gz","Plate_1083s_J14","asymptomatic","macrophage",-0.305767730459949,12
"GSM8121902_athero_human_9.txt.gz","Plate_1083s_J17","asymptomatic","unassigned",0.116915136085304,12
"GSM8121902_athero_human_9.txt.gz","Plate_1083s_J18","asymptomatic","macrophage",-0.228238269059427,12
"GSM8121902_athero_human_9.txt.gz","Plate_1083s_J19","asymptomatic","unassigned",-0.117255980582433,12
"GSM8121902_athero_human_9.txt.gz","Plate_1083s_J20","asymptomatic","unassigned",0.969175134272139,12
"GSM8121902_athero_human_9.txt.gz","Plate_1083s_J21","asymptomatic","unassigned",-0.357238482301213,12
"GSM8121902_athero_human_9.txt.gz","Plate_1083s_J22","asymptomatic","macrophage",-0.208222211357741,12
"GSM8121902_athero_human_9.txt.gz","Plate_1083s_J23","asymptomatic","macrophage",-0.399314881023766,12
"GSM8121902_athero_human_9.txt.gz","Plate_1083s_J24","asymptomatic","macrophage",0.889029040270963,12
"GSM8121902_athero_human_9.txt.gz","Plate_1083s_K01","asymptomatic","mast",-0.131687844934523,12
"GSM8121902_athero_human_9.txt.gz","Plate_1083s_K03","asymptomatic","macrophage",-0.0190063996997726,12
"GSM8121902_athero_human_9.txt.gz","Plate_1083s_K05","asymptomatic","fibroblast",0.660081745155619,12
"GSM8121902_athero_human_9.txt.gz","Plate_1083s_K06","asymptomatic","vsmc",0.0443031313389964,12
"GSM8121902_athero_human_9.txt.gz","Plate_1083s_K07","asymptomatic","t_nk",0.553948379156356,12
"GSM8121902_athero_human_9.txt.gz","Plate_1083s_K08","asymptomatic","t_nk",0.419968053858335,12
"GSM8121902_athero_human_9.txt.gz","Plate_1083s_K09","asymptomatic","macrophage",0.0233255177533321,12
"GSM8121902_athero_human_9.txt.gz","Plate_1083s_K10","asymptomatic","vsmc",-0.407815750318938,12
"GSM8121902_athero_human_9.txt.gz","Plate_1083s_K11","asymptomatic","mast",-0.134001557877493,12
"GSM8121902_athero_human_9.txt.gz","Plate_1083s_K12","asymptomatic","macrophage",-0.226531158761384,12
"GSM8121902_athero_human_9.txt.gz","Plate_1083s_K13","asymptomatic","macrophage",0.831534316881309,12
"GSM8121902_athero_human_9.txt.gz","Plate_1083s_K14","asymptomatic","vsmc",-0.188418118601702,12
"GSM8121902_athero_human_9.txt.gz","Plate_1083s_K15","asymptomatic","mast",1.16105344800536,12
"GSM8121902_athero_human_9.txt.gz","Plate_1083s_K16","asymptomatic","b_cell",0.653702193155971,12
"GSM8121902_athero_human_9.txt.gz","Plate_1083s_K17","asymptomatic","mast",-0.217285172561536,12
"GSM8121902_athero_human_9.txt.gz","Plate_1083s_K18","asymptomatic","unassigned",0.308487253631553,12
"GSM8121902_athero_human_9.txt.gz","Plate_1083s_K19","asymptomatic","macrophage",-0.257550210426931,12
"GSM8121902_athero_human_9.txt.gz","Plate_1083s_K20","asymptomatic","fibroblast",0.587187533791015,12
"GSM8121902_athero_human_9.txt.gz","Plate_1083s_K21","asymptomatic","macrophage",-0.16923405582597,12
"GSM8121902_athero_human_9.txt.gz","Plate_1083s_K24","asymptomatic","macrophage",-0.223469586808335,12
"GSM8121902_athero_human_9.txt.gz","Plate_1083s_L01","asymptomatic","macrophage",-0.259580495828775,12
"GSM8121902_athero_human_9.txt.gz","Plate_1083s_L02","asymptomatic","unassigned",0.482812050416603,12
"GSM8121902_athero_human_9.txt.gz","Plate_1083s_L03","asymptomatic","macrophage",-0.231570786957733,12
"GSM8121902_athero_human_9.txt.gz","Plate_1083s_L04","asymptomatic","macrophage",0.0666283920502901,12
"GSM8121902_athero_human_9.txt.gz","Plate_1083s_L05","asymptomatic","macrophage",0.0450043405364957,12
"GSM8121902_athero_human_9.txt.gz","Plate_1083s_L06","asymptomatic","macrophage",0.0642942259408316,12
"GSM8121902_athero_human_9.txt.gz","Plate_1083s_L07","asymptomatic","macrophage",-0.295178256406908,12
"GSM8121902_athero_human_9.txt.gz","Plate_1083s_L08","asymptomatic","unassigned",-0.0793418399345174,12
"GSM8121902_athero_human_9.txt.gz","Plate_1083s_L09","asymptomatic","t_nk",0.295944035529419,12
"GSM8121902_athero_human_9.txt.gz","Plate_1083s_L10","asymptomatic","t_nk",0.80833723876145,12
"GSM8121902_athero_human_9.txt.gz","Plate_1083s_L11","asymptomatic","macrophage",-0.501207034377519,12
"GSM8121902_athero_human_9.txt.gz","Plate_1083s_L12","asymptomatic","macrophage",-0.252850748740725,12
"GSM8121902_athero_human_9.txt.gz","Plate_1083s_L13","asymptomatic","unassigned",0.661563669802184,12
"GSM8121902_athero_human_9.txt.gz","Plate_1083s_L14","asymptomatic","macrophage",-0.274806893280889,12
"GSM8121902_athero_human_9.txt.gz","Plate_1083s_L16","asymptomatic","unassigned",-0.38348225587013,12
"GSM8121902_athero_human_9.txt.gz","Plate_1083s_L17","asymptomatic","mast",0.157791090609723,12
"GSM8121902_athero_human_9.txt.gz","Plate_1083s_L18","asymptomatic","macrophage",-0.478199481578343,12
"GSM8121902_athero_human_9.txt.gz","Plate_1083s_L20","asymptomatic","fibroblast",0.302475009801824,12
"GSM8121902_athero_human_9.txt.gz","Plate_1083s_L21","asymptomatic","vsmc",-0.043572400042075,12
"GSM8121902_athero_human_9.txt.gz","Plate_1083s_L22","asymptomatic","unassigned",0.00752756678977565,12
"GSM8121902_athero_human_9.txt.gz","Plate_1083s_L23","asymptomatic","fibroblast",0.266384862275269,12
"GSM8121902_athero_human_9.txt.gz","Plate_1083s_L24","asymptomatic","unassigned",0.123495563985926,12
"GSM8121902_athero_human_9.txt.gz","Plate_1083s_M01","asymptomatic","fibroblast",0.0719560573931419,12
"GSM8121902_athero_human_9.txt.gz","Plate_1083s_M02","asymptomatic","macrophage",0.455693731912216,12
"GSM8121902_athero_human_9.txt.gz","Plate_1083s_M04","asymptomatic","unassigned",0.901980823318317,12
"GSM8121902_athero_human_9.txt.gz","Plate_1083s_M05","asymptomatic","macrophage",0.58167032248201,12
"GSM8121902_athero_human_9.txt.gz","Plate_1083s_M06","asymptomatic","unassigned",0.224484904007015,12
"GSM8121902_athero_human_9.txt.gz","Plate_1083s_M07","asymptomatic","fibroblast",0.27455806371099,12
"GSM8121902_athero_human_9.txt.gz","Plate_1083s_M08","asymptomatic","macrophage",-0.318708328140828,12
"GSM8121902_athero_human_9.txt.gz","Plate_1083s_M09","asymptomatic","endothelial",1.14921906509189,12
"GSM8121902_athero_human_9.txt.gz","Plate_1083s_M10","asymptomatic","macrophage",-0.293523994681712,12
"GSM8121902_athero_human_9.txt.gz","Plate_1083s_M11","asymptomatic","macrophage",-0.41818672138212,12
"GSM8121902_athero_human_9.txt.gz","Plate_1083s_M12","asymptomatic","fibroblast",1.04681997283304,12
"GSM8121902_athero_human_9.txt.gz","Plate_1083s_M13","asymptomatic","vsmc",0.314865430582899,12
"GSM8121902_athero_human_9.txt.gz","Plate_1083s_M14","asymptomatic","macrophage",0.112309626234806,12
"GSM8121902_athero_human_9.txt.gz","Plate_1083s_M16","asymptomatic","b_cell",-0.152116149004129,12
"GSM8121902_athero_human_9.txt.gz","Plate_1083s_M17","asymptomatic","mast",0.167286015656235,12
"GSM8121902_athero_human_9.txt.gz","Plate_1083s_M19","asymptomatic","fibroblast",0.424879069083787,12
"GSM8121902_athero_human_9.txt.gz","Plate_1083s_M20","asymptomatic","unassigned",0.488063038658426,12
"GSM8121902_athero_human_9.txt.gz","Plate_1083s_M21","asymptomatic","endothelial",-0.33123763978257,12
"GSM8121902_athero_human_9.txt.gz","Plate_1083s_M22","asymptomatic","unassigned",0.0886188192990828,12
"GSM8121902_athero_human_9.txt.gz","Plate_1083s_M23","asymptomatic","macrophage",0.730338983387259,12
"GSM8121902_athero_human_9.txt.gz","Plate_1083s_M24","asymptomatic","vsmc",-0.426453858611676,12
"GSM8121902_athero_human_9.txt.gz","Plate_1083s_N01","asymptomatic","macrophage",0.0431655510115442,12
"GSM8121902_athero_human_9.txt.gz","Plate_1083s_N02","asymptomatic","macrophage",-0.420063668381467,12
"GSM8121902_athero_human_9.txt.gz","Plate_1083s_N03","asymptomatic","macrophage",-0.360706174851766,12
"GSM8121902_athero_human_9.txt.gz","Plate_1083s_N04","asymptomatic","endothelial",-0.349639649116994,12
"GSM8121902_athero_human_9.txt.gz","Plate_1083s_N07","asymptomatic","unassigned",0.297082303599034,12
"GSM8121902_athero_human_9.txt.gz","Plate_1083s_N08","asymptomatic","macrophage",-0.156563540432292,12
"GSM8121902_athero_human_9.txt.gz","Plate_1083s_N09","asymptomatic","unassigned",-0.211346821964166,12
"GSM8121902_athero_human_9.txt.gz","Plate_1083s_N10","asymptomatic","fibroblast",0.0569701230600343,12
"GSM8121902_athero_human_9.txt.gz","Plate_1083s_N11","asymptomatic","macrophage",-0.400870080040597,12
"GSM8121902_athero_human_9.txt.gz","Plate_1083s_N12","asymptomatic","macrophage",-0.361890092015107,12
"GSM8121902_athero_human_9.txt.gz","Plate_1083s_N13","asymptomatic","macrophage",-0.532284905739122,12
"GSM8121902_athero_human_9.txt.gz","Plate_1083s_N14","asymptomatic","macrophage",-0.066648707578217,12
"GSM8121902_athero_human_9.txt.gz","Plate_1083s_N15","asymptomatic","macrophage",-0.0586664904110634,12
"GSM8121902_athero_human_9.txt.gz","Plate_1083s_N16","asymptomatic","macrophage",0.260950460634012,12
"GSM8121902_athero_human_9.txt.gz","Plate_1083s_N17","asymptomatic","macrophage",-0.109167862100832,12
"GSM8121902_athero_human_9.txt.gz","Plate_1083s_N18","asymptomatic","macrophage",0.0980919200252108,12
"GSM8121902_athero_human_9.txt.gz","Plate_1083s_N19","asymptomatic","macrophage",-0.211954686200526,12
"GSM8121902_athero_human_9.txt.gz","Plate_1083s_N20","asymptomatic","t_nk",0.53416076484973,12
"GSM8121902_athero_human_9.txt.gz","Plate_1083s_N21","asymptomatic","macrophage",-0.490568195032878,12
"GSM8121902_athero_human_9.txt.gz","Plate_1083s_N22","asymptomatic","fibroblast",0.696951015627744,12
"GSM8121902_athero_human_9.txt.gz","Plate_1083s_N24","asymptomatic","unassigned",-0.60519364365258,12
"GSM8121902_athero_human_9.txt.gz","Plate_1083s_O01","asymptomatic","b_cell",-0.126039113389876,12
"GSM8121902_athero_human_9.txt.gz","Plate_1083s_O02","asymptomatic","endothelial",-0.47474342512679,12
"GSM8121902_athero_human_9.txt.gz","Plate_1083s_O03","asymptomatic","b_cell",0.891489032873454,12
"GSM8121902_athero_human_9.txt.gz","Plate_1083s_O05","asymptomatic","macrophage",0.221808181387768,12
"GSM8121902_athero_human_9.txt.gz","Plate_1083s_O06","asymptomatic","b_cell",-0.0675587936533022,12
"GSM8121902_athero_human_9.txt.gz","Plate_1083s_O07","asymptomatic","unassigned",0.0660095820785526,12
"GSM8121902_athero_human_9.txt.gz","Plate_1083s_O08","asymptomatic","b_cell",0.748131971786822,12
"GSM8121902_athero_human_9.txt.gz","Plate_1083s_O09","asymptomatic","vsmc",-0.464814524251044,12
"GSM8121902_athero_human_9.txt.gz","Plate_1083s_O10","asymptomatic","b_cell",-0.543227877067926,12
"GSM8121902_athero_human_9.txt.gz","Plate_1083s_O11","asymptomatic","b_cell",-0.20746407141159,12
"GSM8121902_athero_human_9.txt.gz","Plate_1083s_O12","asymptomatic","unassigned",-0.202556194117985,12
"GSM8121902_athero_human_9.txt.gz","Plate_1083s_O14","asymptomatic","b_cell",-0.391368608807767,12
"GSM8121902_athero_human_9.txt.gz","Plate_1083s_O15","asymptomatic","b_cell",1.40485017604129,12
"GSM8121902_athero_human_9.txt.gz","Plate_1083s_O16","asymptomatic","b_cell",-0.248001917060318,12
"GSM8121902_athero_human_9.txt.gz","Plate_1083s_O17","asymptomatic","t_nk",0.809430539782275,12
"GSM8121902_athero_human_9.txt.gz","Plate_1083s_O18","asymptomatic","macrophage",-0.407006140770966,12
"GSM8121902_athero_human_9.txt.gz","Plate_1083s_O19","asymptomatic","b_cell",0.29006162715108,12
"GSM8121902_athero_human_9.txt.gz","Plate_1083s_O20","asymptomatic","fibroblast",0.223855276215523,12
"GSM8121902_athero_human_9.txt.gz","Plate_1083s_O21","asymptomatic","unassigned",-0.243201358924596,12
"GSM8121902_athero_human_9.txt.gz","Plate_1083s_O22","asymptomatic","t_nk",0.596263308484321,12
"GSM8121902_athero_human_9.txt.gz","Plate_1083s_O23","asymptomatic","macrophage",-0.0145004740356893,12
"GSM8121902_athero_human_9.txt.gz","Plate_1083s_O24","asymptomatic","unassigned",-0.40974507671905,12
"GSM8121902_athero_human_9.txt.gz","Plate_1083s_P03","asymptomatic","macrophage",0.420971574507991,12
"GSM8121902_athero_human_9.txt.gz","Plate_1083s_P04","asymptomatic","macrophage",-0.137103820833243,12
"GSM8121902_athero_human_9.txt.gz","Plate_1083s_P06","asymptomatic","vsmc",0.100454496143687,12
"GSM8121902_athero_human_9.txt.gz","Plate_1083s_P08","asymptomatic","unassigned",0.742873265732491,12
"GSM8121902_athero_human_9.txt.gz","Plate_1083s_P09","asymptomatic","macrophage",-0.172721855134234,12
"GSM8121902_athero_human_9.txt.gz","Plate_1083s_P10","asymptomatic","mast",0.477344853950482,12
"GSM8121902_athero_human_9.txt.gz","Plate_1083s_P11","asymptomatic","fibroblast",0.538363406352572,12
"GSM8121902_athero_human_9.txt.gz","Plate_1083s_P12","asymptomatic","fibroblast",-0.174564932773159,12
"GSM8121902_athero_human_9.txt.gz","Plate_1083s_P13","asymptomatic","macrophage",-0.254552935508025,12
"GSM8121902_athero_human_9.txt.gz","Plate_1083s_P14","asymptomatic","macrophage",-0.514631370304171,12
"GSM8121902_athero_human_9.txt.gz","Plate_1083s_P15","asymptomatic","macrophage",-0.170523476784998,12
"GSM8121902_athero_human_9.txt.gz","Plate_1083s_P16","asymptomatic","b_cell",-0.0970437229550921,12
"GSM8121902_athero_human_9.txt.gz","Plate_1083s_P17","asymptomatic","mast",-0.249144071436945,12
"GSM8121902_athero_human_9.txt.gz","Plate_1083s_P20","asymptomatic","unassigned",0.825315961211755,12
"GSM8121903_athero_human_10.txt.gz","Plate_1078s_A02","symptomatic","vsmc",-0.252912053868229,12
"GSM8121903_athero_human_10.txt.gz","Plate_1078s_A04","symptomatic","fibroblast",-0.122588392536194,12
"GSM8121903_athero_human_10.txt.gz","Plate_1078s_A07","symptomatic","unassigned",0.35867319609475,12
"GSM8121903_athero_human_10.txt.gz","Plate_1078s_A08","symptomatic","vsmc",-0.207647297410712,12
"GSM8121903_athero_human_10.txt.gz","Plate_1078s_A09","symptomatic","fibroblast",0.131140330464452,12
"GSM8121903_athero_human_10.txt.gz","Plate_1078s_A10","symptomatic","fibroblast",-0.344389244452998,12
"GSM8121903_athero_human_10.txt.gz","Plate_1078s_A11","symptomatic","fibroblast",-0.408299220813705,12
"GSM8121903_athero_human_10.txt.gz","Plate_1078s_A12","symptomatic","vsmc",0.151251463613427,12
"GSM8121903_athero_human_10.txt.gz","Plate_1078s_A13","symptomatic","vsmc",-0.258433703889402,12
"GSM8121903_athero_human_10.txt.gz","Plate_1078s_A14","symptomatic","unassigned",-0.150764613188179,12
"GSM8121903_athero_human_10.txt.gz","Plate_1078s_A15","symptomatic","vsmc",-0.621189228109714,12
"GSM8121903_athero_human_10.txt.gz","Plate_1078s_A16","symptomatic","vsmc",0.00949932139623142,12
"GSM8121903_athero_human_10.txt.gz","Plate_1078s_A17","symptomatic","unassigned",-0.677207466122495,12
"GSM8121903_athero_human_10.txt.gz","Plate_1078s_A18","symptomatic","vsmc",0.0753984745644969,12
"GSM8121903_athero_human_10.txt.gz","Plate_1078s_A19","symptomatic","vsmc",-0.643925889299036,12
"GSM8121903_athero_human_10.txt.gz","Plate_1078s_A20","symptomatic","vsmc",-0.425733197527228,12
"GSM8121903_athero_human_10.txt.gz","Plate_1078s_A21","symptomatic","vsmc",0.152637319676161,12
"GSM8121903_athero_human_10.txt.gz","Plate_1078s_A24","symptomatic","vsmc",-0.493689993508136,12
"GSM8121903_athero_human_10.txt.gz","Plate_1078s_B02","symptomatic","endothelial",0.130809460838508,12
"GSM8121903_athero_human_10.txt.gz","Plate_1078s_B03","symptomatic","vsmc",-0.0544052274201397,12
"GSM8121903_athero_human_10.txt.gz","Plate_1078s_B04","symptomatic","endothelial",-0.318475264727526,12
"GSM8121903_athero_human_10.txt.gz","Plate_1078s_B05","symptomatic","fibroblast",0.149196378684523,12
"GSM8121903_athero_human_10.txt.gz","Plate_1078s_B06","symptomatic","fibroblast",1.00242809412796,12
"GSM8121903_athero_human_10.txt.gz","Plate_1078s_B07","symptomatic","fibroblast",0.781090183005752,12
"GSM8121903_athero_human_10.txt.gz","Plate_1078s_B08","symptomatic","fibroblast",0.0857859635460197,12
"GSM8121903_athero_human_10.txt.gz","Plate_1078s_B09","symptomatic","vsmc",-0.0156799006650228,12
"GSM8121903_athero_human_10.txt.gz","Plate_1078s_B10","symptomatic","unassigned",0.985914053293872,12
"GSM8121903_athero_human_10.txt.gz","Plate_1078s_B12","symptomatic","fibroblast",0.270356883833754,12
"GSM8121903_athero_human_10.txt.gz","Plate_1078s_B13","symptomatic","unassigned",0.209338317870957,12
"GSM8121903_athero_human_10.txt.gz","Plate_1078s_B14","symptomatic","vsmc",-0.285697538659861,12
"GSM8121903_athero_human_10.txt.gz","Plate_1078s_B19","symptomatic","unassigned",0.402274620549101,12
"GSM8121903_athero_human_10.txt.gz","Plate_1078s_B20","symptomatic","vsmc",0.0729969881909343,12
"GSM8121903_athero_human_10.txt.gz","Plate_1078s_B21","symptomatic","vsmc",-0.0880009370545973,12
"GSM8121903_athero_human_10.txt.gz","Plate_1078s_B22","symptomatic","fibroblast",0.399297779024719,12
"GSM8121903_athero_human_10.txt.gz","Plate_1078s_B23","symptomatic","fibroblast",0.0177826017440314,12
"GSM8121903_athero_human_10.txt.gz","Plate_1078s_C03","symptomatic","vsmc",-0.485302861793041,12
"GSM8121903_athero_human_10.txt.gz","Plate_1078s_C04","symptomatic","vsmc",0.129017449188168,12
"GSM8121903_athero_human_10.txt.gz","Plate_1078s_C05","symptomatic","fibroblast",-0.339337016576137,12
"GSM8121903_athero_human_10.txt.gz","Plate_1078s_C06","symptomatic","t_nk",0.308167272133244,12
"GSM8121903_athero_human_10.txt.gz","Plate_1078s_C07","symptomatic","macrophage",0.515844899518594,12
"GSM8121903_athero_human_10.txt.gz","Plate_1078s_C08","symptomatic","unassigned",0.252243121667307,12
"GSM8121903_athero_human_10.txt.gz","Plate_1078s_C09","symptomatic","fibroblast",0.324633282378899,12
"GSM8121903_athero_human_10.txt.gz","Plate_1078s_C11","symptomatic","t_nk",0.712436360301806,12
"GSM8121903_athero_human_10.txt.gz","Plate_1078s_C13","symptomatic","endothelial",-0.243742046703913,12
"GSM8121903_athero_human_10.txt.gz","Plate_1078s_C14","symptomatic","fibroblast",0.835214957260186,12
"GSM8121903_athero_human_10.txt.gz","Plate_1078s_C18","symptomatic","unassigned",0.0449301998145216,12
"GSM8121903_athero_human_10.txt.gz","Plate_1078s_C19","symptomatic","vsmc",0.0926474554802472,12
"GSM8121903_athero_human_10.txt.gz","Plate_1078s_C21","symptomatic","fibroblast",0.486351367192609,12
"GSM8121903_athero_human_10.txt.gz","Plate_1078s_C22","symptomatic","unassigned",-0.216413941505257,12
"GSM8121903_athero_human_10.txt.gz","Plate_1078s_C24","symptomatic","fibroblast",0.467244140588732,12
"GSM8121903_athero_human_10.txt.gz","Plate_1078s_D02","symptomatic","vsmc",-0.492179206082445,12
"GSM8121903_athero_human_10.txt.gz","Plate_1078s_D03","symptomatic","fibroblast",0.298574541332442,12
"GSM8121903_athero_human_10.txt.gz","Plate_1078s_D04","symptomatic","vsmc",-0.24152774429709,12
"GSM8121903_athero_human_10.txt.gz","Plate_1078s_D05","symptomatic","fibroblast",0.388011471210412,12
"GSM8121903_athero_human_10.txt.gz","Plate_1078s_D10","symptomatic","vsmc",-0.320631061877256,12
"GSM8121903_athero_human_10.txt.gz","Plate_1078s_D11","symptomatic","fibroblast",0.106755078360927,12
"GSM8121903_athero_human_10.txt.gz","Plate_1078s_D12","symptomatic","endothelial",-0.157010244372238,12
"GSM8121903_athero_human_10.txt.gz","Plate_1078s_D13","symptomatic","fibroblast",0.260406414015552,12
"GSM8121903_athero_human_10.txt.gz","Plate_1078s_D15","symptomatic","macrophage",-0.280073879531534,12
"GSM8121903_athero_human_10.txt.gz","Plate_1078s_D16","symptomatic","fibroblast",-0.220202512387081,12
"GSM8121903_athero_human_10.txt.gz","Plate_1078s_D17","symptomatic","macrophage",-0.268714958558759,12
"GSM8121903_athero_human_10.txt.gz","Plate_1078s_D19","symptomatic","vsmc",-0.124822315300336,12
"GSM8121903_athero_human_10.txt.gz","Plate_1078s_D20","symptomatic","vsmc",-0.666354908258587,12
"GSM8121903_athero_human_10.txt.gz","Plate_1078s_D21","symptomatic","macrophage",-0.218186879745505,12
"GSM8121903_athero_human_10.txt.gz","Plate_1078s_D22","symptomatic","unassigned",-0.34656853347905,12
"GSM8121903_athero_human_10.txt.gz","Plate_1078s_D23","symptomatic","vsmc",0.183765417304031,12
"GSM8121903_athero_human_10.txt.gz","Plate_1078s_D24","symptomatic","vsmc",-0.271117760995459,12
"GSM8121903_athero_human_10.txt.gz","Plate_1078s_E02","symptomatic","vsmc",0.0681859113421314,12
"GSM8121903_athero_human_10.txt.gz","Plate_1078s_E05","symptomatic","b_cell",0.00401175818063752,12
"GSM8121903_athero_human_10.txt.gz","Plate_1078s_E07","symptomatic","vsmc",-0.169060690122627,12
"GSM8121903_athero_human_10.txt.gz","Plate_1078s_E08","symptomatic","macrophage",-0.173998955010779,12
"GSM8121903_athero_human_10.txt.gz","Plate_1078s_E09","symptomatic","fibroblast",0.255026326691736,12
"GSM8121903_athero_human_10.txt.gz","Plate_1078s_E11","symptomatic","vsmc",-0.0962455780106135,12
"GSM8121903_athero_human_10.txt.gz","Plate_1078s_E13","symptomatic","vsmc",0.139362968267688,12
"GSM8121903_athero_human_10.txt.gz","Plate_1078s_E14","symptomatic","fibroblast",0.163865483944234,12
"GSM8121903_athero_human_10.txt.gz","Plate_1078s_E16","symptomatic","unassigned",-0.486486913724117,12
"GSM8121903_athero_human_10.txt.gz","Plate_1078s_E17","symptomatic","unassigned",-0.0580706508395336,12
"GSM8121903_athero_human_10.txt.gz","Plate_1078s_E18","symptomatic","unassigned",-0.550148692805388,12
"GSM8121903_athero_human_10.txt.gz","Plate_1078s_E19","symptomatic","vsmc",0.0743083207190017,12
"GSM8121903_athero_human_10.txt.gz","Plate_1078s_E20","symptomatic","macrophage",0.307253558056764,12
"GSM8121903_athero_human_10.txt.gz","Plate_1078s_E21","symptomatic","fibroblast",-0.471902389855357,12
"GSM8121903_athero_human_10.txt.gz","Plate_1078s_E22","symptomatic","fibroblast",-0.170178957727892,12
"GSM8121903_athero_human_10.txt.gz","Plate_1078s_E23","symptomatic","vsmc",-0.466178947433071,12
"GSM8121903_athero_human_10.txt.gz","Plate_1078s_F01","symptomatic","vsmc",-0.228197296743788,12
"GSM8121903_athero_human_10.txt.gz","Plate_1078s_F02","symptomatic","b_cell",0.0928165081527328,12
"GSM8121903_athero_human_10.txt.gz","Plate_1078s_F04","symptomatic","fibroblast",-0.128688327609357,12
"GSM8121903_athero_human_10.txt.gz","Plate_1078s_F06","symptomatic","fibroblast",-0.0553829899836788,12
"GSM8121903_athero_human_10.txt.gz","Plate_1078s_F07","symptomatic","vsmc",-0.478877922225446,12
"GSM8121903_athero_human_10.txt.gz","Plate_1078s_F08","symptomatic","vsmc",-0.661887096585953,12
"GSM8121903_athero_human_10.txt.gz","Plate_1078s_F09","symptomatic","fibroblast",0.507303426351939,12
"GSM8121903_athero_human_10.txt.gz","Plate_1078s_F10","symptomatic","fibroblast",-0.181047759451449,12
"GSM8121903_athero_human_10.txt.gz","Plate_1078s_F11","symptomatic","vsmc",-0.204399367932237,12
"GSM8121903_athero_human_10.txt.gz","Plate_1078s_F12","symptomatic","vsmc",0.621904650153783,12
"GSM8121903_athero_human_10.txt.gz","Plate_1078s_F13","symptomatic","fibroblast",-0.6244290471286,12
"GSM8121903_athero_human_10.txt.gz","Plate_1078s_F14","symptomatic","fibroblast",0.439784119875975,12
"GSM8121903_athero_human_10.txt.gz","Plate_1078s_F16","symptomatic","fibroblast",-0.0885154593928748,12
"GSM8121903_athero_human_10.txt.gz","Plate_1078s_F17","symptomatic","macrophage",0.00515166052874011,12
"GSM8121903_athero_human_10.txt.gz","Plate_1078s_F19","symptomatic","fibroblast",0.201590747233334,12
"GSM8121903_athero_human_10.txt.gz","Plate_1078s_F20","symptomatic","vsmc",0.164687092615493,12
"GSM8121903_athero_human_10.txt.gz","Plate_1078s_F21","symptomatic","fibroblast",0.274510592854959,12
"GSM8121903_athero_human_10.txt.gz","Plate_1078s_F22","symptomatic","vsmc",0.178764283403651,12
"GSM8121903_athero_human_10.txt.gz","Plate_1078s_F23","symptomatic","vsmc",-0.0416675487592777,12
"GSM8121903_athero_human_10.txt.gz","Plate_1078s_G06","symptomatic","vsmc",-0.525300125523112,12
"GSM8121903_athero_human_10.txt.gz","Plate_1078s_G07","symptomatic","vsmc",-0.38636265245335,12
"GSM8121903_athero_human_10.txt.gz","Plate_1078s_G09","symptomatic","vsmc",0.066193738776218,12
"GSM8121903_athero_human_10.txt.gz","Plate_1078s_G12","symptomatic","vsmc",-0.654834683369947,12
"GSM8121903_athero_human_10.txt.gz","Plate_1078s_G13","symptomatic","vsmc",0.072942311499234,12
"GSM8121903_athero_human_10.txt.gz","Plate_1078s_G14","symptomatic","b_cell",-0.116393967398016,12
"GSM8121903_athero_human_10.txt.gz","Plate_1078s_G15","symptomatic","fibroblast",0.262505336517672,12
"GSM8121903_athero_human_10.txt.gz","Plate_1078s_G17","symptomatic","vsmc",-0.501844559457285,12
"GSM8121903_athero_human_10.txt.gz","Plate_1078s_G18","symptomatic","fibroblast",0.66197503762034,12
"GSM8121903_athero_human_10.txt.gz","Plate_1078s_G21","symptomatic","unassigned",-0.0867936671039406,12
"GSM8121903_athero_human_10.txt.gz","Plate_1078s_G22","symptomatic","fibroblast",0.610851273321272,12
"GSM8121903_athero_human_10.txt.gz","Plate_1078s_G23","symptomatic","vsmc",-0.312065853742948,12
"GSM8121903_athero_human_10.txt.gz","Plate_1078s_H01","symptomatic","t_nk",0.204283505404401,12
"GSM8121903_athero_human_10.txt.gz","Plate_1078s_H02","symptomatic","vsmc",0.210363003994363,12
"GSM8121903_athero_human_10.txt.gz","Plate_1078s_H04","symptomatic","macrophage",-0.327576940053545,12
"GSM8121903_athero_human_10.txt.gz","Plate_1078s_H06","symptomatic","vsmc",-0.388494435166383,12
"GSM8121903_athero_human_10.txt.gz","Plate_1078s_H10","symptomatic","vsmc",-0.616842834404003,12
"GSM8121903_athero_human_10.txt.gz","Plate_1078s_H11","symptomatic","vsmc",-0.158116629598925,12
"GSM8121903_athero_human_10.txt.gz","Plate_1078s_H13","symptomatic","unassigned",0.604498666692719,12
"GSM8121903_athero_human_10.txt.gz","Plate_1078s_H14","symptomatic","b_cell",-0.379070135755127,12
"GSM8121903_athero_human_10.txt.gz","Plate_1078s_H15","symptomatic","fibroblast",0.198238033940893,12
"GSM8121903_athero_human_10.txt.gz","Plate_1078s_H17","symptomatic","vsmc",-0.382130392414444,12
"GSM8121903_athero_human_10.txt.gz","Plate_1078s_H20","symptomatic","vsmc",-0.0650796006316173,12
"GSM8121903_athero_human_10.txt.gz","Plate_1078s_H22","symptomatic","fibroblast",0.175651310963097,12
"GSM8121903_athero_human_10.txt.gz","Plate_1078s_I03","symptomatic","unassigned",0.164651822539751,12
"GSM8121903_athero_human_10.txt.gz","Plate_1078s_I04","symptomatic","fibroblast",0.221877606300063,12
"GSM8121903_athero_human_10.txt.gz","Plate_1078s_I07","symptomatic","vsmc",-0.291211705486602,12
"GSM8121903_athero_human_10.txt.gz","Plate_1078s_I08","symptomatic","unassigned",-0.0945974650735891,12
"GSM8121903_athero_human_10.txt.gz","Plate_1078s_I09","symptomatic","vsmc",-0.391126489569744,12
"GSM8121903_athero_human_10.txt.gz","Plate_1078s_I11","symptomatic","fibroblast",-0.274835842371685,12
"GSM8121903_athero_human_10.txt.gz","Plate_1078s_I12","symptomatic","vsmc",-0.399483000483154,12
"GSM8121903_athero_human_10.txt.gz","Plate_1078s_I13","symptomatic","vsmc",-0.136819932088004,12
"GSM8121903_athero_human_10.txt.gz","Plate_1078s_I14","symptomatic","macrophage",-0.476428281906391,12
"GSM8121903_athero_human_10.txt.gz","Plate_1078s_I16","symptomatic","fibroblast",0.0108848394221753,12
"GSM8121903_athero_human_10.txt.gz","Plate_1078s_I21","symptomatic","macrophage",-0.488140509457519,12
"GSM8121903_athero_human_10.txt.gz","Plate_1078s_I23","symptomatic","unassigned",-0.588774021629651,12
"GSM8121903_athero_human_10.txt.gz","Plate_1078s_I24","symptomatic","fibroblast",0.108454539889469,12
"GSM8121903_athero_human_10.txt.gz","Plate_1078s_J01","symptomatic","vsmc",-0.529703136932964,12
"GSM8121903_athero_human_10.txt.gz","Plate_1078s_J02","symptomatic","vsmc",-0.146291687659903,12
"GSM8121903_athero_human_10.txt.gz","Plate_1078s_J03","symptomatic","vsmc",0.0356630098946738,12
"GSM8121903_athero_human_10.txt.gz","Plate_1078s_J06","symptomatic","fibroblast",-0.00103357475855536,12
"GSM8121903_athero_human_10.txt.gz","Plate_1078s_J08","symptomatic","vsmc",-0.26547341293485,12
"GSM8121903_athero_human_10.txt.gz","Plate_1078s_J12","symptomatic","vsmc",-0.14906368614726,12
"GSM8121903_athero_human_10.txt.gz","Plate_1078s_J13","symptomatic","vsmc",-0.320730325945304,12
"GSM8121903_athero_human_10.txt.gz","Plate_1078s_J14","symptomatic","fibroblast",0.370398759816151,12
"GSM8121903_athero_human_10.txt.gz","Plate_1078s_J15","symptomatic","vsmc",-0.260133992051662,12
"GSM8121903_athero_human_10.txt.gz","Plate_1078s_J16","symptomatic","vsmc",-0.278187394522019,12
"GSM8121903_athero_human_10.txt.gz","Plate_1078s_J18","symptomatic","t_nk",-0.161585082394052,12
"GSM8121903_athero_human_10.txt.gz","Plate_1078s_J19","symptomatic","fibroblast",-0.287620862956852,12
"GSM8121903_athero_human_10.txt.gz","Plate_1078s_J20","symptomatic","vsmc",-0.376988298664481,12
"GSM8121903_athero_human_10.txt.gz","Plate_1078s_J23","symptomatic","fibroblast",0.0792663824752199,12
"GSM8121903_athero_human_10.txt.gz","Plate_1078s_J24","symptomatic","fibroblast",-0.158210537955965,12
"GSM8121903_athero_human_10.txt.gz","Plate_1078s_K01","symptomatic","vsmc",-0.474675049504396,12
"GSM8121903_athero_human_10.txt.gz","Plate_1078s_K02","symptomatic","vsmc",-0.380905278543499,12
"GSM8121903_athero_human_10.txt.gz","Plate_1078s_K03","symptomatic","unassigned",0.599960707801573,12
"GSM8121903_athero_human_10.txt.gz","Plate_1078s_K04","symptomatic","fibroblast",-0.525457377020453,12
"GSM8121903_athero_human_10.txt.gz","Plate_1078s_K05","symptomatic","vsmc",-0.176370137428195,12
"GSM8121903_athero_human_10.txt.gz","Plate_1078s_K06","symptomatic","unassigned",-0.114000416230007,12
"GSM8121903_athero_human_10.txt.gz","Plate_1078s_K07","symptomatic","vsmc",-0.030040481780635,12
"GSM8121903_athero_human_10.txt.gz","Plate_1078s_K10","symptomatic","vsmc",-0.208564875254195,12
"GSM8121903_athero_human_10.txt.gz","Plate_1078s_K11","symptomatic","fibroblast",-0.42886532850436,12
"GSM8121903_athero_human_10.txt.gz","Plate_1078s_K13","symptomatic","vsmc",0.0059179611025913,12
"GSM8121903_athero_human_10.txt.gz","Plate_1078s_K14","symptomatic","fibroblast",-0.522940646075947,12
"GSM8121903_athero_human_10.txt.gz","Plate_1078s_K15","symptomatic","fibroblast",-0.0900215673655835,12
"GSM8121903_athero_human_10.txt.gz","Plate_1078s_K16","symptomatic","fibroblast",0.0137053189888988,12
"GSM8121903_athero_human_10.txt.gz","Plate_1078s_K17","symptomatic","fibroblast",-0.357425303254486,12
"GSM8121903_athero_human_10.txt.gz","Plate_1078s_K19","symptomatic","fibroblast",0.285181862707198,12
"GSM8121903_athero_human_10.txt.gz","Plate_1078s_K20","symptomatic","vsmc",-0.11517719649344,12
"GSM8121903_athero_human_10.txt.gz","Plate_1078s_K22","symptomatic","vsmc",0.0753726186076018,12
"GSM8121903_athero_human_10.txt.gz","Plate_1078s_K23","symptomatic","fibroblast",-0.0852644895269277,12
"GSM8121903_athero_human_10.txt.gz","Plate_1078s_K24","symptomatic","vsmc",-0.648412909663595,12
"GSM8121903_athero_human_10.txt.gz","Plate_1078s_L01","symptomatic","fibroblast",0.150079293083371,12
"GSM8121903_athero_human_10.txt.gz","Plate_1078s_L06","symptomatic","vsmc",-0.290958918499822,12
"GSM8121903_athero_human_10.txt.gz","Plate_1078s_L07","symptomatic","unassigned",0.17474057008731,12
"GSM8121903_athero_human_10.txt.gz","Plate_1078s_L08","symptomatic","fibroblast",-0.211470698676815,12
"GSM8121903_athero_human_10.txt.gz","Plate_1078s_L09","symptomatic","vsmc",0.0687591783495795,12
"GSM8121903_athero_human_10.txt.gz","Plate_1078s_L10","symptomatic","vsmc",-0.085099306262479,12
"GSM8121903_athero_human_10.txt.gz","Plate_1078s_L11","symptomatic","unassigned",-0.0661069502265708,12
"GSM8121903_athero_human_10.txt.gz","Plate_1078s_L13","symptomatic","unassigned",-0.0421524234726474,12
"GSM8121903_athero_human_10.txt.gz","Plate_1078s_L14","symptomatic","vsmc",-0.171232714685602,12
"GSM8121903_athero_human_10.txt.gz","Plate_1078s_L15","symptomatic","b_cell",1.0888688507939,12
"GSM8121903_athero_human_10.txt.gz","Plate_1078s_L16","symptomatic","vsmc",-0.0561565958020054,12
"GSM8121903_athero_human_10.txt.gz","Plate_1078s_L17","symptomatic","vsmc",0.160621925608533,12
"GSM8121903_athero_human_10.txt.gz","Plate_1078s_L18","symptomatic","vsmc",-0.363926625094069,12
"GSM8121903_athero_human_10.txt.gz","Plate_1078s_L19","symptomatic","unassigned",-0.380657730575527,12
"GSM8121903_athero_human_10.txt.gz","Plate_1078s_L20","symptomatic","macrophage",-0.245457574642485,12
"GSM8121903_athero_human_10.txt.gz","Plate_1078s_L21","symptomatic","vsmc",-0.123128301990059,12
"GSM8121903_athero_human_10.txt.gz","Plate_1078s_L23","symptomatic","vsmc",-0.151756957298317,12
"GSM8121903_athero_human_10.txt.gz","Plate_1078s_L24","symptomatic","unassigned",-0.647351477105719,12
"GSM8121903_athero_human_10.txt.gz","Plate_1078s_M03","symptomatic","vsmc",0.180889089083615,12
"GSM8121903_athero_human_10.txt.gz","Plate_1078s_M04","symptomatic","vsmc",-0.251557747558824,12
"GSM8121903_athero_human_10.txt.gz","Plate_1078s_M06","symptomatic","fibroblast",0.112298129571418,12
"GSM8121903_athero_human_10.txt.gz","Plate_1078s_M08","symptomatic","vsmc",-0.501814357606311,12
"GSM8121903_athero_human_10.txt.gz","Plate_1078s_M09","symptomatic","fibroblast",-0.0994200008844354,12
"GSM8121903_athero_human_10.txt.gz","Plate_1078s_M10","symptomatic","vsmc",-0.271854336408224,12
"GSM8121903_athero_human_10.txt.gz","Plate_1078s_M12","symptomatic","macrophage",0.552351938059997,12
"GSM8121903_athero_human_10.txt.gz","Plate_1078s_M13","symptomatic","vsmc",-0.0769189934808097,12
"GSM8121903_athero_human_10.txt.gz","Plate_1078s_M14","symptomatic","vsmc",-0.197761923680351,12
"GSM8121903_athero_human_10.txt.gz","Plate_1078s_M15","symptomatic","vsmc",0.263245542819173,12
"GSM8121903_athero_human_10.txt.gz","Plate_1078s_M16","symptomatic","fibroblast",-0.0449478433595371,12
"GSM8121903_athero_human_10.txt.gz","Plate_1078s_M17","symptomatic","fibroblast",0.535896165521223,12
"GSM8121903_athero_human_10.txt.gz","Plate_1078s_M19","symptomatic","vsmc",-0.452518642573951,12
"GSM8121903_athero_human_10.txt.gz","Plate_1078s_M20","symptomatic","vsmc",0.420428970493456,12
"GSM8121903_athero_human_10.txt.gz","Plate_1078s_M21","symptomatic","fibroblast",0.911727000203579,12
"GSM8121903_athero_human_10.txt.gz","Plate_1078s_M22","symptomatic","vsmc",-0.0408204703820364,12
"GSM8121903_athero_human_10.txt.gz","Plate_1078s_M24","symptomatic","vsmc",-0.260388006239493,12
"GSM8121903_athero_human_10.txt.gz","Plate_1078s_N02","symptomatic","fibroblast",0.584559792904152,12
"GSM8121903_athero_human_10.txt.gz","Plate_1078s_N03","symptomatic","vsmc",-0.107798536179982,12
"GSM8121903_athero_human_10.txt.gz","Plate_1078s_N04","symptomatic","fibroblast",0.196449640055816,12
"GSM8121903_athero_human_10.txt.gz","Plate_1078s_N05","symptomatic","fibroblast",-0.347460956001383,12
"GSM8121903_athero_human_10.txt.gz","Plate_1078s_N08","symptomatic","fibroblast",-0.103718411310982,12
"GSM8121903_athero_human_10.txt.gz","Plate_1078s_N09","symptomatic","vsmc",0.268152300969413,12
"GSM8121903_athero_human_10.txt.gz","Plate_1078s_N10","symptomatic","vsmc",0.532225145914664,12
"GSM8121903_athero_human_10.txt.gz","Plate_1078s_N11","symptomatic","unassigned",-0.126059346792261,12
"GSM8121903_athero_human_10.txt.gz","Plate_1078s_N12","symptomatic","fibroblast",0.0545127864024182,12
"GSM8121903_athero_human_10.txt.gz","Plate_1078s_N13","symptomatic","vsmc",-0.363959431657961,12
"GSM8121903_athero_human_10.txt.gz","Plate_1078s_N14","symptomatic","vsmc",-0.445153890987642,12
"GSM8121903_athero_human_10.txt.gz","Plate_1078s_N15","symptomatic","vsmc",0.158523092199013,12
"GSM8121903_athero_human_10.txt.gz","Plate_1078s_N16","symptomatic","vsmc",0.278794218641429,12
"GSM8121903_athero_human_10.txt.gz","Plate_1078s_N17","symptomatic","vsmc",-0.228550872580905,12
"GSM8121903_athero_human_10.txt.gz","Plate_1078s_N18","symptomatic","endothelial",-0.260561816060369,12
"GSM8121903_athero_human_10.txt.gz","Plate_1078s_N20","symptomatic","vsmc",-0.497634255187168,12
"GSM8121903_athero_human_10.txt.gz","Plate_1078s_N22","symptomatic","vsmc",-0.336867081573683,12
"GSM8121903_athero_human_10.txt.gz","Plate_1078s_N23","symptomatic","fibroblast",0.435200204800309,12
"GSM8121903_athero_human_10.txt.gz","Plate_1078s_N24","symptomatic","unassigned",-0.435473574114744,12
"GSM8121903_athero_human_10.txt.gz","Plate_1078s_O04","symptomatic","fibroblast",-0.180692493282209,12
"GSM8121903_athero_human_10.txt.gz","Plate_1078s_O05","symptomatic","endothelial",0.159216433620284,12
"GSM8121903_athero_human_10.txt.gz","Plate_1078s_O06","symptomatic","vsmc",-0.288326373950503,12
"GSM8121903_athero_human_10.txt.gz","Plate_1078s_O08","symptomatic","unassigned",-0.330031268959929,12
"GSM8121903_athero_human_10.txt.gz","Plate_1078s_O09","symptomatic","unassigned",0.310052390119221,12
"GSM8121903_athero_human_10.txt.gz","Plate_1078s_O10","symptomatic","vsmc",-0.260453862525345,12
"GSM8121903_athero_human_10.txt.gz","Plate_1078s_O11","symptomatic","vsmc",-0.365976732522691,12
"GSM8121903_athero_human_10.txt.gz","Plate_1078s_O12","symptomatic","fibroblast",-0.250802718753792,12
"GSM8121903_athero_human_10.txt.gz","Plate_1078s_O13","symptomatic","fibroblast",0.477992998771376,12
"GSM8121903_athero_human_10.txt.gz","Plate_1078s_O14","symptomatic","vsmc",-0.530315666681726,12
"GSM8121903_athero_human_10.txt.gz","Plate_1078s_O15","symptomatic","vsmc",-0.659830327795561,12
"GSM8121903_athero_human_10.txt.gz","Plate_1078s_O16","symptomatic","unassigned",0.109164577557422,12
"GSM8121903_athero_human_10.txt.gz","Plate_1078s_O17","symptomatic","unassigned",-0.0754184703430507,12
"GSM8121903_athero_human_10.txt.gz","Plate_1078s_O18","symptomatic","vsmc",-0.060194025894084,12
"GSM8121903_athero_human_10.txt.gz","Plate_1078s_O21","symptomatic","fibroblast",-0.0748116166692897,12
"GSM8121903_athero_human_10.txt.gz","Plate_1078s_O24","symptomatic","vsmc",0.134652856455622,12
"GSM8121903_athero_human_10.txt.gz","Plate_1078s_P01","symptomatic","fibroblast",0.161926695577584,12
"GSM8121903_athero_human_10.txt.gz","Plate_1078s_P02","symptomatic","fibroblast",-0.084803567870752,12
"GSM8121903_athero_human_10.txt.gz","Plate_1078s_P05","symptomatic","fibroblast",-0.0826945876046436,12
"GSM8121903_athero_human_10.txt.gz","Plate_1078s_P06","symptomatic","vsmc",0.193934284953562,12
"GSM8121903_athero_human_10.txt.gz","Plate_1078s_P08","symptomatic","endothelial",-0.662795462359276,12
"GSM8121903_athero_human_10.txt.gz","Plate_1078s_P09","symptomatic","macrophage",-0.501640320078206,12
"GSM8121903_athero_human_10.txt.gz","Plate_1078s_P10","symptomatic","vsmc",0.0301582376358795,12
"GSM8121903_athero_human_10.txt.gz","Plate_1078s_P11","symptomatic","vsmc",-0.248655267174926,12
"GSM8121903_athero_human_10.txt.gz","Plate_1078s_P12","symptomatic","vsmc",-0.192370966424613,12
"GSM8121903_athero_human_10.txt.gz","Plate_1078s_P13","symptomatic","fibroblast",0.477554875387862,12
"GSM8121903_athero_human_10.txt.gz","Plate_1078s_P14","symptomatic","vsmc",-0.462320488447781,12
"GSM8121903_athero_human_10.txt.gz","Plate_1078s_P15","symptomatic","vsmc",-0.229238142412999,12
"GSM8121903_athero_human_10.txt.gz","Plate_1078s_P16","symptomatic","vsmc",0.322504182070507,12
"GSM8121903_athero_human_10.txt.gz","Plate_1078s_P17","symptomatic","fibroblast",0.610230185425069,12
"GSM8121903_athero_human_10.txt.gz","Plate_1078s_P18","symptomatic","vsmc",0.168790136136955,12
"GSM8121903_athero_human_10.txt.gz","Plate_1078s_P19","symptomatic","vsmc",-0.0900002290452331,12
"GSM8121903_athero_human_10.txt.gz","Plate_1078s_P20","symptomatic","vsmc",-0.421811268838799,12
"GSM8121903_athero_human_10.txt.gz","Plate_1078s_P22","symptomatic","vsmc",0.298880406413129,12
"GSM8121903_athero_human_10.txt.gz","Plate_1078s_P24","symptomatic","endothelial",-0.497039352862853,12
"GSM8121903_athero_human_10.txt.gz","Plate_1084s_A05","symptomatic","macrophage",0.525442498728322,12
"GSM8121903_athero_human_10.txt.gz","Plate_1084s_A07","symptomatic","mast",0.121190111866836,12
"GSM8121903_athero_human_10.txt.gz","Plate_1084s_A08","symptomatic","mast",0.948803093951144,12
"GSM8121903_athero_human_10.txt.gz","Plate_1084s_A09","symptomatic","unassigned",0.342312610987759,12
"GSM8121903_athero_human_10.txt.gz","Plate_1084s_A10","symptomatic","mast",-0.188950048896531,12
"GSM8121903_athero_human_10.txt.gz","Plate_1084s_A11","symptomatic","macrophage",0.126726253005712,12
"GSM8121903_athero_human_10.txt.gz","Plate_1084s_B01","symptomatic","macrophage",0.1733811315983,12
"GSM8121903_athero_human_10.txt.gz","Plate_1084s_B04","symptomatic","macrophage",0.610322318664895,12
"GSM8121903_athero_human_10.txt.gz","Plate_1084s_B05","symptomatic","macrophage",-0.0355819598958228,12
"GSM8121903_athero_human_10.txt.gz","Plate_1084s_B09","symptomatic","fibroblast",0.353673763393502,12
"GSM8121903_athero_human_10.txt.gz","Plate_1084s_B10","symptomatic","macrophage",0.401763501835333,12
"GSM8121903_athero_human_10.txt.gz","Plate_1084s_C01","symptomatic","macrophage",-0.327963801367796,12
"GSM8121903_athero_human_10.txt.gz","Plate_1084s_C02","symptomatic","macrophage",0.245570521761813,12
"GSM8121903_athero_human_10.txt.gz","Plate_1084s_C03","symptomatic","macrophage",1.0728235114951,12
"GSM8121903_athero_human_10.txt.gz","Plate_1084s_C05","symptomatic","macrophage",0.0757885263749516,12
"GSM8121903_athero_human_10.txt.gz","Plate_1084s_C06","symptomatic","macrophage",0.23513173944471,12
"GSM8121903_athero_human_10.txt.gz","Plate_1084s_C08","symptomatic","macrophage",0.0205994271308237,12
"GSM8121903_athero_human_10.txt.gz","Plate_1084s_D01","symptomatic","macrophage",-0.245763652241134,12
"GSM8121903_athero_human_10.txt.gz","Plate_1084s_D03","symptomatic","unassigned",0.0124527093920087,12
"GSM8121903_athero_human_10.txt.gz","Plate_1084s_D04","symptomatic","macrophage",-0.0524347754511649,12
"GSM8121903_athero_human_10.txt.gz","Plate_1084s_D05","symptomatic","macrophage",0.642853002352632,12
"GSM8121903_athero_human_10.txt.gz","Plate_1084s_D07","symptomatic","macrophage",-0.0853202130452586,12
"GSM8121903_athero_human_10.txt.gz","Plate_1084s_D08","symptomatic","macrophage",-0.100786986902294,12
"GSM8121903_athero_human_10.txt.gz","Plate_1084s_E01","symptomatic","macrophage",-0.244554861031281,12
"GSM8121903_athero_human_10.txt.gz","Plate_1084s_E04","symptomatic","macrophage",-0.230087897068989,12
"GSM8121903_athero_human_10.txt.gz","Plate_1084s_E06","symptomatic","unassigned",-0.0425483160640375,12
"GSM8121903_athero_human_10.txt.gz","Plate_1084s_E07","symptomatic","macrophage",0.363065833697928,12
"GSM8121903_athero_human_10.txt.gz","Plate_1084s_E08","symptomatic","unassigned",0.248684432912043,12
"GSM8121903_athero_human_10.txt.gz","Plate_1084s_E09","symptomatic","macrophage",0.509428549987375,12
"GSM8121903_athero_human_10.txt.gz","Plate_1084s_E10","symptomatic","vsmc",-0.488570571875129,12
"GSM8121903_athero_human_10.txt.gz","Plate_1084s_F01","symptomatic","macrophage",-0.224274436280937,12
"GSM8121903_athero_human_10.txt.gz","Plate_1084s_F04","symptomatic","macrophage",-0.0878210365867089,12
"GSM8121903_athero_human_10.txt.gz","Plate_1084s_F05","symptomatic","macrophage",-0.208656056828896,12
"GSM8121903_athero_human_10.txt.gz","Plate_1084s_F09","symptomatic","macrophage",0.128099893389431,12
"GSM8121903_athero_human_10.txt.gz","Plate_1084s_F10","symptomatic","macrophage",-0.058709726722632,12
"GSM8121903_athero_human_10.txt.gz","Plate_1084s_F11","symptomatic","macrophage",0.0982712252929483,12
"GSM8121903_athero_human_10.txt.gz","Plate_1084s_G02","symptomatic","macrophage",-0.211431878361383,12
"GSM8121903_athero_human_10.txt.gz","Plate_1084s_G03","symptomatic","macrophage",0.611926822084036,12
"GSM8121903_athero_human_10.txt.gz","Plate_1084s_G04","symptomatic","macrophage",0.0355546431737293,12
"GSM8121903_athero_human_10.txt.gz","Plate_1084s_G05","symptomatic","macrophage",0.553024926475337,12
"GSM8121903_athero_human_10.txt.gz","Plate_1084s_G06","symptomatic","vsmc",-0.271312343324567,12
"GSM8121903_athero_human_10.txt.gz","Plate_1084s_G09","symptomatic","macrophage",0.676417790770498,12
"GSM8121903_athero_human_10.txt.gz","Plate_1084s_G11","symptomatic","macrophage",-0.0256063737474522,12
"GSM8121903_athero_human_10.txt.gz","Plate_1084s_G12","symptomatic","macrophage",-0.0108266876214255,12
"GSM8121903_athero_human_10.txt.gz","Plate_1084s_H01","symptomatic","macrophage",0.0458116767104071,12
"GSM8121903_athero_human_10.txt.gz","Plate_1084s_H04","symptomatic","unassigned",0.89798670421459,12
"GSM8121903_athero_human_10.txt.gz","Plate_1084s_H05","symptomatic","unassigned",0.0874232029850772,12
"GSM8121903_athero_human_10.txt.gz","Plate_1084s_H09","symptomatic","macrophage",-0.440215919210823,12
"GSM8121903_athero_human_10.txt.gz","Plate_1084s_H10","symptomatic","macrophage",-0.292532780503043,12
"GSM8121903_athero_human_10.txt.gz","Plate_1084s_H11","symptomatic","unassigned",-0.357448139168716,12
"GSM8121903_athero_human_10.txt.gz","Plate_1084s_I01","symptomatic","macrophage",-0.471498361240076,12
"GSM8121903_athero_human_10.txt.gz","Plate_1084s_I04","symptomatic","b_cell",0.656472085864992,12
"GSM8121903_athero_human_10.txt.gz","Plate_1084s_I07","symptomatic","mast",-0.0663645842680736,12
"GSM8121903_athero_human_10.txt.gz","Plate_1084s_I08","symptomatic","macrophage",-0.086307718668368,12
"GSM8121903_athero_human_10.txt.gz","Plate_1084s_I11","symptomatic","unassigned",-0.0281608612802476,12
"GSM8121903_athero_human_10.txt.gz","Plate_1084s_I12","symptomatic","macrophage",0.0576243203725576,12
"GSM8121903_athero_human_10.txt.gz","Plate_1084s_I13","symptomatic","unassigned",-0.00976370092052061,12
"GSM8121903_athero_human_10.txt.gz","Plate_1084s_I15","symptomatic","macrophage",0.188457455484823,12
"GSM8121903_athero_human_10.txt.gz","Plate_1084s_I16","symptomatic","macrophage",0.465139888551032,12
"GSM8121903_athero_human_10.txt.gz","Plate_1084s_I19","symptomatic","macrophage",-0.106869177450429,12
"GSM8121903_athero_human_10.txt.gz","Plate_1084s_I21","symptomatic","macrophage",0.0294995896602085,12
"GSM8121903_athero_human_10.txt.gz","Plate_1084s_I23","symptomatic","macrophage",-0.363833656974882,12
"GSM8121903_athero_human_10.txt.gz","Plate_1084s_I24","symptomatic","unassigned",-0.339023422906559,12
"GSM8121903_athero_human_10.txt.gz","Plate_1084s_J01","symptomatic","macrophage",-0.436805413682757,12
"GSM8121903_athero_human_10.txt.gz","Plate_1084s_J03","symptomatic","macrophage",-0.309861739223277,12
"GSM8121903_athero_human_10.txt.gz","Plate_1084s_J06","symptomatic","macrophage",-0.225391937106675,12
"GSM8121903_athero_human_10.txt.gz","Plate_1084s_J07","symptomatic","vsmc",0.092201702479791,12
"GSM8121903_athero_human_10.txt.gz","Plate_1084s_J08","symptomatic","macrophage",-0.309259147323566,12
"GSM8121903_athero_human_10.txt.gz","Plate_1084s_J09","symptomatic","macrophage",0.125099714471446,12
"GSM8121903_athero_human_10.txt.gz","Plate_1084s_J11","symptomatic","macrophage",0.60581394482778,12
"GSM8121903_athero_human_10.txt.gz","Plate_1084s_J12","symptomatic","macrophage",-0.077799004287322,12
"GSM8121903_athero_human_10.txt.gz","Plate_1084s_J14","symptomatic","macrophage",-0.0908408115496707,12
"GSM8121903_athero_human_10.txt.gz","Plate_1084s_J16","symptomatic","macrophage",-0.601302036722713,12
"GSM8121903_athero_human_10.txt.gz","Plate_1084s_J17","symptomatic","macrophage",0.00457862470240403,12
"GSM8121903_athero_human_10.txt.gz","Plate_1084s_J19","symptomatic","macrophage",-0.125089536786588,12
"GSM8121903_athero_human_10.txt.gz","Plate_1084s_J21","symptomatic","macrophage",0.201885680141941,12
"GSM8121903_athero_human_10.txt.gz","Plate_1084s_J23","symptomatic","macrophage",0.150879692922335,12
"GSM8121903_athero_human_10.txt.gz","Plate_1084s_K01","symptomatic","macrophage",0.138057961948032,12
"GSM8121903_athero_human_10.txt.gz","Plate_1084s_K03","symptomatic","macrophage",0.758266117630609,12
"GSM8121903_athero_human_10.txt.gz","Plate_1084s_K04","symptomatic","macrophage",0.480265359693318,12
"GSM8121903_athero_human_10.txt.gz","Plate_1084s_K07","symptomatic","macrophage",-0.15222615620906,12
"GSM8121903_athero_human_10.txt.gz","Plate_1084s_K09","symptomatic","macrophage",0.890852328792033,12
"GSM8121903_athero_human_10.txt.gz","Plate_1084s_K11","symptomatic","b_cell",-0.459308313096143,12
"GSM8121903_athero_human_10.txt.gz","Plate_1084s_K14","symptomatic","macrophage",-0.380727548786679,12
"GSM8121903_athero_human_10.txt.gz","Plate_1084s_K15","symptomatic","macrophage",-0.10373554697463,12
"GSM8121903_athero_human_10.txt.gz","Plate_1084s_K16","symptomatic","macrophage",-0.390318911888893,12
"GSM8121903_athero_human_10.txt.gz","Plate_1084s_K17","symptomatic","b_cell",0.381953915160787,12
"GSM8121903_athero_human_10.txt.gz","Plate_1084s_K18","symptomatic","fibroblast",-0.114760167917672,12
"GSM8121903_athero_human_10.txt.gz","Plate_1084s_K19","symptomatic","macrophage",-0.207670790340119,12
"GSM8121903_athero_human_10.txt.gz","Plate_1084s_K20","symptomatic","macrophage",0.149521203188752,12
"GSM8121903_athero_human_10.txt.gz","Plate_1084s_K21","symptomatic","macrophage",-0.305629098603785,12
"GSM8121903_athero_human_10.txt.gz","Plate_1084s_K23","symptomatic","macrophage",0.854154588110823,12
"GSM8121903_athero_human_10.txt.gz","Plate_1084s_L01","symptomatic","macrophage",-0.186556989739425,12
"GSM8121903_athero_human_10.txt.gz","Plate_1084s_L02","symptomatic","macrophage",0.270875699112229,12
"GSM8121903_athero_human_10.txt.gz","Plate_1084s_L03","symptomatic","unassigned",0.760400543169016,12
"GSM8121903_athero_human_10.txt.gz","Plate_1084s_L04","symptomatic","b_cell",0.320874753612064,12
"GSM8121903_athero_human_10.txt.gz","Plate_1084s_L05","symptomatic","t_nk",0.616378113752274,12
"GSM8121903_athero_human_10.txt.gz","Plate_1084s_L06","symptomatic","macrophage",-0.0395306213221415,12
"GSM8121903_athero_human_10.txt.gz","Plate_1084s_L09","symptomatic","b_cell",-0.157734390416993,12
"GSM8121903_athero_human_10.txt.gz","Plate_1084s_L11","symptomatic","macrophage",-0.546530927277874,12
"GSM8121903_athero_human_10.txt.gz","Plate_1084s_L13","symptomatic","macrophage",0.0448110463794326,12
"GSM8121903_athero_human_10.txt.gz","Plate_1084s_L14","symptomatic","macrophage",0.577367785198856,12
"GSM8121903_athero_human_10.txt.gz","Plate_1084s_L15","symptomatic","macrophage",0.811252199941083,12
"GSM8121903_athero_human_10.txt.gz","Plate_1084s_L18","symptomatic","macrophage",-0.381712293279599,12
"GSM8121903_athero_human_10.txt.gz","Plate_1084s_L20","symptomatic","macrophage",0.274591273319655,12
"GSM8121903_athero_human_10.txt.gz","Plate_1084s_L21","symptomatic","b_cell",0.368927441846582,12
"GSM8121903_athero_human_10.txt.gz","Plate_1084s_L22","symptomatic","t_nk",0.753329663605915,12
"GSM8121903_athero_human_10.txt.gz","Plate_1084s_L23","symptomatic","macrophage",0.406406875706146,12
"GSM8121903_athero_human_10.txt.gz","Plate_1084s_M01","symptomatic","macrophage",0.827927272146863,12
"GSM8121903_athero_human_10.txt.gz","Plate_1084s_M03","symptomatic","t_nk",1.28393603601754,12
"GSM8121903_athero_human_10.txt.gz","Plate_1084s_M04","symptomatic","macrophage",-0.0997936600869063,12
"GSM8121903_athero_human_10.txt.gz","Plate_1084s_M05","symptomatic","macrophage",-0.208286869415521,12
"GSM8121903_athero_human_10.txt.gz","Plate_1084s_M06","symptomatic","macrophage",-0.584279927013318,12
"GSM8121903_athero_human_10.txt.gz","Plate_1084s_M08","symptomatic","macrophage",-0.183033893756538,12
"GSM8121903_athero_human_10.txt.gz","Plate_1084s_M09","symptomatic","macrophage",0.28489888877306,12
"GSM8121903_athero_human_10.txt.gz","Plate_1084s_M13","symptomatic","macrophage",0.331066024347233,12
"GSM8121903_athero_human_10.txt.gz","Plate_1084s_M14","symptomatic","macrophage",-0.109626365150278,12
"GSM8121903_athero_human_10.txt.gz","Plate_1084s_M15","symptomatic","macrophage",-0.0765051645901821,12
"GSM8121903_athero_human_10.txt.gz","Plate_1084s_M16","symptomatic","macrophage",0.29589880933552,12
"GSM8121903_athero_human_10.txt.gz","Plate_1084s_M17","symptomatic","macrophage",0.786058094700485,12
"GSM8121903_athero_human_10.txt.gz","Plate_1084s_M19","symptomatic","macrophage",0.6953078918425,12
"GSM8121903_athero_human_10.txt.gz","Plate_1084s_M21","symptomatic","macrophage",0.355892557381363,12
"GSM8121903_athero_human_10.txt.gz","Plate_1084s_N01","symptomatic","macrophage",-0.210481862437926,12
"GSM8121903_athero_human_10.txt.gz","Plate_1084s_N02","symptomatic","macrophage",-0.455922309031527,12
"GSM8121903_athero_human_10.txt.gz","Plate_1084s_N03","symptomatic","macrophage",0.117111449594733,12
"GSM8121903_athero_human_10.txt.gz","Plate_1084s_N04","symptomatic","macrophage",1.29543872578413,12
"GSM8121903_athero_human_10.txt.gz","Plate_1084s_N05","symptomatic","macrophage",0.810632858960143,12
"GSM8121903_athero_human_10.txt.gz","Plate_1084s_N06","symptomatic","b_cell",0.261187028689057,12
"GSM8121903_athero_human_10.txt.gz","Plate_1084s_N07","symptomatic","mast",0.194941789868402,12
"GSM8121903_athero_human_10.txt.gz","Plate_1084s_N08","symptomatic","macrophage",-0.174587401882783,12
"GSM8121903_athero_human_10.txt.gz","Plate_1084s_N09","symptomatic","macrophage",0.740253507544848,12
"GSM8121903_athero_human_10.txt.gz","Plate_1084s_N10","symptomatic","b_cell",0.297487306203826,12
"GSM8121903_athero_human_10.txt.gz","Plate_1084s_N11","symptomatic","macrophage",-0.0794866514070298,12
"GSM8121903_athero_human_10.txt.gz","Plate_1084s_N12","symptomatic","unassigned",-0.0265155697304784,12
"GSM8121903_athero_human_10.txt.gz","Plate_1084s_N14","symptomatic","macrophage",-0.399020636771807,12
"GSM8121903_athero_human_10.txt.gz","Plate_1084s_N16","symptomatic","macrophage",-0.558765703628473,12
"GSM8121903_athero_human_10.txt.gz","Plate_1084s_N17","symptomatic","macrophage",0.441461457765435,12
"GSM8121903_athero_human_10.txt.gz","Plate_1084s_N19","symptomatic","macrophage",0.0554368382892191,12
"GSM8121903_athero_human_10.txt.gz","Plate_1084s_N22","symptomatic","macrophage",-0.119886865236738,12
"GSM8121903_athero_human_10.txt.gz","Plate_1084s_N23","symptomatic","macrophage",0.132368723162367,12
"GSM8121903_athero_human_10.txt.gz","Plate_1084s_N24","symptomatic","macrophage",0.506686906743258,12
"GSM8121903_athero_human_10.txt.gz","Plate_1084s_O01","symptomatic","b_cell",0.418846672916697,12
"GSM8121903_athero_human_10.txt.gz","Plate_1084s_O03","symptomatic","macrophage",0.0213561607196037,12
"GSM8121903_athero_human_10.txt.gz","Plate_1084s_O04","symptomatic","macrophage",0.0120520517061311,12
"GSM8121903_athero_human_10.txt.gz","Plate_1084s_O06","symptomatic","macrophage",0.238858369437829,12
"GSM8121903_athero_human_10.txt.gz","Plate_1084s_O07","symptomatic","macrophage",-0.089880206384187,12
"GSM8121903_athero_human_10.txt.gz","Plate_1084s_O08","symptomatic","macrophage",0.198742516132699,12
"GSM8121903_athero_human_10.txt.gz","Plate_1084s_O09","symptomatic","endothelial",0.553505409954685,12
"GSM8121903_athero_human_10.txt.gz","Plate_1084s_O10","symptomatic","macrophage",0.0450252239263253,12
"GSM8121903_athero_human_10.txt.gz","Plate_1084s_O16","symptomatic","macrophage",-0.152685644326229,12
"GSM8121903_athero_human_10.txt.gz","Plate_1084s_O17","symptomatic","macrophage",-0.0788385406768876,12
"GSM8121903_athero_human_10.txt.gz","Plate_1084s_O19","symptomatic","macrophage",0.197294124884869,12
"GSM8121903_athero_human_10.txt.gz","Plate_1084s_O20","symptomatic","macrophage",-0.124446814697479,12
"GSM8121903_athero_human_10.txt.gz","Plate_1084s_O24","symptomatic","macrophage",0.0979105691469853,12
"GSM8121903_athero_human_10.txt.gz","Plate_1084s_P02","symptomatic","macrophage",0.342251335592279,12
"GSM8121903_athero_human_10.txt.gz","Plate_1084s_P04","symptomatic","macrophage",0.14919868121882,12
"GSM8121903_athero_human_10.txt.gz","Plate_1084s_P06","symptomatic","macrophage",0.698791075789823,12
"GSM8121903_athero_human_10.txt.gz","Plate_1084s_P07","symptomatic","mast",0.59968419000957,12
"GSM8121903_athero_human_10.txt.gz","Plate_1084s_P08","symptomatic","unassigned",-0.505537686158864,12
"GSM8121903_athero_human_10.txt.gz","Plate_1084s_P09","symptomatic","macrophage",-0.408273588811665,12
"GSM8121903_athero_human_10.txt.gz","Plate_1084s_P10","symptomatic","macrophage",-0.56450520581489,12
"GSM8121903_athero_human_10.txt.gz","Plate_1084s_P11","symptomatic","mast",-0.569312057993353,12
"GSM8121903_athero_human_10.txt.gz","Plate_1084s_P12","symptomatic","macrophage",-0.0947682769308542,12
"GSM8121903_athero_human_10.txt.gz","Plate_1084s_P13","symptomatic","macrophage",-0.305177960165976,12
"GSM8121903_athero_human_10.txt.gz","Plate_1084s_P14","symptomatic","macrophage",-0.345863547486215,12
"GSM8121903_athero_human_10.txt.gz","Plate_1084s_P15","symptomatic","macrophage",-0.462350053949634,12
"GSM8121903_athero_human_10.txt.gz","Plate_1084s_P16","symptomatic","macrophage",0.113035536809114,12
"GSM8121903_athero_human_10.txt.gz","Plate_1084s_P19","symptomatic","macrophage",-0.415840704414781,12
"GSM8121903_athero_human_10.txt.gz","Plate_1084s_P20","symptomatic","endothelial",0.16907931813003,12
"GSM8121903_athero_human_10.txt.gz","Plate_1084s_P21","symptomatic","macrophage",-0.229561061333473,12
"GSM8121903_athero_human_10.txt.gz","Plate_1084s_P24","symptomatic","endothelial",-0.574733463508491,12
"GSM8121904_athero_human_11.txt.gz","Plate_177s_A01","symptomatic","fibroblast",0.283343244541878,12
"GSM8121904_athero_human_11.txt.gz","Plate_177s_A03","symptomatic","fibroblast",-0.163644475373519,12
"GSM8121904_athero_human_11.txt.gz","Plate_177s_A04","symptomatic","vsmc",-0.444436317708853,12
"GSM8121904_athero_human_11.txt.gz","Plate_177s_A05","symptomatic","vsmc",-0.0399554043802076,12
"GSM8121904_athero_human_11.txt.gz","Plate_177s_A06","symptomatic","vsmc",-0.269957060618553,12
"GSM8121904_athero_human_11.txt.gz","Plate_177s_A07","symptomatic","vsmc",-0.49457683027612,12
"GSM8121904_athero_human_11.txt.gz","Plate_177s_A08","symptomatic","fibroblast",-0.147531716734382,12
"GSM8121904_athero_human_11.txt.gz","Plate_177s_A10","symptomatic","fibroblast",-0.188285437695207,12
"GSM8121904_athero_human_11.txt.gz","Plate_177s_A11","symptomatic","vsmc",-0.661412150122623,12
"GSM8121904_athero_human_11.txt.gz","Plate_177s_A12","symptomatic","fibroblast",0.184765111510701,12
"GSM8121904_athero_human_11.txt.gz","Plate_177s_A13","symptomatic","fibroblast",-0.15890034346649,12
"GSM8121904_athero_human_11.txt.gz","Plate_177s_A14","symptomatic","fibroblast",-0.0630944137534153,12
"GSM8121904_athero_human_11.txt.gz","Plate_177s_A15","symptomatic","fibroblast",-0.136040352372882,12
"GSM8121904_athero_human_11.txt.gz","Plate_177s_A17","symptomatic","fibroblast",-0.0850518280556127,12
"GSM8121904_athero_human_11.txt.gz","Plate_177s_A19","symptomatic","vsmc",-0.288132208119015,12
"GSM8121904_athero_human_11.txt.gz","Plate_177s_A21","symptomatic","fibroblast",-0.0709329356602522,12
"GSM8121904_athero_human_11.txt.gz","Plate_177s_A22","symptomatic","fibroblast",-0.146189252689156,12
"GSM8121904_athero_human_11.txt.gz","Plate_177s_A23","symptomatic","fibroblast",-0.65032266526896,12
"GSM8121904_athero_human_11.txt.gz","Plate_177s_B03","symptomatic","fibroblast",0.0424927660234526,12
"GSM8121904_athero_human_11.txt.gz","Plate_177s_B04","symptomatic","vsmc",-0.203575262038887,12
"GSM8121904_athero_human_11.txt.gz","Plate_177s_B05","symptomatic","unassigned",-0.128675737186703,12
"GSM8121904_athero_human_11.txt.gz","Plate_177s_B06","symptomatic","vsmc",-0.329113655262764,12
"GSM8121904_athero_human_11.txt.gz","Plate_177s_B07","symptomatic","vsmc",0.0310720205625441,12
"GSM8121904_athero_human_11.txt.gz","Plate_177s_B08","symptomatic","fibroblast",0.241700118951915,12
"GSM8121904_athero_human_11.txt.gz","Plate_177s_B09","symptomatic","fibroblast",-0.237802156218165,12
"GSM8121904_athero_human_11.txt.gz","Plate_177s_B10","symptomatic","fibroblast",0.268384001946853,12
"GSM8121904_athero_human_11.txt.gz","Plate_177s_B11","symptomatic","endothelial",-0.303229051727502,12
"GSM8121904_athero_human_11.txt.gz","Plate_177s_B13","symptomatic","vsmc",-0.726699557651082,12
"GSM8121904_athero_human_11.txt.gz","Plate_177s_B15","symptomatic","vsmc",-0.473036865052007,12
"GSM8121904_athero_human_11.txt.gz","Plate_177s_B17","symptomatic","vsmc",-0.38133181791556,12
"GSM8121904_athero_human_11.txt.gz","Plate_177s_B19","symptomatic","vsmc",-0.357478371601636,12
"GSM8121904_athero_human_11.txt.gz","Plate_177s_B20","symptomatic","vsmc",-0.167649122117553,12
"GSM8121904_athero_human_11.txt.gz","Plate_177s_B21","symptomatic","vsmc",-0.396310228612483,12
"GSM8121904_athero_human_11.txt.gz","Plate_177s_B22","symptomatic","fibroblast",-0.292161575552278,12
"GSM8121904_athero_human_11.txt.gz","Plate_177s_B24","symptomatic","fibroblast",-0.298893674622203,12
"GSM8121904_athero_human_11.txt.gz","Plate_177s_C01","symptomatic","endothelial",0.233983948625179,12
"GSM8121904_athero_human_11.txt.gz","Plate_177s_C03","symptomatic","fibroblast",0.434068021106833,12
"GSM8121904_athero_human_11.txt.gz","Plate_177s_C04","symptomatic","vsmc",-0.265420604121851,12
"GSM8121904_athero_human_11.txt.gz","Plate_177s_C05","symptomatic","vsmc",-0.354302267459656,12
"GSM8121904_athero_human_11.txt.gz","Plate_177s_C06","symptomatic","fibroblast",0.103031403161438,12
"GSM8121904_athero_human_11.txt.gz","Plate_177s_C07","symptomatic","fibroblast",-0.431457279062407,12
"GSM8121904_athero_human_11.txt.gz","Plate_177s_C09","symptomatic","fibroblast",0.568422103601373,12
"GSM8121904_athero_human_11.txt.gz","Plate_177s_C10","symptomatic","fibroblast",0.104137507650912,12
"GSM8121904_athero_human_11.txt.gz","Plate_177s_C11","symptomatic","vsmc",0.116710602585313,12
"GSM8121904_athero_human_11.txt.gz","Plate_177s_C12","symptomatic","vsmc",-0.308338932160218,12
"GSM8121904_athero_human_11.txt.gz","Plate_177s_C13","symptomatic","fibroblast",0.0270828352956257,12
"GSM8121904_athero_human_11.txt.gz","Plate_177s_C15","symptomatic","fibroblast",0.157903152388206,12
"GSM8121904_athero_human_11.txt.gz","Plate_177s_C16","symptomatic","fibroblast",0.404766641826312,12
"GSM8121904_athero_human_11.txt.gz","Plate_177s_C17","symptomatic","fibroblast",-0.0639534376348214,12
"GSM8121904_athero_human_11.txt.gz","Plate_177s_C18","symptomatic","vsmc",0.264487727810112,12
"GSM8121904_athero_human_11.txt.gz","Plate_177s_C21","symptomatic","fibroblast",-0.498765818145078,12
"GSM8121904_athero_human_11.txt.gz","Plate_177s_C22","symptomatic","fibroblast",0.440084922121677,12
"GSM8121904_athero_human_11.txt.gz","Plate_177s_C23","symptomatic","vsmc",-0.137810800857237,12
"GSM8121904_athero_human_11.txt.gz","Plate_177s_D01","symptomatic","fibroblast",0.963209365120181,12
"GSM8121904_athero_human_11.txt.gz","Plate_177s_D02","symptomatic","vsmc",0.171487863229771,12
"GSM8121904_athero_human_11.txt.gz","Plate_177s_D03","symptomatic","vsmc",-0.339241939074,12
"GSM8121904_athero_human_11.txt.gz","Plate_177s_D04","symptomatic","vsmc",-0.154892353095537,12
"GSM8121904_athero_human_11.txt.gz","Plate_177s_D05","symptomatic","fibroblast",0.22686087262287,12
"GSM8121904_athero_human_11.txt.gz","Plate_177s_D06","symptomatic","fibroblast",0.531201407557467,12
"GSM8121904_athero_human_11.txt.gz","Plate_177s_D07","symptomatic","fibroblast",0.0795917979827517,12
"GSM8121904_athero_human_11.txt.gz","Plate_177s_D08","symptomatic","fibroblast",-0.0744650432588879,12
"GSM8121904_athero_human_11.txt.gz","Plate_177s_D09","symptomatic","fibroblast",0.0781239096765393,12
"GSM8121904_athero_human_11.txt.gz","Plate_177s_D10","symptomatic","vsmc",-0.363422690983428,12
"GSM8121904_athero_human_11.txt.gz","Plate_177s_D11","symptomatic","fibroblast",-0.447162408065221,12
"GSM8121904_athero_human_11.txt.gz","Plate_177s_D12","symptomatic","vsmc",-0.345910729768161,12
"GSM8121904_athero_human_11.txt.gz","Plate_177s_D15","symptomatic","fibroblast",0.180017957405637,12
"GSM8121904_athero_human_11.txt.gz","Plate_177s_D16","symptomatic","vsmc",-0.201177938485172,12
"GSM8121904_athero_human_11.txt.gz","Plate_177s_D19","symptomatic","fibroblast",0.165562984432906,12
"GSM8121904_athero_human_11.txt.gz","Plate_177s_D20","symptomatic","vsmc",-0.724938279293322,12
"GSM8121904_athero_human_11.txt.gz","Plate_177s_D21","symptomatic","fibroblast",-0.212393584450811,12
"GSM8121904_athero_human_11.txt.gz","Plate_177s_D23","symptomatic","fibroblast",0.120819438123962,12
"GSM8121904_athero_human_11.txt.gz","Plate_177s_D24","symptomatic","vsmc",-0.620072979051667,12
"GSM8121904_athero_human_11.txt.gz","Plate_177s_E01","symptomatic","fibroblast",0.0361499522089667,12
"GSM8121904_athero_human_11.txt.gz","Plate_177s_E02","symptomatic","fibroblast",-0.410076472778795,12
"GSM8121904_athero_human_11.txt.gz","Plate_177s_E03","symptomatic","vsmc",-0.152065304029201,12
"GSM8121904_athero_human_11.txt.gz","Plate_177s_E04","symptomatic","mast",-0.0559470025450474,12
"GSM8121904_athero_human_11.txt.gz","Plate_177s_E05","symptomatic","fibroblast",0.102829285655321,12
"GSM8121904_athero_human_11.txt.gz","Plate_177s_E06","symptomatic","unassigned",-0.620711879138392,12
"GSM8121904_athero_human_11.txt.gz","Plate_177s_E07","symptomatic","fibroblast",0.0886082620445752,12
"GSM8121904_athero_human_11.txt.gz","Plate_177s_E08","symptomatic","fibroblast",-0.192498095613831,12
"GSM8121904_athero_human_11.txt.gz","Plate_177s_E09","symptomatic","fibroblast",0.112717507194282,12
"GSM8121904_athero_human_11.txt.gz","Plate_177s_E10","symptomatic","vsmc",-0.497355549327664,12
"GSM8121904_athero_human_11.txt.gz","Plate_177s_E11","symptomatic","vsmc",-0.154884644954034,12
"GSM8121904_athero_human_11.txt.gz","Plate_177s_E12","symptomatic","vsmc",-0.283337453568619,12
"GSM8121904_athero_human_11.txt.gz","Plate_177s_E13","symptomatic","fibroblast",0.0705616006373135,12
"GSM8121904_athero_human_11.txt.gz","Plate_177s_E15","symptomatic","fibroblast",-0.207902270082841,12
"GSM8121904_athero_human_11.txt.gz","Plate_177s_E16","symptomatic","fibroblast",0.0866155422035753,12
"GSM8121904_athero_human_11.txt.gz","Plate_177s_E17","symptomatic","fibroblast",-0.186206376920093,12
"GSM8121904_athero_human_11.txt.gz","Plate_177s_E18","symptomatic","vsmc",-0.353527085709803,12
"GSM8121904_athero_human_11.txt.gz","Plate_177s_E19","symptomatic","fibroblast",-0.75159822749097,12
"GSM8121904_athero_human_11.txt.gz","Plate_177s_E20","symptomatic","vsmc",-0.216677733944846,12
"GSM8121904_athero_human_11.txt.gz","Plate_177s_E21","symptomatic","fibroblast",-0.238564929263758,12
"GSM8121904_athero_human_11.txt.gz","Plate_177s_E22","symptomatic","fibroblast",-0.385156385934455,12
"GSM8121904_athero_human_11.txt.gz","Plate_177s_E23","symptomatic","mast",-0.0330021551556492,12
"GSM8121904_athero_human_11.txt.gz","Plate_177s_E24","symptomatic","vsmc",-0.075397446597323,12
"GSM8121904_athero_human_11.txt.gz","Plate_177s_F01","symptomatic","vsmc",-0.223042504165142,12
"GSM8121904_athero_human_11.txt.gz","Plate_177s_F02","symptomatic","fibroblast",-0.0391422092395303,12
"GSM8121904_athero_human_11.txt.gz","Plate_177s_F03","symptomatic","fibroblast",-0.0414464720860332,12
"GSM8121904_athero_human_11.txt.gz","Plate_177s_F04","symptomatic","fibroblast",0.141133755416088,12
"GSM8121904_athero_human_11.txt.gz","Plate_177s_F05","symptomatic","fibroblast",-0.191065597414972,12
"GSM8121904_athero_human_11.txt.gz","Plate_177s_F06","symptomatic","fibroblast",-0.141144741615167,12
"GSM8121904_athero_human_11.txt.gz","Plate_177s_F08","symptomatic","fibroblast",0.0202853133522249,12
"GSM8121904_athero_human_11.txt.gz","Plate_177s_F09","symptomatic","fibroblast",-0.0881583947313686,12
"GSM8121904_athero_human_11.txt.gz","Plate_177s_F11","symptomatic","vsmc",-0.366775428880003,12
"GSM8121904_athero_human_11.txt.gz","Plate_177s_F13","symptomatic","t_nk",-0.253407597962702,12
"GSM8121904_athero_human_11.txt.gz","Plate_177s_F14","symptomatic","fibroblast",-0.132566066790156,12
"GSM8121904_athero_human_11.txt.gz","Plate_177s_F15","symptomatic","fibroblast",-0.252126699251016,12
"GSM8121904_athero_human_11.txt.gz","Plate_177s_F17","symptomatic","vsmc",0.483349524005482,12
"GSM8121904_athero_human_11.txt.gz","Plate_177s_F18","symptomatic","vsmc",-0.681242459196549,12
"GSM8121904_athero_human_11.txt.gz","Plate_177s_F19","symptomatic","fibroblast",-0.186857419848297,12
"GSM8121904_athero_human_11.txt.gz","Plate_177s_F20","symptomatic","fibroblast",0.480324239628101,12
"GSM8121904_athero_human_11.txt.gz","Plate_177s_F21","symptomatic","fibroblast",0.0515942569323872,12
"GSM8121904_athero_human_11.txt.gz","Plate_177s_G01","symptomatic","fibroblast",0.190325592057219,12
"GSM8121904_athero_human_11.txt.gz","Plate_177s_G02","symptomatic","fibroblast",0.715783818602615,12
"GSM8121904_athero_human_11.txt.gz","Plate_177s_G03","symptomatic","vsmc",-0.142845125969352,12
"GSM8121904_athero_human_11.txt.gz","Plate_177s_G04","symptomatic","fibroblast",-0.193248488275909,12
"GSM8121904_athero_human_11.txt.gz","Plate_177s_G05","symptomatic","fibroblast",0.461589420389064,12
"GSM8121904_athero_human_11.txt.gz","Plate_177s_G06","symptomatic","vsmc",-0.455853633391852,12
"GSM8121904_athero_human_11.txt.gz","Plate_177s_G08","symptomatic","vsmc",-0.417891291983245,12
"GSM8121904_athero_human_11.txt.gz","Plate_177s_G09","symptomatic","fibroblast",-0.337986714184114,12
"GSM8121904_athero_human_11.txt.gz","Plate_177s_G11","symptomatic","fibroblast",-0.113043100606616,12
"GSM8121904_athero_human_11.txt.gz","Plate_177s_G12","symptomatic","vsmc",-0.117362586239676,12
"GSM8121904_athero_human_11.txt.gz","Plate_177s_G13","symptomatic","vsmc",0.0759590351607081,12
"GSM8121904_athero_human_11.txt.gz","Plate_177s_G14","symptomatic","fibroblast",-0.123060145488298,12
"GSM8121904_athero_human_11.txt.gz","Plate_177s_G15","symptomatic","vsmc",1.02243104179408,12
"GSM8121904_athero_human_11.txt.gz","Plate_177s_G17","symptomatic","vsmc",-0.5889396543449,12
"GSM8121904_athero_human_11.txt.gz","Plate_177s_G20","symptomatic","vsmc",0.0433968945110682,12
"GSM8121904_athero_human_11.txt.gz","Plate_177s_G22","symptomatic","fibroblast",-0.136242405922583,12
"GSM8121904_athero_human_11.txt.gz","Plate_177s_G24","symptomatic","fibroblast",-0.0326602755626343,12
"GSM8121904_athero_human_11.txt.gz","Plate_177s_H01","symptomatic","fibroblast",-0.465333547979092,12
"GSM8121904_athero_human_11.txt.gz","Plate_177s_H02","symptomatic","vsmc",-0.449013205512738,12
"GSM8121904_athero_human_11.txt.gz","Plate_177s_H03","symptomatic","fibroblast",0.109446677587604,12
"GSM8121904_athero_human_11.txt.gz","Plate_177s_H04","symptomatic","fibroblast",-0.297452463524026,12
"GSM8121904_athero_human_11.txt.gz","Plate_177s_H05","symptomatic","vsmc",-0.380801470150604,12
"GSM8121904_athero_human_11.txt.gz","Plate_177s_H06","symptomatic","b_cell",0.132554480221228,12
"GSM8121904_athero_human_11.txt.gz","Plate_177s_H07","symptomatic","fibroblast",0.13582305922994,12
"GSM8121904_athero_human_11.txt.gz","Plate_177s_H08","symptomatic","fibroblast",0.104829035208332,12
"GSM8121904_athero_human_11.txt.gz","Plate_177s_H09","symptomatic","vsmc",-0.6604357385769,12
"GSM8121904_athero_human_11.txt.gz","Plate_177s_H11","symptomatic","vsmc",-0.295666534112964,12
"GSM8121904_athero_human_11.txt.gz","Plate_177s_H12","symptomatic","fibroblast",0.260648698187613,12
"GSM8121904_athero_human_11.txt.gz","Plate_177s_H13","symptomatic","fibroblast",0.114660383311694,12
"GSM8121904_athero_human_11.txt.gz","Plate_177s_H14","symptomatic","fibroblast",-0.220023203509449,12
"GSM8121904_athero_human_11.txt.gz","Plate_177s_H15","symptomatic","fibroblast",-0.514798837323576,12
"GSM8121904_athero_human_11.txt.gz","Plate_177s_H16","symptomatic","fibroblast",-0.354395176296224,12
"GSM8121904_athero_human_11.txt.gz","Plate_177s_H17","symptomatic","fibroblast",-0.010872474522641,12
"GSM8121904_athero_human_11.txt.gz","Plate_177s_H18","symptomatic","fibroblast",0.831617913443017,12
"GSM8121904_athero_human_11.txt.gz","Plate_177s_H19","symptomatic","vsmc",0.122532737228362,12
"GSM8121904_athero_human_11.txt.gz","Plate_177s_H20","symptomatic","fibroblast",-0.157020683431765,12
"GSM8121904_athero_human_11.txt.gz","Plate_177s_H21","symptomatic","fibroblast",-0.601026395086565,12
"GSM8121904_athero_human_11.txt.gz","Plate_177s_H22","symptomatic","fibroblast",-0.116499387583858,12
"GSM8121904_athero_human_11.txt.gz","Plate_177s_H24","symptomatic","fibroblast",-0.738574524950411,12
"GSM8121904_athero_human_11.txt.gz","Plate_177s_I01","symptomatic","fibroblast",0.453291897214582,12
"GSM8121904_athero_human_11.txt.gz","Plate_177s_I02","symptomatic","fibroblast",-0.148834123765626,12
"GSM8121904_athero_human_11.txt.gz","Plate_177s_I03","symptomatic","fibroblast",0.0178254882651982,12
"GSM8121904_athero_human_11.txt.gz","Plate_177s_I04","symptomatic","fibroblast",0.118626772469203,12
"GSM8121904_athero_human_11.txt.gz","Plate_177s_I05","symptomatic","vsmc",0.060324033217513,12
"GSM8121904_athero_human_11.txt.gz","Plate_177s_I06","symptomatic","unassigned",-0.226456008966225,12
"GSM8121904_athero_human_11.txt.gz","Plate_177s_I07","symptomatic","fibroblast",0.0594485890667077,12
"GSM8121904_athero_human_11.txt.gz","Plate_177s_I08","symptomatic","fibroblast",-0.357930821972869,12
"GSM8121904_athero_human_11.txt.gz","Plate_177s_I09","symptomatic","fibroblast",-0.0829994382748155,12
"GSM8121904_athero_human_11.txt.gz","Plate_177s_I10","symptomatic","fibroblast",-0.130870908930412,12
"GSM8121904_athero_human_11.txt.gz","Plate_177s_I11","symptomatic","vsmc",0.35687335620137,12
"GSM8121904_athero_human_11.txt.gz","Plate_177s_I12","symptomatic","vsmc",0.0275763316909369,12
"GSM8121904_athero_human_11.txt.gz","Plate_177s_I13","symptomatic","vsmc",-0.667642060624425,12
"GSM8121904_athero_human_11.txt.gz","Plate_177s_I14","symptomatic","vsmc",-0.447860521832103,12
"GSM8121904_athero_human_11.txt.gz","Plate_177s_I15","symptomatic","vsmc",-0.210686662369744,12
"GSM8121904_athero_human_11.txt.gz","Plate_177s_I16","symptomatic","vsmc",-0.116000761888183,12
"GSM8121904_athero_human_11.txt.gz","Plate_177s_I17","symptomatic","fibroblast",-0.182848378524671,12
"GSM8121904_athero_human_11.txt.gz","Plate_177s_I18","symptomatic","fibroblast",-0.117486467049442,12
"GSM8121904_athero_human_11.txt.gz","Plate_177s_I19","symptomatic","fibroblast",-0.247680438399258,12
"GSM8121904_athero_human_11.txt.gz","Plate_177s_I20","symptomatic","fibroblast",0.585473000183796,12
"GSM8121904_athero_human_11.txt.gz","Plate_177s_I21","symptomatic","fibroblast",-0.0985919210066763,12
"GSM8121904_athero_human_11.txt.gz","Plate_177s_I22","symptomatic","fibroblast",0.206073454822954,12
"GSM8121904_athero_human_11.txt.gz","Plate_177s_I23","symptomatic","fibroblast",0.0249809285745487,12
"GSM8121904_athero_human_11.txt.gz","Plate_177s_I24","symptomatic","vsmc",0.0642835083963383,12
"GSM8121904_athero_human_11.txt.gz","Plate_177s_J01","symptomatic","fibroblast",0.0423622244439464,12
"GSM8121904_athero_human_11.txt.gz","Plate_177s_J02","symptomatic","fibroblast",0.0865784355416735,12
"GSM8121904_athero_human_11.txt.gz","Plate_177s_J03","symptomatic","fibroblast",-0.30148378226427,12
"GSM8121904_athero_human_11.txt.gz","Plate_177s_J05","symptomatic","vsmc",-0.432098702775291,12
"GSM8121904_athero_human_11.txt.gz","Plate_177s_J06","symptomatic","vsmc",0.268786210812936,12
"GSM8121904_athero_human_11.txt.gz","Plate_177s_J09","symptomatic","fibroblast",-0.00401861572236633,12
"GSM8121904_athero_human_11.txt.gz","Plate_177s_J11","symptomatic","vsmc",-0.497659239714014,12
"GSM8121904_athero_human_11.txt.gz","Plate_177s_J12","symptomatic","unassigned",-0.0578777595417179,12
"GSM8121904_athero_human_11.txt.gz","Plate_177s_J13","symptomatic","vsmc",-0.573223206993079,12
"GSM8121904_athero_human_11.txt.gz","Plate_177s_J15","symptomatic","vsmc",-0.04931204921106,12
"GSM8121904_athero_human_11.txt.gz","Plate_177s_J16","symptomatic","vsmc",-0.690653431363373,12
"GSM8121904_athero_human_11.txt.gz","Plate_177s_J17","symptomatic","vsmc",-0.128613745957077,12
"GSM8121904_athero_human_11.txt.gz","Plate_177s_J19","symptomatic","vsmc",-0.0387497104518135,12
"GSM8121904_athero_human_11.txt.gz","Plate_177s_J20","symptomatic","fibroblast",-0.374948750321826,12
"GSM8121904_athero_human_11.txt.gz","Plate_177s_J21","symptomatic","fibroblast",0.298811150586132,12
"GSM8121904_athero_human_11.txt.gz","Plate_177s_J22","symptomatic","fibroblast",-0.0550629758210901,12
"GSM8121904_athero_human_11.txt.gz","Plate_177s_J23","symptomatic","fibroblast",-0.0129094409355924,12
"GSM8121904_athero_human_11.txt.gz","Plate_177s_J24","symptomatic","fibroblast",-0.241220765014958,12
"GSM8121904_athero_human_11.txt.gz","Plate_177s_K01","symptomatic","fibroblast",-0.0779652587389008,12
"GSM8121904_athero_human_11.txt.gz","Plate_177s_K02","symptomatic","vsmc",-0.754955069368782,12
"GSM8121904_athero_human_11.txt.gz","Plate_177s_K03","symptomatic","vsmc",-0.347803513944034,12
"GSM8121904_athero_human_11.txt.gz","Plate_177s_K05","symptomatic","vsmc",-0.0918350186790894,12
"GSM8121904_athero_human_11.txt.gz","Plate_177s_K07","symptomatic","vsmc",-0.622688997026437,12
"GSM8121904_athero_human_11.txt.gz","Plate_177s_K08","symptomatic","fibroblast",0.334175691191925,12
"GSM8121904_athero_human_11.txt.gz","Plate_177s_K09","symptomatic","vsmc",-0.250607713267733,12
"GSM8121904_athero_human_11.txt.gz","Plate_177s_K10","symptomatic","vsmc",-0.432128933268443,12
"GSM8121904_athero_human_11.txt.gz","Plate_177s_K11","symptomatic","vsmc",-0.0236262683971957,12
"GSM8121904_athero_human_11.txt.gz","Plate_177s_K13","symptomatic","fibroblast",0.18959557420685,12
"GSM8121904_athero_human_11.txt.gz","Plate_177s_K14","symptomatic","vsmc",-0.717520805132517,12
"GSM8121904_athero_human_11.txt.gz","Plate_177s_K15","symptomatic","vsmc",-0.156677918362091,12
"GSM8121904_athero_human_11.txt.gz","Plate_177s_K17","symptomatic","unassigned",0.714675758048026,12
"GSM8121904_athero_human_11.txt.gz","Plate_177s_K18","symptomatic","vsmc",-0.382652086006047,12
"GSM8121904_athero_human_11.txt.gz","Plate_177s_K19","symptomatic","unassigned",0.209026948633771,12
"GSM8121904_athero_human_11.txt.gz","Plate_177s_K21","symptomatic","vsmc",-0.224366649349848,12
"GSM8121904_athero_human_11.txt.gz","Plate_177s_K22","symptomatic","fibroblast",0.113536089187235,12
"GSM8121904_athero_human_11.txt.gz","Plate_177s_K24","symptomatic","vsmc",-0.231821493515877,12
"GSM8121904_athero_human_11.txt.gz","Plate_177s_L02","symptomatic","unassigned",-0.306009111767755,12
"GSM8121904_athero_human_11.txt.gz","Plate_177s_L03","symptomatic","fibroblast",-0.148977736131751,12
"GSM8121904_athero_human_11.txt.gz","Plate_177s_L04","symptomatic","vsmc",-0.0366706620787871,12
"GSM8121904_athero_human_11.txt.gz","Plate_177s_L05","symptomatic","fibroblast",-0.368577691357092,12
"GSM8121904_athero_human_11.txt.gz","Plate_177s_L06","symptomatic","fibroblast",0.3025933999719,12
"GSM8121904_athero_human_11.txt.gz","Plate_177s_L07","symptomatic","vsmc",-0.144645169892079,12
"GSM8121904_athero_human_11.txt.gz","Plate_177s_L09","symptomatic","fibroblast",-0.0823166487964016,12
"GSM8121904_athero_human_11.txt.gz","Plate_177s_L10","symptomatic","fibroblast",0.977170261676786,12
"GSM8121904_athero_human_11.txt.gz","Plate_177s_L11","symptomatic","fibroblast",-0.204428181116262,12
"GSM8121904_athero_human_11.txt.gz","Plate_177s_L12","symptomatic","fibroblast",-0.507334882216789,12
"GSM8121904_athero_human_11.txt.gz","Plate_177s_L13","symptomatic","vsmc",0.29796022333976,12
"GSM8121904_athero_human_11.txt.gz","Plate_177s_L18","symptomatic","fibroblast",0.661185654523918,12
"GSM8121904_athero_human_11.txt.gz","Plate_177s_L19","symptomatic","b_cell",0.176049645487599,12
"GSM8121904_athero_human_11.txt.gz","Plate_177s_L20","symptomatic","fibroblast",-0.669728485688235,12
"GSM8121904_athero_human_11.txt.gz","Plate_177s_L21","symptomatic","fibroblast",0.00113741716480597,12
"GSM8121904_athero_human_11.txt.gz","Plate_177s_L23","symptomatic","vsmc",-0.744511731858871,12
"GSM8121904_athero_human_11.txt.gz","Plate_177s_L24","symptomatic","unassigned",-0.156691553564641,12
"GSM8121904_athero_human_11.txt.gz","Plate_177s_M01","symptomatic","fibroblast",-0.0552774097486266,12
"GSM8121904_athero_human_11.txt.gz","Plate_177s_M03","symptomatic","unassigned",0.213598799820497,12
"GSM8121904_athero_human_11.txt.gz","Plate_177s_M05","symptomatic","fibroblast",-0.22941126953598,12
"GSM8121904_athero_human_11.txt.gz","Plate_177s_M06","symptomatic","vsmc",-0.475107052026598,12
"GSM8121904_athero_human_11.txt.gz","Plate_177s_M07","symptomatic","fibroblast",-0.531002445351073,12
"GSM8121904_athero_human_11.txt.gz","Plate_177s_M08","symptomatic","vsmc",-0.535028886101587,12
"GSM8121904_athero_human_11.txt.gz","Plate_177s_M09","symptomatic","mast",-0.221348218623202,12
"GSM8121904_athero_human_11.txt.gz","Plate_177s_M10","symptomatic","fibroblast",-0.107548380753492,12
"GSM8121904_athero_human_11.txt.gz","Plate_177s_M11","symptomatic","fibroblast",0.0541286423036734,12
"GSM8121904_athero_human_11.txt.gz","Plate_177s_M13","symptomatic","vsmc",0.185635788358235,12
"GSM8121904_athero_human_11.txt.gz","Plate_177s_M14","symptomatic","fibroblast",0.33688148676424,12
"GSM8121904_athero_human_11.txt.gz","Plate_177s_M15","symptomatic","fibroblast",-0.230835071865781,12
"GSM8121904_athero_human_11.txt.gz","Plate_177s_M16","symptomatic","vsmc",-0.34486427227002,12
"GSM8121904_athero_human_11.txt.gz","Plate_177s_M17","symptomatic","unassigned",0.412850897969746,12
"GSM8121904_athero_human_11.txt.gz","Plate_177s_M18","symptomatic","fibroblast",-0.166771391121774,12
"GSM8121904_athero_human_11.txt.gz","Plate_177s_M19","symptomatic","vsmc",-0.503362255793118,12
"GSM8121904_athero_human_11.txt.gz","Plate_177s_M20","symptomatic","vsmc",0.128040849788909,12
"GSM8121904_athero_human_11.txt.gz","Plate_177s_M21","symptomatic","fibroblast",-0.413511370068185,12
"GSM8121904_athero_human_11.txt.gz","Plate_177s_M22","symptomatic","fibroblast",0.552616501537995,12
"GSM8121904_athero_human_11.txt.gz","Plate_177s_M23","symptomatic","fibroblast",-0.228951933997286,12
"GSM8121904_athero_human_11.txt.gz","Plate_177s_N01","symptomatic","mast",-0.340107057531641,12
"GSM8121904_athero_human_11.txt.gz","Plate_177s_N02","symptomatic","fibroblast",0.00137425247237843,12
"GSM8121904_athero_human_11.txt.gz","Plate_177s_N03","symptomatic","vsmc",-0.341552778964473,12
"GSM8121904_athero_human_11.txt.gz","Plate_177s_N06","symptomatic","unassigned",0.120389604778164,12
"GSM8121904_athero_human_11.txt.gz","Plate_177s_N07","symptomatic","fibroblast",-0.089534635323987,12
"GSM8121904_athero_human_11.txt.gz","Plate_177s_N09","symptomatic","fibroblast",-0.0329749498764885,12
"GSM8121904_athero_human_11.txt.gz","Plate_177s_N10","symptomatic","fibroblast",-0.0320999598751597,12
"GSM8121904_athero_human_11.txt.gz","Plate_177s_N11","symptomatic","vsmc",-0.272781551292359,12
"GSM8121904_athero_human_11.txt.gz","Plate_177s_N12","symptomatic","fibroblast",-0.0720125480701294,12
"GSM8121904_athero_human_11.txt.gz","Plate_177s_N13","symptomatic","fibroblast",-0.262408531737369,12
"GSM8121904_athero_human_11.txt.gz","Plate_177s_N14","symptomatic","vsmc",-0.243353299806956,12
"GSM8121904_athero_human_11.txt.gz","Plate_177s_N15","symptomatic","fibroblast",-0.215232672491191,12
"GSM8121904_athero_human_11.txt.gz","Plate_177s_N16","symptomatic","fibroblast",-0.0288376910005138,12
"GSM8121904_athero_human_11.txt.gz","Plate_177s_N17","symptomatic","vsmc",-0.269050409335027,12
"GSM8121904_athero_human_11.txt.gz","Plate_177s_N18","symptomatic","vsmc",-0.2985209045117,12
"GSM8121904_athero_human_11.txt.gz","Plate_177s_N20","symptomatic","fibroblast",-0.0299950609428823,12
"GSM8121904_athero_human_11.txt.gz","Plate_177s_N21","symptomatic","unassigned",-0.490652412531073,12
"GSM8121904_athero_human_11.txt.gz","Plate_177s_O01","symptomatic","fibroblast",-0.160703018653519,12
"GSM8121904_athero_human_11.txt.gz","Plate_177s_O03","symptomatic","mast",-0.256011940123663,12
"GSM8121904_athero_human_11.txt.gz","Plate_177s_O04","symptomatic","fibroblast",-0.330441403857873,12
"GSM8121904_athero_human_11.txt.gz","Plate_177s_O05","symptomatic","fibroblast",0.130467234234815,12
"GSM8121904_athero_human_11.txt.gz","Plate_177s_O06","symptomatic","vsmc",-0.244431843608507,12
"GSM8121904_athero_human_11.txt.gz","Plate_177s_O07","symptomatic","fibroblast",0.328278772509073,12
"GSM8121904_athero_human_11.txt.gz","Plate_177s_O08","symptomatic","unassigned",-0.338992092575253,12
"GSM8121904_athero_human_11.txt.gz","Plate_177s_O09","symptomatic","fibroblast",0.0162597068642069,12
"GSM8121904_athero_human_11.txt.gz","Plate_177s_O10","symptomatic","vsmc",-0.536848934365102,12
"GSM8121904_athero_human_11.txt.gz","Plate_177s_O11","symptomatic","fibroblast",-0.336424248563186,12
"GSM8121904_athero_human_11.txt.gz","Plate_177s_O12","symptomatic","vsmc",-0.449167205360383,12
"GSM8121904_athero_human_11.txt.gz","Plate_177s_O13","symptomatic","vsmc",0.237392050823955,12
"GSM8121904_athero_human_11.txt.gz","Plate_177s_O14","symptomatic","vsmc",0.426134351824347,12
"GSM8121904_athero_human_11.txt.gz","Plate_177s_O15","symptomatic","vsmc",0.147111775945838,12
"GSM8121904_athero_human_11.txt.gz","Plate_177s_O16","symptomatic","vsmc",-0.350679889018631,12
"GSM8121904_athero_human_11.txt.gz","Plate_177s_O18","symptomatic","vsmc",0.163837465551676,12
"GSM8121904_athero_human_11.txt.gz","Plate_177s_O19","symptomatic","fibroblast",0.0567295327851246,12
"GSM8121904_athero_human_11.txt.gz","Plate_177s_O21","symptomatic","vsmc",-0.566896189656731,12
"GSM8121904_athero_human_11.txt.gz","Plate_177s_O22","symptomatic","fibroblast",-0.184586123708353,12
"GSM8121904_athero_human_11.txt.gz","Plate_177s_P01","symptomatic","vsmc",-0.554066537072463,12
"GSM8121904_athero_human_11.txt.gz","Plate_177s_P02","symptomatic","vsmc",-0.281992135923352,12
"GSM8121904_athero_human_11.txt.gz","Plate_177s_P03","symptomatic","vsmc",-0.286529566010401,12
"GSM8121904_athero_human_11.txt.gz","Plate_177s_P04","symptomatic","vsmc",-0.350629031913378,12
"GSM8121904_athero_human_11.txt.gz","Plate_177s_P05","symptomatic","vsmc",-0.00199825254425779,12
"GSM8121904_athero_human_11.txt.gz","Plate_177s_P06","symptomatic","vsmc",-0.633132757646822,12
"GSM8121904_athero_human_11.txt.gz","Plate_177s_P07","symptomatic","endothelial",-0.588409101056205,12
"GSM8121904_athero_human_11.txt.gz","Plate_177s_P09","symptomatic","vsmc",-0.3925375788658,12
"GSM8121904_athero_human_11.txt.gz","Plate_177s_P10","symptomatic","t_nk",-0.0602882975555928,12
"GSM8121904_athero_human_11.txt.gz","Plate_177s_P11","symptomatic","endothelial",0.0836384241237687,12
"GSM8121904_athero_human_11.txt.gz","Plate_177s_P12","symptomatic","fibroblast",-0.59163698060355,12
"GSM8121904_athero_human_11.txt.gz","Plate_177s_P13","symptomatic","fibroblast",0.300935721172228,12
"GSM8121904_athero_human_11.txt.gz","Plate_177s_P15","symptomatic","fibroblast",0.041265993577645,12
"GSM8121904_athero_human_11.txt.gz","Plate_177s_P16","symptomatic","vsmc",-0.367595675816473,12
"GSM8121904_athero_human_11.txt.gz","Plate_177s_P17","symptomatic","vsmc",-0.617505081579009,12
"GSM8121904_athero_human_11.txt.gz","Plate_177s_P18","symptomatic","fibroblast",-0.15328533754582,12
"GSM8121904_athero_human_11.txt.gz","Plate_177s_P19","symptomatic","fibroblast",-0.11102015461557,12
"GSM8121904_athero_human_11.txt.gz","Plate_177s_P20","symptomatic","fibroblast",-0.0332025899483789,12
"GSM8121904_athero_human_11.txt.gz","Plate_177s_P21","symptomatic","fibroblast",0.215730104930546,12
"GSM8121904_athero_human_11.txt.gz","Plate_177s_P22","symptomatic","vsmc",-0.552332066861873,12
"GSM8121904_athero_human_11.txt.gz","Plate_177s_P24","symptomatic","endothelial",-0.542075211921688,12
"GSM8121904_athero_human_11.txt.gz","Plate_180s_A01","symptomatic","unassigned",0.394619067635815,12
"GSM8121904_athero_human_11.txt.gz","Plate_180s_A02","symptomatic","macrophage",-0.114983881510727,12
"GSM8121904_athero_human_11.txt.gz","Plate_180s_A03","symptomatic","macrophage",-0.175034097439421,12
"GSM8121904_athero_human_11.txt.gz","Plate_180s_A04","symptomatic","b_cell",-0.202044415567119,12
"GSM8121904_athero_human_11.txt.gz","Plate_180s_A05","symptomatic","macrophage",0.360312000984971,12
"GSM8121904_athero_human_11.txt.gz","Plate_180s_A06","symptomatic","macrophage",-0.182076900716663,12
"GSM8121904_athero_human_11.txt.gz","Plate_180s_A08","symptomatic","macrophage",0.0193385498392006,12
"GSM8121904_athero_human_11.txt.gz","Plate_180s_A09","symptomatic","macrophage",0.460950983200882,12
"GSM8121904_athero_human_11.txt.gz","Plate_180s_A10","symptomatic","macrophage",-0.200188545119139,12
"GSM8121904_athero_human_11.txt.gz","Plate_180s_A11","symptomatic","macrophage",-0.408059477587664,12
"GSM8121904_athero_human_11.txt.gz","Plate_180s_A12","symptomatic","macrophage",-0.157505799657162,12
"GSM8121904_athero_human_11.txt.gz","Plate_180s_A14","symptomatic","macrophage",-0.312282274620673,12
"GSM8121904_athero_human_11.txt.gz","Plate_180s_A15","symptomatic","macrophage",-0.25495811492464,12
"GSM8121904_athero_human_11.txt.gz","Plate_180s_A16","symptomatic","macrophage",1.03701538477974,12
"GSM8121904_athero_human_11.txt.gz","Plate_180s_A18","symptomatic","macrophage",-0.333495342034898,12
"GSM8121904_athero_human_11.txt.gz","Plate_180s_A19","symptomatic","macrophage",-0.0111384948235882,12
"GSM8121904_athero_human_11.txt.gz","Plate_180s_A20","symptomatic","macrophage",0.414859213709637,12
"GSM8121904_athero_human_11.txt.gz","Plate_180s_A21","symptomatic","macrophage",-0.107394660833199,12
"GSM8121904_athero_human_11.txt.gz","Plate_180s_A23","symptomatic","macrophage",-0.482613273075396,12
"GSM8121904_athero_human_11.txt.gz","Plate_180s_A24","symptomatic","mast",0.0519291309841323,12
"GSM8121904_athero_human_11.txt.gz","Plate_180s_B01","symptomatic","macrophage",-0.152165647659757,12
"GSM8121904_athero_human_11.txt.gz","Plate_180s_B03","symptomatic","macrophage",-0.463417270171864,12
"GSM8121904_athero_human_11.txt.gz","Plate_180s_B04","symptomatic","macrophage",-0.0250096282470186,12
"GSM8121904_athero_human_11.txt.gz","Plate_180s_B05","symptomatic","macrophage",0.363084198091303,12
"GSM8121904_athero_human_11.txt.gz","Plate_180s_B06","symptomatic","macrophage",-0.168179522652945,12
"GSM8121904_athero_human_11.txt.gz","Plate_180s_B07","symptomatic","macrophage",-0.295207847887749,12
"GSM8121904_athero_human_11.txt.gz","Plate_180s_B08","symptomatic","macrophage",-0.07350705935968,12
"GSM8121904_athero_human_11.txt.gz","Plate_180s_B09","symptomatic","macrophage",-0.521057307749462,12
"GSM8121904_athero_human_11.txt.gz","Plate_180s_B11","symptomatic","macrophage",0.227405338128786,12
"GSM8121904_athero_human_11.txt.gz","Plate_180s_B12","symptomatic","macrophage",-0.279746791860919,12
"GSM8121904_athero_human_11.txt.gz","Plate_180s_B13","symptomatic","macrophage",0.639794520007373,12
"GSM8121904_athero_human_11.txt.gz","Plate_180s_B14","symptomatic","unassigned",-0.457433326727624,12
"GSM8121904_athero_human_11.txt.gz","Plate_180s_B15","symptomatic","macrophage",-0.12419952704305,12
"GSM8121904_athero_human_11.txt.gz","Plate_180s_B16","symptomatic","macrophage",-0.483053535308169,12
"GSM8121904_athero_human_11.txt.gz","Plate_180s_B17","symptomatic","macrophage",-0.418917457689234,12
"GSM8121904_athero_human_11.txt.gz","Plate_180s_B18","symptomatic","macrophage",0.0998402118520802,12
"GSM8121904_athero_human_11.txt.gz","Plate_180s_B20","symptomatic","macrophage",0.569612022107283,12
"GSM8121904_athero_human_11.txt.gz","Plate_180s_B21","symptomatic","t_nk",-0.267191328364121,12
"GSM8121904_athero_human_11.txt.gz","Plate_180s_B24","symptomatic","macrophage",0.238263341431317,12
"GSM8121904_athero_human_11.txt.gz","Plate_180s_C01","symptomatic","macrophage",-0.237315651209964,12
"GSM8121904_athero_human_11.txt.gz","Plate_180s_C02","symptomatic","macrophage",0.336773144794893,12
"GSM8121904_athero_human_11.txt.gz","Plate_180s_C03","symptomatic","macrophage",-0.22527627941804,12
"GSM8121904_athero_human_11.txt.gz","Plate_180s_C04","symptomatic","unassigned",0.333127047918555,12
"GSM8121904_athero_human_11.txt.gz","Plate_180s_C05","symptomatic","macrophage",-0.120619206014916,12
"GSM8121904_athero_human_11.txt.gz","Plate_180s_C06","symptomatic","macrophage",0.0904226202991431,12
"GSM8121904_athero_human_11.txt.gz","Plate_180s_C07","symptomatic","macrophage",-0.298568006062401,12
"GSM8121904_athero_human_11.txt.gz","Plate_180s_C09","symptomatic","macrophage",-0.308555970869334,12
"GSM8121904_athero_human_11.txt.gz","Plate_180s_C11","symptomatic","macrophage",-0.239682954430648,12
"GSM8121904_athero_human_11.txt.gz","Plate_180s_C12","symptomatic","macrophage",-0.361726274394742,12
"GSM8121904_athero_human_11.txt.gz","Plate_180s_C14","symptomatic","macrophage",-0.00352793435937631,12
"GSM8121904_athero_human_11.txt.gz","Plate_180s_C17","symptomatic","macrophage",-0.381765132844541,12
"GSM8121904_athero_human_11.txt.gz","Plate_180s_C18","symptomatic","macrophage",-0.217019057709339,12
"GSM8121904_athero_human_11.txt.gz","Plate_180s_C19","symptomatic","macrophage",1.04122527999843,12
"GSM8121904_athero_human_11.txt.gz","Plate_180s_C20","symptomatic","macrophage",0.164966470051801,12
"GSM8121904_athero_human_11.txt.gz","Plate_180s_C21","symptomatic","macrophage",-0.242651943112658,12
"GSM8121904_athero_human_11.txt.gz","Plate_180s_C22","symptomatic","macrophage",-0.55194941053387,12
"GSM8121904_athero_human_11.txt.gz","Plate_180s_C23","symptomatic","macrophage",-0.36034558665267,12
"GSM8121904_athero_human_11.txt.gz","Plate_180s_C24","symptomatic","macrophage",-0.00225113698966224,12
"GSM8121904_athero_human_11.txt.gz","Plate_180s_D01","symptomatic","unassigned",-0.0526616250943014,12
"GSM8121904_athero_human_11.txt.gz","Plate_180s_D02","symptomatic","macrophage",-0.24092835422854,12
"GSM8121904_athero_human_11.txt.gz","Plate_180s_D03","symptomatic","macrophage",0.342373218001495,12
"GSM8121904_athero_human_11.txt.gz","Plate_180s_D05","symptomatic","macrophage",-0.148591001811883,12
"GSM8121904_athero_human_11.txt.gz","Plate_180s_D06","symptomatic","macrophage",0.58540006556996,12
"GSM8121904_athero_human_11.txt.gz","Plate_180s_D07","symptomatic","macrophage",-0.479641543399254,12
"GSM8121904_athero_human_11.txt.gz","Plate_180s_D08","symptomatic","mast",-0.237607431543305,12
"GSM8121904_athero_human_11.txt.gz","Plate_180s_D09","symptomatic","macrophage",-0.211346195812548,12
"GSM8121904_athero_human_11.txt.gz","Plate_180s_D10","symptomatic","mast",0.0329016947751396,12
"GSM8121904_athero_human_11.txt.gz","Plate_180s_D11","symptomatic","macrophage",0.389923184917358,12
"GSM8121904_athero_human_11.txt.gz","Plate_180s_D13","symptomatic","macrophage",-0.0883418952762382,12
"GSM8121904_athero_human_11.txt.gz","Plate_180s_D14","symptomatic","macrophage",-0.457551294191326,12
"GSM8121904_athero_human_11.txt.gz","Plate_180s_D15","symptomatic","macrophage",-0.430479294810368,12
"GSM8121904_athero_human_11.txt.gz","Plate_180s_D16","symptomatic","macrophage",0.0860169141045746,12
"GSM8121904_athero_human_11.txt.gz","Plate_180s_D18","symptomatic","macrophage",0.186862172754619,12
"GSM8121904_athero_human_11.txt.gz","Plate_180s_D19","symptomatic","macrophage",-0.352842547225085,12
"GSM8121904_athero_human_11.txt.gz","Plate_180s_D21","symptomatic","macrophage",-0.334599149334101,12
"GSM8121904_athero_human_11.txt.gz","Plate_180s_D22","symptomatic","fibroblast",0.231331609259935,12
"GSM8121904_athero_human_11.txt.gz","Plate_180s_D23","symptomatic","mast",-0.0272733792385041,12
"GSM8121904_athero_human_11.txt.gz","Plate_180s_D24","symptomatic","macrophage",0.212726978932055,12
"GSM8121904_athero_human_11.txt.gz","Plate_180s_E02","symptomatic","macrophage",-0.0369425251138751,12
"GSM8121904_athero_human_11.txt.gz","Plate_180s_E03","symptomatic","macrophage",-0.364545683207206,12
"GSM8121904_athero_human_11.txt.gz","Plate_180s_E04","symptomatic","macrophage",-0.166225773035177,12
"GSM8121904_athero_human_11.txt.gz","Plate_180s_E05","symptomatic","endothelial",-0.665584544296568,12
"GSM8121904_athero_human_11.txt.gz","Plate_180s_E06","symptomatic","macrophage",0.691996670326933,12
"GSM8121904_athero_human_11.txt.gz","Plate_180s_E07","symptomatic","macrophage",0.293706875326982,12
"GSM8121904_athero_human_11.txt.gz","Plate_180s_E08","symptomatic","macrophage",-0.191685636850818,12
"GSM8121904_athero_human_11.txt.gz","Plate_180s_E09","symptomatic","macrophage",0.42398654147182,12
"GSM8121904_athero_human_11.txt.gz","Plate_180s_E10","symptomatic","macrophage",-0.42337140016891,12
"GSM8121904_athero_human_11.txt.gz","Plate_180s_E11","symptomatic","macrophage",0.514304255730288,12
"GSM8121904_athero_human_11.txt.gz","Plate_180s_E12","symptomatic","macrophage",0.416627355567198,12
"GSM8121904_athero_human_11.txt.gz","Plate_180s_E13","symptomatic","macrophage",-0.192015053236812,12
"GSM8121904_athero_human_11.txt.gz","Plate_180s_E14","symptomatic","macrophage",1.28630026394737,12
"GSM8121904_athero_human_11.txt.gz","Plate_180s_E15","symptomatic","macrophage",0.196534112120122,12
"GSM8121904_athero_human_11.txt.gz","Plate_180s_E17","symptomatic","macrophage",0.803912892971057,12
"GSM8121904_athero_human_11.txt.gz","Plate_180s_E18","symptomatic","macrophage",0.556830621012977,12
"GSM8121904_athero_human_11.txt.gz","Plate_180s_E19","symptomatic","unassigned",0.102180211238806,12
"GSM8121904_athero_human_11.txt.gz","Plate_180s_E20","symptomatic","mast",-0.0509763898924268,12
"GSM8121904_athero_human_11.txt.gz","Plate_180s_E22","symptomatic","unassigned",-0.493044041501823,12
"GSM8121904_athero_human_11.txt.gz","Plate_180s_E23","symptomatic","macrophage",0.305225112456922,12
"GSM8121904_athero_human_11.txt.gz","Plate_180s_E24","symptomatic","macrophage",-0.167166080753931,12
"GSM8121904_athero_human_11.txt.gz","Plate_180s_F01","symptomatic","macrophage",0.0239301824822063,12
"GSM8121904_athero_human_11.txt.gz","Plate_180s_F02","symptomatic","t_nk",1.25602947522691,12
"GSM8121904_athero_human_11.txt.gz","Plate_180s_F03","symptomatic","macrophage",0.171147478553428,12
"GSM8121904_athero_human_11.txt.gz","Plate_180s_F04","symptomatic","macrophage",-0.254008710743991,12
"GSM8121904_athero_human_11.txt.gz","Plate_180s_F05","symptomatic","macrophage",0.594583879603138,12
"GSM8121904_athero_human_11.txt.gz","Plate_180s_F07","symptomatic","macrophage",0.322680612953872,12
"GSM8121904_athero_human_11.txt.gz","Plate_180s_F08","symptomatic","mast",-0.0884421397162991,12
"GSM8121904_athero_human_11.txt.gz","Plate_180s_F09","symptomatic","macrophage",1.04007569607687,12
"GSM8121904_athero_human_11.txt.gz","Plate_180s_F10","symptomatic","macrophage",0.476006939735638,12
"GSM8121904_athero_human_11.txt.gz","Plate_180s_F11","symptomatic","macrophage",-0.26649420450254,12
"GSM8121904_athero_human_11.txt.gz","Plate_180s_F12","symptomatic","macrophage",-0.0921647571779144,12
"GSM8121904_athero_human_11.txt.gz","Plate_180s_F13","symptomatic","macrophage",0.166426942118845,12
"GSM8121904_athero_human_11.txt.gz","Plate_180s_F14","symptomatic","macrophage",0.164113807931627,12
"GSM8121904_athero_human_11.txt.gz","Plate_180s_F15","symptomatic","macrophage",-0.1686060301292,12
"GSM8121904_athero_human_11.txt.gz","Plate_180s_F16","symptomatic","macrophage",0.092237854544584,12
"GSM8121904_athero_human_11.txt.gz","Plate_180s_F17","symptomatic","macrophage",-0.0933693934758905,12
"GSM8121904_athero_human_11.txt.gz","Plate_180s_F20","symptomatic","macrophage",-0.102457487670765,12
"GSM8121904_athero_human_11.txt.gz","Plate_180s_F21","symptomatic","macrophage",0.04420410846323,12
"GSM8121904_athero_human_11.txt.gz","Plate_180s_F23","symptomatic","macrophage",-0.23583874417186,12
"GSM8121904_athero_human_11.txt.gz","Plate_180s_F24","symptomatic","mast",0.41336064472157,12
"GSM8121904_athero_human_11.txt.gz","Plate_180s_G01","symptomatic","macrophage",-0.121501036326829,12
"GSM8121904_athero_human_11.txt.gz","Plate_180s_G02","symptomatic","macrophage",0.696846289052048,12
"GSM8121904_athero_human_11.txt.gz","Plate_180s_G04","symptomatic","macrophage",-0.283372465380546,12
"GSM8121904_athero_human_11.txt.gz","Plate_180s_G05","symptomatic","macrophage",-0.255922335473419,12
"GSM8121904_athero_human_11.txt.gz","Plate_180s_G06","symptomatic","macrophage",-0.107150702875735,12
"GSM8121904_athero_human_11.txt.gz","Plate_180s_G07","symptomatic","macrophage",-0.13214570056964,12
"GSM8121904_athero_human_11.txt.gz","Plate_180s_G09","symptomatic","macrophage",0.36011787237737,12
"GSM8121904_athero_human_11.txt.gz","Plate_180s_G10","symptomatic","macrophage",0.233275485153136,12
"GSM8121904_athero_human_11.txt.gz","Plate_180s_G12","symptomatic","macrophage",-0.141224516787812,12
"GSM8121904_athero_human_11.txt.gz","Plate_180s_G13","symptomatic","t_nk",0.700645628349602,12
"GSM8121904_athero_human_11.txt.gz","Plate_180s_G14","symptomatic","macrophage",0.782562284880383,12
"GSM8121904_athero_human_11.txt.gz","Plate_180s_G15","symptomatic","mast",-0.0623685031997386,12
"GSM8121904_athero_human_11.txt.gz","Plate_180s_G16","symptomatic","macrophage",-0.100976351332183,12
"GSM8121904_athero_human_11.txt.gz","Plate_180s_G17","symptomatic","macrophage",0.0229181243888697,12
"GSM8121904_athero_human_11.txt.gz","Plate_180s_G18","symptomatic","macrophage",-0.207201800047019,12
"GSM8121904_athero_human_11.txt.gz","Plate_180s_G19","symptomatic","macrophage",0.107353034176229,12
"GSM8121904_athero_human_11.txt.gz","Plate_180s_G21","symptomatic","macrophage",0.0543015962519662,12
"GSM8121904_athero_human_11.txt.gz","Plate_180s_G22","symptomatic","macrophage",-0.0217014324907046,12
"GSM8121904_athero_human_11.txt.gz","Plate_180s_G23","symptomatic","macrophage",0.029992193193982,12
"GSM8121904_athero_human_11.txt.gz","Plate_180s_G24","symptomatic","macrophage",0.819272128424271,12
"GSM8121904_athero_human_11.txt.gz","Plate_180s_H01","symptomatic","macrophage",0.359182909524822,12
"GSM8121904_athero_human_11.txt.gz","Plate_180s_H02","symptomatic","macrophage",0.243588359254079,12
"GSM8121904_athero_human_11.txt.gz","Plate_180s_H03","symptomatic","macrophage",0.214786858173763,12
"GSM8121904_athero_human_11.txt.gz","Plate_180s_H05","symptomatic","macrophage",0.0520782969826164,12
"GSM8121904_athero_human_11.txt.gz","Plate_180s_H07","symptomatic","macrophage",0.271510035792994,12
"GSM8121904_athero_human_11.txt.gz","Plate_180s_H08","symptomatic","mast",0.049212485902453,12
"GSM8121904_athero_human_11.txt.gz","Plate_180s_H09","symptomatic","macrophage",0.201320960103749,12
"GSM8121904_athero_human_11.txt.gz","Plate_180s_H11","symptomatic","macrophage",0.388226084508863,12
"GSM8121904_athero_human_11.txt.gz","Plate_180s_H12","symptomatic","macrophage",-0.184735827589882,12
"GSM8121904_athero_human_11.txt.gz","Plate_180s_H13","symptomatic","macrophage",1.90721264148178,12
"GSM8121904_athero_human_11.txt.gz","Plate_180s_H14","symptomatic","macrophage",0.41673365374067,12
"GSM8121904_athero_human_11.txt.gz","Plate_180s_H15","symptomatic","macrophage",-0.0807704890762105,12
"GSM8121904_athero_human_11.txt.gz","Plate_180s_H16","symptomatic","macrophage",0.232938651926468,12
"GSM8121904_athero_human_11.txt.gz","Plate_180s_H17","symptomatic","macrophage",1.22069253364774,12
"GSM8121904_athero_human_11.txt.gz","Plate_180s_H20","symptomatic","mast",0.390070809550312,12
"GSM8121904_athero_human_11.txt.gz","Plate_180s_H21","symptomatic","macrophage",-0.301381848233056,12
"GSM8121904_athero_human_11.txt.gz","Plate_180s_H22","symptomatic","macrophage",0.657706763070959,12
"GSM8121904_athero_human_11.txt.gz","Plate_180s_H23","symptomatic","macrophage",0.129296869909784,12
"GSM8121904_athero_human_11.txt.gz","Plate_180s_H24","symptomatic","macrophage",0.841546230874954,12
"GSM8121904_athero_human_11.txt.gz","Plate_180s_I01","symptomatic","macrophage",-0.678002371330082,12
"GSM8121904_athero_human_11.txt.gz","Plate_180s_I02","symptomatic","macrophage",-0.227877804559903,12
"GSM8121904_athero_human_11.txt.gz","Plate_180s_I03","symptomatic","macrophage",-0.400010787342197,12
"GSM8121904_athero_human_11.txt.gz","Plate_180s_I04","symptomatic","macrophage",0.15504910489942,12
"GSM8121904_athero_human_11.txt.gz","Plate_180s_I05","symptomatic","endothelial",-0.3345409724078,12
"GSM8121904_athero_human_11.txt.gz","Plate_180s_I06","symptomatic","unassigned",0.202122961464372,12
"GSM8121904_athero_human_11.txt.gz","Plate_180s_I09","symptomatic","macrophage",0.0708580362661315,12
"GSM8121904_athero_human_11.txt.gz","Plate_180s_I10","symptomatic","macrophage",-0.0475585693713728,12
"GSM8121904_athero_human_11.txt.gz","Plate_180s_I11","symptomatic","macrophage",-0.561291298877325,12
"GSM8121904_athero_human_11.txt.gz","Plate_180s_I16","symptomatic","mast",0.153106313147209,12
"GSM8121904_athero_human_11.txt.gz","Plate_180s_I18","symptomatic","mast",-0.00140338951762902,12
"GSM8121904_athero_human_11.txt.gz","Plate_180s_I21","symptomatic","macrophage",-0.28382324117093,12
"GSM8121904_athero_human_11.txt.gz","Plate_180s_I23","symptomatic","mast",-0.573466688374045,12
"GSM8121904_athero_human_11.txt.gz","Plate_180s_I24","symptomatic","mast",-0.00569402314633994,12
"GSM8121904_athero_human_11.txt.gz","Plate_180s_J01","symptomatic","b_cell",0.55383421960737,12
"GSM8121904_athero_human_11.txt.gz","Plate_180s_J02","symptomatic","macrophage",0.346904052164491,12
"GSM8121904_athero_human_11.txt.gz","Plate_180s_J03","symptomatic","mast",0.160511143473639,12
"GSM8121904_athero_human_11.txt.gz","Plate_180s_J04","symptomatic","unassigned",0.302370363974536,12
"GSM8121904_athero_human_11.txt.gz","Plate_180s_J05","symptomatic","mast",0.0506904661888782,12
"GSM8121904_athero_human_11.txt.gz","Plate_180s_J06","symptomatic","mast",0.647714604464922,12
"GSM8121904_athero_human_11.txt.gz","Plate_180s_J07","symptomatic","macrophage",1.47322576465686,12
"GSM8121904_athero_human_11.txt.gz","Plate_180s_J08","symptomatic","mast",0.0406963377011432,12
"GSM8121904_athero_human_11.txt.gz","Plate_180s_J09","symptomatic","macrophage",0.518449918997568,12
"GSM8121904_athero_human_11.txt.gz","Plate_180s_J11","symptomatic","macrophage",0.291061357919876,12
"GSM8121904_athero_human_11.txt.gz","Plate_180s_J12","symptomatic","macrophage",1.2237671190332,12
"GSM8121904_athero_human_11.txt.gz","Plate_180s_J13","symptomatic","macrophage",-0.256881497092391,12
"GSM8121904_athero_human_11.txt.gz","Plate_180s_J14","symptomatic","macrophage",-0.120145525299919,12
"GSM8121904_athero_human_11.txt.gz","Plate_180s_J15","symptomatic","macrophage",-0.18158755662823,12
"GSM8121904_athero_human_11.txt.gz","Plate_180s_J16","symptomatic","macrophage",0.255415570131932,12
"GSM8121904_athero_human_11.txt.gz","Plate_180s_J18","symptomatic","macrophage",0.0377890133071211,12
"GSM8121904_athero_human_11.txt.gz","Plate_180s_J19","symptomatic","macrophage",1.30298602369343,12
"GSM8121904_athero_human_11.txt.gz","Plate_180s_J20","symptomatic","macrophage",0.971260240976117,12
"GSM8121904_athero_human_11.txt.gz","Plate_180s_J21","symptomatic","macrophage",0.626254353515939,12
"GSM8121904_athero_human_11.txt.gz","Plate_180s_J22","symptomatic","macrophage",0.183004521394038,12
"GSM8121904_athero_human_11.txt.gz","Plate_180s_J23","symptomatic","t_nk",1.29456816245515,12
"GSM8121904_athero_human_11.txt.gz","Plate_180s_J24","symptomatic","t_nk",-0.0865177381936892,12
"GSM8121904_athero_human_11.txt.gz","Plate_180s_K02","symptomatic","macrophage",-0.408206709143721,12
"GSM8121904_athero_human_11.txt.gz","Plate_180s_K05","symptomatic","macrophage",0.0720815691783046,12
"GSM8121904_athero_human_11.txt.gz","Plate_180s_K06","symptomatic","macrophage",1.26882307421149,12
"GSM8121904_athero_human_11.txt.gz","Plate_180s_K07","symptomatic","unassigned",1.53422720199295,12
"GSM8121904_athero_human_11.txt.gz","Plate_180s_K08","symptomatic","t_nk",0.42566566678709,12
"GSM8121904_athero_human_11.txt.gz","Plate_180s_K11","symptomatic","macrophage",-0.0836598669978382,12
"GSM8121904_athero_human_11.txt.gz","Plate_180s_K12","symptomatic","macrophage",0.130246357578719,12
"GSM8121904_athero_human_11.txt.gz","Plate_180s_K14","symptomatic","macrophage",0.556196924306199,12
"GSM8121904_athero_human_11.txt.gz","Plate_180s_K16","symptomatic","macrophage",-0.00653090929145684,12
"GSM8121904_athero_human_11.txt.gz","Plate_180s_K17","symptomatic","macrophage",-0.191759770016089,12
"GSM8121904_athero_human_11.txt.gz","Plate_180s_K18","symptomatic","macrophage",0.110716528497862,12
"GSM8121904_athero_human_11.txt.gz","Plate_180s_K20","symptomatic","macrophage",-0.0269957697558009,12
"GSM8121904_athero_human_11.txt.gz","Plate_180s_K21","symptomatic","macrophage",0.172138590616209,12
"GSM8121904_athero_human_11.txt.gz","Plate_180s_K22","symptomatic","macrophage",0.486045781253676,12
"GSM8121904_athero_human_11.txt.gz","Plate_180s_K23","symptomatic","macrophage",0.174824111535931,12
"GSM8121904_athero_human_11.txt.gz","Plate_180s_L02","symptomatic","endothelial",-0.077055623266631,12
"GSM8121904_athero_human_11.txt.gz","Plate_180s_L03","symptomatic","unassigned",0.643221516018521,12
"GSM8121904_athero_human_11.txt.gz","Plate_180s_L04","symptomatic","macrophage",0.356856938475724,12
"GSM8121904_athero_human_11.txt.gz","Plate_180s_L05","symptomatic","macrophage",0.01394744643538,12
"GSM8121904_athero_human_11.txt.gz","Plate_180s_L06","symptomatic","macrophage",0.247118533229825,12
"GSM8121904_athero_human_11.txt.gz","Plate_180s_L07","symptomatic","mast",0.903090925581701,12
"GSM8121904_athero_human_11.txt.gz","Plate_180s_L08","symptomatic","macrophage",0.240485628347894,12
"GSM8121904_athero_human_11.txt.gz","Plate_180s_L09","symptomatic","macrophage",0.123629458174324,12
"GSM8121904_athero_human_11.txt.gz","Plate_180s_L10","symptomatic","unassigned",-0.0914730699829351,12
"GSM8121904_athero_human_11.txt.gz","Plate_180s_L13","symptomatic","macrophage",-0.0823307525267744,12
"GSM8121904_athero_human_11.txt.gz","Plate_180s_L14","symptomatic","macrophage",0.717950764155577,12
"GSM8121904_athero_human_11.txt.gz","Plate_180s_L15","symptomatic","unassigned",0.511173353604997,12
"GSM8121904_athero_human_11.txt.gz","Plate_180s_L16","symptomatic","macrophage",-0.127143275145689,12
"GSM8121904_athero_human_11.txt.gz","Plate_180s_L17","symptomatic","macrophage",0.473039098888991,12
"GSM8121904_athero_human_11.txt.gz","Plate_180s_L18","symptomatic","macrophage",0.0326567424924766,12
"GSM8121904_athero_human_11.txt.gz","Plate_180s_L19","symptomatic","macrophage",0.0690568556619611,12
"GSM8121904_athero_human_11.txt.gz","Plate_180s_L21","symptomatic","macrophage",0.321115571328784,12
"GSM8121904_athero_human_11.txt.gz","Plate_180s_L22","symptomatic","macrophage",-0.0356979236493919,12
"GSM8121904_athero_human_11.txt.gz","Plate_180s_L23","symptomatic","macrophage",0.138116512674083,12
"GSM8121904_athero_human_11.txt.gz","Plate_180s_M01","symptomatic","macrophage",-0.283395737245702,12
"GSM8121904_athero_human_11.txt.gz","Plate_180s_M02","symptomatic","macrophage",-0.0133689831208471,12
"GSM8121904_athero_human_11.txt.gz","Plate_180s_M03","symptomatic","mast",0.238640894190654,12
"GSM8121904_athero_human_11.txt.gz","Plate_180s_M04","symptomatic","macrophage",-0.109606233012406,12
"GSM8121904_athero_human_11.txt.gz","Plate_180s_M05","symptomatic","mast",-0.103098689053723,12
"GSM8121904_athero_human_11.txt.gz","Plate_180s_M06","symptomatic","macrophage",-0.225237851627553,12
"GSM8121904_athero_human_11.txt.gz","Plate_180s_M08","symptomatic","macrophage",0.01913287067956,12
"GSM8121904_athero_human_11.txt.gz","Plate_180s_M09","symptomatic","unassigned",-0.324551220819035,12
"GSM8121904_athero_human_11.txt.gz","Plate_180s_M10","symptomatic","macrophage",-0.343705531783629,12
"GSM8121904_athero_human_11.txt.gz","Plate_180s_M11","symptomatic","macrophage",0.0433020610007995,12
"GSM8121904_athero_human_11.txt.gz","Plate_180s_M15","symptomatic","macrophage",0.148128504813196,12
"GSM8121904_athero_human_11.txt.gz","Plate_180s_M16","symptomatic","macrophage",-0.537185693769342,12
"GSM8121904_athero_human_11.txt.gz","Plate_180s_M17","symptomatic","macrophage",0.495897531832908,12
"GSM8121904_athero_human_11.txt.gz","Plate_180s_M20","symptomatic","macrophage",1.55811298406326,12
"GSM8121904_athero_human_11.txt.gz","Plate_180s_M21","symptomatic","macrophage",0.17433201837158,12
"GSM8121904_athero_human_11.txt.gz","Plate_180s_M22","symptomatic","macrophage",0.139096890097974,12
"GSM8121904_athero_human_11.txt.gz","Plate_180s_M23","symptomatic","macrophage",-0.0865725745620857,12
"GSM8121904_athero_human_11.txt.gz","Plate_180s_M24","symptomatic","macrophage",-0.0398041037662327,12
"GSM8121904_athero_human_11.txt.gz","Plate_180s_N02","symptomatic","macrophage",-0.14425190813681,12
"GSM8121904_athero_human_11.txt.gz","Plate_180s_N03","symptomatic","macrophage",0.59842506719417,12
"GSM8121904_athero_human_11.txt.gz","Plate_180s_N04","symptomatic","macrophage",0.0795275309175335,12
"GSM8121904_athero_human_11.txt.gz","Plate_180s_N05","symptomatic","macrophage",0.409849804259469,12
"GSM8121904_athero_human_11.txt.gz","Plate_180s_N07","symptomatic","macrophage",0.0571830746760287,12
"GSM8121904_athero_human_11.txt.gz","Plate_180s_N08","symptomatic","macrophage",0.796217756367246,12
"GSM8121904_athero_human_11.txt.gz","Plate_180s_N09","symptomatic","macrophage",0.142051318671353,12
"GSM8121904_athero_human_11.txt.gz","Plate_180s_N10","symptomatic","macrophage",0.355202964368664,12
"GSM8121904_athero_human_11.txt.gz","Plate_180s_N11","symptomatic","macrophage",-0.28809834402753,12
"GSM8121904_athero_human_11.txt.gz","Plate_180s_N12","symptomatic","macrophage",0.383514333495317,12
"GSM8121904_athero_human_11.txt.gz","Plate_180s_N13","symptomatic","macrophage",0.377057858107539,12
"GSM8121904_athero_human_11.txt.gz","Plate_180s_N14","symptomatic","macrophage",-0.314847232303715,12
"GSM8121904_athero_human_11.txt.gz","Plate_180s_N15","symptomatic","macrophage",-0.271372082799527,12
"GSM8121904_athero_human_11.txt.gz","Plate_180s_N16","symptomatic","macrophage",-0.145520143455159,12
"GSM8121904_athero_human_11.txt.gz","Plate_180s_N17","symptomatic","unassigned",0.412894249051307,12
"GSM8121904_athero_human_11.txt.gz","Plate_180s_N18","symptomatic","macrophage",-0.412142092584461,12
"GSM8121904_athero_human_11.txt.gz","Plate_180s_N19","symptomatic","macrophage",-0.353773052066732,12
"GSM8121904_athero_human_11.txt.gz","Plate_180s_N20","symptomatic","macrophage",0.390912182471176,12
"GSM8121904_athero_human_11.txt.gz","Plate_180s_N21","symptomatic","macrophage",-0.361795760110018,12
"GSM8121904_athero_human_11.txt.gz","Plate_180s_N22","symptomatic","macrophage",0.0421473979586386,12
"GSM8121904_athero_human_11.txt.gz","Plate_180s_N23","symptomatic","macrophage",0.332572481691985,12
"GSM8121904_athero_human_11.txt.gz","Plate_180s_N24","symptomatic","macrophage",1.25103050141744,12
"GSM8121904_athero_human_11.txt.gz","Plate_180s_O01","symptomatic","macrophage",0.23463034649903,12
"GSM8121904_athero_human_11.txt.gz","Plate_180s_O02","symptomatic","macrophage",-0.0786013125873879,12
"GSM8121904_athero_human_11.txt.gz","Plate_180s_O03","symptomatic","unassigned",0.00676467776904275,12
"GSM8121904_athero_human_11.txt.gz","Plate_180s_O04","symptomatic","macrophage",-0.103392983114205,12
"GSM8121904_athero_human_11.txt.gz","Plate_180s_O05","symptomatic","macrophage",0.0491333688535457,12
"GSM8121904_athero_human_11.txt.gz","Plate_180s_O06","symptomatic","macrophage",1.43419393726768,12
"GSM8121904_athero_human_11.txt.gz","Plate_180s_O07","symptomatic","macrophage",0.0905538439325628,12
"GSM8121904_athero_human_11.txt.gz","Plate_180s_O08","symptomatic","macrophage",0.217929720310249,12
"GSM8121904_athero_human_11.txt.gz","Plate_180s_O09","symptomatic","fibroblast",0.480972038209811,12
"GSM8121904_athero_human_11.txt.gz","Plate_180s_O10","symptomatic","macrophage",-0.111020283975016,12
"GSM8121904_athero_human_11.txt.gz","Plate_180s_O11","symptomatic","macrophage",0.865294095223163,12
"GSM8121904_athero_human_11.txt.gz","Plate_180s_O14","symptomatic","macrophage",-0.139633490420013,12
"GSM8121904_athero_human_11.txt.gz","Plate_180s_O15","symptomatic","macrophage",0.259928314496474,12
"GSM8121904_athero_human_11.txt.gz","Plate_180s_O16","symptomatic","macrophage",0.910746031872156,12
"GSM8121904_athero_human_11.txt.gz","Plate_180s_O17","symptomatic","macrophage",0.199692226030677,12
"GSM8121904_athero_human_11.txt.gz","Plate_180s_O18","symptomatic","macrophage",-0.385701367899467,12
"GSM8121904_athero_human_11.txt.gz","Plate_180s_O19","symptomatic","macrophage",0.528661341548096,12
"GSM8121904_athero_human_11.txt.gz","Plate_180s_O20","symptomatic","macrophage",0.193746733652507,12
"GSM8121904_athero_human_11.txt.gz","Plate_180s_O21","symptomatic","macrophage",0.282883756620812,12
"GSM8121904_athero_human_11.txt.gz","Plate_180s_O22","symptomatic","mast",-0.0399260004731972,12
"GSM8121904_athero_human_11.txt.gz","Plate_180s_O23","symptomatic","macrophage",0.797811733411966,12
"GSM8121904_athero_human_11.txt.gz","Plate_180s_O24","symptomatic","macrophage",-0.50034273676944,12
"GSM8121904_athero_human_11.txt.gz","Plate_180s_P01","symptomatic","macrophage",-0.270275842888109,12
"GSM8121904_athero_human_11.txt.gz","Plate_180s_P02","symptomatic","mast",0.106968810735675,12
"GSM8121904_athero_human_11.txt.gz","Plate_180s_P04","symptomatic","macrophage",0.109961889935041,12
"GSM8121904_athero_human_11.txt.gz","Plate_180s_P05","symptomatic","macrophage",0.0236549595783404,12
"GSM8121904_athero_human_11.txt.gz","Plate_180s_P06","symptomatic","macrophage",0.481989103755018,12
"GSM8121904_athero_human_11.txt.gz","Plate_180s_P08","symptomatic","mast",0.280332556915539,12
"GSM8121904_athero_human_11.txt.gz","Plate_180s_P09","symptomatic","macrophage",0.124274819589557,12
"GSM8121904_athero_human_11.txt.gz","Plate_180s_P11","symptomatic","macrophage",0.46291779447067,12
"GSM8121904_athero_human_11.txt.gz","Plate_180s_P12","symptomatic","macrophage",0.0440182785695547,12
"GSM8121904_athero_human_11.txt.gz","Plate_180s_P13","symptomatic","macrophage",-0.243202421460773,12
"GSM8121904_athero_human_11.txt.gz","Plate_180s_P14","symptomatic","macrophage",-0.0341693661368116,12
"GSM8121904_athero_human_11.txt.gz","Plate_180s_P15","symptomatic","macrophage",0.119401095711365,12
"GSM8121904_athero_human_11.txt.gz","Plate_180s_P16","symptomatic","macrophage",-0.339486940028947,12
"GSM8121904_athero_human_11.txt.gz","Plate_180s_P17","symptomatic","unassigned",0.0440164950069156,12
"GSM8121904_athero_human_11.txt.gz","Plate_180s_P18","symptomatic","macrophage",0.0754942150196179,12
"GSM8121904_athero_human_11.txt.gz","Plate_180s_P19","symptomatic","macrophage",-0.404542170775282,12
"GSM8121904_athero_human_11.txt.gz","Plate_180s_P20","symptomatic","macrophage",0.551496806262304,12
"GSM8121904_athero_human_11.txt.gz","Plate_180s_P21","symptomatic","macrophage",0.0271728498029086,12
"GSM8121904_athero_human_11.txt.gz","Plate_180s_P22","symptomatic","macrophage",0.0801835782625196,12
"GSM8121904_athero_human_11.txt.gz","Plate_180s_P24","symptomatic","mast",-0.45524209759552,12
"GSM8121905_athero_human_12.txt.gz","Plate_178s_A02","symptomatic","vsmc",-0.463757988765992,12
"GSM8121905_athero_human_12.txt.gz","Plate_178s_A03","symptomatic","fibroblast",-0.31508673422449,12
"GSM8121905_athero_human_12.txt.gz","Plate_178s_A04","symptomatic","vsmc",-0.0564024067500747,12
"GSM8121905_athero_human_12.txt.gz","Plate_178s_A05","symptomatic","fibroblast",-0.139791339894055,12
"GSM8121905_athero_human_12.txt.gz","Plate_178s_A06","symptomatic","fibroblast",0.19686560526434,12
"GSM8121905_athero_human_12.txt.gz","Plate_178s_A07","symptomatic","vsmc",-0.389424853692592,12
"GSM8121905_athero_human_12.txt.gz","Plate_178s_A08","symptomatic","vsmc",1.29562292269365,12
"GSM8121905_athero_human_12.txt.gz","Plate_178s_A10","symptomatic","unassigned",-0.422254919030035,12
"GSM8121905_athero_human_12.txt.gz","Plate_178s_A12","symptomatic","fibroblast",0.0197878363965826,12
"GSM8121905_athero_human_12.txt.gz","Plate_178s_A13","symptomatic","unassigned",-0.113783822698386,12
"GSM8121905_athero_human_12.txt.gz","Plate_178s_A14","symptomatic","endothelial",-0.0959640739654411,12
"GSM8121905_athero_human_12.txt.gz","Plate_178s_A15","symptomatic","vsmc",-0.00285938792582225,12
"GSM8121905_athero_human_12.txt.gz","Plate_178s_A17","symptomatic","fibroblast",-0.309677517770638,12
"GSM8121905_athero_human_12.txt.gz","Plate_178s_A18","symptomatic","unassigned",-0.226485989707628,12
"GSM8121905_athero_human_12.txt.gz","Plate_178s_A19","symptomatic","fibroblast",-0.371236435408375,12
"GSM8121905_athero_human_12.txt.gz","Plate_178s_A20","symptomatic","endothelial",-0.287035991595149,12
"GSM8121905_athero_human_12.txt.gz","Plate_178s_A22","symptomatic","fibroblast",0.307242255953938,12
"GSM8121905_athero_human_12.txt.gz","Plate_178s_A23","symptomatic","vsmc",-0.418474826044896,12
"GSM8121905_athero_human_12.txt.gz","Plate_178s_A24","symptomatic","unassigned",0.021871219281414,12
"GSM8121905_athero_human_12.txt.gz","Plate_178s_B01","symptomatic","fibroblast",-0.268172901878228,12
"GSM8121905_athero_human_12.txt.gz","Plate_178s_B02","symptomatic","vsmc",0.1125431740095,12
"GSM8121905_athero_human_12.txt.gz","Plate_178s_B03","symptomatic","fibroblast",-0.357166670623776,12
"GSM8121905_athero_human_12.txt.gz","Plate_178s_B04","symptomatic","fibroblast",-0.356049201655602,12
"GSM8121905_athero_human_12.txt.gz","Plate_178s_B05","symptomatic","fibroblast",-0.385738135956818,12
"GSM8121905_athero_human_12.txt.gz","Plate_178s_B06","symptomatic","unassigned",-0.242023764022958,12
"GSM8121905_athero_human_12.txt.gz","Plate_178s_B07","symptomatic","fibroblast",1.36490986462248,12
"GSM8121905_athero_human_12.txt.gz","Plate_178s_B09","symptomatic","vsmc",-0.324952626794832,12
"GSM8121905_athero_human_12.txt.gz","Plate_178s_B10","symptomatic","fibroblast",-0.0529578125850266,12
"GSM8121905_athero_human_12.txt.gz","Plate_178s_B11","symptomatic","fibroblast",-0.000819204845311367,12
"GSM8121905_athero_human_12.txt.gz","Plate_178s_B12","symptomatic","vsmc",-0.192366522625978,12
"GSM8121905_athero_human_12.txt.gz","Plate_178s_B13","symptomatic","vsmc",-0.135134386804206,12
"GSM8121905_athero_human_12.txt.gz","Plate_178s_B14","symptomatic","fibroblast",-0.401617645860076,12
"GSM8121905_athero_human_12.txt.gz","Plate_178s_B16","symptomatic","vsmc",-0.142706527763843,12
"GSM8121905_athero_human_12.txt.gz","Plate_178s_B17","symptomatic","b_cell",0.274083436793507,12
"GSM8121905_athero_human_12.txt.gz","Plate_178s_B18","symptomatic","fibroblast",0.42750224981232,12
"GSM8121905_athero_human_12.txt.gz","Plate_178s_B20","symptomatic","fibroblast",0.114496441287236,12
"GSM8121905_athero_human_12.txt.gz","Plate_178s_B21","symptomatic","fibroblast",-0.380674270638719,12
"GSM8121905_athero_human_12.txt.gz","Plate_178s_B22","symptomatic","fibroblast",0.344383464148713,12
"GSM8121905_athero_human_12.txt.gz","Plate_178s_B24","symptomatic","unassigned",0.110784036003657,12
"GSM8121905_athero_human_12.txt.gz","Plate_178s_C03","symptomatic","unassigned",-0.286295640686338,12
"GSM8121905_athero_human_12.txt.gz","Plate_178s_C04","symptomatic","vsmc",-0.511344701912461,12
"GSM8121905_athero_human_12.txt.gz","Plate_178s_C05","symptomatic","fibroblast",-0.0491538450913239,12
"GSM8121905_athero_human_12.txt.gz","Plate_178s_C08","symptomatic","fibroblast",-0.046918574845886,12
"GSM8121905_athero_human_12.txt.gz","Plate_178s_C09","symptomatic","vsmc",0.166949882302859,12
"GSM8121905_athero_human_12.txt.gz","Plate_178s_C10","symptomatic","fibroblast",0.00821250015198512,12
"GSM8121905_athero_human_12.txt.gz","Plate_178s_C11","symptomatic","vsmc",-0.396070662950027,12
"GSM8121905_athero_human_12.txt.gz","Plate_178s_C13","symptomatic","unassigned",-0.0424628531704198,12
"GSM8121905_athero_human_12.txt.gz","Plate_178s_C15","symptomatic","fibroblast",0.179208479050312,12
"GSM8121905_athero_human_12.txt.gz","Plate_178s_C16","symptomatic","unassigned",0.0696217622858473,12
"GSM8121905_athero_human_12.txt.gz","Plate_178s_C17","symptomatic","fibroblast",0.328465136909875,12
"GSM8121905_athero_human_12.txt.gz","Plate_178s_C18","symptomatic","vsmc",-0.033946028710035,12
"GSM8121905_athero_human_12.txt.gz","Plate_178s_C19","symptomatic","fibroblast",0.865076139513175,12
"GSM8121905_athero_human_12.txt.gz","Plate_178s_C20","symptomatic","fibroblast",-0.231694995644304,12
"GSM8121905_athero_human_12.txt.gz","Plate_178s_C21","symptomatic","fibroblast",0.792056369355464,12
"GSM8121905_athero_human_12.txt.gz","Plate_178s_C22","symptomatic","fibroblast",0.41970733694849,12
"GSM8121905_athero_human_12.txt.gz","Plate_178s_C23","symptomatic","vsmc",0.122235234176566,12
"GSM8121905_athero_human_12.txt.gz","Plate_178s_C24","symptomatic","unassigned",0.149691620302767,12
"GSM8121905_athero_human_12.txt.gz","Plate_178s_D01","symptomatic","fibroblast",0.353409920617914,12
"GSM8121905_athero_human_12.txt.gz","Plate_178s_D02","symptomatic","fibroblast",0.65753091501316,12
"GSM8121905_athero_human_12.txt.gz","Plate_178s_D03","symptomatic","unassigned",-0.130814512346269,12
"GSM8121905_athero_human_12.txt.gz","Plate_178s_D05","symptomatic","unassigned",0.363541031569581,12
"GSM8121905_athero_human_12.txt.gz","Plate_178s_D06","symptomatic","unassigned",0.436177072435022,12
"GSM8121905_athero_human_12.txt.gz","Plate_178s_D07","symptomatic","fibroblast",-0.312075843643788,12
"GSM8121905_athero_human_12.txt.gz","Plate_178s_D08","symptomatic","vsmc",-0.415924016828249,12
"GSM8121905_athero_human_12.txt.gz","Plate_178s_D09","symptomatic","vsmc",0.2644743025797,12
"GSM8121905_athero_human_12.txt.gz","Plate_178s_D10","symptomatic","fibroblast",-0.37050695678392,12
"GSM8121905_athero_human_12.txt.gz","Plate_178s_D12","symptomatic","fibroblast",-0.103959416382989,12
"GSM8121905_athero_human_12.txt.gz","Plate_178s_D13","symptomatic","unassigned",-0.0898587295871573,12
"GSM8121905_athero_human_12.txt.gz","Plate_178s_D14","symptomatic","macrophage",-0.142172524641119,12
"GSM8121905_athero_human_12.txt.gz","Plate_178s_D17","symptomatic","fibroblast",0.440550685453618,12
"GSM8121905_athero_human_12.txt.gz","Plate_178s_D18","symptomatic","fibroblast",0.13997330038279,12
"GSM8121905_athero_human_12.txt.gz","Plate_178s_D19","symptomatic","unassigned",-0.0584908750875879,12
"GSM8121905_athero_human_12.txt.gz","Plate_178s_D20","symptomatic","fibroblast",0.100551545608313,12
"GSM8121905_athero_human_12.txt.gz","Plate_178s_D21","symptomatic","fibroblast",0.481624115848308,12
"GSM8121905_athero_human_12.txt.gz","Plate_178s_D22","symptomatic","vsmc",0.576943122727111,12
"GSM8121905_athero_human_12.txt.gz","Plate_178s_D23","symptomatic","fibroblast",-0.175719210798591,12
"GSM8121905_athero_human_12.txt.gz","Plate_178s_D24","symptomatic","unassigned",0.175792883234515,12
"GSM8121905_athero_human_12.txt.gz","Plate_178s_E01","symptomatic","fibroblast",-0.192666386099854,12
"GSM8121905_athero_human_12.txt.gz","Plate_178s_E03","symptomatic","fibroblast",-0.422034477458815,12
"GSM8121905_athero_human_12.txt.gz","Plate_178s_E04","symptomatic","vsmc",-0.749182279600323,12
"GSM8121905_athero_human_12.txt.gz","Plate_178s_E05","symptomatic","fibroblast",0.425057398228945,12
"GSM8121905_athero_human_12.txt.gz","Plate_178s_E06","symptomatic","fibroblast",-0.258273933894985,12
"GSM8121905_athero_human_12.txt.gz","Plate_178s_E07","symptomatic","fibroblast",0.270996679653078,12
"GSM8121905_athero_human_12.txt.gz","Plate_178s_E08","symptomatic","fibroblast",-0.249197070847585,12
"GSM8121905_athero_human_12.txt.gz","Plate_178s_E09","symptomatic","unassigned",-0.494329111650126,12
"GSM8121905_athero_human_12.txt.gz","Plate_178s_E10","symptomatic","unassigned",-0.218195107139848,12
"GSM8121905_athero_human_12.txt.gz","Plate_178s_E11","symptomatic","fibroblast",0.279241362488619,12
"GSM8121905_athero_human_12.txt.gz","Plate_178s_E12","symptomatic","fibroblast",0.494463243792431,12
"GSM8121905_athero_human_12.txt.gz","Plate_178s_E14","symptomatic","fibroblast",-0.076875468250563,12
"GSM8121905_athero_human_12.txt.gz","Plate_178s_E15","symptomatic","fibroblast",-0.278094244564503,12
"GSM8121905_athero_human_12.txt.gz","Plate_178s_E16","symptomatic","fibroblast",-0.446289397013818,12
"GSM8121905_athero_human_12.txt.gz","Plate_178s_E17","symptomatic","fibroblast",-0.458769641813071,12
"GSM8121905_athero_human_12.txt.gz","Plate_178s_E19","symptomatic","fibroblast",-0.207566153432826,12
"GSM8121905_athero_human_12.txt.gz","Plate_178s_E22","symptomatic","fibroblast",0.0161095857890904,12
"GSM8121905_athero_human_12.txt.gz","Plate_178s_E23","symptomatic","fibroblast",0.109281947690434,12
"GSM8121905_athero_human_12.txt.gz","Plate_178s_F01","symptomatic","vsmc",-0.0359484930533908,12
"GSM8121905_athero_human_12.txt.gz","Plate_178s_F03","symptomatic","fibroblast",-0.333692079414188,12
"GSM8121905_athero_human_12.txt.gz","Plate_178s_F04","symptomatic","fibroblast",0.840211594841077,12
"GSM8121905_athero_human_12.txt.gz","Plate_178s_F05","symptomatic","vsmc",-0.120634594179266,12
"GSM8121905_athero_human_12.txt.gz","Plate_178s_F06","symptomatic","vsmc",-0.463148398948567,12
"GSM8121905_athero_human_12.txt.gz","Plate_178s_F08","symptomatic","fibroblast",0.170034915555151,12
"GSM8121905_athero_human_12.txt.gz","Plate_178s_F10","symptomatic","unassigned",-0.313282364604644,12
"GSM8121905_athero_human_12.txt.gz","Plate_178s_F11","symptomatic","vsmc",-0.277252313326506,12
"GSM8121905_athero_human_12.txt.gz","Plate_178s_F12","symptomatic","unassigned",-0.0220235931528893,12
"GSM8121905_athero_human_12.txt.gz","Plate_178s_F13","symptomatic","fibroblast",0.168632056583949,12
"GSM8121905_athero_human_12.txt.gz","Plate_178s_F14","symptomatic","vsmc",0.0417581691978042,12
"GSM8121905_athero_human_12.txt.gz","Plate_178s_F16","symptomatic","vsmc",-0.270034823842473,12
"GSM8121905_athero_human_12.txt.gz","Plate_178s_F17","symptomatic","fibroblast",-0.0604839718292994,12
"GSM8121905_athero_human_12.txt.gz","Plate_178s_F18","symptomatic","fibroblast",0.808311746228459,12
"GSM8121905_athero_human_12.txt.gz","Plate_178s_F20","symptomatic","fibroblast",0.0013131728549498,12
"GSM8121905_athero_human_12.txt.gz","Plate_178s_F21","symptomatic","fibroblast",0.0919013395720836,12
"GSM8121905_athero_human_12.txt.gz","Plate_178s_F22","symptomatic","fibroblast",-0.206015819511672,12
"GSM8121905_athero_human_12.txt.gz","Plate_178s_F23","symptomatic","fibroblast",0.161268909833424,12
"GSM8121905_athero_human_12.txt.gz","Plate_178s_F24","symptomatic","unassigned",0.144935988388152,12
"GSM8121905_athero_human_12.txt.gz","Plate_178s_G01","symptomatic","fibroblast",-0.0237002719547772,12
"GSM8121905_athero_human_12.txt.gz","Plate_178s_G02","symptomatic","vsmc",0.0485013615711894,12
"GSM8121905_athero_human_12.txt.gz","Plate_178s_G05","symptomatic","fibroblast",-0.43059773041265,12
"GSM8121905_athero_human_12.txt.gz","Plate_178s_G06","symptomatic","b_cell",0.323260712321489,12
"GSM8121905_athero_human_12.txt.gz","Plate_178s_G07","symptomatic","fibroblast",0.176879242770706,12
"GSM8121905_athero_human_12.txt.gz","Plate_178s_G08","symptomatic","unassigned",-0.0702938631631525,12
"GSM8121905_athero_human_12.txt.gz","Plate_178s_G09","symptomatic","vsmc",-0.0426563343662121,12
"GSM8121905_athero_human_12.txt.gz","Plate_178s_G10","symptomatic","vsmc",-0.216368162850644,12
"GSM8121905_athero_human_12.txt.gz","Plate_178s_G11","symptomatic","fibroblast",-0.346993856295435,12
"GSM8121905_athero_human_12.txt.gz","Plate_178s_G12","symptomatic","fibroblast",-0.421766889985136,12
"GSM8121905_athero_human_12.txt.gz","Plate_178s_G15","symptomatic","endothelial",-0.335890460269524,12
"GSM8121905_athero_human_12.txt.gz","Plate_178s_G16","symptomatic","unassigned",-0.284125741041033,12
"GSM8121905_athero_human_12.txt.gz","Plate_178s_G17","symptomatic","fibroblast",-0.20425258695736,12
"GSM8121905_athero_human_12.txt.gz","Plate_178s_G18","symptomatic","fibroblast",0.338733276349709,12
"GSM8121905_athero_human_12.txt.gz","Plate_178s_G19","symptomatic","fibroblast",-0.222768166471892,12
"GSM8121905_athero_human_12.txt.gz","Plate_178s_G20","symptomatic","vsmc",-0.388358875527691,12
"GSM8121905_athero_human_12.txt.gz","Plate_178s_G22","symptomatic","fibroblast",0.0577441673779395,12
"GSM8121905_athero_human_12.txt.gz","Plate_178s_G24","symptomatic","fibroblast",0.177504588801597,12
"GSM8121905_athero_human_12.txt.gz","Plate_178s_H01","symptomatic","vsmc",-0.355440032360524,12
"GSM8121905_athero_human_12.txt.gz","Plate_178s_H02","symptomatic","vsmc",-0.101486538707783,12
"GSM8121905_athero_human_12.txt.gz","Plate_178s_H04","symptomatic","vsmc",-0.158682934071404,12
"GSM8121905_athero_human_12.txt.gz","Plate_178s_H05","symptomatic","vsmc",-0.00741953452271913,12
"GSM8121905_athero_human_12.txt.gz","Plate_178s_H08","symptomatic","fibroblast",-0.120773842778362,12
"GSM8121905_athero_human_12.txt.gz","Plate_178s_H09","symptomatic","fibroblast",1.41961681675641,12
"GSM8121905_athero_human_12.txt.gz","Plate_178s_H10","symptomatic","vsmc",-0.134917179102654,12
"GSM8121905_athero_human_12.txt.gz","Plate_178s_H11","symptomatic","fibroblast",-0.195908649176581,12
"GSM8121905_athero_human_12.txt.gz","Plate_178s_H12","symptomatic","fibroblast",-0.228167925787711,12
"GSM8121905_athero_human_12.txt.gz","Plate_178s_H13","symptomatic","unassigned",0.187748605777144,12
"GSM8121905_athero_human_12.txt.gz","Plate_178s_H14","symptomatic","fibroblast",-0.267037010226072,12
"GSM8121905_athero_human_12.txt.gz","Plate_178s_H15","symptomatic","vsmc",-0.269966743534768,12
"GSM8121905_athero_human_12.txt.gz","Plate_178s_H16","symptomatic","vsmc",-0.316155344121403,12
"GSM8121905_athero_human_12.txt.gz","Plate_178s_H17","symptomatic","fibroblast",0.378969825585048,12
"GSM8121905_athero_human_12.txt.gz","Plate_178s_H18","symptomatic","fibroblast",0.372709671500443,12
"GSM8121905_athero_human_12.txt.gz","Plate_178s_H19","symptomatic","fibroblast",-0.61479716500148,12
"GSM8121905_athero_human_12.txt.gz","Plate_178s_H20","symptomatic","vsmc",-0.375377448834293,12
"GSM8121905_athero_human_12.txt.gz","Plate_178s_H21","symptomatic","fibroblast",-0.319283432806729,12
"GSM8121905_athero_human_12.txt.gz","Plate_178s_H22","symptomatic","fibroblast",-0.227869429350241,12
"GSM8121905_athero_human_12.txt.gz","Plate_178s_H23","symptomatic","fibroblast",-0.404251874508854,12
"GSM8121905_athero_human_12.txt.gz","Plate_178s_H24","symptomatic","fibroblast",0.0908077031574452,12
"GSM8121905_athero_human_12.txt.gz","Plate_178s_I01","symptomatic","vsmc",-0.195814361368763,12
"GSM8121905_athero_human_12.txt.gz","Plate_178s_I03","symptomatic","fibroblast",-0.182088573337084,12
"GSM8121905_athero_human_12.txt.gz","Plate_178s_I04","symptomatic","vsmc",-0.374442198315396,12
"GSM8121905_athero_human_12.txt.gz","Plate_178s_I07","symptomatic","fibroblast",-0.279197230780497,12
"GSM8121905_athero_human_12.txt.gz","Plate_178s_I08","symptomatic","fibroblast",0.494548842071996,12
"GSM8121905_athero_human_12.txt.gz","Plate_178s_I09","symptomatic","vsmc",-0.0428159909377218,12
"GSM8121905_athero_human_12.txt.gz","Plate_178s_I10","symptomatic","vsmc",-0.21774488913236,12
"GSM8121905_athero_human_12.txt.gz","Plate_178s_I12","symptomatic","vsmc",-0.31391822785134,12
"GSM8121905_athero_human_12.txt.gz","Plate_178s_I15","symptomatic","vsmc",0.173209973664136,12
"GSM8121905_athero_human_12.txt.gz","Plate_178s_I16","symptomatic","fibroblast",-0.143550837345982,12
"GSM8121905_athero_human_12.txt.gz","Plate_178s_I17","symptomatic","fibroblast",-0.0429822266275743,12
"GSM8121905_athero_human_12.txt.gz","Plate_178s_I18","symptomatic","fibroblast",-0.166169057823538,12
"GSM8121905_athero_human_12.txt.gz","Plate_178s_I20","symptomatic","fibroblast",0.286382234424362,12
"GSM8121905_athero_human_12.txt.gz","Plate_178s_I21","symptomatic","fibroblast",0.255218055894247,12
"GSM8121905_athero_human_12.txt.gz","Plate_178s_I23","symptomatic","fibroblast",0.252053543359214,12
"GSM8121905_athero_human_12.txt.gz","Plate_178s_I24","symptomatic","fibroblast",0.357761133254787,12
"GSM8121905_athero_human_12.txt.gz","Plate_178s_J01","symptomatic","vsmc",0.4886353694832,12
"GSM8121905_athero_human_12.txt.gz","Plate_178s_J03","symptomatic","fibroblast",0.358236793434132,12
"GSM8121905_athero_human_12.txt.gz","Plate_178s_J04","symptomatic","fibroblast",0.126168344287731,12
"GSM8121905_athero_human_12.txt.gz","Plate_178s_J06","symptomatic","macrophage",-0.20766714047122,12
"GSM8121905_athero_human_12.txt.gz","Plate_178s_J07","symptomatic","endothelial",-0.0964276112602857,12
"GSM8121905_athero_human_12.txt.gz","Plate_178s_J08","symptomatic","fibroblast",0.218805631111593,12
"GSM8121905_athero_human_12.txt.gz","Plate_178s_J09","symptomatic","vsmc",-0.182779888222293,12
"GSM8121905_athero_human_12.txt.gz","Plate_178s_J12","symptomatic","fibroblast",0.000998994817984757,12
"GSM8121905_athero_human_12.txt.gz","Plate_178s_J13","symptomatic","vsmc",-0.0122355459171495,12
"GSM8121905_athero_human_12.txt.gz","Plate_178s_J14","symptomatic","vsmc",-0.40369253446612,12
"GSM8121905_athero_human_12.txt.gz","Plate_178s_J15","symptomatic","vsmc",-0.370330009901662,12
"GSM8121905_athero_human_12.txt.gz","Plate_178s_J18","symptomatic","b_cell",0.160167017506697,12
"GSM8121905_athero_human_12.txt.gz","Plate_178s_J20","symptomatic","vsmc",-0.1503698828181,12
"GSM8121905_athero_human_12.txt.gz","Plate_178s_J22","symptomatic","fibroblast",-0.0486262401458185,12
"GSM8121905_athero_human_12.txt.gz","Plate_178s_J23","symptomatic","vsmc",-0.2864738291679,12
"GSM8121905_athero_human_12.txt.gz","Plate_178s_J24","symptomatic","fibroblast",0.17067998479313,12
"GSM8121905_athero_human_12.txt.gz","Plate_178s_K01","symptomatic","vsmc",0.0018456931662192,12
"GSM8121905_athero_human_12.txt.gz","Plate_178s_K02","symptomatic","fibroblast",0.656746982800504,12
"GSM8121905_athero_human_12.txt.gz","Plate_178s_K05","symptomatic","fibroblast",-0.222108442714379,12
"GSM8121905_athero_human_12.txt.gz","Plate_178s_K06","symptomatic","fibroblast",0.138246644844117,12
"GSM8121905_athero_human_12.txt.gz","Plate_178s_K07","symptomatic","vsmc",-0.228581449069797,12
"GSM8121905_athero_human_12.txt.gz","Plate_178s_K08","symptomatic","fibroblast",-0.218833548175324,12
"GSM8121905_athero_human_12.txt.gz","Plate_178s_K09","symptomatic","fibroblast",-0.0842154190855786,12
"GSM8121905_athero_human_12.txt.gz","Plate_178s_K10","symptomatic","vsmc",-0.121454723889421,12
"GSM8121905_athero_human_12.txt.gz","Plate_178s_K11","symptomatic","fibroblast",0.0832418636498552,12
"GSM8121905_athero_human_12.txt.gz","Plate_178s_K12","symptomatic","fibroblast",-0.222491328497909,12
"GSM8121905_athero_human_12.txt.gz","Plate_178s_K13","symptomatic","vsmc",-0.442815565143208,12
"GSM8121905_athero_human_12.txt.gz","Plate_178s_K16","symptomatic","fibroblast",0.179860566695144,12
"GSM8121905_athero_human_12.txt.gz","Plate_178s_K17","symptomatic","unassigned",-0.166712600909604,12
"GSM8121905_athero_human_12.txt.gz","Plate_178s_K18","symptomatic","fibroblast",0.00472342919755457,12
"GSM8121905_athero_human_12.txt.gz","Plate_178s_K19","symptomatic","fibroblast",-0.477037960658784,12
"GSM8121905_athero_human_12.txt.gz","Plate_178s_K20","symptomatic","vsmc",-0.365815202884709,12
"GSM8121905_athero_human_12.txt.gz","Plate_178s_K21","symptomatic","vsmc",-0.207305723644896,12
"GSM8121905_athero_human_12.txt.gz","Plate_178s_K23","symptomatic","fibroblast",-0.329112789178234,12
"GSM8121905_athero_human_12.txt.gz","Plate_178s_K24","symptomatic","fibroblast",0.0244339232949374,12
"GSM8121905_athero_human_12.txt.gz","Plate_178s_L02","symptomatic","vsmc",-0.0333888735113904,12
"GSM8121905_athero_human_12.txt.gz","Plate_178s_L03","symptomatic","b_cell",-0.132602717684968,12
"GSM8121905_athero_human_12.txt.gz","Plate_178s_L04","symptomatic","vsmc",-0.168613973484598,12
"GSM8121905_athero_human_12.txt.gz","Plate_178s_L05","symptomatic","vsmc",-0.47990027573851,12
"GSM8121905_athero_human_12.txt.gz","Plate_178s_L07","symptomatic","fibroblast",-0.570342815211784,12
"GSM8121905_athero_human_12.txt.gz","Plate_178s_L08","symptomatic","fibroblast",-0.124274644257532,12
"GSM8121905_athero_human_12.txt.gz","Plate_178s_L09","symptomatic","fibroblast",0.10265233598239,12
"GSM8121905_athero_human_12.txt.gz","Plate_178s_L10","symptomatic","vsmc",-0.355163027741225,12
"GSM8121905_athero_human_12.txt.gz","Plate_178s_L12","symptomatic","fibroblast",-0.165362243601552,12
"GSM8121905_athero_human_12.txt.gz","Plate_178s_L13","symptomatic","unassigned",-0.4041287174266,12
"GSM8121905_athero_human_12.txt.gz","Plate_178s_L14","symptomatic","fibroblast",0.220597269295679,12
"GSM8121905_athero_human_12.txt.gz","Plate_178s_L15","symptomatic","fibroblast",-0.262504137942448,12
"GSM8121905_athero_human_12.txt.gz","Plate_178s_L20","symptomatic","fibroblast",-0.0296165065303723,12
"GSM8121905_athero_human_12.txt.gz","Plate_178s_L21","symptomatic","fibroblast",-0.224791749473829,12
"GSM8121905_athero_human_12.txt.gz","Plate_178s_L22","symptomatic","fibroblast",-0.0380643826729955,12
"GSM8121905_athero_human_12.txt.gz","Plate_178s_L23","symptomatic","fibroblast",-0.233150579390935,12
"GSM8121905_athero_human_12.txt.gz","Plate_178s_L24","symptomatic","fibroblast",0.0590155721380478,12
"GSM8121905_athero_human_12.txt.gz","Plate_178s_M01","symptomatic","fibroblast",-0.608466922798185,12
"GSM8121905_athero_human_12.txt.gz","Plate_178s_M03","symptomatic","fibroblast",-0.0203144311944443,12
"GSM8121905_athero_human_12.txt.gz","Plate_178s_M04","symptomatic","fibroblast",-0.48552938849212,12
"GSM8121905_athero_human_12.txt.gz","Plate_178s_M05","symptomatic","fibroblast",0.157905446173263,12
"GSM8121905_athero_human_12.txt.gz","Plate_178s_M06","symptomatic","unassigned",-0.46907486899442,12
"GSM8121905_athero_human_12.txt.gz","Plate_178s_M07","symptomatic","vsmc",-0.412529759069432,12
"GSM8121905_athero_human_12.txt.gz","Plate_178s_M08","symptomatic","fibroblast",0.189636268494972,12
"GSM8121905_athero_human_12.txt.gz","Plate_178s_M09","symptomatic","fibroblast",0.112188998489479,12
"GSM8121905_athero_human_12.txt.gz","Plate_178s_M11","symptomatic","fibroblast",0.096500371744311,12
"GSM8121905_athero_human_12.txt.gz","Plate_178s_M14","symptomatic","fibroblast",-0.323440176343883,12
"GSM8121905_athero_human_12.txt.gz","Plate_178s_M15","symptomatic","fibroblast",-0.0628143263343197,12
"GSM8121905_athero_human_12.txt.gz","Plate_178s_M16","symptomatic","fibroblast",-0.0821347582798511,12
"GSM8121905_athero_human_12.txt.gz","Plate_178s_M17","symptomatic","fibroblast",0.578434526173423,12
"GSM8121905_athero_human_12.txt.gz","Plate_178s_M18","symptomatic","fibroblast",-0.0174550571261668,12
"GSM8121905_athero_human_12.txt.gz","Plate_178s_M19","symptomatic","fibroblast",-0.0641855704122338,12
"GSM8121905_athero_human_12.txt.gz","Plate_178s_M20","symptomatic","fibroblast",-0.0720463089309854,12
"GSM8121905_athero_human_12.txt.gz","Plate_178s_M21","symptomatic","fibroblast",0.120744315441138,12
"GSM8121905_athero_human_12.txt.gz","Plate_178s_M22","symptomatic","vsmc",-0.176714854053613,12
"GSM8121905_athero_human_12.txt.gz","Plate_178s_M23","symptomatic","fibroblast",-0.0294718070151398,12
"GSM8121905_athero_human_12.txt.gz","Plate_178s_M24","symptomatic","unassigned",0.0631942263633071,12
"GSM8121905_athero_human_12.txt.gz","Plate_178s_N01","symptomatic","fibroblast",-0.057650834282478,12
"GSM8121905_athero_human_12.txt.gz","Plate_178s_N03","symptomatic","vsmc",0.367582568938587,12
"GSM8121905_athero_human_12.txt.gz","Plate_178s_N04","symptomatic","fibroblast",0.0720384205115423,12
"GSM8121905_athero_human_12.txt.gz","Plate_178s_N06","symptomatic","fibroblast",-0.497474278957774,12
"GSM8121905_athero_human_12.txt.gz","Plate_178s_N07","symptomatic","fibroblast",0.079916155769894,12
"GSM8121905_athero_human_12.txt.gz","Plate_178s_N08","symptomatic","fibroblast",-0.172985359506319,12
"GSM8121905_athero_human_12.txt.gz","Plate_178s_N09","symptomatic","vsmc",-0.416512800692178,12
"GSM8121905_athero_human_12.txt.gz","Plate_178s_N10","symptomatic","fibroblast",-0.297700292466663,12
"GSM8121905_athero_human_12.txt.gz","Plate_178s_N11","symptomatic","vsmc",-0.281184451433564,12
"GSM8121905_athero_human_12.txt.gz","Plate_178s_N12","symptomatic","fibroblast",-0.319578131608616,12
"GSM8121905_athero_human_12.txt.gz","Plate_178s_N13","symptomatic","vsmc",-0.239486696645498,12
"GSM8121905_athero_human_12.txt.gz","Plate_178s_N14","symptomatic","fibroblast",-0.447014221749425,12
"GSM8121905_athero_human_12.txt.gz","Plate_178s_N16","symptomatic","fibroblast",-0.110198674419649,12
"GSM8121905_athero_human_12.txt.gz","Plate_178s_N17","symptomatic","fibroblast",-0.47441798208084,12
"GSM8121905_athero_human_12.txt.gz","Plate_178s_N18","symptomatic","vsmc",-0.244526202569816,12
"GSM8121905_athero_human_12.txt.gz","Plate_178s_N19","symptomatic","fibroblast",-0.325160661980065,12
"GSM8121905_athero_human_12.txt.gz","Plate_178s_N20","symptomatic","fibroblast",0.00739309955583077,12
"GSM8121905_athero_human_12.txt.gz","Plate_178s_N21","symptomatic","fibroblast",-0.0624599449686912,12
"GSM8121905_athero_human_12.txt.gz","Plate_178s_N22","symptomatic","vsmc",0.0623576371605702,12
"GSM8121905_athero_human_12.txt.gz","Plate_178s_N24","symptomatic","vsmc",0.0860357924853656,12
"GSM8121905_athero_human_12.txt.gz","Plate_178s_O01","symptomatic","fibroblast",-0.181610733391257,12
"GSM8121905_athero_human_12.txt.gz","Plate_178s_O03","symptomatic","fibroblast",-0.282400028508202,12
"GSM8121905_athero_human_12.txt.gz","Plate_178s_O04","symptomatic","fibroblast",-0.479973327723366,12
"GSM8121905_athero_human_12.txt.gz","Plate_178s_O05","symptomatic","fibroblast",-0.178436850038259,12
"GSM8121905_athero_human_12.txt.gz","Plate_178s_O06","symptomatic","vsmc",-0.0689278504733446,12
"GSM8121905_athero_human_12.txt.gz","Plate_178s_O07","symptomatic","fibroblast",-0.00108636591444957,12
"GSM8121905_athero_human_12.txt.gz","Plate_178s_O08","symptomatic","fibroblast",-0.425831565632307,12
"GSM8121905_athero_human_12.txt.gz","Plate_178s_O09","symptomatic","vsmc",-0.711182451199307,12
"GSM8121905_athero_human_12.txt.gz","Plate_178s_O10","symptomatic","fibroblast",-0.476195504609017,12
"GSM8121905_athero_human_12.txt.gz","Plate_178s_O11","symptomatic","vsmc",-0.498828610974703,12
"GSM8121905_athero_human_12.txt.gz","Plate_178s_O13","symptomatic","fibroblast",-0.270233555524047,12
"GSM8121905_athero_human_12.txt.gz","Plate_178s_O15","symptomatic","unassigned",0.150296652995647,12
"GSM8121905_athero_human_12.txt.gz","Plate_178s_O16","symptomatic","fibroblast",0.408051413271318,12
"GSM8121905_athero_human_12.txt.gz","Plate_178s_O17","symptomatic","fibroblast",-0.525669432287197,12
"GSM8121905_athero_human_12.txt.gz","Plate_178s_O18","symptomatic","fibroblast",-0.185827556894897,12
"GSM8121905_athero_human_12.txt.gz","Plate_178s_O19","symptomatic","unassigned",-0.395942119132603,12
"GSM8121905_athero_human_12.txt.gz","Plate_178s_O20","symptomatic","vsmc",-0.5191771695472,12
"GSM8121905_athero_human_12.txt.gz","Plate_178s_O21","symptomatic","unassigned",-0.120761023295378,12
"GSM8121905_athero_human_12.txt.gz","Plate_178s_O22","symptomatic","fibroblast",0.236794088658643,12
"GSM8121905_athero_human_12.txt.gz","Plate_178s_O23","symptomatic","fibroblast",-0.646177387347227,12
"GSM8121905_athero_human_12.txt.gz","Plate_178s_O24","symptomatic","vsmc",0.151352387145547,12
"GSM8121905_athero_human_12.txt.gz","Plate_178s_P01","symptomatic","vsmc",-0.353237726767443,12
"GSM8121905_athero_human_12.txt.gz","Plate_178s_P02","symptomatic","fibroblast",0.0304836507732398,12
"GSM8121905_athero_human_12.txt.gz","Plate_178s_P03","symptomatic","vsmc",-0.275900373509012,12
"GSM8121905_athero_human_12.txt.gz","Plate_178s_P05","symptomatic","fibroblast",-0.112983749122397,12
"GSM8121905_athero_human_12.txt.gz","Plate_178s_P06","symptomatic","vsmc",0.262746946717178,12
"GSM8121905_athero_human_12.txt.gz","Plate_178s_P07","symptomatic","fibroblast",-0.0882649268772606,12
"GSM8121905_athero_human_12.txt.gz","Plate_178s_P08","symptomatic","fibroblast",-0.283791674309867,12
"GSM8121905_athero_human_12.txt.gz","Plate_178s_P10","symptomatic","fibroblast",-0.698415048984307,12
"GSM8121905_athero_human_12.txt.gz","Plate_178s_P12","symptomatic","vsmc",-0.313726164382556,12
"GSM8121905_athero_human_12.txt.gz","Plate_178s_P13","symptomatic","fibroblast",-0.407703507099663,12
"GSM8121905_athero_human_12.txt.gz","Plate_178s_P14","symptomatic","vsmc",-0.109780889210336,12
"GSM8121905_athero_human_12.txt.gz","Plate_178s_P16","symptomatic","fibroblast",-0.0394580443884535,12
"GSM8121905_athero_human_12.txt.gz","Plate_178s_P18","symptomatic","fibroblast",-0.658584995090331,12
"GSM8121905_athero_human_12.txt.gz","Plate_178s_P19","symptomatic","vsmc",-0.305455465781335,12
"GSM8121905_athero_human_12.txt.gz","Plate_178s_P20","symptomatic","endothelial",-0.287613524796137,12
"GSM8121905_athero_human_12.txt.gz","Plate_178s_P21","symptomatic","unassigned",-0.232996101921387,12
"GSM8121905_athero_human_12.txt.gz","Plate_178s_P22","symptomatic","fibroblast",0.123427570652466,12
"GSM8121905_athero_human_12.txt.gz","Plate_178s_P24","symptomatic","endothelial",-0.364540404246583,12
"GSM8121905_athero_human_12.txt.gz","Plate_179s_A01","symptomatic","macrophage",-0.103549831744701,12
"GSM8121905_athero_human_12.txt.gz","Plate_179s_A04","symptomatic","macrophage",0.427669378971042,12
"GSM8121905_athero_human_12.txt.gz","Plate_179s_A05","symptomatic","macrophage",0.271555166937135,12
"GSM8121905_athero_human_12.txt.gz","Plate_179s_A06","symptomatic","macrophage",0.639048877693532,12
"GSM8121905_athero_human_12.txt.gz","Plate_179s_A07","symptomatic","macrophage",0.208795596418358,12
"GSM8121905_athero_human_12.txt.gz","Plate_179s_A08","symptomatic","macrophage",-0.058535206426966,12
"GSM8121905_athero_human_12.txt.gz","Plate_179s_A09","symptomatic","macrophage",-0.0710454862878336,12
"GSM8121905_athero_human_12.txt.gz","Plate_179s_A10","symptomatic","macrophage",-0.245725345390507,12
"GSM8121905_athero_human_12.txt.gz","Plate_179s_A11","symptomatic","macrophage",0.343852289015889,12
"GSM8121905_athero_human_12.txt.gz","Plate_179s_A12","symptomatic","macrophage",0.0853968401521001,12
"GSM8121905_athero_human_12.txt.gz","Plate_179s_A13","symptomatic","macrophage",0.00116454558191227,12
"GSM8121905_athero_human_12.txt.gz","Plate_179s_A14","symptomatic","macrophage",1.09612049757927,12
"GSM8121905_athero_human_12.txt.gz","Plate_179s_A15","symptomatic","b_cell",-0.158238881737768,12
"GSM8121905_athero_human_12.txt.gz","Plate_179s_A16","symptomatic","macrophage",0.0374344485172407,12
"GSM8121905_athero_human_12.txt.gz","Plate_179s_A21","symptomatic","macrophage",0.334966015730636,12
"GSM8121905_athero_human_12.txt.gz","Plate_179s_A22","symptomatic","macrophage",0.0775209490027173,12
"GSM8121905_athero_human_12.txt.gz","Plate_179s_A23","symptomatic","macrophage",1.74941960376588,12
"GSM8121905_athero_human_12.txt.gz","Plate_179s_A24","symptomatic","t_nk",1.50079545951457,12
"GSM8121905_athero_human_12.txt.gz","Plate_179s_B01","symptomatic","macrophage",0.26225479184443,12
"GSM8121905_athero_human_12.txt.gz","Plate_179s_B03","symptomatic","mast",0.997492267076082,12
"GSM8121905_athero_human_12.txt.gz","Plate_179s_B04","symptomatic","macrophage",0.118148141212644,12
"GSM8121905_athero_human_12.txt.gz","Plate_179s_B05","symptomatic","macrophage",-0.319164651912419,12
"GSM8121905_athero_human_12.txt.gz","Plate_179s_B06","symptomatic","macrophage",-0.207924757959237,12
"GSM8121905_athero_human_12.txt.gz","Plate_179s_B08","symptomatic","macrophage",0.808104371712228,12
"GSM8121905_athero_human_12.txt.gz","Plate_179s_B09","symptomatic","macrophage",0.665227556736577,12
"GSM8121905_athero_human_12.txt.gz","Plate_179s_B12","symptomatic","macrophage",0.202729014710907,12
"GSM8121905_athero_human_12.txt.gz","Plate_179s_B13","symptomatic","macrophage",0.143840369339831,12
"GSM8121905_athero_human_12.txt.gz","Plate_179s_B18","symptomatic","macrophage",-0.00483438350590236,12
"GSM8121905_athero_human_12.txt.gz","Plate_179s_B20","symptomatic","macrophage",1.03493629586345,12
"GSM8121905_athero_human_12.txt.gz","Plate_179s_B21","symptomatic","macrophage",0.131964800210011,12
"GSM8121905_athero_human_12.txt.gz","Plate_179s_B23","symptomatic","macrophage",-0.281259103282854,12
"GSM8121905_athero_human_12.txt.gz","Plate_179s_C01","symptomatic","macrophage",-0.163984621616717,12
"GSM8121905_athero_human_12.txt.gz","Plate_179s_C03","symptomatic","mast",-0.149788250413683,12
"GSM8121905_athero_human_12.txt.gz","Plate_179s_C07","symptomatic","b_cell",-0.072375249996066,12
"GSM8121905_athero_human_12.txt.gz","Plate_179s_C09","symptomatic","macrophage",-0.241032802015459,12
"GSM8121905_athero_human_12.txt.gz","Plate_179s_C10","symptomatic","macrophage",-0.369283227007216,12
"GSM8121905_athero_human_12.txt.gz","Plate_179s_C11","symptomatic","macrophage",0.00296965157736011,12
"GSM8121905_athero_human_12.txt.gz","Plate_179s_C13","symptomatic","macrophage",1.00563223112089,12
"GSM8121905_athero_human_12.txt.gz","Plate_179s_C14","symptomatic","macrophage",0.193204305559182,12
"GSM8121905_athero_human_12.txt.gz","Plate_179s_C17","symptomatic","macrophage",0.0772982644704407,12
"GSM8121905_athero_human_12.txt.gz","Plate_179s_C20","symptomatic","macrophage",-0.178195140137022,12
"GSM8121905_athero_human_12.txt.gz","Plate_179s_C22","symptomatic","macrophage",-0.378812780223393,12
"GSM8121905_athero_human_12.txt.gz","Plate_179s_C23","symptomatic","macrophage",0.62780463379076,12
"GSM8121905_athero_human_12.txt.gz","Plate_179s_C24","symptomatic","macrophage",0.0669184772597964,12
"GSM8121905_athero_human_12.txt.gz","Plate_179s_D03","symptomatic","mast",-0.0828272318902396,12
"GSM8121905_athero_human_12.txt.gz","Plate_179s_D04","symptomatic","t_nk",0.0506589894135893,12
"GSM8121905_athero_human_12.txt.gz","Plate_179s_D05","symptomatic","macrophage",-0.0408745000167519,12
"GSM8121905_athero_human_12.txt.gz","Plate_179s_D06","symptomatic","t_nk",0.675703927932573,12
"GSM8121905_athero_human_12.txt.gz","Plate_179s_D07","symptomatic","macrophage",0.22410681864392,12
"GSM8121905_athero_human_12.txt.gz","Plate_179s_D08","symptomatic","unassigned",0.803046456392902,12
"GSM8121905_athero_human_12.txt.gz","Plate_179s_D09","symptomatic","unassigned",-0.0409832586439964,12
"GSM8121905_athero_human_12.txt.gz","Plate_179s_D10","symptomatic","macrophage",0.1219357875495,12
"GSM8121905_athero_human_12.txt.gz","Plate_179s_D11","symptomatic","macrophage",0.344278176731869,12
"GSM8121905_athero_human_12.txt.gz","Plate_179s_D12","symptomatic","macrophage",0.609924704180982,12
"GSM8121905_athero_human_12.txt.gz","Plate_179s_D13","symptomatic","macrophage",-0.66915958223082,12
"GSM8121905_athero_human_12.txt.gz","Plate_179s_D14","symptomatic","macrophage",-0.212481863760542,12
"GSM8121905_athero_human_12.txt.gz","Plate_179s_D15","symptomatic","b_cell",-0.441828258719941,12
"GSM8121905_athero_human_12.txt.gz","Plate_179s_D18","symptomatic","macrophage",-0.0475807298186079,12
"GSM8121905_athero_human_12.txt.gz","Plate_179s_D19","symptomatic","macrophage",0.0808773318483003,12
"GSM8121905_athero_human_12.txt.gz","Plate_179s_D20","symptomatic","macrophage",-0.249224207403691,12
"GSM8121905_athero_human_12.txt.gz","Plate_179s_D22","symptomatic","macrophage",-0.210292072699231,12
"GSM8121905_athero_human_12.txt.gz","Plate_179s_D23","symptomatic","macrophage",1.05820186010295,12
"GSM8121905_athero_human_12.txt.gz","Plate_179s_D24","symptomatic","macrophage",0.0309000929589279,12
"GSM8121905_athero_human_12.txt.gz","Plate_179s_E01","symptomatic","b_cell",-0.117203720191091,12
"GSM8121905_athero_human_12.txt.gz","Plate_179s_E03","symptomatic","mast",-0.0730583742702227,12
"GSM8121905_athero_human_12.txt.gz","Plate_179s_E04","symptomatic","macrophage",0.0216543611437754,12
"GSM8121905_athero_human_12.txt.gz","Plate_179s_E05","symptomatic","macrophage",0.0870382214746444,12
"GSM8121905_athero_human_12.txt.gz","Plate_179s_E06","symptomatic","macrophage",0.70857458887894,12
"GSM8121905_athero_human_12.txt.gz","Plate_179s_E07","symptomatic","macrophage",0.831557715682921,12
"GSM8121905_athero_human_12.txt.gz","Plate_179s_E08","symptomatic","macrophage",1.36455179232654,12
"GSM8121905_athero_human_12.txt.gz","Plate_179s_E09","symptomatic","macrophage",0.126063807062171,12
"GSM8121905_athero_human_12.txt.gz","Plate_179s_E10","symptomatic","macrophage",0.465203243877574,12
"GSM8121905_athero_human_12.txt.gz","Plate_179s_E11","symptomatic","macrophage",0.0384563716655926,12
"GSM8121905_athero_human_12.txt.gz","Plate_179s_E12","symptomatic","macrophage",-0.00588034704453567,12
"GSM8121905_athero_human_12.txt.gz","Plate_179s_E14","symptomatic","macrophage",0.491880513337668,12
"GSM8121905_athero_human_12.txt.gz","Plate_179s_E15","symptomatic","macrophage",-0.211446677373916,12
"GSM8121905_athero_human_12.txt.gz","Plate_179s_E16","symptomatic","macrophage",-0.0360104352471649,12
"GSM8121905_athero_human_12.txt.gz","Plate_179s_E17","symptomatic","macrophage",-0.0165693041003571,12
"GSM8121905_athero_human_12.txt.gz","Plate_179s_E18","symptomatic","macrophage",-0.137377535553482,12
"GSM8121905_athero_human_12.txt.gz","Plate_179s_E19","symptomatic","macrophage",-0.181533074474725,12
"GSM8121905_athero_human_12.txt.gz","Plate_179s_E20","symptomatic","macrophage",1.81251185727343,12
"GSM8121905_athero_human_12.txt.gz","Plate_179s_E22","symptomatic","macrophage",-0.205371982250642,12
"GSM8121905_athero_human_12.txt.gz","Plate_179s_E23","symptomatic","macrophage",-0.234780580697027,12
"GSM8121905_athero_human_12.txt.gz","Plate_179s_F03","symptomatic","mast",-0.0942445836088025,12
"GSM8121905_athero_human_12.txt.gz","Plate_179s_F04","symptomatic","macrophage",0.164199634909248,12
"GSM8121905_athero_human_12.txt.gz","Plate_179s_F05","symptomatic","macrophage",0.255542762012796,12
"GSM8121905_athero_human_12.txt.gz","Plate_179s_F06","symptomatic","macrophage",1.01671669286215,12
"GSM8121905_athero_human_12.txt.gz","Plate_179s_F10","symptomatic","macrophage",0.0773373548245245,12
"GSM8121905_athero_human_12.txt.gz","Plate_179s_F13","symptomatic","macrophage",0.108588245224549,12
"GSM8121905_athero_human_12.txt.gz","Plate_179s_F14","symptomatic","macrophage",0.061038377278286,12
"GSM8121905_athero_human_12.txt.gz","Plate_179s_F17","symptomatic","macrophage",-0.121518461788291,12
"GSM8121905_athero_human_12.txt.gz","Plate_179s_F20","symptomatic","macrophage",-0.0410303674993237,12
"GSM8121905_athero_human_12.txt.gz","Plate_179s_F22","symptomatic","macrophage",-0.15724246297488,12
"GSM8121905_athero_human_12.txt.gz","Plate_179s_F23","symptomatic","macrophage",-0.145316450900333,12
"GSM8121905_athero_human_12.txt.gz","Plate_179s_G01","symptomatic","macrophage",0.014725504152543,12
"GSM8121905_athero_human_12.txt.gz","Plate_179s_G03","symptomatic","mast",-0.092951611371195,12
"GSM8121905_athero_human_12.txt.gz","Plate_179s_G05","symptomatic","macrophage",1.6783211536344,12
"GSM8121905_athero_human_12.txt.gz","Plate_179s_G06","symptomatic","macrophage",-0.0786559530504041,12
"GSM8121905_athero_human_12.txt.gz","Plate_179s_G07","symptomatic","macrophage",0.102529622898283,12
"GSM8121905_athero_human_12.txt.gz","Plate_179s_G09","symptomatic","macrophage",0.0883111187421353,12
"GSM8121905_athero_human_12.txt.gz","Plate_179s_G11","symptomatic","macrophage",-0.15722853877835,12
"GSM8121905_athero_human_12.txt.gz","Plate_179s_G12","symptomatic","macrophage",0.763543903683963,12
"GSM8121905_athero_human_12.txt.gz","Plate_179s_G13","symptomatic","macrophage",-0.156160401529538,12
"GSM8121905_athero_human_12.txt.gz","Plate_179s_G17","symptomatic","macrophage",0.0153052817223909,12
"GSM8121905_athero_human_12.txt.gz","Plate_179s_G18","symptomatic","macrophage",-0.188938403751156,12
"GSM8121905_athero_human_12.txt.gz","Plate_179s_G19","symptomatic","macrophage",-0.454164104289685,12
"GSM8121905_athero_human_12.txt.gz","Plate_179s_G20","symptomatic","macrophage",-0.117742549405102,12
"GSM8121905_athero_human_12.txt.gz","Plate_179s_G21","symptomatic","macrophage",-0.373848032095456,12
"GSM8121905_athero_human_12.txt.gz","Plate_179s_G22","symptomatic","macrophage",0.107672457668001,12
"GSM8121905_athero_human_12.txt.gz","Plate_179s_G23","symptomatic","macrophage",0.914112588050709,12
"GSM8121905_athero_human_12.txt.gz","Plate_179s_G24","symptomatic","macrophage",-0.509279367707654,12
"GSM8121905_athero_human_12.txt.gz","Plate_179s_H01","symptomatic","macrophage",-0.413138495435232,12
"GSM8121905_athero_human_12.txt.gz","Plate_179s_H03","symptomatic","macrophage",0.212865015549504,12
"GSM8121905_athero_human_12.txt.gz","Plate_179s_H04","symptomatic","macrophage",-0.0409037064711146,12
"GSM8121905_athero_human_12.txt.gz","Plate_179s_H05","symptomatic","macrophage",-0.451810368727562,12
"GSM8121905_athero_human_12.txt.gz","Plate_179s_H06","symptomatic","macrophage",0.0649819780250252,12
"GSM8121905_athero_human_12.txt.gz","Plate_179s_H07","symptomatic","macrophage",0.312814677037427,12
"GSM8121905_athero_human_12.txt.gz","Plate_179s_H08","symptomatic","macrophage",0.0451264455569823,12
"GSM8121905_athero_human_12.txt.gz","Plate_179s_H09","symptomatic","macrophage",-0.328973714269062,12
"GSM8121905_athero_human_12.txt.gz","Plate_179s_H10","symptomatic","macrophage",0.341748598710645,12
"GSM8121905_athero_human_12.txt.gz","Plate_179s_H12","symptomatic","macrophage",-0.102254367130079,12
"GSM8121905_athero_human_12.txt.gz","Plate_179s_H13","symptomatic","macrophage",-0.419366911819401,12
"GSM8121905_athero_human_12.txt.gz","Plate_179s_H15","symptomatic","macrophage",0.696439359970442,12
"GSM8121905_athero_human_12.txt.gz","Plate_179s_H16","symptomatic","macrophage",-0.218174946739416,12
"GSM8121905_athero_human_12.txt.gz","Plate_179s_H18","symptomatic","macrophage",-0.109600212731229,12
"GSM8121905_athero_human_12.txt.gz","Plate_179s_H20","symptomatic","macrophage",-0.468435455966976,12
"GSM8121905_athero_human_12.txt.gz","Plate_179s_H23","symptomatic","macrophage",1.91432237320457,12
"GSM8121905_athero_human_12.txt.gz","Plate_179s_I01","symptomatic","unassigned",-0.563797190100869,12
"GSM8121905_athero_human_12.txt.gz","Plate_179s_I03","symptomatic","mast",-0.38903971726104,12
"GSM8121905_athero_human_12.txt.gz","Plate_179s_I05","symptomatic","macrophage",-0.139982555315137,12
"GSM8121905_athero_human_12.txt.gz","Plate_179s_I06","symptomatic","macrophage",-0.258331564325969,12
"GSM8121905_athero_human_12.txt.gz","Plate_179s_I09","symptomatic","macrophage",0.351092170097276,12
"GSM8121905_athero_human_12.txt.gz","Plate_179s_I11","symptomatic","macrophage",-0.0244058785440361,12
"GSM8121905_athero_human_12.txt.gz","Plate_179s_I12","symptomatic","macrophage",0.162676575534168,12
"GSM8121905_athero_human_12.txt.gz","Plate_179s_I15","symptomatic","macrophage",-0.306525703457404,12
"GSM8121905_athero_human_12.txt.gz","Plate_179s_I17","symptomatic","macrophage",-0.223838763297701,12
"GSM8121905_athero_human_12.txt.gz","Plate_179s_I18","symptomatic","macrophage",-0.0855104818753129,12
"GSM8121905_athero_human_12.txt.gz","Plate_179s_I21","symptomatic","macrophage",0.587880247641677,12
"GSM8121905_athero_human_12.txt.gz","Plate_179s_I22","symptomatic","macrophage",-0.258440168394194,12
"GSM8121905_athero_human_12.txt.gz","Plate_179s_I23","symptomatic","macrophage",0.191111163570192,12
"GSM8121905_athero_human_12.txt.gz","Plate_179s_I24","symptomatic","macrophage",-0.385757263420521,12
"GSM8121905_athero_human_12.txt.gz","Plate_179s_J02","symptomatic","b_cell",0.453421886396139,12
"GSM8121905_athero_human_12.txt.gz","Plate_179s_J03","symptomatic","macrophage",0.0816509756622809,12
"GSM8121905_athero_human_12.txt.gz","Plate_179s_J05","symptomatic","macrophage",-0.214898193935645,12
"GSM8121905_athero_human_12.txt.gz","Plate_179s_J06","symptomatic","macrophage",0.463322604905602,12
"GSM8121905_athero_human_12.txt.gz","Plate_179s_J08","symptomatic","macrophage",-0.165856736881994,12
"GSM8121905_athero_human_12.txt.gz","Plate_179s_J09","symptomatic","macrophage",1.26083707910297,12
"GSM8121905_athero_human_12.txt.gz","Plate_179s_J10","symptomatic","macrophage",0.110043795480499,12
"GSM8121905_athero_human_12.txt.gz","Plate_179s_J11","symptomatic","macrophage",-0.223030719862947,12
"GSM8121905_athero_human_12.txt.gz","Plate_179s_J14","symptomatic","macrophage",1.63364312344479,12
"GSM8121905_athero_human_12.txt.gz","Plate_179s_J15","symptomatic","macrophage",0.203225018116302,12
"GSM8121905_athero_human_12.txt.gz","Plate_179s_J16","symptomatic","macrophage",0.0460380623423215,12
"GSM8121905_athero_human_12.txt.gz","Plate_179s_J17","symptomatic","macrophage",-0.440380945672422,12
"GSM8121905_athero_human_12.txt.gz","Plate_179s_J18","symptomatic","macrophage",0.401251404587859,12
"GSM8121905_athero_human_12.txt.gz","Plate_179s_J22","symptomatic","macrophage",-0.110791623234337,12
"GSM8121905_athero_human_12.txt.gz","Plate_179s_J23","symptomatic","macrophage",0.832371751223842,12
"GSM8121905_athero_human_12.txt.gz","Plate_179s_K01","symptomatic","mast",-0.181899250924008,12
"GSM8121905_athero_human_12.txt.gz","Plate_179s_K03","symptomatic","mast",-0.463879351818445,12
"GSM8121905_athero_human_12.txt.gz","Plate_179s_K04","symptomatic","mast",-0.141796986661847,12
"GSM8121905_athero_human_12.txt.gz","Plate_179s_K05","symptomatic","mast",0.152322424847704,12
"GSM8121905_athero_human_12.txt.gz","Plate_179s_K06","symptomatic","mast",0.102038184707056,12
"GSM8121905_athero_human_12.txt.gz","Plate_179s_K07","symptomatic","unassigned",0.351831833633418,12
"GSM8121905_athero_human_12.txt.gz","Plate_179s_K08","symptomatic","mast",0.0218695153101404,12
"GSM8121905_athero_human_12.txt.gz","Plate_179s_K10","symptomatic","mast",-0.122046123244807,12
"GSM8121905_athero_human_12.txt.gz","Plate_179s_K11","symptomatic","macrophage",1.86428364545205,12
"GSM8121905_athero_human_12.txt.gz","Plate_179s_K12","symptomatic","mast",-0.237717291655032,12
"GSM8121905_athero_human_12.txt.gz","Plate_179s_K13","symptomatic","mast",0.24332556487372,12
"GSM8121905_athero_human_12.txt.gz","Plate_179s_K14","symptomatic","mast",-0.0457117077326557,12
"GSM8121905_athero_human_12.txt.gz","Plate_179s_K15","symptomatic","mast",-0.537866060329883,12
"GSM8121905_athero_human_12.txt.gz","Plate_179s_K18","symptomatic","mast",0.184060028339195,12
"GSM8121905_athero_human_12.txt.gz","Plate_179s_K20","symptomatic","mast",-0.193663742957532,12
"GSM8121905_athero_human_12.txt.gz","Plate_179s_K22","symptomatic","mast",-0.158753145848363,12
"GSM8121905_athero_human_12.txt.gz","Plate_179s_K24","symptomatic","t_nk",0.229939517562401,12
"GSM8121905_athero_human_12.txt.gz","Plate_179s_L01","symptomatic","macrophage",-0.0399856543308165,12
"GSM8121905_athero_human_12.txt.gz","Plate_179s_L02","symptomatic","macrophage",-0.11707350871929,12
"GSM8121905_athero_human_12.txt.gz","Plate_179s_L03","symptomatic","mast",-0.117580165916002,12
"GSM8121905_athero_human_12.txt.gz","Plate_179s_L04","symptomatic","macrophage",0.121623062718211,12
"GSM8121905_athero_human_12.txt.gz","Plate_179s_L05","symptomatic","macrophage",-0.28049641286845,12
"GSM8121905_athero_human_12.txt.gz","Plate_179s_L06","symptomatic","macrophage",-0.245358774881764,12
"GSM8121905_athero_human_12.txt.gz","Plate_179s_L08","symptomatic","macrophage",0.103952955627152,12
"GSM8121905_athero_human_12.txt.gz","Plate_179s_L09","symptomatic","macrophage",-0.204900443965412,12
"GSM8121905_athero_human_12.txt.gz","Plate_179s_L10","symptomatic","macrophage",-0.346686115708868,12
"GSM8121905_athero_human_12.txt.gz","Plate_179s_L11","symptomatic","macrophage",-0.0239173952041831,12
"GSM8121905_athero_human_12.txt.gz","Plate_179s_L12","symptomatic","macrophage",-0.226738990312781,12
"GSM8121905_athero_human_12.txt.gz","Plate_179s_L13","symptomatic","macrophage",-0.400497923460433,12
"GSM8121905_athero_human_12.txt.gz","Plate_179s_L16","symptomatic","macrophage",1.08780971399462,12
"GSM8121905_athero_human_12.txt.gz","Plate_179s_L17","symptomatic","macrophage",0.746222241716729,12
"GSM8121905_athero_human_12.txt.gz","Plate_179s_L18","symptomatic","b_cell",0.693027772606444,12
"GSM8121905_athero_human_12.txt.gz","Plate_179s_L19","symptomatic","macrophage",0.679601259348651,12
"GSM8121905_athero_human_12.txt.gz","Plate_179s_L20","symptomatic","t_nk",0.0975581986294666,12
"GSM8121905_athero_human_12.txt.gz","Plate_179s_L22","symptomatic","t_nk",0.103294933342359,12
"GSM8121905_athero_human_12.txt.gz","Plate_179s_L23","symptomatic","macrophage",0.349434983174167,12
"GSM8121905_athero_human_12.txt.gz","Plate_179s_L24","symptomatic","macrophage",0.0863127296788198,12
"GSM8121905_athero_human_12.txt.gz","Plate_179s_M01","symptomatic","macrophage",0.769057560656228,12
"GSM8121905_athero_human_12.txt.gz","Plate_179s_M02","symptomatic","b_cell",0.236727077094465,12
"GSM8121905_athero_human_12.txt.gz","Plate_179s_M03","symptomatic","mast",0.0124298075893321,12
"GSM8121905_athero_human_12.txt.gz","Plate_179s_M04","symptomatic","macrophage",0.54997329602579,12
"GSM8121905_athero_human_12.txt.gz","Plate_179s_M06","symptomatic","macrophage",-0.354037945482766,12
"GSM8121905_athero_human_12.txt.gz","Plate_179s_M08","symptomatic","macrophage",0.133746987567257,12
"GSM8121905_athero_human_12.txt.gz","Plate_179s_M10","symptomatic","macrophage",-0.243730950828252,12
"GSM8121905_athero_human_12.txt.gz","Plate_179s_M11","symptomatic","macrophage",-0.554450713384221,12
"GSM8121905_athero_human_12.txt.gz","Plate_179s_M12","symptomatic","macrophage",-0.193085767130589,12
"GSM8121905_athero_human_12.txt.gz","Plate_179s_M13","symptomatic","macrophage",0.108107428134147,12
"GSM8121905_athero_human_12.txt.gz","Plate_179s_M15","symptomatic","macrophage",-0.402932735552402,12
"GSM8121905_athero_human_12.txt.gz","Plate_179s_M16","symptomatic","macrophage",-0.0452749492886742,12
"GSM8121905_athero_human_12.txt.gz","Plate_179s_M20","symptomatic","macrophage",-0.414616144843639,12
"GSM8121905_athero_human_12.txt.gz","Plate_179s_M21","symptomatic","macrophage",-0.190276146051279,12
"GSM8121905_athero_human_12.txt.gz","Plate_179s_M22","symptomatic","macrophage",-0.483652455749248,12
"GSM8121905_athero_human_12.txt.gz","Plate_179s_M23","symptomatic","macrophage",-0.0687258531141901,12
"GSM8121905_athero_human_12.txt.gz","Plate_179s_N01","symptomatic","macrophage",-0.382160501773965,12
"GSM8121905_athero_human_12.txt.gz","Plate_179s_N02","symptomatic","macrophage",-0.493533175276091,12
"GSM8121905_athero_human_12.txt.gz","Plate_179s_N03","symptomatic","mast",-0.355386552316111,12
"GSM8121905_athero_human_12.txt.gz","Plate_179s_N04","symptomatic","macrophage",-0.482057583968764,12
"GSM8121905_athero_human_12.txt.gz","Plate_179s_N05","symptomatic","macrophage",-0.451669014576079,12
"GSM8121905_athero_human_12.txt.gz","Plate_179s_N06","symptomatic","macrophage",-0.249512054928355,12
"GSM8121905_athero_human_12.txt.gz","Plate_179s_N07","symptomatic","macrophage",0.00339663117409321,12
"GSM8121905_athero_human_12.txt.gz","Plate_179s_N08","symptomatic","macrophage",-0.176806392183274,12
"GSM8121905_athero_human_12.txt.gz","Plate_179s_N09","symptomatic","macrophage",-0.121412034153026,12
"GSM8121905_athero_human_12.txt.gz","Plate_179s_N10","symptomatic","unassigned",0.14240026933368,12
"GSM8121905_athero_human_12.txt.gz","Plate_179s_N11","symptomatic","macrophage",-0.344841288066516,12
"GSM8121905_athero_human_12.txt.gz","Plate_179s_N13","symptomatic","macrophage",0.411029908960128,12
"GSM8121905_athero_human_12.txt.gz","Plate_179s_N14","symptomatic","macrophage",-0.0531300286454181,12
"GSM8121905_athero_human_12.txt.gz","Plate_179s_N16","symptomatic","macrophage",-0.409830526167007,12
"GSM8121905_athero_human_12.txt.gz","Plate_179s_N17","symptomatic","macrophage",0.124137296864266,12
"GSM8121905_athero_human_12.txt.gz","Plate_179s_N19","symptomatic","macrophage",-0.177551999960488,12
"GSM8121905_athero_human_12.txt.gz","Plate_179s_N20","symptomatic","macrophage",-0.357403716582177,12
"GSM8121905_athero_human_12.txt.gz","Plate_179s_N22","symptomatic","macrophage",-0.314056040356746,12
"GSM8121905_athero_human_12.txt.gz","Plate_179s_N23","symptomatic","macrophage",-0.0913373457049352,12
"GSM8121905_athero_human_12.txt.gz","Plate_179s_N24","symptomatic","macrophage",-0.288498531291434,12
"GSM8121905_athero_human_12.txt.gz","Plate_179s_O01","symptomatic","macrophage",0.111218010481743,12
"GSM8121905_athero_human_12.txt.gz","Plate_179s_O02","symptomatic","b_cell",0.074235505477032,12
"GSM8121905_athero_human_12.txt.gz","Plate_179s_O03","symptomatic","mast",-0.309482277352276,12
"GSM8121905_athero_human_12.txt.gz","Plate_179s_O04","symptomatic","unassigned",-0.164892801580911,12
"GSM8121905_athero_human_12.txt.gz","Plate_179s_O07","symptomatic","macrophage",0.167731673041058,12
"GSM8121905_athero_human_12.txt.gz","Plate_179s_O08","symptomatic","macrophage",0.0936934577762465,12
"GSM8121905_athero_human_12.txt.gz","Plate_179s_O09","symptomatic","b_cell",0.178687912090522,12
"GSM8121905_athero_human_12.txt.gz","Plate_179s_O10","symptomatic","macrophage",-0.166225428923436,12
"GSM8121905_athero_human_12.txt.gz","Plate_179s_O11","symptomatic","macrophage",-0.274877387868774,12
"GSM8121905_athero_human_12.txt.gz","Plate_179s_O12","symptomatic","macrophage",-0.329917564060292,12
"GSM8121905_athero_human_12.txt.gz","Plate_179s_O13","symptomatic","macrophage",-0.308997594797722,12
"GSM8121905_athero_human_12.txt.gz","Plate_179s_O14","symptomatic","macrophage",0.3495768342286,12
"GSM8121905_athero_human_12.txt.gz","Plate_179s_O15","symptomatic","macrophage",-0.261145904217185,12
"GSM8121905_athero_human_12.txt.gz","Plate_179s_O17","symptomatic","t_nk",0.289202109256374,12
"GSM8121905_athero_human_12.txt.gz","Plate_179s_O18","symptomatic","macrophage",0.169928833600212,12
"GSM8121905_athero_human_12.txt.gz","Plate_179s_O19","symptomatic","unassigned",-0.0240525018910369,12
"GSM8121905_athero_human_12.txt.gz","Plate_179s_O21","symptomatic","macrophage",0.13527135843365,12
"GSM8121905_athero_human_12.txt.gz","Plate_179s_O22","symptomatic","t_nk",0.0495786890724362,12
"GSM8121905_athero_human_12.txt.gz","Plate_179s_O23","symptomatic","t_nk",0.119236768552464,12
"GSM8121905_athero_human_12.txt.gz","Plate_179s_O24","symptomatic","macrophage",0.872571756700374,12
"GSM8121905_athero_human_12.txt.gz","Plate_179s_P01","symptomatic","macrophage",0.215222143630553,12
"GSM8121905_athero_human_12.txt.gz","Plate_179s_P02","symptomatic","macrophage",0.0160874486448135,12
"GSM8121905_athero_human_12.txt.gz","Plate_179s_P04","symptomatic","macrophage",-0.166282906239723,12
"GSM8121905_athero_human_12.txt.gz","Plate_179s_P07","symptomatic","macrophage",-0.327682910884395,12
"GSM8121905_athero_human_12.txt.gz","Plate_179s_P09","symptomatic","macrophage",0.295100113093338,12
"GSM8121905_athero_human_12.txt.gz","Plate_179s_P10","symptomatic","macrophage",-0.288369329840719,12
"GSM8121905_athero_human_12.txt.gz","Plate_179s_P12","symptomatic","macrophage",-0.269603361750841,12
"GSM8121905_athero_human_12.txt.gz","Plate_179s_P13","symptomatic","macrophage",0.396838425428127,12
"GSM8121905_athero_human_12.txt.gz","Plate_179s_P14","symptomatic","macrophage",0.401294215763875,12
"GSM8121905_athero_human_12.txt.gz","Plate_179s_P15","symptomatic","macrophage",-0.0178313013665034,12
"GSM8121905_athero_human_12.txt.gz","Plate_179s_P16","symptomatic","macrophage",0.387252938170118,12
"GSM8121905_athero_human_12.txt.gz","Plate_179s_P18","symptomatic","macrophage",-0.123491508511705,12
"GSM8121905_athero_human_12.txt.gz","Plate_179s_P19","symptomatic","macrophage",0.146774654678481,12
"GSM8121905_athero_human_12.txt.gz","Plate_179s_P20","symptomatic","macrophage",0.564442304124585,12
"GSM8121905_athero_human_12.txt.gz","Plate_179s_P21","symptomatic","macrophage",-0.131376761839718,12
"GSM8121906_athero_human_13.txt.gz","Plate_588s_A01","asymptomatic","vsmc",-0.336261135108294,12
"GSM8121906_athero_human_13.txt.gz","Plate_588s_A02","asymptomatic","vsmc",-0.278546877091423,12
"GSM8121906_athero_human_13.txt.gz","Plate_588s_A03","asymptomatic","fibroblast",0.297289777752812,12
"GSM8121906_athero_human_13.txt.gz","Plate_588s_A04","asymptomatic","fibroblast",0.231281504011189,12
"GSM8121906_athero_human_13.txt.gz","Plate_588s_A05","asymptomatic","vsmc",-0.205436253072523,12
"GSM8121906_athero_human_13.txt.gz","Plate_588s_A06","asymptomatic","vsmc",-0.356488309803468,12
"GSM8121906_athero_human_13.txt.gz","Plate_588s_A07","asymptomatic","vsmc",-0.22421795598597,12
"GSM8121906_athero_human_13.txt.gz","Plate_588s_A08","asymptomatic","fibroblast",-0.144403561189972,12
"GSM8121906_athero_human_13.txt.gz","Plate_588s_A09","asymptomatic","vsmc",0.0274967462767795,12
"GSM8121906_athero_human_13.txt.gz","Plate_588s_A10","asymptomatic","vsmc",-0.253443075891787,12
"GSM8121906_athero_human_13.txt.gz","Plate_588s_A11","asymptomatic","fibroblast",-0.323312494535746,12
"GSM8121906_athero_human_13.txt.gz","Plate_588s_A12","asymptomatic","fibroblast",0.0326972778001973,12
"GSM8121906_athero_human_13.txt.gz","Plate_588s_A13","asymptomatic","vsmc",-0.50816781449738,12
"GSM8121906_athero_human_13.txt.gz","Plate_588s_A14","asymptomatic","fibroblast",-0.282543685790392,12
"GSM8121906_athero_human_13.txt.gz","Plate_588s_A15","asymptomatic","vsmc",-0.382111517675518,12
"GSM8121906_athero_human_13.txt.gz","Plate_588s_A17","asymptomatic","fibroblast",0.148241855559333,12
"GSM8121906_athero_human_13.txt.gz","Plate_588s_A18","asymptomatic","vsmc",-0.515543314435005,12
"GSM8121906_athero_human_13.txt.gz","Plate_588s_A20","asymptomatic","fibroblast",0.0500816328228578,12
"GSM8121906_athero_human_13.txt.gz","Plate_588s_A21","asymptomatic","fibroblast",-0.272876001985149,12
"GSM8121906_athero_human_13.txt.gz","Plate_588s_A22","asymptomatic","macrophage",-0.448690839223481,12
"GSM8121906_athero_human_13.txt.gz","Plate_588s_A23","asymptomatic","fibroblast",-0.238754452439914,12
"GSM8121906_athero_human_13.txt.gz","Plate_588s_A24","asymptomatic","vsmc",-0.286229647320618,12
"GSM8121906_athero_human_13.txt.gz","Plate_588s_B01","asymptomatic","vsmc",0.0818471240233444,12
"GSM8121906_athero_human_13.txt.gz","Plate_588s_B02","asymptomatic","fibroblast",0.307725082284291,12
"GSM8121906_athero_human_13.txt.gz","Plate_588s_B03","asymptomatic","macrophage",0.0124175918479712,12
"GSM8121906_athero_human_13.txt.gz","Plate_588s_B04","asymptomatic","vsmc",0.313609755622578,12
"GSM8121906_athero_human_13.txt.gz","Plate_588s_B05","asymptomatic","vsmc",-0.279533975076961,12
"GSM8121906_athero_human_13.txt.gz","Plate_588s_B06","asymptomatic","mast",-0.136359048103311,12
"GSM8121906_athero_human_13.txt.gz","Plate_588s_B07","asymptomatic","vsmc",-0.520183183182752,12
"GSM8121906_athero_human_13.txt.gz","Plate_588s_B08","asymptomatic","vsmc",-0.373205777437237,12
"GSM8121906_athero_human_13.txt.gz","Plate_588s_B09","asymptomatic","unassigned",-0.0260810865113336,12
"GSM8121906_athero_human_13.txt.gz","Plate_588s_B10","asymptomatic","fibroblast",-0.0616729475775081,12
"GSM8121906_athero_human_13.txt.gz","Plate_588s_B11","asymptomatic","vsmc",-0.433761929951129,12
"GSM8121906_athero_human_13.txt.gz","Plate_588s_B12","asymptomatic","vsmc",-0.128384755756174,12
"GSM8121906_athero_human_13.txt.gz","Plate_588s_B13","asymptomatic","macrophage",-0.114242433851978,12
"GSM8121906_athero_human_13.txt.gz","Plate_588s_B14","asymptomatic","vsmc",-0.525282015081201,12
"GSM8121906_athero_human_13.txt.gz","Plate_588s_B15","asymptomatic","vsmc",-0.0935630592314746,12
"GSM8121906_athero_human_13.txt.gz","Plate_588s_B16","asymptomatic","vsmc",-0.380463187849805,12
"GSM8121906_athero_human_13.txt.gz","Plate_588s_B17","asymptomatic","fibroblast",0.173203401016279,12
"GSM8121906_athero_human_13.txt.gz","Plate_588s_B18","asymptomatic","fibroblast",-0.0533524505013055,12
"GSM8121906_athero_human_13.txt.gz","Plate_588s_B19","asymptomatic","vsmc",-0.286064852614605,12
"GSM8121906_athero_human_13.txt.gz","Plate_588s_B20","asymptomatic","unassigned",-0.514948697296622,12
"GSM8121906_athero_human_13.txt.gz","Plate_588s_B21","asymptomatic","vsmc",-0.107960502454138,12
"GSM8121906_athero_human_13.txt.gz","Plate_588s_B22","asymptomatic","vsmc",-0.349961281704017,12
"GSM8121906_athero_human_13.txt.gz","Plate_588s_B23","asymptomatic","fibroblast",0.326435137742879,12
"GSM8121906_athero_human_13.txt.gz","Plate_588s_B24","asymptomatic","fibroblast",1.45282154180872,12
"GSM8121906_athero_human_13.txt.gz","Plate_588s_C01","asymptomatic","vsmc",-0.509695157338794,12
"GSM8121906_athero_human_13.txt.gz","Plate_588s_C02","asymptomatic","fibroblast",0.233277973469713,12
"GSM8121906_athero_human_13.txt.gz","Plate_588s_C03","asymptomatic","macrophage",-0.482012962978625,12
"GSM8121906_athero_human_13.txt.gz","Plate_588s_C05","asymptomatic","vsmc",-0.255329063094737,12
"GSM8121906_athero_human_13.txt.gz","Plate_588s_C06","asymptomatic","fibroblast",0.0960620017416026,12
"GSM8121906_athero_human_13.txt.gz","Plate_588s_C07","asymptomatic","vsmc",-0.174384415944594,12
"GSM8121906_athero_human_13.txt.gz","Plate_588s_C08","asymptomatic","vsmc",-0.0336724007104043,12
"GSM8121906_athero_human_13.txt.gz","Plate_588s_C10","asymptomatic","macrophage",0.160890715066159,12
"GSM8121906_athero_human_13.txt.gz","Plate_588s_C11","asymptomatic","vsmc",0.0067881633993164,12
"GSM8121906_athero_human_13.txt.gz","Plate_588s_C13","asymptomatic","unassigned",0.160853432242113,12
"GSM8121906_athero_human_13.txt.gz","Plate_588s_C15","asymptomatic","vsmc",-0.39249058275725,12
"GSM8121906_athero_human_13.txt.gz","Plate_588s_C16","asymptomatic","vsmc",-0.214010125207838,12
"GSM8121906_athero_human_13.txt.gz","Plate_588s_C17","asymptomatic","fibroblast",0.0653432632100228,12
"GSM8121906_athero_human_13.txt.gz","Plate_588s_C18","asymptomatic","vsmc",-0.139505739208471,12
"GSM8121906_athero_human_13.txt.gz","Plate_588s_C19","asymptomatic","unassigned",-0.0822402551897764,12
"GSM8121906_athero_human_13.txt.gz","Plate_588s_C20","asymptomatic","fibroblast",-0.0995347727340734,12
"GSM8121906_athero_human_13.txt.gz","Plate_588s_C21","asymptomatic","vsmc",0.231434753582895,12
"GSM8121906_athero_human_13.txt.gz","Plate_588s_C22","asymptomatic","vsmc",-0.0684767459288721,12
"GSM8121906_athero_human_13.txt.gz","Plate_588s_C23","asymptomatic","vsmc",-0.0999021342202871,12
"GSM8121906_athero_human_13.txt.gz","Plate_588s_C24","asymptomatic","fibroblast",-0.132783093732,12
"GSM8121906_athero_human_13.txt.gz","Plate_588s_D01","asymptomatic","vsmc",0.0171611437615363,12
"GSM8121906_athero_human_13.txt.gz","Plate_588s_D02","asymptomatic","fibroblast",-0.162123218834176,12
"GSM8121906_athero_human_13.txt.gz","Plate_588s_D03","asymptomatic","fibroblast",0.216438885231668,12
"GSM8121906_athero_human_13.txt.gz","Plate_588s_D04","asymptomatic","vsmc",-0.253793949717854,12
"GSM8121906_athero_human_13.txt.gz","Plate_588s_D05","asymptomatic","vsmc",-0.365168255109231,12
"GSM8121906_athero_human_13.txt.gz","Plate_588s_D06","asymptomatic","vsmc",-0.232634526018714,12
"GSM8121906_athero_human_13.txt.gz","Plate_588s_D07","asymptomatic","vsmc",-0.338550105927223,12
"GSM8121906_athero_human_13.txt.gz","Plate_588s_D08","asymptomatic","vsmc",-0.238952347311676,12
"GSM8121906_athero_human_13.txt.gz","Plate_588s_D09","asymptomatic","fibroblast",-0.328663851873259,12
"GSM8121906_athero_human_13.txt.gz","Plate_588s_D10","asymptomatic","vsmc",-0.522877742218515,12
"GSM8121906_athero_human_13.txt.gz","Plate_588s_D11","asymptomatic","vsmc",0.012336674736712,12
"GSM8121906_athero_human_13.txt.gz","Plate_588s_D13","asymptomatic","fibroblast",-0.530449981811109,12
"GSM8121906_athero_human_13.txt.gz","Plate_588s_D14","asymptomatic","unassigned",-0.359692011290469,12
"GSM8121906_athero_human_13.txt.gz","Plate_588s_D15","asymptomatic","fibroblast",0.146304244995495,12
"GSM8121906_athero_human_13.txt.gz","Plate_588s_D16","asymptomatic","vsmc",-0.0677934403653009,12
"GSM8121906_athero_human_13.txt.gz","Plate_588s_D17","asymptomatic","vsmc",-0.321327679908127,12
"GSM8121906_athero_human_13.txt.gz","Plate_588s_D19","asymptomatic","vsmc",-0.145953642228467,12
"GSM8121906_athero_human_13.txt.gz","Plate_588s_D20","asymptomatic","fibroblast",-0.283706483389175,12
"GSM8121906_athero_human_13.txt.gz","Plate_588s_D21","asymptomatic","fibroblast",-0.519204072718689,12
"GSM8121906_athero_human_13.txt.gz","Plate_588s_D22","asymptomatic","fibroblast",-0.000592669126591425,12
"GSM8121906_athero_human_13.txt.gz","Plate_588s_D23","asymptomatic","vsmc",-0.496006722980747,12
"GSM8121906_athero_human_13.txt.gz","Plate_588s_D24","asymptomatic","vsmc",-0.340486675735188,12
"GSM8121906_athero_human_13.txt.gz","Plate_588s_E01","asymptomatic","vsmc",0.0355921079211992,12
"GSM8121906_athero_human_13.txt.gz","Plate_588s_E02","asymptomatic","vsmc",-0.394160604862473,12
"GSM8121906_athero_human_13.txt.gz","Plate_588s_E03","asymptomatic","fibroblast",0.156873808168117,12
"GSM8121906_athero_human_13.txt.gz","Plate_588s_E04","asymptomatic","fibroblast",0.221454289173854,12
"GSM8121906_athero_human_13.txt.gz","Plate_588s_E05","asymptomatic","unassigned",0.141993608947676,12
"GSM8121906_athero_human_13.txt.gz","Plate_588s_E06","asymptomatic","vsmc",-0.244940064435335,12
"GSM8121906_athero_human_13.txt.gz","Plate_588s_E07","asymptomatic","fibroblast",0.410425858615918,12
"GSM8121906_athero_human_13.txt.gz","Plate_588s_E08","asymptomatic","vsmc",-0.0400909430013248,12
"GSM8121906_athero_human_13.txt.gz","Plate_588s_E09","asymptomatic","vsmc",-0.503343960443433,12
"GSM8121906_athero_human_13.txt.gz","Plate_588s_E10","asymptomatic","fibroblast",-0.091521549902301,12
"GSM8121906_athero_human_13.txt.gz","Plate_588s_E11","asymptomatic","vsmc",-0.52562419334668,12
"GSM8121906_athero_human_13.txt.gz","Plate_588s_E12","asymptomatic","t_nk",-0.488581141638731,12
"GSM8121906_athero_human_13.txt.gz","Plate_588s_E14","asymptomatic","fibroblast",-0.263847236440016,12
"GSM8121906_athero_human_13.txt.gz","Plate_588s_E15","asymptomatic","vsmc",-0.0539268966737672,12
"GSM8121906_athero_human_13.txt.gz","Plate_588s_E16","asymptomatic","unassigned",0.177647735393664,12
"GSM8121906_athero_human_13.txt.gz","Plate_588s_E17","asymptomatic","endothelial",-0.378258440594207,12
"GSM8121906_athero_human_13.txt.gz","Plate_588s_E18","asymptomatic","vsmc",-0.262806916191905,12
"GSM8121906_athero_human_13.txt.gz","Plate_588s_E19","asymptomatic","vsmc",-0.412399846658352,12
"GSM8121906_athero_human_13.txt.gz","Plate_588s_E20","asymptomatic","vsmc",0.023848749941309,12
"GSM8121906_athero_human_13.txt.gz","Plate_588s_E21","asymptomatic","vsmc",-0.484961419667242,12
"GSM8121906_athero_human_13.txt.gz","Plate_588s_E22","asymptomatic","vsmc",-0.35968180692184,12
"GSM8121906_athero_human_13.txt.gz","Plate_588s_E23","asymptomatic","vsmc",-0.258771299641719,12
"GSM8121906_athero_human_13.txt.gz","Plate_588s_E24","asymptomatic","fibroblast",-0.0384812667192855,12
"GSM8121906_athero_human_13.txt.gz","Plate_588s_F01","asymptomatic","vsmc",-0.366750346979581,12
"GSM8121906_athero_human_13.txt.gz","Plate_588s_F03","asymptomatic","vsmc",-0.0419460254706534,12
"GSM8121906_athero_human_13.txt.gz","Plate_588s_F04","asymptomatic","fibroblast",-0.273596963311076,12
"GSM8121906_athero_human_13.txt.gz","Plate_588s_F05","asymptomatic","unassigned",-0.227811281352339,12
"GSM8121906_athero_human_13.txt.gz","Plate_588s_F06","asymptomatic","vsmc",-0.274662140506479,12
"GSM8121906_athero_human_13.txt.gz","Plate_588s_F08","asymptomatic","vsmc",-0.113219769660633,12
"GSM8121906_athero_human_13.txt.gz","Plate_588s_F09","asymptomatic","vsmc",-0.313951411037396,12
"GSM8121906_athero_human_13.txt.gz","Plate_588s_F10","asymptomatic","fibroblast",0.133603337754055,12
"GSM8121906_athero_human_13.txt.gz","Plate_588s_F11","asymptomatic","b_cell",-0.307018982122961,12
"GSM8121906_athero_human_13.txt.gz","Plate_588s_F12","asymptomatic","fibroblast",0.133153207174062,12
"GSM8121906_athero_human_13.txt.gz","Plate_588s_F13","asymptomatic","vsmc",-0.429159727077461,12
"GSM8121906_athero_human_13.txt.gz","Plate_588s_F14","asymptomatic","vsmc",-0.451588991286679,12
"GSM8121906_athero_human_13.txt.gz","Plate_588s_F15","asymptomatic","fibroblast",-0.0459757549969881,12
"GSM8121906_athero_human_13.txt.gz","Plate_588s_F16","asymptomatic","macrophage",-0.0450267873480065,12
"GSM8121906_athero_human_13.txt.gz","Plate_588s_F17","asymptomatic","vsmc",0.170381411776503,12
"GSM8121906_athero_human_13.txt.gz","Plate_588s_F18","asymptomatic","vsmc",0.197723600857806,12
"GSM8121906_athero_human_13.txt.gz","Plate_588s_F19","asymptomatic","vsmc",-0.157390653089967,12
"GSM8121906_athero_human_13.txt.gz","Plate_588s_F20","asymptomatic","vsmc",-0.320003537732992,12
"GSM8121906_athero_human_13.txt.gz","Plate_588s_F21","asymptomatic","vsmc",-0.0342530263144155,12
"GSM8121906_athero_human_13.txt.gz","Plate_588s_F22","asymptomatic","vsmc",-0.485839282751889,12
"GSM8121906_athero_human_13.txt.gz","Plate_588s_F23","asymptomatic","vsmc",-0.147358660752734,12
"GSM8121906_athero_human_13.txt.gz","Plate_588s_F24","asymptomatic","vsmc",-0.380660035195054,12
"GSM8121906_athero_human_13.txt.gz","Plate_588s_G01","asymptomatic","fibroblast",0.229067405008899,12
"GSM8121906_athero_human_13.txt.gz","Plate_588s_G02","asymptomatic","vsmc",-0.25421017564213,12
"GSM8121906_athero_human_13.txt.gz","Plate_588s_G03","asymptomatic","fibroblast",-0.508065833895027,12
"GSM8121906_athero_human_13.txt.gz","Plate_588s_G04","asymptomatic","vsmc",-0.412822518143619,12
"GSM8121906_athero_human_13.txt.gz","Plate_588s_G05","asymptomatic","vsmc",-0.137505168241113,12
"GSM8121906_athero_human_13.txt.gz","Plate_588s_G06","asymptomatic","fibroblast",-0.0524043828254785,12
"GSM8121906_athero_human_13.txt.gz","Plate_588s_G07","asymptomatic","vsmc",0.115268287630115,12
"GSM8121906_athero_human_13.txt.gz","Plate_588s_G08","asymptomatic","macrophage",1.54701829139735,12
"GSM8121906_athero_human_13.txt.gz","Plate_588s_G09","asymptomatic","vsmc",-0.487582119740536,12
"GSM8121906_athero_human_13.txt.gz","Plate_588s_G10","asymptomatic","vsmc",-0.451365032586604,12
"GSM8121906_athero_human_13.txt.gz","Plate_588s_G11","asymptomatic","t_nk",0.190680440241791,12
"GSM8121906_athero_human_13.txt.gz","Plate_588s_G12","asymptomatic","fibroblast",0.380153126161576,12
"GSM8121906_athero_human_13.txt.gz","Plate_588s_G13","asymptomatic","vsmc",-0.234110944755043,12
"GSM8121906_athero_human_13.txt.gz","Plate_588s_G14","asymptomatic","vsmc",-0.468679426082745,12
"GSM8121906_athero_human_13.txt.gz","Plate_588s_G15","asymptomatic","endothelial",-0.351074650892214,12
"GSM8121906_athero_human_13.txt.gz","Plate_588s_G18","asymptomatic","vsmc",-0.517153450949974,12
"GSM8121906_athero_human_13.txt.gz","Plate_588s_G19","asymptomatic","fibroblast",0.155323379548587,12
"GSM8121906_athero_human_13.txt.gz","Plate_588s_G20","asymptomatic","vsmc",-0.209900931008803,12
"GSM8121906_athero_human_13.txt.gz","Plate_588s_G22","asymptomatic","macrophage",0.812003750864305,12
"GSM8121906_athero_human_13.txt.gz","Plate_588s_G23","asymptomatic","vsmc",-0.468318347476025,12
"GSM8121906_athero_human_13.txt.gz","Plate_588s_G24","asymptomatic","vsmc",-0.269253077233966,12
"GSM8121906_athero_human_13.txt.gz","Plate_588s_H01","asymptomatic","fibroblast",-0.141769078325982,12
"GSM8121906_athero_human_13.txt.gz","Plate_588s_H02","asymptomatic","macrophage",1.00102186509128,12
"GSM8121906_athero_human_13.txt.gz","Plate_588s_H03","asymptomatic","unassigned",-0.0230741630195468,12
"GSM8121906_athero_human_13.txt.gz","Plate_588s_H04","asymptomatic","vsmc",-0.28056814394084,12
"GSM8121906_athero_human_13.txt.gz","Plate_588s_H05","asymptomatic","macrophage",1.25259046106469,12
"GSM8121906_athero_human_13.txt.gz","Plate_588s_H06","asymptomatic","vsmc",-0.418096433520646,12
"GSM8121906_athero_human_13.txt.gz","Plate_588s_H07","asymptomatic","fibroblast",0.471364956665081,12
"GSM8121906_athero_human_13.txt.gz","Plate_588s_H08","asymptomatic","vsmc",-0.48821398939797,12
"GSM8121906_athero_human_13.txt.gz","Plate_588s_H09","asymptomatic","fibroblast",-0.22347389589333,12
"GSM8121906_athero_human_13.txt.gz","Plate_588s_H10","asymptomatic","vsmc",-0.075732960571163,12
"GSM8121906_athero_human_13.txt.gz","Plate_588s_H11","asymptomatic","vsmc",-0.439950305293059,12
"GSM8121906_athero_human_13.txt.gz","Plate_588s_H12","asymptomatic","vsmc",-0.311613427680615,12
"GSM8121906_athero_human_13.txt.gz","Plate_588s_H13","asymptomatic","vsmc",-0.137297500023314,12
"GSM8121906_athero_human_13.txt.gz","Plate_588s_H14","asymptomatic","vsmc",-0.174981909343369,12
"GSM8121906_athero_human_13.txt.gz","Plate_588s_H15","asymptomatic","vsmc",0.121646913867699,12
"GSM8121906_athero_human_13.txt.gz","Plate_588s_H16","asymptomatic","fibroblast",0.0579131724454062,12
"GSM8121906_athero_human_13.txt.gz","Plate_588s_H19","asymptomatic","vsmc",-0.49067760616946,12
"GSM8121906_athero_human_13.txt.gz","Plate_588s_H20","asymptomatic","fibroblast",0.504151773309924,12
"GSM8121906_athero_human_13.txt.gz","Plate_588s_H21","asymptomatic","fibroblast",0.0226815046546027,12
"GSM8121906_athero_human_13.txt.gz","Plate_588s_H22","asymptomatic","fibroblast",0.683080703713777,12
"GSM8121906_athero_human_13.txt.gz","Plate_588s_H23","asymptomatic","vsmc",0.0538288010625273,12
"GSM8121906_athero_human_13.txt.gz","Plate_588s_H24","asymptomatic","vsmc",-0.512987121621644,12
"GSM8121906_athero_human_13.txt.gz","Plate_588s_I01","asymptomatic","vsmc",-0.213327038728033,12
"GSM8121906_athero_human_13.txt.gz","Plate_588s_I02","asymptomatic","macrophage",-0.42631578013993,12
"GSM8121906_athero_human_13.txt.gz","Plate_588s_I03","asymptomatic","fibroblast",0.598053582724914,12
"GSM8121906_athero_human_13.txt.gz","Plate_588s_I04","asymptomatic","endothelial",-0.153513548923249,12
"GSM8121906_athero_human_13.txt.gz","Plate_588s_I05","asymptomatic","fibroblast",-0.0934755727117326,12
"GSM8121906_athero_human_13.txt.gz","Plate_588s_I06","asymptomatic","vsmc",-0.0993849357280748,12
"GSM8121906_athero_human_13.txt.gz","Plate_588s_I07","asymptomatic","macrophage",-0.191862536492009,12
"GSM8121906_athero_human_13.txt.gz","Plate_588s_I08","asymptomatic","vsmc",-0.366072251064203,12
"GSM8121906_athero_human_13.txt.gz","Plate_588s_I09","asymptomatic","unassigned",-0.33146703789196,12
"GSM8121906_athero_human_13.txt.gz","Plate_588s_I10","asymptomatic","vsmc",-0.510143960644049,12
"GSM8121906_athero_human_13.txt.gz","Plate_588s_I11","asymptomatic","unassigned",-0.287975793863281,12
"GSM8121906_athero_human_13.txt.gz","Plate_588s_I12","asymptomatic","vsmc",-0.300138196530593,12
"GSM8121906_athero_human_13.txt.gz","Plate_588s_I13","asymptomatic","vsmc",-0.177188209113387,12
"GSM8121906_athero_human_13.txt.gz","Plate_588s_I14","asymptomatic","vsmc",-0.109643894759523,12
"GSM8121906_athero_human_13.txt.gz","Plate_588s_I15","asymptomatic","vsmc",-0.42500162845725,12
"GSM8121906_athero_human_13.txt.gz","Plate_588s_I16","asymptomatic","vsmc",-0.348891396392618,12
"GSM8121906_athero_human_13.txt.gz","Plate_588s_I17","asymptomatic","unassigned",-0.0849011406509165,12
"GSM8121906_athero_human_13.txt.gz","Plate_588s_I18","asymptomatic","unassigned",-0.0578257546183423,12
"GSM8121906_athero_human_13.txt.gz","Plate_588s_I19","asymptomatic","vsmc",-0.455067481902289,12
"GSM8121906_athero_human_13.txt.gz","Plate_588s_I20","asymptomatic","fibroblast",-0.258052373817607,12
"GSM8121906_athero_human_13.txt.gz","Plate_588s_I21","asymptomatic","vsmc",-0.355573138266793,12
"GSM8121906_athero_human_13.txt.gz","Plate_588s_I22","asymptomatic","macrophage",0.839682598396438,12
"GSM8121906_athero_human_13.txt.gz","Plate_588s_I23","asymptomatic","vsmc",-0.507991838085177,12
"GSM8121906_athero_human_13.txt.gz","Plate_588s_I24","asymptomatic","vsmc",-0.116206373832824,12
"GSM8121906_athero_human_13.txt.gz","Plate_588s_J01","asymptomatic","unassigned",-0.165294257823319,12
"GSM8121906_athero_human_13.txt.gz","Plate_588s_J02","asymptomatic","vsmc",-0.067774906289913,12
"GSM8121906_athero_human_13.txt.gz","Plate_588s_J04","asymptomatic","macrophage",1.36216516058342,12
"GSM8121906_athero_human_13.txt.gz","Plate_588s_J05","asymptomatic","vsmc",-0.397673199572533,12
"GSM8121906_athero_human_13.txt.gz","Plate_588s_J06","asymptomatic","vsmc",-0.317181480948987,12
"GSM8121906_athero_human_13.txt.gz","Plate_588s_J07","asymptomatic","vsmc",-0.240479645300191,12
"GSM8121906_athero_human_13.txt.gz","Plate_588s_J08","asymptomatic","fibroblast",-0.254350207120074,12
"GSM8121906_athero_human_13.txt.gz","Plate_588s_J09","asymptomatic","vsmc",-0.0121009129409733,12
"GSM8121906_athero_human_13.txt.gz","Plate_588s_J10","asymptomatic","vsmc",-0.245652599423964,12
"GSM8121906_athero_human_13.txt.gz","Plate_588s_J11","asymptomatic","fibroblast",-0.0164337335622867,12
"GSM8121906_athero_human_13.txt.gz","Plate_588s_J12","asymptomatic","unassigned",-0.248597120862078,12
"GSM8121906_athero_human_13.txt.gz","Plate_588s_J13","asymptomatic","fibroblast",-0.0787570709692349,12
"GSM8121906_athero_human_13.txt.gz","Plate_588s_J14","asymptomatic","vsmc",-0.340816560033215,12
"GSM8121906_athero_human_13.txt.gz","Plate_588s_J15","asymptomatic","vsmc",-0.204614846174251,12
"GSM8121906_athero_human_13.txt.gz","Plate_588s_J16","asymptomatic","vsmc",-0.282208772183869,12
"GSM8121906_athero_human_13.txt.gz","Plate_588s_J17","asymptomatic","fibroblast",-0.0874859599762219,12
"GSM8121906_athero_human_13.txt.gz","Plate_588s_J18","asymptomatic","vsmc",0.0271995209469478,12
"GSM8121906_athero_human_13.txt.gz","Plate_588s_J19","asymptomatic","vsmc",0.0792376506031382,12
"GSM8121906_athero_human_13.txt.gz","Plate_588s_J20","asymptomatic","vsmc",0.0550503299475805,12
"GSM8121906_athero_human_13.txt.gz","Plate_588s_J21","asymptomatic","vsmc",-0.504247713164374,12
"GSM8121906_athero_human_13.txt.gz","Plate_588s_J22","asymptomatic","fibroblast",-0.147172410132569,12
"GSM8121906_athero_human_13.txt.gz","Plate_588s_J23","asymptomatic","vsmc",-0.415466839608914,12
"GSM8121906_athero_human_13.txt.gz","Plate_588s_J24","asymptomatic","fibroblast",0.808445750833404,12
"GSM8121906_athero_human_13.txt.gz","Plate_588s_K01","asymptomatic","macrophage",-0.0929263253336074,12
"GSM8121906_athero_human_13.txt.gz","Plate_588s_K02","asymptomatic","vsmc",-0.120557250680789,12
"GSM8121906_athero_human_13.txt.gz","Plate_588s_K03","asymptomatic","vsmc",-0.288501834432772,12
"GSM8121906_athero_human_13.txt.gz","Plate_588s_K04","asymptomatic","fibroblast",0.0850095586518945,12
"GSM8121906_athero_human_13.txt.gz","Plate_588s_K05","asymptomatic","t_nk",-0.273598000401061,12
"GSM8121906_athero_human_13.txt.gz","Plate_588s_K06","asymptomatic","vsmc",-0.500369965005963,12
"GSM8121906_athero_human_13.txt.gz","Plate_588s_K07","asymptomatic","unassigned",0.100610169823716,12
"GSM8121906_athero_human_13.txt.gz","Plate_588s_K08","asymptomatic","vsmc",-0.244204156669995,12
"GSM8121906_athero_human_13.txt.gz","Plate_588s_K09","asymptomatic","vsmc",-0.45645606700455,12
"GSM8121906_athero_human_13.txt.gz","Plate_588s_K10","asymptomatic","fibroblast",-0.517588363578841,12
"GSM8121906_athero_human_13.txt.gz","Plate_588s_K11","asymptomatic","vsmc",-0.31315948330619,12
"GSM8121906_athero_human_13.txt.gz","Plate_588s_K12","asymptomatic","fibroblast",-0.113122989467145,12
"GSM8121906_athero_human_13.txt.gz","Plate_588s_K13","asymptomatic","fibroblast",-0.325853700174893,12
"GSM8121906_athero_human_13.txt.gz","Plate_588s_K14","asymptomatic","vsmc",-0.0348633177200861,12
"GSM8121906_athero_human_13.txt.gz","Plate_588s_K15","asymptomatic","vsmc",-0.182110069390475,12
"GSM8121906_athero_human_13.txt.gz","Plate_588s_K16","asymptomatic","fibroblast",0.256056806636506,12
"GSM8121906_athero_human_13.txt.gz","Plate_588s_K17","asymptomatic","vsmc",-0.503392060177656,12
"GSM8121906_athero_human_13.txt.gz","Plate_588s_K18","asymptomatic","vsmc",-0.51125223791229,12
"GSM8121906_athero_human_13.txt.gz","Plate_588s_K19","asymptomatic","vsmc",0.0242665245309035,12
"GSM8121906_athero_human_13.txt.gz","Plate_588s_K21","asymptomatic","vsmc",-0.261538943590825,12
"GSM8121906_athero_human_13.txt.gz","Plate_588s_K22","asymptomatic","fibroblast",-0.198673207597949,12
"GSM8121906_athero_human_13.txt.gz","Plate_588s_K23","asymptomatic","vsmc",-0.510671047009793,12
"GSM8121906_athero_human_13.txt.gz","Plate_588s_K24","asymptomatic","vsmc",-0.479089970219393,12
"GSM8121906_athero_human_13.txt.gz","Plate_588s_L01","asymptomatic","fibroblast",0.0964048150041484,12
"GSM8121906_athero_human_13.txt.gz","Plate_588s_L02","asymptomatic","fibroblast",-0.197371419864224,12
"GSM8121906_athero_human_13.txt.gz","Plate_588s_L03","asymptomatic","fibroblast",-0.507121060230438,12
"GSM8121906_athero_human_13.txt.gz","Plate_588s_L04","asymptomatic","vsmc",-0.494767275490559,12
"GSM8121906_athero_human_13.txt.gz","Plate_588s_L05","asymptomatic","vsmc",-0.328888895052394,12
"GSM8121906_athero_human_13.txt.gz","Plate_588s_L06","asymptomatic","fibroblast",0.20241222876449,12
"GSM8121906_athero_human_13.txt.gz","Plate_588s_L07","asymptomatic","fibroblast",-0.00570701055679278,12
"GSM8121906_athero_human_13.txt.gz","Plate_588s_L08","asymptomatic","vsmc",-0.499010444141271,12
"GSM8121906_athero_human_13.txt.gz","Plate_588s_L09","asymptomatic","vsmc",-0.516165750728268,12
"GSM8121906_athero_human_13.txt.gz","Plate_588s_L10","asymptomatic","vsmc",-0.392418451836019,12
"GSM8121906_athero_human_13.txt.gz","Plate_588s_L11","asymptomatic","fibroblast",-0.324443342074811,12
"GSM8121906_athero_human_13.txt.gz","Plate_588s_L12","asymptomatic","vsmc",-0.0314575212723066,12
"GSM8121906_athero_human_13.txt.gz","Plate_588s_L13","asymptomatic","fibroblast",-0.0496704027649244,12
"GSM8121906_athero_human_13.txt.gz","Plate_588s_L14","asymptomatic","vsmc",-0.43494886711921,12
"GSM8121906_athero_human_13.txt.gz","Plate_588s_L15","asymptomatic","vsmc",-0.489606591323597,12
"GSM8121906_athero_human_13.txt.gz","Plate_588s_L17","asymptomatic","endothelial",0.746794608175226,12
"GSM8121906_athero_human_13.txt.gz","Plate_588s_L18","asymptomatic","vsmc",0.071870334585207,12
"GSM8121906_athero_human_13.txt.gz","Plate_588s_L19","asymptomatic","macrophage",-0.196334443414417,12
"GSM8121906_athero_human_13.txt.gz","Plate_588s_L20","asymptomatic","vsmc",-0.474714168903192,12
"GSM8121906_athero_human_13.txt.gz","Plate_588s_L21","asymptomatic","vsmc",-0.435303578029587,12
"GSM8121906_athero_human_13.txt.gz","Plate_588s_L22","asymptomatic","vsmc",-0.358704952505857,12
"GSM8121906_athero_human_13.txt.gz","Plate_588s_L23","asymptomatic","vsmc",-0.335962273414266,12
"GSM8121906_athero_human_13.txt.gz","Plate_588s_L24","asymptomatic","vsmc",0.377023583843772,12
"GSM8121906_athero_human_13.txt.gz","Plate_588s_M01","asymptomatic","fibroblast",0.0405971017158215,12
"GSM8121906_athero_human_13.txt.gz","Plate_588s_M02","asymptomatic","vsmc",-0.202804348737257,12
"GSM8121906_athero_human_13.txt.gz","Plate_588s_M03","asymptomatic","vsmc",-0.0770353044808764,12
"GSM8121906_athero_human_13.txt.gz","Plate_588s_M04","asymptomatic","fibroblast",-0.161129008396883,12
"GSM8121906_athero_human_13.txt.gz","Plate_588s_M05","asymptomatic","t_nk",-0.017305287717363,12
"GSM8121906_athero_human_13.txt.gz","Plate_588s_M06","asymptomatic","vsmc",-0.258738137127158,12
"GSM8121906_athero_human_13.txt.gz","Plate_588s_M07","asymptomatic","vsmc",-0.385469529422233,12
"GSM8121906_athero_human_13.txt.gz","Plate_588s_M09","asymptomatic","vsmc",-0.0760762383949565,12
"GSM8121906_athero_human_13.txt.gz","Plate_588s_M10","asymptomatic","vsmc",-0.28629245126776,12
"GSM8121906_athero_human_13.txt.gz","Plate_588s_M11","asymptomatic","macrophage",-0.403799389961746,12
"GSM8121906_athero_human_13.txt.gz","Plate_588s_M12","asymptomatic","fibroblast",0.391055572669883,12
"GSM8121906_athero_human_13.txt.gz","Plate_588s_M13","asymptomatic","fibroblast",-0.198157164398585,12
"GSM8121906_athero_human_13.txt.gz","Plate_588s_M14","asymptomatic","vsmc",-0.520190763780244,12
"GSM8121906_athero_human_13.txt.gz","Plate_588s_M15","asymptomatic","vsmc",0.154050373924224,12
"GSM8121906_athero_human_13.txt.gz","Plate_588s_M16","asymptomatic","endothelial",-0.101475012160717,12
"GSM8121906_athero_human_13.txt.gz","Plate_588s_M17","asymptomatic","unassigned",-0.0581517351058348,12
"GSM8121906_athero_human_13.txt.gz","Plate_588s_M18","asymptomatic","vsmc",-0.500587826112366,12
"GSM8121906_athero_human_13.txt.gz","Plate_588s_M19","asymptomatic","vsmc",-0.0919308337189406,12
"GSM8121906_athero_human_13.txt.gz","Plate_588s_M20","asymptomatic","vsmc",-0.420607692432772,12
"GSM8121906_athero_human_13.txt.gz","Plate_588s_M21","asymptomatic","fibroblast",0.159045840336001,12
"GSM8121906_athero_human_13.txt.gz","Plate_588s_M22","asymptomatic","vsmc",-0.161582698977421,12
"GSM8121906_athero_human_13.txt.gz","Plate_588s_M23","asymptomatic","fibroblast",-0.248387435534813,12
"GSM8121906_athero_human_13.txt.gz","Plate_588s_N01","asymptomatic","vsmc",-0.348631416331525,12
"GSM8121906_athero_human_13.txt.gz","Plate_588s_N02","asymptomatic","vsmc",-0.322152630593464,12
"GSM8121906_athero_human_13.txt.gz","Plate_588s_N03","asymptomatic","macrophage",0.656844425066429,12
"GSM8121906_athero_human_13.txt.gz","Plate_588s_N05","asymptomatic","fibroblast",-0.112297450503035,12
"GSM8121906_athero_human_13.txt.gz","Plate_588s_N06","asymptomatic","vsmc",0.0787383945884082,12
"GSM8121906_athero_human_13.txt.gz","Plate_588s_N07","asymptomatic","vsmc",-0.00838615214824918,12
"GSM8121906_athero_human_13.txt.gz","Plate_588s_N08","asymptomatic","endothelial",0.597904729525589,12
"GSM8121906_athero_human_13.txt.gz","Plate_588s_N09","asymptomatic","fibroblast",0.308510370236198,12
"GSM8121906_athero_human_13.txt.gz","Plate_588s_N10","asymptomatic","vsmc",-0.274883737717286,12
"GSM8121906_athero_human_13.txt.gz","Plate_588s_N12","asymptomatic","vsmc",-0.312066287501519,12
"GSM8121906_athero_human_13.txt.gz","Plate_588s_N13","asymptomatic","vsmc",-0.523171864896939,12
"GSM8121906_athero_human_13.txt.gz","Plate_588s_N14","asymptomatic","vsmc",-0.306265134849816,12
"GSM8121906_athero_human_13.txt.gz","Plate_588s_N15","asymptomatic","fibroblast",-0.0043965380243381,12
"GSM8121906_athero_human_13.txt.gz","Plate_588s_N17","asymptomatic","fibroblast",-0.0168324802912225,12
"GSM8121906_athero_human_13.txt.gz","Plate_588s_N18","asymptomatic","vsmc",-0.087839242011845,12
"GSM8121906_athero_human_13.txt.gz","Plate_588s_N19","asymptomatic","fibroblast",-0.141014646468683,12
"GSM8121906_athero_human_13.txt.gz","Plate_588s_N20","asymptomatic","vsmc",0.0245209069615165,12
"GSM8121906_athero_human_13.txt.gz","Plate_588s_N21","asymptomatic","unassigned",-0.302111955076017,12
"GSM8121906_athero_human_13.txt.gz","Plate_588s_N22","asymptomatic","vsmc",-0.0644202847201987,12
"GSM8121906_athero_human_13.txt.gz","Plate_588s_N23","asymptomatic","vsmc",-0.429996728742046,12
"GSM8121906_athero_human_13.txt.gz","Plate_588s_N24","asymptomatic","vsmc",0.0236857802422836,12
"GSM8121906_athero_human_13.txt.gz","Plate_588s_O01","asymptomatic","macrophage",-0.0691362513836221,12
"GSM8121906_athero_human_13.txt.gz","Plate_588s_O02","asymptomatic","macrophage",0.0825072047827007,12
"GSM8121906_athero_human_13.txt.gz","Plate_588s_O03","asymptomatic","unassigned",-0.413234134469487,12
"GSM8121906_athero_human_13.txt.gz","Plate_588s_O04","asymptomatic","macrophage",-0.487717645385031,12
"GSM8121906_athero_human_13.txt.gz","Plate_588s_O05","asymptomatic","vsmc",-0.118423222551832,12
"GSM8121906_athero_human_13.txt.gz","Plate_588s_O06","asymptomatic","vsmc",-0.380748340627532,12
"GSM8121906_athero_human_13.txt.gz","Plate_588s_O07","asymptomatic","vsmc",-0.339539112230463,12
"GSM8121906_athero_human_13.txt.gz","Plate_588s_O08","asymptomatic","vsmc",0.0672759347479727,12
"GSM8121906_athero_human_13.txt.gz","Plate_588s_O09","asymptomatic","fibroblast",0.12289083577964,12
"GSM8121906_athero_human_13.txt.gz","Plate_588s_O10","asymptomatic","vsmc",-0.134636905986553,12
"GSM8121906_athero_human_13.txt.gz","Plate_588s_O11","asymptomatic","vsmc",-0.188158144162062,12
"GSM8121906_athero_human_13.txt.gz","Plate_588s_O12","asymptomatic","vsmc",-0.302670894525729,12
"GSM8121906_athero_human_13.txt.gz","Plate_588s_O13","asymptomatic","fibroblast",-0.410909440462731,12
"GSM8121906_athero_human_13.txt.gz","Plate_588s_O14","asymptomatic","unassigned",0.146765458156152,12
"GSM8121906_athero_human_13.txt.gz","Plate_588s_O15","asymptomatic","vsmc",-0.231728822037687,12
"GSM8121906_athero_human_13.txt.gz","Plate_588s_O16","asymptomatic","vsmc",-0.0911050600917112,12
"GSM8121906_athero_human_13.txt.gz","Plate_588s_O17","asymptomatic","fibroblast",0.412231735351575,12
"GSM8121906_athero_human_13.txt.gz","Plate_588s_O18","asymptomatic","vsmc",-0.242643611699376,12
"GSM8121906_athero_human_13.txt.gz","Plate_588s_O19","asymptomatic","fibroblast",0.139956997701846,12
"GSM8121906_athero_human_13.txt.gz","Plate_588s_O20","asymptomatic","fibroblast",-0.162368618110373,12
"GSM8121906_athero_human_13.txt.gz","Plate_588s_O22","asymptomatic","vsmc",-0.293915428013388,12
"GSM8121906_athero_human_13.txt.gz","Plate_588s_O23","asymptomatic","macrophage",-0.329497958499291,12
"GSM8121906_athero_human_13.txt.gz","Plate_588s_O24","asymptomatic","vsmc",-0.274278200423365,12
"GSM8121906_athero_human_13.txt.gz","Plate_588s_P01","asymptomatic","macrophage",-0.068954665209771,12
"GSM8121906_athero_human_13.txt.gz","Plate_588s_P02","asymptomatic","unassigned",0.0640321532007448,12
"GSM8121906_athero_human_13.txt.gz","Plate_588s_P03","asymptomatic","vsmc",-0.263522821353684,12
"GSM8121906_athero_human_13.txt.gz","Plate_588s_P04","asymptomatic","macrophage",-0.0928065733457075,12
"GSM8121906_athero_human_13.txt.gz","Plate_588s_P05","asymptomatic","macrophage",1.28720014153788,12
"GSM8121906_athero_human_13.txt.gz","Plate_588s_P06","asymptomatic","fibroblast",-0.113680466096655,12
"GSM8121906_athero_human_13.txt.gz","Plate_588s_P07","asymptomatic","macrophage",-0.308757700108369,12
"GSM8121906_athero_human_13.txt.gz","Plate_588s_P08","asymptomatic","fibroblast",0.213049699272797,12
"GSM8121906_athero_human_13.txt.gz","Plate_588s_P09","asymptomatic","unassigned",-0.154501871648083,12
"GSM8121906_athero_human_13.txt.gz","Plate_588s_P10","asymptomatic","fibroblast",-0.257763154936076,12
"GSM8121906_athero_human_13.txt.gz","Plate_588s_P12","asymptomatic","fibroblast",-0.308416660978403,12
"GSM8121906_athero_human_13.txt.gz","Plate_588s_P13","asymptomatic","fibroblast",-0.233407876824038,12
"GSM8121906_athero_human_13.txt.gz","Plate_588s_P14","asymptomatic","fibroblast",0.248321895893772,12
"GSM8121906_athero_human_13.txt.gz","Plate_588s_P15","asymptomatic","vsmc",-0.179202081002859,12
"GSM8121906_athero_human_13.txt.gz","Plate_588s_P16","asymptomatic","fibroblast",0.0735265439465132,12
"GSM8121906_athero_human_13.txt.gz","Plate_588s_P17","asymptomatic","vsmc",-0.503513419744659,12
"GSM8121906_athero_human_13.txt.gz","Plate_588s_P18","asymptomatic","vsmc",-0.301361370380203,12
"GSM8121906_athero_human_13.txt.gz","Plate_588s_P19","asymptomatic","macrophage",-0.392923908654862,12
"GSM8121906_athero_human_13.txt.gz","Plate_588s_P20","asymptomatic","vsmc",0.132191864887278,12
"GSM8121906_athero_human_13.txt.gz","Plate_588s_P21","asymptomatic","fibroblast",-0.0772651499570112,12
"GSM8121906_athero_human_13.txt.gz","Plate_588s_P22","asymptomatic","fibroblast",-0.00675174412419097,12
"GSM8121906_athero_human_13.txt.gz","Plate_589s_A01","asymptomatic","vsmc",-0.23561335268137,12
"GSM8121906_athero_human_13.txt.gz","Plate_589s_A03","asymptomatic","fibroblast",-0.210537141841798,12
"GSM8121906_athero_human_13.txt.gz","Plate_589s_A04","asymptomatic","macrophage",-0.00682528031168685,12
"GSM8121906_athero_human_13.txt.gz","Plate_589s_A05","asymptomatic","vsmc",-0.224576734817076,12
"GSM8121906_athero_human_13.txt.gz","Plate_589s_A07","asymptomatic","macrophage",0.777074889790768,12
"GSM8121906_athero_human_13.txt.gz","Plate_589s_A08","asymptomatic","vsmc",-0.0805560035428846,12
"GSM8121906_athero_human_13.txt.gz","Plate_589s_A09","asymptomatic","unassigned",0.312328931086328,12
"GSM8121906_athero_human_13.txt.gz","Plate_589s_A10","asymptomatic","unassigned",-0.190781860536075,12
"GSM8121906_athero_human_13.txt.gz","Plate_589s_A11","asymptomatic","macrophage",0.053929877433805,12
"GSM8121906_athero_human_13.txt.gz","Plate_589s_A12","asymptomatic","macrophage",0.83696402896848,12
"GSM8121906_athero_human_13.txt.gz","Plate_589s_A13","asymptomatic","macrophage",0.616457165015851,12
"GSM8121906_athero_human_13.txt.gz","Plate_589s_A15","asymptomatic","vsmc",-0.0509736429783254,12
"GSM8121906_athero_human_13.txt.gz","Plate_589s_A16","asymptomatic","vsmc",0.0369573357028349,12
"GSM8121906_athero_human_13.txt.gz","Plate_589s_A17","asymptomatic","macrophage",0.73617802385344,12
"GSM8121906_athero_human_13.txt.gz","Plate_589s_A18","asymptomatic","b_cell",0.327407966527148,12
"GSM8121906_athero_human_13.txt.gz","Plate_589s_A20","asymptomatic","fibroblast",0.25112529339508,12
"GSM8121906_athero_human_13.txt.gz","Plate_589s_A21","asymptomatic","macrophage",-0.241928636706156,12
"GSM8121906_athero_human_13.txt.gz","Plate_589s_A24","asymptomatic","fibroblast",-0.0368355618731843,12
"GSM8121906_athero_human_13.txt.gz","Plate_589s_B02","asymptomatic","vsmc",-0.0911030021159032,12
"GSM8121906_athero_human_13.txt.gz","Plate_589s_B03","asymptomatic","vsmc",-0.274951385827487,12
"GSM8121906_athero_human_13.txt.gz","Plate_589s_B04","asymptomatic","fibroblast",-0.0980671100833166,12
"GSM8121906_athero_human_13.txt.gz","Plate_589s_B05","asymptomatic","vsmc",-0.00835017765343099,12
"GSM8121906_athero_human_13.txt.gz","Plate_589s_B07","asymptomatic","fibroblast",0.0498292444689928,12
"GSM8121906_athero_human_13.txt.gz","Plate_589s_B08","asymptomatic","macrophage",0.167788793717738,12
"GSM8121906_athero_human_13.txt.gz","Plate_589s_B09","asymptomatic","macrophage",-0.216313454699702,12
"GSM8121906_athero_human_13.txt.gz","Plate_589s_B10","asymptomatic","endothelial",-0.145239367517462,12
"GSM8121906_athero_human_13.txt.gz","Plate_589s_B12","asymptomatic","macrophage",1.36824184397127,12
"GSM8121906_athero_human_13.txt.gz","Plate_589s_B13","asymptomatic","macrophage",0.77269272041534,12
"GSM8121906_athero_human_13.txt.gz","Plate_589s_B14","asymptomatic","vsmc",-0.238294287078325,12
"GSM8121906_athero_human_13.txt.gz","Plate_589s_B15","asymptomatic","vsmc",-0.112485863446292,12
"GSM8121906_athero_human_13.txt.gz","Plate_589s_B16","asymptomatic","macrophage",-0.281500047943212,12
"GSM8121906_athero_human_13.txt.gz","Plate_589s_B17","asymptomatic","macrophage",-0.135628375696873,12
"GSM8121906_athero_human_13.txt.gz","Plate_589s_B18","asymptomatic","vsmc",0.233493899573214,12
"GSM8121906_athero_human_13.txt.gz","Plate_589s_B19","asymptomatic","macrophage",1.0295920994024,12
"GSM8121906_athero_human_13.txt.gz","Plate_589s_B21","asymptomatic","fibroblast",0.295191616413289,12
"GSM8121906_athero_human_13.txt.gz","Plate_589s_B23","asymptomatic","macrophage",0.569162259036321,12
"GSM8121906_athero_human_13.txt.gz","Plate_589s_B24","asymptomatic","fibroblast",-0.129238355624685,12
"GSM8121906_athero_human_13.txt.gz","Plate_589s_C01","asymptomatic","macrophage",0.697540036991326,12
"GSM8121906_athero_human_13.txt.gz","Plate_589s_C02","asymptomatic","macrophage",1.46985454063026,12
"GSM8121906_athero_human_13.txt.gz","Plate_589s_C03","asymptomatic","macrophage",-0.169473391290002,12
"GSM8121906_athero_human_13.txt.gz","Plate_589s_C04","asymptomatic","macrophage",0.509460387397471,12
"GSM8121906_athero_human_13.txt.gz","Plate_589s_C05","asymptomatic","macrophage",0.260301108928452,12
"GSM8121906_athero_human_13.txt.gz","Plate_589s_C06","asymptomatic","fibroblast",0.0420126678896694,12
"GSM8121906_athero_human_13.txt.gz","Plate_589s_C07","asymptomatic","vsmc",-0.441595631834716,12
"GSM8121906_athero_human_13.txt.gz","Plate_589s_C08","asymptomatic","macrophage",0.237166685387393,12
"GSM8121906_athero_human_13.txt.gz","Plate_589s_C09","asymptomatic","macrophage",0.406426008119464,12
"GSM8121906_athero_human_13.txt.gz","Plate_589s_C10","asymptomatic","vsmc",-0.299673523096726,12
"GSM8121906_athero_human_13.txt.gz","Plate_589s_C11","asymptomatic","endothelial",0.168836241270265,12
"GSM8121906_athero_human_13.txt.gz","Plate_589s_C12","asymptomatic","vsmc",-0.160365704769056,12
"GSM8121906_athero_human_13.txt.gz","Plate_589s_C13","asymptomatic","vsmc",0.105242026222583,12
"GSM8121906_athero_human_13.txt.gz","Plate_589s_C14","asymptomatic","vsmc",0.227419145333368,12
"GSM8121906_athero_human_13.txt.gz","Plate_589s_C15","asymptomatic","fibroblast",-0.047906412553066,12
"GSM8121906_athero_human_13.txt.gz","Plate_589s_C18","asymptomatic","vsmc",-0.456284607935185,12
"GSM8121906_athero_human_13.txt.gz","Plate_589s_C19","asymptomatic","vsmc",-0.220912593526442,12
"GSM8121906_athero_human_13.txt.gz","Plate_589s_C20","asymptomatic","macrophage",-0.0128941191435584,12
"GSM8121906_athero_human_13.txt.gz","Plate_589s_C21","asymptomatic","b_cell",0.215586132780562,12
"GSM8121906_athero_human_13.txt.gz","Plate_589s_C22","asymptomatic","vsmc",-0.069253091529339,12
"GSM8121906_athero_human_13.txt.gz","Plate_589s_C23","asymptomatic","fibroblast",0.206938250101211,12
"GSM8121906_athero_human_13.txt.gz","Plate_589s_D01","asymptomatic","vsmc",-0.320111324185134,12
"GSM8121906_athero_human_13.txt.gz","Plate_589s_D02","asymptomatic","fibroblast",0.806387113165756,12
"GSM8121906_athero_human_13.txt.gz","Plate_589s_D03","asymptomatic","macrophage",-0.242950962942809,12
"GSM8121906_athero_human_13.txt.gz","Plate_589s_D05","asymptomatic","macrophage",0.885607962237026,12
"GSM8121906_athero_human_13.txt.gz","Plate_589s_D06","asymptomatic","macrophage",1.58061459937544,12
"GSM8121906_athero_human_13.txt.gz","Plate_589s_D07","asymptomatic","macrophage",1.13148675865979,12
"GSM8121906_athero_human_13.txt.gz","Plate_589s_D08","asymptomatic","vsmc",-0.0427250413876055,12
"GSM8121906_athero_human_13.txt.gz","Plate_589s_D09","asymptomatic","macrophage",0.361967902828923,12
"GSM8121906_athero_human_13.txt.gz","Plate_589s_D10","asymptomatic","macrophage",0.609937245185422,12
"GSM8121906_athero_human_13.txt.gz","Plate_589s_D11","asymptomatic","vsmc",0.0404674236168011,12
"GSM8121906_athero_human_13.txt.gz","Plate_589s_D12","asymptomatic","macrophage",0.293334381201669,12
"GSM8121906_athero_human_13.txt.gz","Plate_589s_D13","asymptomatic","macrophage",1.59641359657605,12
"GSM8121906_athero_human_13.txt.gz","Plate_589s_D14","asymptomatic","fibroblast",0.237968397635245,12
"GSM8121906_athero_human_13.txt.gz","Plate_589s_D15","asymptomatic","macrophage",1.28197648991376,12
"GSM8121906_athero_human_13.txt.gz","Plate_589s_D16","asymptomatic","fibroblast",0.0103456000938267,12
"GSM8121906_athero_human_13.txt.gz","Plate_589s_D17","asymptomatic","macrophage",0.0245463172680762,12
"GSM8121906_athero_human_13.txt.gz","Plate_589s_D19","asymptomatic","macrophage",1.05226668718773,12
"GSM8121906_athero_human_13.txt.gz","Plate_589s_D20","asymptomatic","vsmc",0.00670260906495116,12
"GSM8121906_athero_human_13.txt.gz","Plate_589s_D21","asymptomatic","vsmc",-0.217112875738115,12
"GSM8121906_athero_human_13.txt.gz","Plate_589s_D22","asymptomatic","endothelial",0.298673864220445,12
"GSM8121906_athero_human_13.txt.gz","Plate_589s_D23","asymptomatic","macrophage",1.53565070370723,12
"GSM8121906_athero_human_13.txt.gz","Plate_589s_E01","asymptomatic","vsmc",-0.448633549490217,12
"GSM8121906_athero_human_13.txt.gz","Plate_589s_E02","asymptomatic","vsmc",-0.347707617864193,12
"GSM8121906_athero_human_13.txt.gz","Plate_589s_E03","asymptomatic","macrophage",0.595705666895445,12
"GSM8121906_athero_human_13.txt.gz","Plate_589s_E04","asymptomatic","fibroblast",-0.266861957976851,12
"GSM8121906_athero_human_13.txt.gz","Plate_589s_E05","asymptomatic","macrophage",0.711130282374773,12
"GSM8121906_athero_human_13.txt.gz","Plate_589s_E06","asymptomatic","vsmc",-0.405473984197948,12
"GSM8121906_athero_human_13.txt.gz","Plate_589s_E08","asymptomatic","fibroblast",0.203282704370819,12
"GSM8121906_athero_human_13.txt.gz","Plate_589s_E11","asymptomatic","macrophage",-0.0389650033784328,12
"GSM8121906_athero_human_13.txt.gz","Plate_589s_E12","asymptomatic","vsmc",-0.342662967836869,12
"GSM8121906_athero_human_13.txt.gz","Plate_589s_E13","asymptomatic","macrophage",-0.149224142775875,12
"GSM8121906_athero_human_13.txt.gz","Plate_589s_E14","asymptomatic","macrophage",-0.0240074490705149,12
"GSM8121906_athero_human_13.txt.gz","Plate_589s_E16","asymptomatic","vsmc",-0.508301139060682,12
"GSM8121906_athero_human_13.txt.gz","Plate_589s_E17","asymptomatic","macrophage",0.538865044302387,12
"GSM8121906_athero_human_13.txt.gz","Plate_589s_E18","asymptomatic","vsmc",0.0789063624319831,12
"GSM8121906_athero_human_13.txt.gz","Plate_589s_E19","asymptomatic","fibroblast",-0.162988558174146,12
"GSM8121906_athero_human_13.txt.gz","Plate_589s_E20","asymptomatic","macrophage",0.530130852003748,12
"GSM8121906_athero_human_13.txt.gz","Plate_589s_E21","asymptomatic","fibroblast",1.46585993909145,12
"GSM8121906_athero_human_13.txt.gz","Plate_589s_E22","asymptomatic","fibroblast",-0.275144461988132,12
"GSM8121906_athero_human_13.txt.gz","Plate_589s_E23","asymptomatic","vsmc",-0.388921489084239,12
"GSM8121906_athero_human_13.txt.gz","Plate_589s_E24","asymptomatic","t_nk",0.076040700427528,12
"GSM8121906_athero_human_13.txt.gz","Plate_589s_F02","asymptomatic","vsmc",-0.187934426832197,12
"GSM8121906_athero_human_13.txt.gz","Plate_589s_F03","asymptomatic","unassigned",-0.163240862559354,12
"GSM8121906_athero_human_13.txt.gz","Plate_589s_F04","asymptomatic","vsmc",-0.415995856100043,12
"GSM8121906_athero_human_13.txt.gz","Plate_589s_F06","asymptomatic","vsmc",-0.153226071979928,12
"GSM8121906_athero_human_13.txt.gz","Plate_589s_F07","asymptomatic","t_nk",0.51691039274374,12
"GSM8121906_athero_human_13.txt.gz","Plate_589s_F08","asymptomatic","macrophage",1.04655125368916,12
"GSM8121906_athero_human_13.txt.gz","Plate_589s_F09","asymptomatic","vsmc",-0.114132883776781,12
"GSM8121906_athero_human_13.txt.gz","Plate_589s_F10","asymptomatic","macrophage",0.389785792970418,12
"GSM8121906_athero_human_13.txt.gz","Plate_589s_F11","asymptomatic","unassigned",-0.298489447398969,12
"GSM8121906_athero_human_13.txt.gz","Plate_589s_F12","asymptomatic","macrophage",1.05322544823678,12
"GSM8121906_athero_human_13.txt.gz","Plate_589s_F13","asymptomatic","macrophage",-0.107945413297208,12
"GSM8121906_athero_human_13.txt.gz","Plate_589s_F14","asymptomatic","fibroblast",0.347631199670569,12
"GSM8121906_athero_human_13.txt.gz","Plate_589s_F16","asymptomatic","fibroblast",-0.0653280692038015,12
"GSM8121906_athero_human_13.txt.gz","Plate_589s_F17","asymptomatic","vsmc",-0.267887018596935,12
"GSM8121906_athero_human_13.txt.gz","Plate_589s_F19","asymptomatic","vsmc",0.00722663791049058,12
"GSM8121906_athero_human_13.txt.gz","Plate_589s_F20","asymptomatic","vsmc",0.0300786935909913,12
"GSM8121906_athero_human_13.txt.gz","Plate_589s_F21","asymptomatic","macrophage",0.393557886499813,12
"GSM8121906_athero_human_13.txt.gz","Plate_589s_F22","asymptomatic","fibroblast",0.120475582347692,12
"GSM8121906_athero_human_13.txt.gz","Plate_589s_F23","asymptomatic","vsmc",-0.213929579442826,12
"GSM8121906_athero_human_13.txt.gz","Plate_589s_F24","asymptomatic","fibroblast",0.60443563130476,12
"GSM8121906_athero_human_13.txt.gz","Plate_589s_G01","asymptomatic","macrophage",0.437256251125252,12
"GSM8121906_athero_human_13.txt.gz","Plate_589s_G02","asymptomatic","macrophage",1.81577394938253,12
"GSM8121906_athero_human_13.txt.gz","Plate_589s_G03","asymptomatic","vsmc",-0.288601761957925,12
"GSM8121906_athero_human_13.txt.gz","Plate_589s_G04","asymptomatic","vsmc",-0.273374066407728,12
"GSM8121906_athero_human_13.txt.gz","Plate_589s_G05","asymptomatic","macrophage",-0.229407464594607,12
"GSM8121906_athero_human_13.txt.gz","Plate_589s_G06","asymptomatic","fibroblast",0.346382317341329,12
"GSM8121906_athero_human_13.txt.gz","Plate_589s_G07","asymptomatic","macrophage",0.0625088359456419,12
"GSM8121906_athero_human_13.txt.gz","Plate_589s_G08","asymptomatic","fibroblast",0.391702676145586,12
"GSM8121906_athero_human_13.txt.gz","Plate_589s_G10","asymptomatic","endothelial",-0.0218965812322543,12
"GSM8121906_athero_human_13.txt.gz","Plate_589s_G11","asymptomatic","macrophage",-0.100137597317262,12
"GSM8121906_athero_human_13.txt.gz","Plate_589s_G12","asymptomatic","macrophage",0.13435618704099,12
"GSM8121906_athero_human_13.txt.gz","Plate_589s_G13","asymptomatic","macrophage",0.332292503700911,12
"GSM8121906_athero_human_13.txt.gz","Plate_589s_G14","asymptomatic","vsmc",0.033879494771956,12
"GSM8121906_athero_human_13.txt.gz","Plate_589s_G15","asymptomatic","macrophage",2.32011228147118,12
"GSM8121906_athero_human_13.txt.gz","Plate_589s_G16","asymptomatic","fibroblast",0.3630107628984,12
"GSM8121906_athero_human_13.txt.gz","Plate_589s_G17","asymptomatic","vsmc",-0.0453469304054554,12
"GSM8121906_athero_human_13.txt.gz","Plate_589s_G18","asymptomatic","vsmc",-0.0371928517367477,12
"GSM8121906_athero_human_13.txt.gz","Plate_589s_G20","asymptomatic","macrophage",-0.459859390370174,12
"GSM8121906_athero_human_13.txt.gz","Plate_589s_G21","asymptomatic","vsmc",-0.298402977752484,12
"GSM8121906_athero_human_13.txt.gz","Plate_589s_G23","asymptomatic","macrophage",2.34379738764064,12
"GSM8121906_athero_human_13.txt.gz","Plate_589s_G24","asymptomatic","vsmc",-0.258755304747274,12
"GSM8121906_athero_human_13.txt.gz","Plate_589s_H01","asymptomatic","vsmc",-0.205282754048973,12
"GSM8121906_athero_human_13.txt.gz","Plate_589s_H02","asymptomatic","vsmc",-0.236553810478833,12
"GSM8121906_athero_human_13.txt.gz","Plate_589s_H04","asymptomatic","b_cell",0.0219505990325239,12
"GSM8121906_athero_human_13.txt.gz","Plate_589s_H05","asymptomatic","vsmc",-0.442700644400792,12
"GSM8121906_athero_human_13.txt.gz","Plate_589s_H06","asymptomatic","macrophage",-0.0076410973855898,12
"GSM8121906_athero_human_13.txt.gz","Plate_589s_H07","asymptomatic","fibroblast",0.451033949890284,12
"GSM8121906_athero_human_13.txt.gz","Plate_589s_H08","asymptomatic","unassigned",0.512408178209259,12
"GSM8121906_athero_human_13.txt.gz","Plate_589s_H09","asymptomatic","macrophage",0.963005125918446,12
"GSM8121906_athero_human_13.txt.gz","Plate_589s_H10","asymptomatic","macrophage",0.186786257674228,12
"GSM8121906_athero_human_13.txt.gz","Plate_589s_H11","asymptomatic","fibroblast",0.0620422707765188,12
"GSM8121906_athero_human_13.txt.gz","Plate_589s_H12","asymptomatic","vsmc",-0.328065169053234,12
"GSM8121906_athero_human_13.txt.gz","Plate_589s_H13","asymptomatic","vsmc",-0.183162623064708,12
"GSM8121906_athero_human_13.txt.gz","Plate_589s_H14","asymptomatic","fibroblast",0.000212055965476218,12
"GSM8121906_athero_human_13.txt.gz","Plate_589s_H15","asymptomatic","macrophage",0.876293505234916,12
"GSM8121906_athero_human_13.txt.gz","Plate_589s_H17","asymptomatic","vsmc",-0.202622175142552,12
"GSM8121906_athero_human_13.txt.gz","Plate_589s_H18","asymptomatic","macrophage",0.444348692981197,12
"GSM8121906_athero_human_13.txt.gz","Plate_589s_H20","asymptomatic","macrophage",0.483445974473293,12
"GSM8121906_athero_human_13.txt.gz","Plate_589s_H21","asymptomatic","b_cell",-0.459793698005051,12
"GSM8121906_athero_human_13.txt.gz","Plate_589s_H22","asymptomatic","fibroblast",0.241374418546887,12
"GSM8121906_athero_human_13.txt.gz","Plate_589s_H23","asymptomatic","macrophage",-0.135102177889041,12
"GSM8121906_athero_human_13.txt.gz","Plate_589s_H24","asymptomatic","unassigned",0.5310344649743,12
"GSM8121906_athero_human_13.txt.gz","Plate_589s_I01","asymptomatic","vsmc",-0.493811540695957,12
"GSM8121906_athero_human_13.txt.gz","Plate_589s_I02","asymptomatic","fibroblast",-0.144658067703615,12
"GSM8121906_athero_human_13.txt.gz","Plate_589s_I03","asymptomatic","fibroblast",-0.0975640474745896,12
"GSM8121906_athero_human_13.txt.gz","Plate_589s_I05","asymptomatic","vsmc",-0.287686140048438,12
"GSM8121906_athero_human_13.txt.gz","Plate_589s_I06","asymptomatic","macrophage",0.824047056870776,12
"GSM8121906_athero_human_13.txt.gz","Plate_589s_I07","asymptomatic","macrophage",0.052694382214168,12
"GSM8121906_athero_human_13.txt.gz","Plate_589s_I08","asymptomatic","macrophage",0.736147241573177,12
"GSM8121906_athero_human_13.txt.gz","Plate_589s_I09","asymptomatic","vsmc",-0.134890236175943,12
"GSM8121906_athero_human_13.txt.gz","Plate_589s_I11","asymptomatic","macrophage",-0.0486255148058987,12
"GSM8121906_athero_human_13.txt.gz","Plate_589s_I12","asymptomatic","vsmc",-0.101926531528272,12
"GSM8121906_athero_human_13.txt.gz","Plate_589s_I13","asymptomatic","macrophage",0.0370947091107264,12
"GSM8121906_athero_human_13.txt.gz","Plate_589s_I14","asymptomatic","macrophage",1.25975853325538,12
"GSM8121906_athero_human_13.txt.gz","Plate_589s_I16","asymptomatic","fibroblast",-0.0384969429622992,12
"GSM8121906_athero_human_13.txt.gz","Plate_589s_I17","asymptomatic","fibroblast",0.0305189367218128,12
"GSM8121906_athero_human_13.txt.gz","Plate_589s_I19","asymptomatic","macrophage",0.351315579936447,12
"GSM8121906_athero_human_13.txt.gz","Plate_589s_I20","asymptomatic","macrophage",1.16203090863316,12
"GSM8121906_athero_human_13.txt.gz","Plate_589s_I21","asymptomatic","macrophage",0.0929233343170042,12
"GSM8121906_athero_human_13.txt.gz","Plate_589s_I22","asymptomatic","macrophage",-0.214953543622933,12
"GSM8121906_athero_human_13.txt.gz","Plate_589s_I23","asymptomatic","fibroblast",-0.0338113553555815,12
"GSM8121906_athero_human_13.txt.gz","Plate_589s_J02","asymptomatic","macrophage",-0.0699038277789265,12
"GSM8121906_athero_human_13.txt.gz","Plate_589s_J03","asymptomatic","macrophage",2.38661510156656,12
"GSM8121906_athero_human_13.txt.gz","Plate_589s_J04","asymptomatic","fibroblast",-0.211704244534168,12
"GSM8121906_athero_human_13.txt.gz","Plate_589s_J05","asymptomatic","fibroblast",0.318274162941247,12
"GSM8121906_athero_human_13.txt.gz","Plate_589s_J06","asymptomatic","fibroblast",-0.0543145839001485,12
"GSM8121906_athero_human_13.txt.gz","Plate_589s_J07","asymptomatic","endothelial",-0.172757422598943,12
"GSM8121906_athero_human_13.txt.gz","Plate_589s_J08","asymptomatic","unassigned",-0.310500967827723,12
"GSM8121906_athero_human_13.txt.gz","Plate_589s_J09","asymptomatic","fibroblast",-0.0326754720934188,12
"GSM8121906_athero_human_13.txt.gz","Plate_589s_J10","asymptomatic","vsmc",-0.380380492641406,12
"GSM8121906_athero_human_13.txt.gz","Plate_589s_J11","asymptomatic","fibroblast",0.274641078156244,12
"GSM8121906_athero_human_13.txt.gz","Plate_589s_J12","asymptomatic","macrophage",0.227388390582203,12
"GSM8121906_athero_human_13.txt.gz","Plate_589s_J13","asymptomatic","macrophage",1.39111470585104,12
"GSM8121906_athero_human_13.txt.gz","Plate_589s_J14","asymptomatic","fibroblast",-0.0606245602135932,12
"GSM8121906_athero_human_13.txt.gz","Plate_589s_J15","asymptomatic","fibroblast",0.385756558619764,12
"GSM8121906_athero_human_13.txt.gz","Plate_589s_J16","asymptomatic","macrophage",-0.449315623784355,12
"GSM8121906_athero_human_13.txt.gz","Plate_589s_J18","asymptomatic","macrophage",-0.311948705459059,12
"GSM8121906_athero_human_13.txt.gz","Plate_589s_J20","asymptomatic","macrophage",0.156664283945813,12
"GSM8121906_athero_human_13.txt.gz","Plate_589s_J21","asymptomatic","fibroblast",0.344548000569008,12
"GSM8121906_athero_human_13.txt.gz","Plate_589s_J22","asymptomatic","macrophage",-0.203792418908504,12
"GSM8121906_athero_human_13.txt.gz","Plate_589s_J23","asymptomatic","macrophage",0.201088929885446,12
"GSM8121906_athero_human_13.txt.gz","Plate_589s_J24","asymptomatic","macrophage",0.174315550338273,12
"GSM8121906_athero_human_13.txt.gz","Plate_589s_K01","asymptomatic","fibroblast",0.0695745296638909,12
"GSM8121906_athero_human_13.txt.gz","Plate_589s_K02","asymptomatic","vsmc",-0.0209035044330789,12
"GSM8121906_athero_human_13.txt.gz","Plate_589s_K04","asymptomatic","macrophage",0.257109030787333,12
"GSM8121906_athero_human_13.txt.gz","Plate_589s_K05","asymptomatic","vsmc",0.0189234451600584,12
"GSM8121906_athero_human_13.txt.gz","Plate_589s_K06","asymptomatic","vsmc",-0.468306974190704,12
"GSM8121906_athero_human_13.txt.gz","Plate_589s_K07","asymptomatic","vsmc",-0.234444921983156,12
"GSM8121906_athero_human_13.txt.gz","Plate_589s_K08","asymptomatic","fibroblast",0.141203163989864,12
"GSM8121906_athero_human_13.txt.gz","Plate_589s_K09","asymptomatic","vsmc",0.196218751578936,12
"GSM8121906_athero_human_13.txt.gz","Plate_589s_K10","asymptomatic","fibroblast",0.453601957455885,12
"GSM8121906_athero_human_13.txt.gz","Plate_589s_K11","asymptomatic","vsmc",0.225584239532321,12
"GSM8121906_athero_human_13.txt.gz","Plate_589s_K12","asymptomatic","macrophage",0.0805779811538429,12
"GSM8121906_athero_human_13.txt.gz","Plate_589s_K13","asymptomatic","vsmc",-0.125869932060208,12
"GSM8121906_athero_human_13.txt.gz","Plate_589s_K14","asymptomatic","macrophage",-0.173783111834018,12
"GSM8121906_athero_human_13.txt.gz","Plate_589s_K15","asymptomatic","unassigned",0.667217402051894,12
"GSM8121906_athero_human_13.txt.gz","Plate_589s_K16","asymptomatic","fibroblast",0.138417912146049,12
"GSM8121906_athero_human_13.txt.gz","Plate_589s_K17","asymptomatic","macrophage",1.34089097031119,12
"GSM8121906_athero_human_13.txt.gz","Plate_589s_K19","asymptomatic","vsmc",-0.130024655722464,12
"GSM8121906_athero_human_13.txt.gz","Plate_589s_K20","asymptomatic","fibroblast",0.48341906802922,12
"GSM8121906_athero_human_13.txt.gz","Plate_589s_K21","asymptomatic","macrophage",1.81988096053945,12
"GSM8121906_athero_human_13.txt.gz","Plate_589s_K22","asymptomatic","macrophage",1.65980307443173,12
"GSM8121906_athero_human_13.txt.gz","Plate_589s_K23","asymptomatic","macrophage",-0.175503841661944,12
"GSM8121906_athero_human_13.txt.gz","Plate_589s_K24","asymptomatic","b_cell",-0.122311708141022,12
"GSM8121906_athero_human_13.txt.gz","Plate_589s_L01","asymptomatic","fibroblast",0.096812473037611,12
"GSM8121906_athero_human_13.txt.gz","Plate_589s_L04","asymptomatic","macrophage",-0.300601875480215,12
"GSM8121906_athero_human_13.txt.gz","Plate_589s_L05","asymptomatic","fibroblast",0.169957201749747,12
"GSM8121906_athero_human_13.txt.gz","Plate_589s_L06","asymptomatic","vsmc",-0.3660390406268,12
"GSM8121906_athero_human_13.txt.gz","Plate_589s_L07","asymptomatic","macrophage",0.765835523392666,12
"GSM8121906_athero_human_13.txt.gz","Plate_589s_L08","asymptomatic","macrophage",1.21351353776763,12
"GSM8121906_athero_human_13.txt.gz","Plate_589s_L09","asymptomatic","vsmc",-0.0615495777090282,12
"GSM8121906_athero_human_13.txt.gz","Plate_589s_L10","asymptomatic","fibroblast",-0.209261251319416,12
"GSM8121906_athero_human_13.txt.gz","Plate_589s_L11","asymptomatic","fibroblast",-0.00443120365963116,12
"GSM8121906_athero_human_13.txt.gz","Plate_589s_L12","asymptomatic","macrophage",-0.344076220542054,12
"GSM8121906_athero_human_13.txt.gz","Plate_589s_L13","asymptomatic","vsmc",-0.134361240644588,12
"GSM8121906_athero_human_13.txt.gz","Plate_589s_L14","asymptomatic","fibroblast",0.0291614982947223,12
"GSM8121906_athero_human_13.txt.gz","Plate_589s_L15","asymptomatic","endothelial",-0.134022030215681,12
"GSM8121906_athero_human_13.txt.gz","Plate_589s_L16","asymptomatic","fibroblast",0.123622184093261,12
"GSM8121906_athero_human_13.txt.gz","Plate_589s_L17","asymptomatic","unassigned",-0.146429033014569,12
"GSM8121906_athero_human_13.txt.gz","Plate_589s_L19","asymptomatic","macrophage",1.02947709926456,12
"GSM8121906_athero_human_13.txt.gz","Plate_589s_L22","asymptomatic","vsmc",-0.306892011204804,12
"GSM8121906_athero_human_13.txt.gz","Plate_589s_L23","asymptomatic","fibroblast",-0.0690674446974759,12
"GSM8121906_athero_human_13.txt.gz","Plate_589s_L24","asymptomatic","fibroblast",-0.124283922588107,12
"GSM8121906_athero_human_13.txt.gz","Plate_589s_M01","asymptomatic","endothelial",-0.364582712994792,12
"GSM8121906_athero_human_13.txt.gz","Plate_589s_M03","asymptomatic","fibroblast",0.24375402005926,12
"GSM8121906_athero_human_13.txt.gz","Plate_589s_M04","asymptomatic","vsmc",-0.185004356417909,12
"GSM8121906_athero_human_13.txt.gz","Plate_589s_M05","asymptomatic","vsmc",-0.337327469045697,12
"GSM8121906_athero_human_13.txt.gz","Plate_589s_M06","asymptomatic","vsmc",-0.159018654431906,12
"GSM8121906_athero_human_13.txt.gz","Plate_589s_M08","asymptomatic","fibroblast",-0.218441596717156,12
"GSM8121906_athero_human_13.txt.gz","Plate_589s_M09","asymptomatic","vsmc",0.0613316304201453,12
"GSM8121906_athero_human_13.txt.gz","Plate_589s_M10","asymptomatic","vsmc",-0.0238328068706133,12
"GSM8121906_athero_human_13.txt.gz","Plate_589s_M12","asymptomatic","fibroblast",0.308758629382825,12
"GSM8121906_athero_human_13.txt.gz","Plate_589s_M13","asymptomatic","fibroblast",0.145981277737117,12
"GSM8121906_athero_human_13.txt.gz","Plate_589s_M14","asymptomatic","macrophage",-0.0251374625926822,12
"GSM8121906_athero_human_13.txt.gz","Plate_589s_M15","asymptomatic","macrophage",-0.0274133329114506,12
"GSM8121906_athero_human_13.txt.gz","Plate_589s_M16","asymptomatic","fibroblast",0.151251563656792,12
"GSM8121906_athero_human_13.txt.gz","Plate_589s_M17","asymptomatic","macrophage",0.856783198768106,12
"GSM8121906_athero_human_13.txt.gz","Plate_589s_M19","asymptomatic","fibroblast",0.354366236428229,12
"GSM8121906_athero_human_13.txt.gz","Plate_589s_M22","asymptomatic","fibroblast",0.101138993684397,12
"GSM8121906_athero_human_13.txt.gz","Plate_589s_M23","asymptomatic","vsmc",-0.197773175108833,12
"GSM8121906_athero_human_13.txt.gz","Plate_589s_M24","asymptomatic","vsmc",-0.288711265923435,12
"GSM8121906_athero_human_13.txt.gz","Plate_589s_N01","asymptomatic","vsmc",-0.20597220354795,12
"GSM8121906_athero_human_13.txt.gz","Plate_589s_N02","asymptomatic","fibroblast",0.108371939466825,12
"GSM8121906_athero_human_13.txt.gz","Plate_589s_N03","asymptomatic","macrophage",-0.140786843265422,12
"GSM8121906_athero_human_13.txt.gz","Plate_589s_N04","asymptomatic","vsmc",-0.201500135190229,12
"GSM8121906_athero_human_13.txt.gz","Plate_589s_N05","asymptomatic","unassigned",0.570660336290566,12
"GSM8121906_athero_human_13.txt.gz","Plate_589s_N06","asymptomatic","vsmc",-0.194339763522142,12
"GSM8121906_athero_human_13.txt.gz","Plate_589s_N07","asymptomatic","fibroblast",0.254800737323756,12
"GSM8121906_athero_human_13.txt.gz","Plate_589s_N08","asymptomatic","vsmc",-0.243558769517934,12
"GSM8121906_athero_human_13.txt.gz","Plate_589s_N09","asymptomatic","macrophage",1.22593798108434,12
"GSM8121906_athero_human_13.txt.gz","Plate_599s_A02","asymptomatic","vsmc",-0.22610263012127,12
"GSM8121906_athero_human_13.txt.gz","Plate_599s_A03","asymptomatic","macrophage",0.11267034669969,12
"GSM8121906_athero_human_13.txt.gz","Plate_599s_A04","asymptomatic","unassigned",-0.439670296412266,12
"GSM8121906_athero_human_13.txt.gz","Plate_599s_A05","asymptomatic","fibroblast",-0.0855578813158927,12
"GSM8121906_athero_human_13.txt.gz","Plate_599s_A06","asymptomatic","vsmc",-0.283738819752954,12
"GSM8121906_athero_human_13.txt.gz","Plate_599s_A07","asymptomatic","vsmc",-0.479948416475503,12
"GSM8121906_athero_human_13.txt.gz","Plate_599s_A09","asymptomatic","fibroblast",-0.454219476679557,12
"GSM8121906_athero_human_13.txt.gz","Plate_599s_A10","asymptomatic","vsmc",-0.491948514515908,12
"GSM8121906_athero_human_13.txt.gz","Plate_599s_A11","asymptomatic","macrophage",-0.449414425607498,12
"GSM8121906_athero_human_13.txt.gz","Plate_599s_A12","asymptomatic","macrophage",0.152000235294202,12
"GSM8121906_athero_human_13.txt.gz","Plate_599s_A14","asymptomatic","macrophage",0.733461786752061,12
"GSM8121906_athero_human_13.txt.gz","Plate_599s_A15","asymptomatic","vsmc",-0.19857623292351,12
"GSM8121906_athero_human_13.txt.gz","Plate_599s_A16","asymptomatic","vsmc",-0.0744869352685967,12
"GSM8121906_athero_human_13.txt.gz","Plate_599s_A17","asymptomatic","fibroblast",0.601695731142198,12
"GSM8121906_athero_human_13.txt.gz","Plate_599s_A18","asymptomatic","fibroblast",0.420867596133208,12
"GSM8121906_athero_human_13.txt.gz","Plate_599s_A19","asymptomatic","macrophage",0.116017123556193,12
"GSM8121906_athero_human_13.txt.gz","Plate_599s_A20","asymptomatic","vsmc",-0.0605552118102936,12
"GSM8121906_athero_human_13.txt.gz","Plate_599s_A21","asymptomatic","vsmc",-0.407383992368791,12
"GSM8121906_athero_human_13.txt.gz","Plate_599s_A22","asymptomatic","vsmc",-0.355888039870585,12
"GSM8121906_athero_human_13.txt.gz","Plate_599s_A23","asymptomatic","vsmc",-0.146784553347329,12
"GSM8121906_athero_human_13.txt.gz","Plate_599s_A24","asymptomatic","macrophage",1.16612336685547,12
"GSM8121906_athero_human_13.txt.gz","Plate_599s_B01","asymptomatic","unassigned",0.0867429623337188,12
"GSM8121906_athero_human_13.txt.gz","Plate_599s_B02","asymptomatic","macrophage",0.325089449736041,12
"GSM8121906_athero_human_13.txt.gz","Plate_599s_B05","asymptomatic","vsmc",-0.364627418521253,12
"GSM8121906_athero_human_13.txt.gz","Plate_599s_B06","asymptomatic","t_nk",0.088318322187356,12
"GSM8121906_athero_human_13.txt.gz","Plate_599s_B09","asymptomatic","vsmc",-0.0990758645786211,12
"GSM8121906_athero_human_13.txt.gz","Plate_599s_B10","asymptomatic","macrophage",0.0232272174690019,12
"GSM8121906_athero_human_13.txt.gz","Plate_599s_B11","asymptomatic","fibroblast",0.483065229500826,12
"GSM8121906_athero_human_13.txt.gz","Plate_599s_B12","asymptomatic","vsmc",0.0133902823283134,12
"GSM8121906_athero_human_13.txt.gz","Plate_599s_B14","asymptomatic","macrophage",-0.30678794809344,12
"GSM8121906_athero_human_13.txt.gz","Plate_599s_B16","asymptomatic","vsmc",0.0933861672279664,12
"GSM8121906_athero_human_13.txt.gz","Plate_599s_B17","asymptomatic","macrophage",0.952461783566645,12
"GSM8121906_athero_human_13.txt.gz","Plate_599s_B18","asymptomatic","macrophage",1.54395580644287,12
"GSM8121906_athero_human_13.txt.gz","Plate_599s_B20","asymptomatic","endothelial",-0.192021227240666,12
"GSM8121906_athero_human_13.txt.gz","Plate_599s_B21","asymptomatic","fibroblast",-0.0422317277781122,12
"GSM8121906_athero_human_13.txt.gz","Plate_599s_B22","asymptomatic","vsmc",-0.138525246906971,12
"GSM8121906_athero_human_13.txt.gz","Plate_599s_B23","asymptomatic","macrophage",0.207404578442591,12
"GSM8121906_athero_human_13.txt.gz","Plate_599s_B24","asymptomatic","fibroblast",0.219821422271493,12
"GSM8121906_athero_human_13.txt.gz","Plate_599s_C01","asymptomatic","mast",0.117066604622219,12
"GSM8121906_athero_human_13.txt.gz","Plate_599s_C02","asymptomatic","endothelial",-0.408327021515905,12
"GSM8121906_athero_human_13.txt.gz","Plate_599s_C03","asymptomatic","t_nk",0.174974285238185,12
"GSM8121906_athero_human_13.txt.gz","Plate_599s_C04","asymptomatic","b_cell",-0.260303076379592,12
"GSM8121906_athero_human_13.txt.gz","Plate_599s_C05","asymptomatic","macrophage",0.695577932277469,12
"GSM8121906_athero_human_13.txt.gz","Plate_599s_C06","asymptomatic","fibroblast",0.0726502224149856,12
"GSM8121906_athero_human_13.txt.gz","Plate_599s_C07","asymptomatic","macrophage",-0.35574887524758,12
"GSM8121906_athero_human_13.txt.gz","Plate_599s_C09","asymptomatic","macrophage",-0.163854797730765,12
"GSM8121906_athero_human_13.txt.gz","Plate_599s_C10","asymptomatic","vsmc",-0.125158921257057,12
"GSM8121906_athero_human_13.txt.gz","Plate_599s_C12","asymptomatic","macrophage",-0.0112438820990681,12
"GSM8121906_athero_human_13.txt.gz","Plate_599s_C15","asymptomatic","macrophage",1.39403475954163,12
"GSM8121906_athero_human_13.txt.gz","Plate_599s_C16","asymptomatic","t_nk",0.129712252826624,12
"GSM8121906_athero_human_13.txt.gz","Plate_599s_C18","asymptomatic","fibroblast",0.207339569110967,12
"GSM8121906_athero_human_13.txt.gz","Plate_599s_C19","asymptomatic","vsmc",-0.277170081212103,12
"GSM8121906_athero_human_13.txt.gz","Plate_599s_C21","asymptomatic","vsmc",-0.336505268275805,12
"GSM8121906_athero_human_13.txt.gz","Plate_599s_C22","asymptomatic","vsmc",0.0874326566072863,12
"GSM8121906_athero_human_13.txt.gz","Plate_599s_C23","asymptomatic","vsmc",-0.340196082003705,12
"GSM8121906_athero_human_13.txt.gz","Plate_599s_C24","asymptomatic","unassigned",0.0449478187895202,12
"GSM8121906_athero_human_13.txt.gz","Plate_599s_D01","asymptomatic","t_nk",0.337886462213158,12
"GSM8121906_athero_human_13.txt.gz","Plate_599s_D02","asymptomatic","b_cell",-0.134436689870545,12
"GSM8121906_athero_human_13.txt.gz","Plate_599s_D04","asymptomatic","b_cell",-0.0463823945423366,12
"GSM8121906_athero_human_13.txt.gz","Plate_599s_D05","asymptomatic","vsmc",-0.364872069866011,12
"GSM8121906_athero_human_13.txt.gz","Plate_599s_D06","asymptomatic","vsmc",-0.249966066233366,12
"GSM8121906_athero_human_13.txt.gz","Plate_599s_D07","asymptomatic","macrophage",1.57267312183123,12
"GSM8121906_athero_human_13.txt.gz","Plate_599s_D09","asymptomatic","fibroblast",0.350277830615341,12
"GSM8121906_athero_human_13.txt.gz","Plate_599s_D10","asymptomatic","vsmc",-0.27064762518858,12
"GSM8121906_athero_human_13.txt.gz","Plate_599s_D11","asymptomatic","vsmc",-0.26524189064115,12
"GSM8121906_athero_human_13.txt.gz","Plate_599s_D12","asymptomatic","b_cell",0.13108958596879,12
"GSM8121906_athero_human_13.txt.gz","Plate_599s_D13","asymptomatic","b_cell",-0.232786876616701,12
"GSM8121906_athero_human_13.txt.gz","Plate_599s_D14","asymptomatic","t_nk",0.345395210058587,12
"GSM8121906_athero_human_13.txt.gz","Plate_599s_D15","asymptomatic","macrophage",0.700459422975058,12
"GSM8121906_athero_human_13.txt.gz","Plate_599s_D17","asymptomatic","fibroblast",-0.163833425539753,12
"GSM8121906_athero_human_13.txt.gz","Plate_599s_D18","asymptomatic","b_cell",0.259377311749642,12
"GSM8121906_athero_human_13.txt.gz","Plate_599s_D19","asymptomatic","macrophage",-0.0343032206005329,12
"GSM8121906_athero_human_13.txt.gz","Plate_599s_D22","asymptomatic","fibroblast",-0.455082761137728,12
"GSM8121906_athero_human_13.txt.gz","Plate_599s_D23","asymptomatic","unassigned",-0.313937762603941,12
"GSM8121906_athero_human_13.txt.gz","Plate_599s_D24","asymptomatic","b_cell",-0.461956495205825,12
"GSM8121906_athero_human_13.txt.gz","Plate_599s_E02","asymptomatic","fibroblast",-0.072937986488278,12
"GSM8121906_athero_human_13.txt.gz","Plate_599s_E03","asymptomatic","vsmc",0.0468320923974287,12
"GSM8121906_athero_human_13.txt.gz","Plate_599s_E04","asymptomatic","b_cell",-0.179099342073618,12
"GSM8121906_athero_human_13.txt.gz","Plate_599s_E05","asymptomatic","endothelial",-0.0612947122802689,12
"GSM8121906_athero_human_13.txt.gz","Plate_599s_E06","asymptomatic","fibroblast",-0.315480609187228,12
"GSM8121906_athero_human_13.txt.gz","Plate_599s_E07","asymptomatic","macrophage",-0.37079925135213,12
"GSM8121906_athero_human_13.txt.gz","Plate_599s_E09","asymptomatic","unassigned",0.11614480064769,12
"GSM8121906_athero_human_13.txt.gz","Plate_599s_E10","asymptomatic","unassigned",0.0431112796801593,12
"GSM8121906_athero_human_13.txt.gz","Plate_599s_E11","asymptomatic","macrophage",-0.045179553369757,12
"GSM8121906_athero_human_13.txt.gz","Plate_599s_E13","asymptomatic","vsmc",-0.327075064296412,12
"GSM8121906_athero_human_13.txt.gz","Plate_599s_E15","asymptomatic","endothelial",-0.423955011339997,12
"GSM8121906_athero_human_13.txt.gz","Plate_599s_E16","asymptomatic","vsmc",-0.334315933494316,12
"GSM8121906_athero_human_13.txt.gz","Plate_599s_E17","asymptomatic","macrophage",-0.164105049347952,12
"GSM8121906_athero_human_13.txt.gz","Plate_599s_E18","asymptomatic","mast",0.207111483681353,12
"GSM8121906_athero_human_13.txt.gz","Plate_599s_E19","asymptomatic","unassigned",-0.384022007687484,12
"GSM8121906_athero_human_13.txt.gz","Plate_599s_E20","asymptomatic","unassigned",-0.0888848730172378,12
"GSM8121906_athero_human_13.txt.gz","Plate_599s_E21","asymptomatic","fibroblast",-0.205453325765895,12
"GSM8121906_athero_human_13.txt.gz","Plate_599s_E22","asymptomatic","macrophage",0.214298940790549,12
"GSM8121906_athero_human_13.txt.gz","Plate_599s_E23","asymptomatic","macrophage",0.14570804185376,12
"GSM8121906_athero_human_13.txt.gz","Plate_599s_F01","asymptomatic","mast",-0.0351873410226655,12
"GSM8121906_athero_human_13.txt.gz","Plate_599s_F05","asymptomatic","vsmc",-0.210931112501319,12
"GSM8121906_athero_human_13.txt.gz","Plate_599s_F06","asymptomatic","endothelial",-0.214225610634164,12
"GSM8121906_athero_human_13.txt.gz","Plate_599s_F10","asymptomatic","macrophage",0.0435436242224712,12
"GSM8121906_athero_human_13.txt.gz","Plate_599s_F12","asymptomatic","macrophage",0.234317148424354,12
"GSM8121906_athero_human_13.txt.gz","Plate_599s_F15","asymptomatic","fibroblast",-0.280758678896818,12
"GSM8121906_athero_human_13.txt.gz","Plate_599s_F16","asymptomatic","macrophage",0.374528981769465,12
"GSM8121906_athero_human_13.txt.gz","Plate_599s_F17","asymptomatic","fibroblast",-0.0773720887011835,12
"GSM8121906_athero_human_13.txt.gz","Plate_599s_F18","asymptomatic","fibroblast",-0.0412005783061927,12
"GSM8121906_athero_human_13.txt.gz","Plate_599s_F22","asymptomatic","vsmc",-0.12881549703276,12
"GSM8121906_athero_human_13.txt.gz","Plate_599s_G01","asymptomatic","mast",0.00789341359973017,12
"GSM8121906_athero_human_13.txt.gz","Plate_599s_G02","asymptomatic","macrophage",0.524033597454636,12
"GSM8121906_athero_human_13.txt.gz","Plate_599s_G03","asymptomatic","vsmc",-0.469391032993279,12
"GSM8121906_athero_human_13.txt.gz","Plate_599s_G04","asymptomatic","b_cell",-0.153867177320204,12
"GSM8121906_athero_human_13.txt.gz","Plate_599s_G06","asymptomatic","unassigned",-0.0647616020997486,12
"GSM8121906_athero_human_13.txt.gz","Plate_599s_G07","asymptomatic","macrophage",0.133450440303519,12
"GSM8121906_athero_human_13.txt.gz","Plate_599s_G09","asymptomatic","macrophage",0.165173364144696,12
"GSM8121906_athero_human_13.txt.gz","Plate_599s_G10","asymptomatic","b_cell",0.495099610759127,12
"GSM8121906_athero_human_13.txt.gz","Plate_599s_G11","asymptomatic","macrophage",-0.0926821902296056,12
"GSM8121906_athero_human_13.txt.gz","Plate_599s_G12","asymptomatic","vsmc",-0.324371939954534,12
"GSM8121906_athero_human_13.txt.gz","Plate_599s_G14","asymptomatic","vsmc",-0.211614087299731,12
"GSM8121906_athero_human_13.txt.gz","Plate_599s_G16","asymptomatic","macrophage",-0.124926656055568,12
"GSM8121906_athero_human_13.txt.gz","Plate_599s_G17","asymptomatic","vsmc",-0.307659970528621,12
"GSM8121906_athero_human_13.txt.gz","Plate_599s_G18","asymptomatic","vsmc",-0.304098656084648,12
"GSM8121906_athero_human_13.txt.gz","Plate_599s_G19","asymptomatic","fibroblast",-0.0759418588989712,12
"GSM8121906_athero_human_13.txt.gz","Plate_599s_G23","asymptomatic","macrophage",-0.0766369686917529,12
"GSM8121906_athero_human_13.txt.gz","Plate_599s_G24","asymptomatic","unassigned",1.20186631332963,12
"GSM8121906_athero_human_13.txt.gz","Plate_599s_H02","asymptomatic","vsmc",-0.299958699329829,12
"GSM8121906_athero_human_13.txt.gz","Plate_599s_H03","asymptomatic","macrophage",-0.0331502222807976,12
"GSM8121906_athero_human_13.txt.gz","Plate_599s_H04","asymptomatic","b_cell",-0.495095838357364,12
"GSM8121906_athero_human_13.txt.gz","Plate_599s_H05","asymptomatic","b_cell",-0.0521680761315826,12
"GSM8121906_athero_human_13.txt.gz","Plate_599s_H07","asymptomatic","macrophage",-0.249868435312452,12
"GSM8121906_athero_human_13.txt.gz","Plate_599s_H10","asymptomatic","b_cell",-0.436970431465777,12
"GSM8121906_athero_human_13.txt.gz","Plate_599s_H13","asymptomatic","macrophage",0.981010577057464,12
"GSM8121906_athero_human_13.txt.gz","Plate_599s_H14","asymptomatic","unassigned",-0.414397301858104,12
"GSM8121906_athero_human_13.txt.gz","Plate_599s_H16","asymptomatic","unassigned",-0.150561843412121,12
"GSM8121906_athero_human_13.txt.gz","Plate_599s_H17","asymptomatic","macrophage",0.440687597255476,12
"GSM8121906_athero_human_13.txt.gz","Plate_599s_H18","asymptomatic","b_cell",-0.117837285820131,12
"GSM8121906_athero_human_13.txt.gz","Plate_599s_H23","asymptomatic","macrophage",1.21442735166148,12
"GSM8121906_athero_human_13.txt.gz","Plate_599s_I01","asymptomatic","macrophage",-0.0664105411402553,12
"GSM8121906_athero_human_13.txt.gz","Plate_599s_I03","asymptomatic","macrophage",-0.287431108958668,12
"GSM8121906_athero_human_13.txt.gz","Plate_599s_I04","asymptomatic","macrophage",-0.196027344189073,12
"GSM8121906_athero_human_13.txt.gz","Plate_599s_I05","asymptomatic","vsmc",-0.300787417568255,12
"GSM8121906_athero_human_13.txt.gz","Plate_599s_I07","asymptomatic","macrophage",0.441807871284007,12
"GSM8121906_athero_human_13.txt.gz","Plate_599s_I09","asymptomatic","vsmc",-0.0829288293206829,12
"GSM8121906_athero_human_13.txt.gz","Plate_599s_I10","asymptomatic","vsmc",-0.47104334143373,12
"GSM8121906_athero_human_13.txt.gz","Plate_599s_I12","asymptomatic","vsmc",-0.00461137274145189,12
"GSM8121906_athero_human_13.txt.gz","Plate_599s_I14","asymptomatic","macrophage",-0.219951926956765,12
"GSM8121906_athero_human_13.txt.gz","Plate_599s_I15","asymptomatic","vsmc",-0.243048011294515,12
"GSM8121906_athero_human_13.txt.gz","Plate_599s_I16","asymptomatic","vsmc",-0.0790806497454762,12
"GSM8121906_athero_human_13.txt.gz","Plate_599s_I17","asymptomatic","macrophage",-0.253924752030107,12
"GSM8121906_athero_human_13.txt.gz","Plate_599s_I18","asymptomatic","fibroblast",0.101638555688791,12
"GSM8121906_athero_human_13.txt.gz","Plate_599s_I19","asymptomatic","unassigned",-0.122590544646944,12
"GSM8121906_athero_human_13.txt.gz","Plate_599s_I20","asymptomatic","fibroblast",0.204798403974198,12
"GSM8121906_athero_human_13.txt.gz","Plate_599s_I22","asymptomatic","fibroblast",-0.0962517424637656,12
"GSM8121906_athero_human_13.txt.gz","Plate_599s_I23","asymptomatic","t_nk",0.613061254725693,12
"GSM8121906_athero_human_13.txt.gz","Plate_599s_I24","asymptomatic","vsmc",-0.284257998600172,12
"GSM8121906_athero_human_13.txt.gz","Plate_599s_J01","asymptomatic","t_nk",0.399892821195544,12
"GSM8121906_athero_human_13.txt.gz","Plate_599s_J02","asymptomatic","vsmc",-0.186513438103121,12
"GSM8121906_athero_human_13.txt.gz","Plate_599s_J03","asymptomatic","vsmc",-0.0957439804355684,12
"GSM8121906_athero_human_13.txt.gz","Plate_599s_J04","asymptomatic","b_cell",-0.374233708645561,12
"GSM8121906_athero_human_13.txt.gz","Plate_599s_J07","asymptomatic","vsmc",-0.163493559891266,12
"GSM8121906_athero_human_13.txt.gz","Plate_599s_J09","asymptomatic","unassigned",0.380254891954713,12
"GSM8121906_athero_human_13.txt.gz","Plate_599s_J11","asymptomatic","mast",0.167324573510266,12
"GSM8121906_athero_human_13.txt.gz","Plate_599s_J12","asymptomatic","macrophage",1.60734367189255,12
"GSM8121906_athero_human_13.txt.gz","Plate_599s_J13","asymptomatic","vsmc",-0.164298645350217,12
"GSM8121906_athero_human_13.txt.gz","Plate_599s_J14","asymptomatic","macrophage",1.50632334577356,12
"GSM8121906_athero_human_13.txt.gz","Plate_599s_J15","asymptomatic","unassigned",-0.237748370595638,12
"GSM8121906_athero_human_13.txt.gz","Plate_599s_J16","asymptomatic","mast",0.0167921045379324,12
"GSM8121906_athero_human_13.txt.gz","Plate_599s_J17","asymptomatic","macrophage",-0.224946216800294,12
"GSM8121906_athero_human_13.txt.gz","Plate_599s_J18","asymptomatic","mast",-0.263231651373007,12
"GSM8121906_athero_human_13.txt.gz","Plate_599s_J19","asymptomatic","mast",-0.301814688336294,12
"GSM8121906_athero_human_13.txt.gz","Plate_599s_J20","asymptomatic","t_nk",-0.355866509586008,12
"GSM8121906_athero_human_13.txt.gz","Plate_599s_J21","asymptomatic","vsmc",-0.0694313424842591,12
"GSM8121906_athero_human_13.txt.gz","Plate_599s_J22","asymptomatic","vsmc",-0.0605961618745459,12
"GSM8121906_athero_human_13.txt.gz","Plate_599s_J23","asymptomatic","fibroblast",0.487633902723349,12
"GSM8121906_athero_human_13.txt.gz","Plate_599s_J24","asymptomatic","vsmc",-0.143595270233919,12
"GSM8121906_athero_human_13.txt.gz","Plate_599s_K01","asymptomatic","fibroblast",0.229623237955944,12
"GSM8121906_athero_human_13.txt.gz","Plate_599s_K02","asymptomatic","macrophage",0.159814897242462,12
"GSM8121906_athero_human_13.txt.gz","Plate_599s_K03","asymptomatic","vsmc",-0.0401162684760241,12
"GSM8121906_athero_human_13.txt.gz","Plate_599s_K05","asymptomatic","macrophage",1.62237029008375,12
"GSM8121906_athero_human_13.txt.gz","Plate_599s_K07","asymptomatic","macrophage",-0.0377938019293571,12
"GSM8121906_athero_human_13.txt.gz","Plate_599s_K09","asymptomatic","fibroblast",-0.41895512073333,12
"GSM8121906_athero_human_13.txt.gz","Plate_599s_K10","asymptomatic","vsmc",-0.453494180703568,12
"GSM8121906_athero_human_13.txt.gz","Plate_599s_K11","asymptomatic","macrophage",-0.0272007001995962,12
"GSM8121906_athero_human_13.txt.gz","Plate_599s_K12","asymptomatic","fibroblast",-0.308712778382615,12
"GSM8121906_athero_human_13.txt.gz","Plate_599s_K13","asymptomatic","endothelial",-0.368586348640174,12
"GSM8121906_athero_human_13.txt.gz","Plate_599s_K14","asymptomatic","fibroblast",0.0191283546143567,12
"GSM8121906_athero_human_13.txt.gz","Plate_599s_K15","asymptomatic","fibroblast",-0.258684484708153,12
"GSM8121906_athero_human_13.txt.gz","Plate_599s_K16","asymptomatic","vsmc",-0.00659493966083695,12
"GSM8121906_athero_human_13.txt.gz","Plate_599s_K17","asymptomatic","macrophage",0.102545622368315,12
"GSM8121906_athero_human_13.txt.gz","Plate_599s_K18","asymptomatic","vsmc",0.203963683105217,12
"GSM8121906_athero_human_13.txt.gz","Plate_599s_K19","asymptomatic","macrophage",1.48841807055467,12
"GSM8121906_athero_human_13.txt.gz","Plate_599s_K20","asymptomatic","fibroblast",-0.432044087651387,12
"GSM8121906_athero_human_13.txt.gz","Plate_599s_K21","asymptomatic","macrophage",-0.402205724513504,12
"GSM8121906_athero_human_13.txt.gz","Plate_599s_K24","asymptomatic","macrophage",1.00553571800553,12
"GSM8121906_athero_human_13.txt.gz","Plate_599s_L02","asymptomatic","macrophage",-0.134086756381083,12
"GSM8121906_athero_human_13.txt.gz","Plate_599s_L04","asymptomatic","endothelial",-0.343606274771316,12
"GSM8121906_athero_human_13.txt.gz","Plate_599s_L05","asymptomatic","macrophage",0.231746407037054,12
"GSM8121906_athero_human_13.txt.gz","Plate_599s_L07","asymptomatic","macrophage",0.0315899135048885,12
"GSM8121906_athero_human_13.txt.gz","Plate_599s_L09","asymptomatic","t_nk",0.0425378785542904,12
"GSM8121906_athero_human_13.txt.gz","Plate_599s_L10","asymptomatic","macrophage",-0.240219813816165,12
"GSM8121906_athero_human_13.txt.gz","Plate_599s_L12","asymptomatic","macrophage",-0.352993406838353,12
"GSM8121906_athero_human_13.txt.gz","Plate_599s_L13","asymptomatic","fibroblast",0.30055561906454,12
"GSM8121906_athero_human_13.txt.gz","Plate_599s_L14","asymptomatic","vsmc",-0.156961108145278,12
"GSM8121906_athero_human_13.txt.gz","Plate_599s_L15","asymptomatic","endothelial",-0.00157085988978882,12
"GSM8121906_athero_human_13.txt.gz","Plate_599s_L16","asymptomatic","macrophage",0.205496895626841,12
"GSM8121906_athero_human_13.txt.gz","Plate_599s_L17","asymptomatic","macrophage",-0.340190223878859,12
"GSM8121906_athero_human_13.txt.gz","Plate_599s_L18","asymptomatic","macrophage",1.02271859734452,12
"GSM8121906_athero_human_13.txt.gz","Plate_599s_L19","asymptomatic","unassigned",-0.144394909899619,12
"GSM8121906_athero_human_13.txt.gz","Plate_599s_L20","asymptomatic","macrophage",-0.254197952828854,12
"GSM8121906_athero_human_13.txt.gz","Plate_599s_L21","asymptomatic","vsmc",-0.494312134612397,12
"GSM8121906_athero_human_13.txt.gz","Plate_599s_L22","asymptomatic","fibroblast",0.399534120826608,12
"GSM8121906_athero_human_13.txt.gz","Plate_599s_L23","asymptomatic","vsmc",-0.294845982971652,12
"GSM8121906_athero_human_13.txt.gz","Plate_599s_M02","asymptomatic","unassigned",-0.250419394515774,12
"GSM8121906_athero_human_13.txt.gz","Plate_599s_M03","asymptomatic","b_cell",-0.427924647732756,12
"GSM8121906_athero_human_13.txt.gz","Plate_599s_M04","asymptomatic","b_cell",-0.359534098421601,12
"GSM8121906_athero_human_13.txt.gz","Plate_599s_M05","asymptomatic","fibroblast",-0.160051761635275,12
"GSM8121906_athero_human_13.txt.gz","Plate_599s_M06","asymptomatic","t_nk",0.333194500751585,12
"GSM8121906_athero_human_13.txt.gz","Plate_599s_M07","asymptomatic","macrophage",0.0886976283115997,12
"GSM8121906_athero_human_13.txt.gz","Plate_599s_M09","asymptomatic","fibroblast",0.085646351572927,12
"GSM8121906_athero_human_13.txt.gz","Plate_599s_M10","asymptomatic","fibroblast",-0.156571815477599,12
"GSM8121906_athero_human_13.txt.gz","Plate_599s_M11","asymptomatic","macrophage",0.233519763400942,12
"GSM8121906_athero_human_13.txt.gz","Plate_599s_M12","asymptomatic","fibroblast",0.331811776945159,12
"GSM8121906_athero_human_13.txt.gz","Plate_599s_M14","asymptomatic","vsmc",-0.452931100412311,12
"GSM8121906_athero_human_13.txt.gz","Plate_599s_M15","asymptomatic","vsmc",-0.311848839934582,12
"GSM8121906_athero_human_13.txt.gz","Plate_599s_M16","asymptomatic","fibroblast",-0.113919436422353,12
"GSM8121906_athero_human_13.txt.gz","Plate_599s_M17","asymptomatic","macrophage",-0.240212185740227,12
"GSM8121906_athero_human_13.txt.gz","Plate_599s_M18","asymptomatic","mast",-0.210773427898901,12
"GSM8121906_athero_human_13.txt.gz","Plate_599s_M19","asymptomatic","vsmc",0.0334294317497682,12
"GSM8121906_athero_human_13.txt.gz","Plate_599s_M20","asymptomatic","unassigned",-0.105242138953773,12
"GSM8121906_athero_human_13.txt.gz","Plate_599s_M21","asymptomatic","macrophage",-0.266865170919385,12
"GSM8121906_athero_human_13.txt.gz","Plate_599s_M22","asymptomatic","vsmc",-0.494088621754186,12
"GSM8121906_athero_human_13.txt.gz","Plate_599s_M23","asymptomatic","vsmc",-0.366254151318288,12
"GSM8121906_athero_human_13.txt.gz","Plate_599s_M24","asymptomatic","vsmc",-0.0173607045453501,12
"GSM8121906_athero_human_13.txt.gz","Plate_599s_N01","asymptomatic","macrophage",0.414463979462753,12
"GSM8121906_athero_human_13.txt.gz","Plate_599s_N02","asymptomatic","endothelial",0.782047036327298,12
"GSM8121906_athero_human_13.txt.gz","Plate_599s_N03","asymptomatic","macrophage",0.495872785702787,12
"GSM8121906_athero_human_13.txt.gz","Plate_599s_N04","asymptomatic","unassigned",-0.138914500357816,12
"GSM8121906_athero_human_13.txt.gz","Plate_599s_N05","asymptomatic","macrophage",0.855496310114191,12
"GSM8121906_athero_human_13.txt.gz","Plate_599s_N06","asymptomatic","fibroblast",-0.218652997436543,12
"GSM8121906_athero_human_13.txt.gz","Plate_599s_N09","asymptomatic","vsmc",-0.252243321478677,12
"GSM8121906_athero_human_13.txt.gz","Plate_599s_N10","asymptomatic","vsmc",-0.38152012087616,12
"GSM8121906_athero_human_13.txt.gz","Plate_599s_N11","asymptomatic","macrophage",-0.294023790645458,12
"GSM8121906_athero_human_13.txt.gz","Plate_599s_N12","asymptomatic","macrophage",-0.20996194139156,12
"GSM8121906_athero_human_13.txt.gz","Plate_599s_N14","asymptomatic","macrophage",0.0558226823122564,12
"GSM8121906_athero_human_13.txt.gz","Plate_599s_N15","asymptomatic","vsmc",-0.276521684338073,12
"GSM8121906_athero_human_13.txt.gz","Plate_599s_N16","asymptomatic","macrophage",0.173895723703024,12
"GSM8121906_athero_human_13.txt.gz","Plate_599s_N17","asymptomatic","macrophage",0.292571278749874,12
"GSM8121906_athero_human_13.txt.gz","Plate_599s_N18","asymptomatic","unassigned",-0.126813376346692,12
"GSM8121906_athero_human_13.txt.gz","Plate_599s_N19","asymptomatic","vsmc",-0.480026768119508,12
"GSM8121906_athero_human_13.txt.gz","Plate_599s_N21","asymptomatic","vsmc",-0.358075467594464,12
"GSM8121906_athero_human_13.txt.gz","Plate_599s_N22","asymptomatic","macrophage",-0.163979625826835,12
"GSM8121906_athero_human_13.txt.gz","Plate_599s_N24","asymptomatic","endothelial",-0.247103521416819,12
"GSM8121906_athero_human_13.txt.gz","Plate_599s_O03","asymptomatic","fibroblast",0.219817681993477,12
"GSM8121906_athero_human_13.txt.gz","Plate_599s_O05","asymptomatic","macrophage",-0.391270873445662,12
"GSM8121906_athero_human_13.txt.gz","Plate_599s_O07","asymptomatic","macrophage",0.0715615543556936,12
"GSM8121906_athero_human_13.txt.gz","Plate_599s_O09","asymptomatic","mast",-0.132973680630498,12
"GSM8121906_athero_human_13.txt.gz","Plate_599s_O10","asymptomatic","macrophage",0.230576797550902,12
"GSM8121906_athero_human_13.txt.gz","Plate_599s_O11","asymptomatic","fibroblast",-0.328827003845669,12
"GSM8121906_athero_human_13.txt.gz","Plate_599s_O13","asymptomatic","macrophage",-0.499767719027823,12
"GSM8121906_athero_human_13.txt.gz","Plate_599s_O16","asymptomatic","t_nk",-0.0478115959468069,12
"GSM8121906_athero_human_13.txt.gz","Plate_599s_O18","asymptomatic","fibroblast",0.0688113564343236,12
"GSM8121906_athero_human_13.txt.gz","Plate_599s_O20","asymptomatic","vsmc",-0.341148431195775,12
"GSM8121906_athero_human_13.txt.gz","Plate_599s_O21","asymptomatic","macrophage",-0.489356272144195,12
"GSM8121906_athero_human_13.txt.gz","Plate_599s_O22","asymptomatic","vsmc",-0.518223539866487,12
"GSM8121906_athero_human_13.txt.gz","Plate_599s_O23","asymptomatic","mast",0.285225913435548,12
"GSM8121906_athero_human_13.txt.gz","Plate_599s_O24","asymptomatic","macrophage",-0.0867180808864433,12
"GSM8121906_athero_human_13.txt.gz","Plate_599s_P05","asymptomatic","macrophage",-0.136962453503018,12
"GSM8121906_athero_human_13.txt.gz","Plate_599s_P06","asymptomatic","b_cell",-0.279981997178816,12
"GSM8121906_athero_human_13.txt.gz","Plate_599s_P07","asymptomatic","t_nk",0.0693557655356443,12
"GSM8121906_athero_human_13.txt.gz","Plate_599s_P09","asymptomatic","macrophage",-0.442136876200634,12
"GSM8121906_athero_human_13.txt.gz","Plate_599s_P11","asymptomatic","macrophage",1.45797272428021,12
"GSM8121906_athero_human_13.txt.gz","Plate_599s_P14","asymptomatic","t_nk",0.935138232370249,12
"GSM8121906_athero_human_13.txt.gz","Plate_599s_P15","asymptomatic","t_nk",0.0865460326828673,12
"GSM8121906_athero_human_13.txt.gz","Plate_599s_P16","asymptomatic","fibroblast",-0.275265541372359,12
"GSM8121906_athero_human_13.txt.gz","Plate_599s_P19","asymptomatic","fibroblast",0.169810826357308,12
"GSM8121906_athero_human_13.txt.gz","Plate_599s_P20","asymptomatic","unassigned",-0.30305577337431,12
"GSM8121907_athero_human_14.txt.gz","Plate_725s_A01","asymptomatic","endothelial",0.0924231192855367,12
"GSM8121907_athero_human_14.txt.gz","Plate_725s_A02","asymptomatic","endothelial",-0.0183434881273451,12
"GSM8121907_athero_human_14.txt.gz","Plate_725s_A03","asymptomatic","endothelial",0.0610589766231443,12
"GSM8121907_athero_human_14.txt.gz","Plate_725s_A04","asymptomatic","endothelial",-0.154612037817057,12
"GSM8121907_athero_human_14.txt.gz","Plate_725s_A05","asymptomatic","macrophage",0.094241916143311,12
"GSM8121907_athero_human_14.txt.gz","Plate_725s_A06","asymptomatic","endothelial",-0.10797916594215,12
"GSM8121907_athero_human_14.txt.gz","Plate_725s_A07","asymptomatic","endothelial",-0.105463659488142,12
"GSM8121907_athero_human_14.txt.gz","Plate_725s_A08","asymptomatic","endothelial",-0.0769130549622429,12
"GSM8121907_athero_human_14.txt.gz","Plate_725s_A09","asymptomatic","endothelial",0.166679096241877,12
"GSM8121907_athero_human_14.txt.gz","Plate_725s_A10","asymptomatic","endothelial",0.593417899012003,12
"GSM8121907_athero_human_14.txt.gz","Plate_725s_A11","asymptomatic","macrophage",0.0163526064034625,12
"GSM8121907_athero_human_14.txt.gz","Plate_725s_A12","asymptomatic","endothelial",-0.213246741703585,12
"GSM8121907_athero_human_14.txt.gz","Plate_725s_A13","asymptomatic","endothelial",0.186448218876757,12
"GSM8121907_athero_human_14.txt.gz","Plate_725s_A14","asymptomatic","endothelial",-0.0340490919291713,12
"GSM8121907_athero_human_14.txt.gz","Plate_725s_A15","asymptomatic","endothelial",0.0185324053532765,12
"GSM8121907_athero_human_14.txt.gz","Plate_725s_A16","asymptomatic","endothelial",-0.0771796179297693,12
"GSM8121907_athero_human_14.txt.gz","Plate_725s_A17","asymptomatic","endothelial",0.385767435233124,12
"GSM8121907_athero_human_14.txt.gz","Plate_725s_A18","asymptomatic","endothelial",-0.140574231422938,12
"GSM8121907_athero_human_14.txt.gz","Plate_725s_A19","asymptomatic","endothelial",-0.0992576696792514,12
"GSM8121907_athero_human_14.txt.gz","Plate_725s_A21","asymptomatic","macrophage",-0.274690564899845,12
"GSM8121907_athero_human_14.txt.gz","Plate_725s_A22","asymptomatic","endothelial",1.43341587480904,12
"GSM8121907_athero_human_14.txt.gz","Plate_725s_A24","asymptomatic","endothelial",0.803388928040912,12
"GSM8121907_athero_human_14.txt.gz","Plate_725s_B01","asymptomatic","endothelial",0.0829850976276372,12
"GSM8121907_athero_human_14.txt.gz","Plate_725s_B02","asymptomatic","endothelial",-0.195208524113992,12
"GSM8121907_athero_human_14.txt.gz","Plate_725s_B03","asymptomatic","endothelial",-0.0678962958808301,12
"GSM8121907_athero_human_14.txt.gz","Plate_725s_B04","asymptomatic","endothelial",-0.402155357077278,12
"GSM8121907_athero_human_14.txt.gz","Plate_725s_B05","asymptomatic","endothelial",-0.0904293672385302,12
"GSM8121907_athero_human_14.txt.gz","Plate_725s_B06","asymptomatic","endothelial",0.056290214964403,12
"GSM8121907_athero_human_14.txt.gz","Plate_725s_B07","asymptomatic","fibroblast",0.76971497022501,12
"GSM8121907_athero_human_14.txt.gz","Plate_725s_B08","asymptomatic","endothelial",0.104522035668345,12
"GSM8121907_athero_human_14.txt.gz","Plate_725s_B09","asymptomatic","endothelial",0.284144260797882,12
"GSM8121907_athero_human_14.txt.gz","Plate_725s_B10","asymptomatic","endothelial",-0.0200060883613795,12
"GSM8121907_athero_human_14.txt.gz","Plate_725s_B11","asymptomatic","endothelial",0.00046987431770319,12
"GSM8121907_athero_human_14.txt.gz","Plate_725s_B12","asymptomatic","endothelial",-0.405031947308384,12
"GSM8121907_athero_human_14.txt.gz","Plate_725s_B13","asymptomatic","endothelial",-0.213656945407956,12
"GSM8121907_athero_human_14.txt.gz","Plate_725s_B14","asymptomatic","vsmc",-0.00687720106024048,12
"GSM8121907_athero_human_14.txt.gz","Plate_725s_B17","asymptomatic","endothelial",-0.0986838829060433,12
"GSM8121907_athero_human_14.txt.gz","Plate_725s_B18","asymptomatic","fibroblast",0.06934664003877,12
"GSM8121907_athero_human_14.txt.gz","Plate_725s_B20","asymptomatic","endothelial",0.172460071143084,12
"GSM8121907_athero_human_14.txt.gz","Plate_725s_B21","asymptomatic","endothelial",0.585789682609147,12
"GSM8121907_athero_human_14.txt.gz","Plate_725s_B22","asymptomatic","endothelial",0.105148572587141,12
"GSM8121907_athero_human_14.txt.gz","Plate_725s_B23","asymptomatic","fibroblast",-0.0558904959166715,12
"GSM8121907_athero_human_14.txt.gz","Plate_725s_B24","asymptomatic","endothelial",-0.306521698328398,12
"GSM8121907_athero_human_14.txt.gz","Plate_725s_C01","asymptomatic","endothelial",0.20629821644809,12
"GSM8121907_athero_human_14.txt.gz","Plate_725s_C03","asymptomatic","macrophage",0.318646515684362,12
"GSM8121907_athero_human_14.txt.gz","Plate_725s_C04","asymptomatic","endothelial",-0.0421158366126706,12
"GSM8121907_athero_human_14.txt.gz","Plate_725s_C06","asymptomatic","endothelial",-0.295574376859423,12
"GSM8121907_athero_human_14.txt.gz","Plate_725s_C08","asymptomatic","endothelial",-0.0901934422660228,12
"GSM8121907_athero_human_14.txt.gz","Plate_725s_C09","asymptomatic","endothelial",0.0919495404262509,12
"GSM8121907_athero_human_14.txt.gz","Plate_725s_C11","asymptomatic","macrophage",-0.395369284956204,12
"GSM8121907_athero_human_14.txt.gz","Plate_725s_C13","asymptomatic","unassigned",-0.100228233815419,12
"GSM8121907_athero_human_14.txt.gz","Plate_725s_C15","asymptomatic","t_nk",0.39537009458511,12
"GSM8121907_athero_human_14.txt.gz","Plate_725s_C16","asymptomatic","endothelial",-0.25818820922715,12
"GSM8121907_athero_human_14.txt.gz","Plate_725s_C17","asymptomatic","endothelial",0.299962076504657,12
"GSM8121907_athero_human_14.txt.gz","Plate_725s_C18","asymptomatic","endothelial",-0.0231573168572804,12
"GSM8121907_athero_human_14.txt.gz","Plate_725s_C19","asymptomatic","endothelial",0.551475601439321,12
"GSM8121907_athero_human_14.txt.gz","Plate_725s_C20","asymptomatic","endothelial",-0.515566653972764,12
"GSM8121907_athero_human_14.txt.gz","Plate_725s_C21","asymptomatic","endothelial",0.018063867852515,12
"GSM8121907_athero_human_14.txt.gz","Plate_725s_C22","asymptomatic","endothelial",0.170401686640549,12
"GSM8121907_athero_human_14.txt.gz","Plate_725s_C23","asymptomatic","endothelial",-0.0591846498514765,12
"GSM8121907_athero_human_14.txt.gz","Plate_725s_C24","asymptomatic","endothelial",0.196657074064815,12
"GSM8121907_athero_human_14.txt.gz","Plate_725s_D01","asymptomatic","macrophage",-0.218014956800422,12
"GSM8121907_athero_human_14.txt.gz","Plate_725s_D03","asymptomatic","endothelial",-0.21173714055695,12
"GSM8121907_athero_human_14.txt.gz","Plate_725s_D05","asymptomatic","endothelial",0.0634351087300085,12
"GSM8121907_athero_human_14.txt.gz","Plate_725s_D06","asymptomatic","endothelial",0.212582984671721,12
"GSM8121907_athero_human_14.txt.gz","Plate_725s_D07","asymptomatic","endothelial",0.444217270369032,12
"GSM8121907_athero_human_14.txt.gz","Plate_725s_D08","asymptomatic","endothelial",-0.252540440321155,12
"GSM8121907_athero_human_14.txt.gz","Plate_725s_D09","asymptomatic","endothelial",-0.162197338381743,12
"GSM8121907_athero_human_14.txt.gz","Plate_725s_D10","asymptomatic","fibroblast",0.0382470296820368,12
"GSM8121907_athero_human_14.txt.gz","Plate_725s_D11","asymptomatic","endothelial",0.101131651576942,12
"GSM8121907_athero_human_14.txt.gz","Plate_725s_D12","asymptomatic","endothelial",-0.10731668669677,12
"GSM8121907_athero_human_14.txt.gz","Plate_725s_D13","asymptomatic","macrophage",-0.187357597911334,12
"GSM8121907_athero_human_14.txt.gz","Plate_725s_D14","asymptomatic","endothelial",0.00653853841362237,12
"GSM8121907_athero_human_14.txt.gz","Plate_725s_D15","asymptomatic","endothelial",-0.111682330962738,12
"GSM8121907_athero_human_14.txt.gz","Plate_725s_D16","asymptomatic","endothelial",-0.273075083742447,12
"GSM8121907_athero_human_14.txt.gz","Plate_725s_D17","asymptomatic","fibroblast",0.115708901705955,12
"GSM8121907_athero_human_14.txt.gz","Plate_725s_D18","asymptomatic","endothelial",-0.00952082517080183,12
"GSM8121907_athero_human_14.txt.gz","Plate_725s_D19","asymptomatic","endothelial",0.0798249299774888,12
"GSM8121907_athero_human_14.txt.gz","Plate_725s_D20","asymptomatic","endothelial",-0.250049621835031,12
"GSM8121907_athero_human_14.txt.gz","Plate_725s_D21","asymptomatic","endothelial",0.585121077204889,12
"GSM8121907_athero_human_14.txt.gz","Plate_725s_D22","asymptomatic","macrophage",2.19951722026487,12
"GSM8121907_athero_human_14.txt.gz","Plate_725s_D23","asymptomatic","endothelial",0.320755061594666,12
"GSM8121907_athero_human_14.txt.gz","Plate_725s_D24","asymptomatic","endothelial",-0.134030882848262,12
"GSM8121907_athero_human_14.txt.gz","Plate_725s_E01","asymptomatic","endothelial",0.127897515723501,12
"GSM8121907_athero_human_14.txt.gz","Plate_725s_E02","asymptomatic","endothelial",0.250751962419665,12
"GSM8121907_athero_human_14.txt.gz","Plate_725s_E03","asymptomatic","mast",-0.216364058851266,12
"GSM8121907_athero_human_14.txt.gz","Plate_725s_E04","asymptomatic","endothelial",-0.154980431134284,12
"GSM8121907_athero_human_14.txt.gz","Plate_725s_E05","asymptomatic","macrophage",0.114228901764889,12
"GSM8121907_athero_human_14.txt.gz","Plate_725s_E06","asymptomatic","macrophage",1.04834163011626,12
"GSM8121907_athero_human_14.txt.gz","Plate_725s_E07","asymptomatic","macrophage",-0.10049737000743,12
"GSM8121907_athero_human_14.txt.gz","Plate_725s_E08","asymptomatic","endothelial",-0.0190100441137807,12
"GSM8121907_athero_human_14.txt.gz","Plate_725s_E09","asymptomatic","endothelial",0.353037968632883,12
"GSM8121907_athero_human_14.txt.gz","Plate_725s_E10","asymptomatic","fibroblast",0.0621164908485004,12
"GSM8121907_athero_human_14.txt.gz","Plate_725s_E11","asymptomatic","macrophage",0.219392517499762,12
"GSM8121907_athero_human_14.txt.gz","Plate_725s_E12","asymptomatic","endothelial",-0.304690178451263,12
"GSM8121907_athero_human_14.txt.gz","Plate_725s_E13","asymptomatic","endothelial",-0.175348979577111,12
"GSM8121907_athero_human_14.txt.gz","Plate_725s_E15","asymptomatic","endothelial",-0.162535071330595,12
"GSM8121907_athero_human_14.txt.gz","Plate_725s_E16","asymptomatic","endothelial",-0.40993503373877,12
"GSM8121907_athero_human_14.txt.gz","Plate_725s_E17","asymptomatic","endothelial",0.220618529141119,12
"GSM8121907_athero_human_14.txt.gz","Plate_725s_E18","asymptomatic","endothelial",-0.307651477143187,12
"GSM8121907_athero_human_14.txt.gz","Plate_725s_E19","asymptomatic","macrophage",1.2555682211792,12
"GSM8121907_athero_human_14.txt.gz","Plate_725s_E20","asymptomatic","endothelial",0.743569097977354,12
"GSM8121907_athero_human_14.txt.gz","Plate_725s_E22","asymptomatic","endothelial",-0.0714761778152359,12
"GSM8121907_athero_human_14.txt.gz","Plate_725s_E23","asymptomatic","endothelial",0.435493627705113,12
"GSM8121907_athero_human_14.txt.gz","Plate_725s_E24","asymptomatic","endothelial",0.237487421319019,12
"GSM8121907_athero_human_14.txt.gz","Plate_725s_F01","asymptomatic","endothelial",0.799399076366754,12
"GSM8121907_athero_human_14.txt.gz","Plate_725s_F03","asymptomatic","macrophage",-0.15070703724621,12
"GSM8121907_athero_human_14.txt.gz","Plate_725s_F04","asymptomatic","endothelial",0.0402894424653976,12
"GSM8121907_athero_human_14.txt.gz","Plate_725s_F05","asymptomatic","endothelial",0.0170930219502705,12
"GSM8121907_athero_human_14.txt.gz","Plate_725s_F06","asymptomatic","endothelial",-0.000247910487677185,12
"GSM8121907_athero_human_14.txt.gz","Plate_725s_F07","asymptomatic","endothelial",-0.0370234659154038,12
"GSM8121907_athero_human_14.txt.gz","Plate_725s_F08","asymptomatic","endothelial",-0.00307396492396477,12
"GSM8121907_athero_human_14.txt.gz","Plate_725s_F09","asymptomatic","endothelial",-0.0218325495881113,12
"GSM8121907_athero_human_14.txt.gz","Plate_725s_F10","asymptomatic","macrophage",-0.127086466113184,12
"GSM8121907_athero_human_14.txt.gz","Plate_725s_F12","asymptomatic","endothelial",-0.529920158535668,12
"GSM8121907_athero_human_14.txt.gz","Plate_725s_F13","asymptomatic","endothelial",0.454101498154912,12
"GSM8121907_athero_human_14.txt.gz","Plate_725s_F14","asymptomatic","endothelial",0.0456775796866694,12
"GSM8121907_athero_human_14.txt.gz","Plate_725s_F15","asymptomatic","endothelial",0.0443723552774316,12
"GSM8121907_athero_human_14.txt.gz","Plate_725s_F16","asymptomatic","endothelial",0.0598914600842428,12
"GSM8121907_athero_human_14.txt.gz","Plate_725s_F17","asymptomatic","macrophage",-0.235171026923631,12
"GSM8121907_athero_human_14.txt.gz","Plate_725s_F18","asymptomatic","endothelial",-0.0476615747067403,12
"GSM8121907_athero_human_14.txt.gz","Plate_725s_F19","asymptomatic","endothelial",0.0675992862810164,12
"GSM8121907_athero_human_14.txt.gz","Plate_725s_F20","asymptomatic","endothelial",-0.266578032402387,12
"GSM8121907_athero_human_14.txt.gz","Plate_725s_F21","asymptomatic","endothelial",0.323270078278137,12
"GSM8121907_athero_human_14.txt.gz","Plate_725s_F22","asymptomatic","endothelial",-0.0749331421690147,12
"GSM8121907_athero_human_14.txt.gz","Plate_725s_F23","asymptomatic","fibroblast",0.536770381521492,12
"GSM8121907_athero_human_14.txt.gz","Plate_725s_F24","asymptomatic","endothelial",-0.0581440753890996,12
"GSM8121907_athero_human_14.txt.gz","Plate_725s_G01","asymptomatic","endothelial",0.157279295768165,12
"GSM8121907_athero_human_14.txt.gz","Plate_725s_G02","asymptomatic","endothelial",0.408908380870066,12
"GSM8121907_athero_human_14.txt.gz","Plate_725s_G04","asymptomatic","macrophage",-0.136521295735475,12
"GSM8121907_athero_human_14.txt.gz","Plate_725s_G05","asymptomatic","endothelial",-0.389682254148067,12
"GSM8121907_athero_human_14.txt.gz","Plate_725s_G06","asymptomatic","macrophage",0.406695786063967,12
"GSM8121907_athero_human_14.txt.gz","Plate_725s_G07","asymptomatic","endothelial",0.418091415760117,12
"GSM8121907_athero_human_14.txt.gz","Plate_725s_G08","asymptomatic","endothelial",0.681446347973211,12
"GSM8121907_athero_human_14.txt.gz","Plate_725s_G09","asymptomatic","endothelial",-0.0557660601409428,12
"GSM8121907_athero_human_14.txt.gz","Plate_725s_G10","asymptomatic","endothelial",0.65194625996931,12
"GSM8121907_athero_human_14.txt.gz","Plate_725s_G11","asymptomatic","macrophage",1.95520813474119,12
"GSM8121907_athero_human_14.txt.gz","Plate_725s_G12","asymptomatic","endothelial",-0.182439680510616,12
"GSM8121907_athero_human_14.txt.gz","Plate_725s_G13","asymptomatic","endothelial",0.0611564026422248,12
"GSM8121907_athero_human_14.txt.gz","Plate_725s_G14","asymptomatic","vsmc",0.382385815011415,12
"GSM8121907_athero_human_14.txt.gz","Plate_725s_G15","asymptomatic","endothelial",-0.0674811702269062,12
"GSM8121907_athero_human_14.txt.gz","Plate_725s_G16","asymptomatic","endothelial",0.0699768440212994,12
"GSM8121907_athero_human_14.txt.gz","Plate_725s_G17","asymptomatic","vsmc",-0.137955012421469,12
"GSM8121907_athero_human_14.txt.gz","Plate_725s_G18","asymptomatic","endothelial",-0.182435885555165,12
"GSM8121907_athero_human_14.txt.gz","Plate_725s_G19","asymptomatic","endothelial",-0.0806647214987274,12
"GSM8121907_athero_human_14.txt.gz","Plate_725s_G20","asymptomatic","endothelial",-0.0298648271037018,12
"GSM8121907_athero_human_14.txt.gz","Plate_725s_G21","asymptomatic","endothelial",0.394483829068746,12
"GSM8121907_athero_human_14.txt.gz","Plate_725s_G24","asymptomatic","endothelial",0.437840862250129,12
"GSM8121907_athero_human_14.txt.gz","Plate_725s_H01","asymptomatic","macrophage",0.167314411097311,12
"GSM8121907_athero_human_14.txt.gz","Plate_725s_H03","asymptomatic","endothelial",-0.125286115972687,12
"GSM8121907_athero_human_14.txt.gz","Plate_725s_H04","asymptomatic","endothelial",0.202831130112013,12
"GSM8121907_athero_human_14.txt.gz","Plate_725s_H05","asymptomatic","endothelial",-0.191670823550436,12
"GSM8121907_athero_human_14.txt.gz","Plate_725s_H06","asymptomatic","endothelial",0.0239158954566569,12
"GSM8121907_athero_human_14.txt.gz","Plate_725s_H07","asymptomatic","endothelial",-0.02754237081757,12
"GSM8121907_athero_human_14.txt.gz","Plate_725s_H08","asymptomatic","endothelial",0.134705715699705,12
"GSM8121907_athero_human_14.txt.gz","Plate_725s_H09","asymptomatic","endothelial",-0.00225828145768382,12
"GSM8121907_athero_human_14.txt.gz","Plate_725s_H10","asymptomatic","endothelial",-0.350431904460972,12
"GSM8121907_athero_human_14.txt.gz","Plate_725s_H12","asymptomatic","endothelial",-0.0278981634041866,12
"GSM8121907_athero_human_14.txt.gz","Plate_725s_H13","asymptomatic","endothelial",-0.452959713814111,12
"GSM8121907_athero_human_14.txt.gz","Plate_725s_H14","asymptomatic","endothelial",1.02878466871427,12
"GSM8121907_athero_human_14.txt.gz","Plate_725s_H15","asymptomatic","endothelial",0.280261744732284,12
"GSM8121907_athero_human_14.txt.gz","Plate_725s_H16","asymptomatic","endothelial",-0.19878080949684,12
"GSM8121907_athero_human_14.txt.gz","Plate_725s_H17","asymptomatic","endothelial",0.144794995192115,12
"GSM8121907_athero_human_14.txt.gz","Plate_725s_H18","asymptomatic","endothelial",0.187141973173306,12
"GSM8121907_athero_human_14.txt.gz","Plate_725s_H19","asymptomatic","macrophage",-0.341986778214805,12
"GSM8121907_athero_human_14.txt.gz","Plate_725s_H20","asymptomatic","endothelial",0.635972803818541,12
"GSM8121907_athero_human_14.txt.gz","Plate_725s_H21","asymptomatic","macrophage",0.586870410115936,12
"GSM8121907_athero_human_14.txt.gz","Plate_725s_H22","asymptomatic","macrophage",-0.0108603459480249,12
"GSM8121907_athero_human_14.txt.gz","Plate_725s_H23","asymptomatic","endothelial",1.90555033323085,12
"GSM8121907_athero_human_14.txt.gz","Plate_725s_H24","asymptomatic","endothelial",0.213035380248106,12
"GSM8121907_athero_human_14.txt.gz","Plate_725s_I01","asymptomatic","endothelial",0.10942252657926,12
"GSM8121907_athero_human_14.txt.gz","Plate_725s_I04","asymptomatic","endothelial",0.222654517177609,12
"GSM8121907_athero_human_14.txt.gz","Plate_725s_I05","asymptomatic","endothelial",-0.0107754059913014,12
"GSM8121907_athero_human_14.txt.gz","Plate_725s_I06","asymptomatic","endothelial",-0.00898447418571369,12
"GSM8121907_athero_human_14.txt.gz","Plate_725s_I07","asymptomatic","endothelial",0.0200135909075225,12
"GSM8121907_athero_human_14.txt.gz","Plate_725s_I09","asymptomatic","macrophage",-0.146464407432157,12
"GSM8121907_athero_human_14.txt.gz","Plate_725s_I10","asymptomatic","endothelial",-0.29177956577603,12
"GSM8121907_athero_human_14.txt.gz","Plate_725s_I12","asymptomatic","endothelial",0.018179772468113,12
"GSM8121907_athero_human_14.txt.gz","Plate_725s_I13","asymptomatic","endothelial",-0.0946018303941977,12
"GSM8121907_athero_human_14.txt.gz","Plate_725s_I14","asymptomatic","endothelial",0.347315615432095,12
"GSM8121907_athero_human_14.txt.gz","Plate_725s_I15","asymptomatic","fibroblast",0.0247890523282218,12
"GSM8121907_athero_human_14.txt.gz","Plate_725s_I16","asymptomatic","endothelial",-0.233906520860407,12
"GSM8121907_athero_human_14.txt.gz","Plate_725s_I17","asymptomatic","endothelial",-0.253300441973126,12
"GSM8121907_athero_human_14.txt.gz","Plate_725s_I18","asymptomatic","endothelial",-0.198200891831355,12
"GSM8121907_athero_human_14.txt.gz","Plate_725s_I19","asymptomatic","endothelial",-0.0133483088923804,12
"GSM8121907_athero_human_14.txt.gz","Plate_725s_I20","asymptomatic","endothelial",-0.205384582316348,12
"GSM8121907_athero_human_14.txt.gz","Plate_725s_I23","asymptomatic","endothelial",-0.15666606876882,12
"GSM8121907_athero_human_14.txt.gz","Plate_725s_I24","asymptomatic","vsmc",-0.0985375358417533,12
"GSM8121907_athero_human_14.txt.gz","Plate_725s_J02","asymptomatic","macrophage",-0.0256428056365617,12
"GSM8121907_athero_human_14.txt.gz","Plate_725s_J03","asymptomatic","endothelial",-0.0172494600041813,12
"GSM8121907_athero_human_14.txt.gz","Plate_725s_J05","asymptomatic","endothelial",-0.254730211514768,12
"GSM8121907_athero_human_14.txt.gz","Plate_725s_J06","asymptomatic","endothelial",0.157000177137288,12
"GSM8121907_athero_human_14.txt.gz","Plate_725s_J07","asymptomatic","endothelial",-0.225130478425807,12
"GSM8121907_athero_human_14.txt.gz","Plate_725s_J08","asymptomatic","endothelial",0.131802732450951,12
"GSM8121907_athero_human_14.txt.gz","Plate_725s_J10","asymptomatic","endothelial",0.20403383564191,12
"GSM8121907_athero_human_14.txt.gz","Plate_726s_A01","asymptomatic","macrophage",2.57710795347999,12
"GSM8121907_athero_human_14.txt.gz","Plate_726s_A03","asymptomatic","vsmc",-0.24943269308423,12
"GSM8121907_athero_human_14.txt.gz","Plate_726s_A04","asymptomatic","vsmc",-0.0204110602030485,12
"GSM8121907_athero_human_14.txt.gz","Plate_726s_A06","asymptomatic","fibroblast",0.796215088855396,12
"GSM8121907_athero_human_14.txt.gz","Plate_726s_A07","asymptomatic","unassigned",0.0632774409077948,12
"GSM8121907_athero_human_14.txt.gz","Plate_726s_A08","asymptomatic","fibroblast",0.793874929062272,12
"GSM8121907_athero_human_14.txt.gz","Plate_726s_A09","asymptomatic","vsmc",-0.136140370456931,12
"GSM8121907_athero_human_14.txt.gz","Plate_726s_A11","asymptomatic","vsmc",0.179164844992022,12
"GSM8121907_athero_human_14.txt.gz","Plate_726s_A12","asymptomatic","fibroblast",0.145399542695114,12
"GSM8121907_athero_human_14.txt.gz","Plate_726s_A13","asymptomatic","vsmc",0.268936512189228,12
"GSM8121907_athero_human_14.txt.gz","Plate_726s_A15","asymptomatic","vsmc",-0.383724554557989,12
"GSM8121907_athero_human_14.txt.gz","Plate_726s_A16","asymptomatic","vsmc",0.148797611980717,12
"GSM8121907_athero_human_14.txt.gz","Plate_726s_A17","asymptomatic","fibroblast",1.24986968766206,12
"GSM8121907_athero_human_14.txt.gz","Plate_726s_A18","asymptomatic","vsmc",0.267701770810929,12
"GSM8121907_athero_human_14.txt.gz","Plate_726s_A19","asymptomatic","vsmc",-0.170885035953013,12
"GSM8121907_athero_human_14.txt.gz","Plate_726s_A20","asymptomatic","fibroblast",-0.053987022266744,12
"GSM8121907_athero_human_14.txt.gz","Plate_726s_A21","asymptomatic","vsmc",-0.186482195143109,12
"GSM8121907_athero_human_14.txt.gz","Plate_726s_A22","asymptomatic","fibroblast",-0.321021132760207,12
"GSM8121907_athero_human_14.txt.gz","Plate_726s_A23","asymptomatic","fibroblast",0.421907707591561,12
"GSM8121907_athero_human_14.txt.gz","Plate_726s_B01","asymptomatic","vsmc",-0.30032313627073,12
"GSM8121907_athero_human_14.txt.gz","Plate_726s_B02","asymptomatic","unassigned",-0.097414019115524,12
"GSM8121907_athero_human_14.txt.gz","Plate_726s_B03","asymptomatic","fibroblast",0.343316669190092,12
"GSM8121907_athero_human_14.txt.gz","Plate_726s_B04","asymptomatic","fibroblast",0.60277602530348,12
"GSM8121907_athero_human_14.txt.gz","Plate_726s_B06","asymptomatic","fibroblast",0.382210604890687,12
"GSM8121907_athero_human_14.txt.gz","Plate_726s_B07","asymptomatic","fibroblast",0.00870828022414472,12
"GSM8121907_athero_human_14.txt.gz","Plate_726s_B08","asymptomatic","vsmc",-0.223083289534887,12
"GSM8121907_athero_human_14.txt.gz","Plate_726s_B10","asymptomatic","vsmc",0.0561446475558348,12
"GSM8121907_athero_human_14.txt.gz","Plate_726s_B11","asymptomatic","fibroblast",-0.0164241706210119,12
"GSM8121907_athero_human_14.txt.gz","Plate_726s_B12","asymptomatic","vsmc",0.092614864554925,12
"GSM8121907_athero_human_14.txt.gz","Plate_726s_B13","asymptomatic","fibroblast",0.19688071247566,12
"GSM8121907_athero_human_14.txt.gz","Plate_726s_B14","asymptomatic","vsmc",-0.191051623196939,12
"GSM8121907_athero_human_14.txt.gz","Plate_726s_B15","asymptomatic","vsmc",-0.179323493081321,12
"GSM8121907_athero_human_14.txt.gz","Plate_726s_B16","asymptomatic","fibroblast",-0.0165727500900625,12
"GSM8121907_athero_human_14.txt.gz","Plate_726s_B17","asymptomatic","vsmc",-0.191156255041953,12
"GSM8121907_athero_human_14.txt.gz","Plate_726s_B18","asymptomatic","vsmc",0.427644263249069,12
"GSM8121907_athero_human_14.txt.gz","Plate_726s_B20","asymptomatic","unassigned",0.0675481965471775,12
"GSM8121907_athero_human_14.txt.gz","Plate_726s_B21","asymptomatic","fibroblast",-0.121099909548325,12
"GSM8121907_athero_human_14.txt.gz","Plate_726s_B22","asymptomatic","fibroblast",-0.104126466385471,12
"GSM8121907_athero_human_14.txt.gz","Plate_726s_B23","asymptomatic","vsmc",-0.352826739558595,12
"GSM8121907_athero_human_14.txt.gz","Plate_726s_C03","asymptomatic","vsmc",0.300363051184622,12
"GSM8121907_athero_human_14.txt.gz","Plate_726s_C04","asymptomatic","vsmc",0.000505773948133674,12
"GSM8121907_athero_human_14.txt.gz","Plate_726s_C05","asymptomatic","vsmc",-0.380837351799683,12
"GSM8121907_athero_human_14.txt.gz","Plate_726s_C06","asymptomatic","fibroblast",-0.0699801054616143,12
"GSM8121907_athero_human_14.txt.gz","Plate_726s_C07","asymptomatic","vsmc",-0.257390108302463,12
"GSM8121907_athero_human_14.txt.gz","Plate_726s_C08","asymptomatic","fibroblast",-0.279417895620238,12
"GSM8121907_athero_human_14.txt.gz","Plate_726s_C09","asymptomatic","fibroblast",-0.124726403253073,12
"GSM8121907_athero_human_14.txt.gz","Plate_726s_C10","asymptomatic","vsmc",-0.218865427216771,12
"GSM8121907_athero_human_14.txt.gz","Plate_726s_C11","asymptomatic","vsmc",0.142206475328169,12
"GSM8121907_athero_human_14.txt.gz","Plate_726s_C12","asymptomatic","fibroblast",-0.128086775720438,12
"GSM8121907_athero_human_14.txt.gz","Plate_726s_C13","asymptomatic","unassigned",-0.119724230876795,12
"GSM8121907_athero_human_14.txt.gz","Plate_726s_C14","asymptomatic","fibroblast",0.218475794487903,12
"GSM8121907_athero_human_14.txt.gz","Plate_726s_C17","asymptomatic","vsmc",-0.288916632825609,12
"GSM8121907_athero_human_14.txt.gz","Plate_726s_C19","asymptomatic","fibroblast",0.111496235771071,12
"GSM8121907_athero_human_14.txt.gz","Plate_726s_C20","asymptomatic","vsmc",0.0809724658089696,12
"GSM8121907_athero_human_14.txt.gz","Plate_726s_C22","asymptomatic","vsmc",-0.173549562232236,12
"GSM8121907_athero_human_14.txt.gz","Plate_726s_D03","asymptomatic","endothelial",0.0293853132112915,12
"GSM8121907_athero_human_14.txt.gz","Plate_726s_D04","asymptomatic","vsmc",-0.113146968792526,12
"GSM8121907_athero_human_14.txt.gz","Plate_726s_D05","asymptomatic","fibroblast",-0.505502169104061,12
"GSM8121907_athero_human_14.txt.gz","Plate_726s_D06","asymptomatic","unassigned",-0.173294022071244,12
"GSM8121907_athero_human_14.txt.gz","Plate_726s_D08","asymptomatic","fibroblast",0.0432664345451704,12
"GSM8121907_athero_human_14.txt.gz","Plate_726s_D09","asymptomatic","vsmc",0.150208883326002,12
"GSM8121907_athero_human_14.txt.gz","Plate_726s_D10","asymptomatic","vsmc",0.703015104246586,12
"GSM8121907_athero_human_14.txt.gz","Plate_726s_D11","asymptomatic","vsmc",-0.386529673997466,12
"GSM8121907_athero_human_14.txt.gz","Plate_726s_D12","asymptomatic","fibroblast",-0.291382885434918,12
"GSM8121907_athero_human_14.txt.gz","Plate_726s_D17","asymptomatic","unassigned",-0.193131493916231,12
"GSM8121907_athero_human_14.txt.gz","Plate_726s_D18","asymptomatic","fibroblast",0.358840290679516,12
"GSM8121907_athero_human_14.txt.gz","Plate_726s_D19","asymptomatic","fibroblast",0.152271716860362,12
"GSM8121907_athero_human_14.txt.gz","Plate_726s_D21","asymptomatic","vsmc",-0.119327895062762,12
"GSM8121907_athero_human_14.txt.gz","Plate_726s_D23","asymptomatic","vsmc",-0.171084829630686,12
"GSM8121907_athero_human_14.txt.gz","Plate_726s_D24","asymptomatic","vsmc",-0.127899518980174,12
"GSM8121907_athero_human_14.txt.gz","Plate_726s_E01","asymptomatic","macrophage",-0.266057240796007,12
"GSM8121907_athero_human_14.txt.gz","Plate_726s_E02","asymptomatic","vsmc",-0.370604190324087,12
"GSM8121907_athero_human_14.txt.gz","Plate_726s_E03","asymptomatic","fibroblast",1.12975143968477,12
"GSM8121907_athero_human_14.txt.gz","Plate_726s_E04","asymptomatic","fibroblast",0.371423791282505,12
"GSM8121907_athero_human_14.txt.gz","Plate_726s_E05","asymptomatic","unassigned",0.0413868084394595,12
"GSM8121907_athero_human_14.txt.gz","Plate_726s_E06","asymptomatic","vsmc",-0.0844108159167107,12
"GSM8121907_athero_human_14.txt.gz","Plate_726s_E07","asymptomatic","vsmc",-0.086008918742394,12
"GSM8121907_athero_human_14.txt.gz","Plate_726s_E09","asymptomatic","fibroblast",-0.270344249855215,12
"GSM8121907_athero_human_14.txt.gz","Plate_726s_E10","asymptomatic","fibroblast",0.489645742846461,12
"GSM8121907_athero_human_14.txt.gz","Plate_726s_E11","asymptomatic","macrophage",0.789317979074286,12
"GSM8121907_athero_human_14.txt.gz","Plate_726s_E12","asymptomatic","vsmc",-0.163906459987843,12
"GSM8121907_athero_human_14.txt.gz","Plate_726s_E13","asymptomatic","fibroblast",-0.250483561571827,12
"GSM8121907_athero_human_14.txt.gz","Plate_726s_E15","asymptomatic","fibroblast",-0.144899339749695,12
"GSM8121907_athero_human_14.txt.gz","Plate_726s_E16","asymptomatic","vsmc",-0.311526540066699,12
"GSM8121907_athero_human_14.txt.gz","Plate_726s_E18","asymptomatic","vsmc",-0.0531343894217804,12
"GSM8121907_athero_human_14.txt.gz","Plate_726s_E19","asymptomatic","fibroblast",0.518389594414108,12
"GSM8121907_athero_human_14.txt.gz","Plate_726s_E20","asymptomatic","fibroblast",0.449463587254055,12
"GSM8121907_athero_human_14.txt.gz","Plate_726s_E22","asymptomatic","vsmc",-0.0169486995824072,12
"GSM8121907_athero_human_14.txt.gz","Plate_726s_E23","asymptomatic","vsmc",-0.334159456961444,12
"GSM8121907_athero_human_14.txt.gz","Plate_726s_E24","asymptomatic","fibroblast",0.325458701064568,12
"GSM8121907_athero_human_14.txt.gz","Plate_726s_F03","asymptomatic","vsmc",-0.215621870905743,12
"GSM8121907_athero_human_14.txt.gz","Plate_726s_F04","asymptomatic","vsmc",-0.151104852995922,12
"GSM8121907_athero_human_14.txt.gz","Plate_726s_F05","asymptomatic","vsmc",-0.342392625661603,12
"GSM8121907_athero_human_14.txt.gz","Plate_726s_F06","asymptomatic","vsmc",0.0574616333677562,12
"GSM8121907_athero_human_14.txt.gz","Plate_726s_F08","asymptomatic","fibroblast",0.453864554757269,12
"GSM8121907_athero_human_14.txt.gz","Plate_726s_F09","asymptomatic","fibroblast",-0.193824918832837,12
"GSM8121907_athero_human_14.txt.gz","Plate_726s_F10","asymptomatic","fibroblast",-0.327412837953773,12
"GSM8121907_athero_human_14.txt.gz","Plate_726s_F11","asymptomatic","vsmc",-0.181851750844569,12
"GSM8121907_athero_human_14.txt.gz","Plate_726s_F12","asymptomatic","vsmc",0.409703768541109,12
"GSM8121907_athero_human_14.txt.gz","Plate_726s_F13","asymptomatic","vsmc",-0.326773867475642,12
"GSM8121907_athero_human_14.txt.gz","Plate_726s_F14","asymptomatic","vsmc",-0.0373725438406728,12
"GSM8121907_athero_human_14.txt.gz","Plate_726s_F15","asymptomatic","fibroblast",-0.258009537424557,12
"GSM8121907_athero_human_14.txt.gz","Plate_726s_F17","asymptomatic","macrophage",0.0351381962606109,12
"GSM8121907_athero_human_14.txt.gz","Plate_726s_F18","asymptomatic","vsmc",-0.00954162605491105,12
"GSM8121907_athero_human_14.txt.gz","Plate_726s_F19","asymptomatic","vsmc",-0.105674352392948,12
"GSM8121907_athero_human_14.txt.gz","Plate_726s_F20","asymptomatic","fibroblast",-0.205312299186583,12
"GSM8121907_athero_human_14.txt.gz","Plate_726s_F21","asymptomatic","macrophage",-0.369270162283475,12
"GSM8121907_athero_human_14.txt.gz","Plate_726s_F24","asymptomatic","macrophage",-0.45573901137906,12
"GSM8121907_athero_human_14.txt.gz","Plate_726s_G01","asymptomatic","vsmc",0.332709633134228,12
"GSM8121907_athero_human_14.txt.gz","Plate_726s_G02","asymptomatic","fibroblast",0.113688522371795,12
"GSM8121907_athero_human_14.txt.gz","Plate_726s_G03","asymptomatic","macrophage",0.0122165664131708,12
"GSM8121907_athero_human_14.txt.gz","Plate_726s_G04","asymptomatic","vsmc",-0.0906644836743309,12
"GSM8121907_athero_human_14.txt.gz","Plate_726s_G05","asymptomatic","vsmc",-0.197422755623345,12
"GSM8121907_athero_human_14.txt.gz","Plate_726s_G06","asymptomatic","fibroblast",-0.199732271695895,12
"GSM8121907_athero_human_14.txt.gz","Plate_726s_G07","asymptomatic","vsmc",-0.333212825461773,12
"GSM8121907_athero_human_14.txt.gz","Plate_726s_G08","asymptomatic","vsmc",-0.230541364945847,12
"GSM8121907_athero_human_14.txt.gz","Plate_726s_G12","asymptomatic","vsmc",0.156390160253957,12
"GSM8121907_athero_human_14.txt.gz","Plate_726s_G13","asymptomatic","fibroblast",0.265127545306223,12
"GSM8121907_athero_human_14.txt.gz","Plate_726s_G14","asymptomatic","vsmc",-0.0526058076102148,12
"GSM8121907_athero_human_14.txt.gz","Plate_726s_G15","asymptomatic","vsmc",-0.313554583789496,12
"GSM8121907_athero_human_14.txt.gz","Plate_726s_G17","asymptomatic","fibroblast",-0.112650601506684,12
"GSM8121907_athero_human_14.txt.gz","Plate_726s_G18","asymptomatic","vsmc",-0.419377074123971,12
"GSM8121907_athero_human_14.txt.gz","Plate_726s_G19","asymptomatic","fibroblast",0.315606247867209,12
"GSM8121907_athero_human_14.txt.gz","Plate_726s_G20","asymptomatic","fibroblast",-0.226191873420997,12
"GSM8121907_athero_human_14.txt.gz","Plate_726s_G21","asymptomatic","fibroblast",-0.0753532607073578,12
"GSM8121907_athero_human_14.txt.gz","Plate_726s_G22","asymptomatic","fibroblast",0.0396725018968426,12
"GSM8121907_athero_human_14.txt.gz","Plate_726s_G24","asymptomatic","vsmc",-0.362377998618496,12
"GSM8121907_athero_human_14.txt.gz","Plate_726s_H01","asymptomatic","vsmc",-0.0419747703753451,12
"GSM8121907_athero_human_14.txt.gz","Plate_726s_H02","asymptomatic","vsmc",0.17582141523108,12
"GSM8121907_athero_human_14.txt.gz","Plate_726s_H03","asymptomatic","fibroblast",0.189603567114852,12
"GSM8121907_athero_human_14.txt.gz","Plate_726s_H04","asymptomatic","fibroblast",-0.228167655796742,12
"GSM8121907_athero_human_14.txt.gz","Plate_726s_H05","asymptomatic","vsmc",-0.0638576141227428,12
"GSM8121907_athero_human_14.txt.gz","Plate_726s_H06","asymptomatic","fibroblast",-0.308313179095975,12
"GSM8121907_athero_human_14.txt.gz","Plate_726s_H07","asymptomatic","fibroblast",-0.0559930807355021,12
"GSM8121907_athero_human_14.txt.gz","Plate_726s_H08","asymptomatic","fibroblast",-0.24335471192837,12
"GSM8121907_athero_human_14.txt.gz","Plate_726s_H10","asymptomatic","fibroblast",0.327400465776116,12
"GSM8121907_athero_human_14.txt.gz","Plate_726s_H11","asymptomatic","vsmc",-0.313184194826599,12
"GSM8121907_athero_human_14.txt.gz","Plate_726s_H12","asymptomatic","fibroblast",-0.254339118732035,12
"GSM8121907_athero_human_14.txt.gz","Plate_726s_H13","asymptomatic","vsmc",-0.106031063116374,12
"GSM8121907_athero_human_14.txt.gz","Plate_726s_H14","asymptomatic","unassigned",0.260218541556228,12
"GSM8121907_athero_human_14.txt.gz","Plate_726s_H15","asymptomatic","vsmc",-0.293140153829871,12
"GSM8121907_athero_human_14.txt.gz","Plate_726s_H16","asymptomatic","vsmc",-0.362701703680334,12
"GSM8121907_athero_human_14.txt.gz","Plate_726s_H17","asymptomatic","vsmc",-0.180787874949865,12
"GSM8121907_athero_human_14.txt.gz","Plate_726s_H18","asymptomatic","vsmc",0.279103491145947,12
"GSM8121907_athero_human_14.txt.gz","Plate_726s_H19","asymptomatic","fibroblast",0.040332335492106,12
"GSM8121907_athero_human_14.txt.gz","Plate_726s_H20","asymptomatic","vsmc",-0.191908090365752,12
"GSM8121907_athero_human_14.txt.gz","Plate_726s_H21","asymptomatic","fibroblast",0.692655935685697,12
"GSM8121907_athero_human_14.txt.gz","Plate_726s_H22","asymptomatic","vsmc",0.076419884983342,12
"GSM8121907_athero_human_14.txt.gz","Plate_726s_H23","asymptomatic","fibroblast",-0.293137096857063,12
"GSM8121907_athero_human_14.txt.gz","Plate_726s_I13","asymptomatic","vsmc",-0.202853497682429,12
"GSM8121907_athero_human_14.txt.gz","Plate_726s_I15","asymptomatic","fibroblast",-0.269456401913322,12
"GSM8121907_athero_human_14.txt.gz","Plate_726s_I16","asymptomatic","vsmc",-0.330443378355924,12
"GSM8121907_athero_human_14.txt.gz","Plate_726s_I17","asymptomatic","fibroblast",0.147532921722177,12
"GSM8121907_athero_human_14.txt.gz","Plate_726s_I19","asymptomatic","vsmc",0.167176392160461,12
"GSM8121907_athero_human_14.txt.gz","Plate_726s_I20","asymptomatic","unassigned",-0.0955985021066155,12
"GSM8121907_athero_human_14.txt.gz","Plate_726s_I21","asymptomatic","fibroblast",0.00232470181946186,12
"GSM8121907_athero_human_14.txt.gz","Plate_726s_I23","asymptomatic","vsmc",-0.219172495072948,12
"GSM8121907_athero_human_14.txt.gz","Plate_726s_I24","asymptomatic","vsmc",-0.461574513045927,12
"GSM8121907_athero_human_14.txt.gz","Plate_726s_J13","asymptomatic","fibroblast",-0.161418561812315,12
"GSM8121907_athero_human_14.txt.gz","Plate_726s_J14","asymptomatic","vsmc",-0.308203558016277,12
"GSM8121907_athero_human_14.txt.gz","Plate_726s_J15","asymptomatic","vsmc",-0.277686813627872,12
"GSM8121907_athero_human_14.txt.gz","Plate_726s_J16","asymptomatic","fibroblast",-0.182128639167785,12
"GSM8121907_athero_human_14.txt.gz","Plate_726s_J17","asymptomatic","fibroblast",-0.0710770497804055,12
"GSM8121907_athero_human_14.txt.gz","Plate_726s_J18","asymptomatic","vsmc",0.0893875969128893,12
"GSM8121907_athero_human_14.txt.gz","Plate_726s_J19","asymptomatic","fibroblast",0.374195467231025,12
"GSM8121907_athero_human_14.txt.gz","Plate_726s_J20","asymptomatic","fibroblast",-0.0739447939659222,12
"GSM8121907_athero_human_14.txt.gz","Plate_726s_J21","asymptomatic","vsmc",-0.293800750806514,12
"GSM8121907_athero_human_14.txt.gz","Plate_726s_J22","asymptomatic","vsmc",-0.0266635404450952,12
"GSM8121907_athero_human_14.txt.gz","Plate_726s_J23","asymptomatic","fibroblast",0.72395608731093,12
"GSM8121907_athero_human_14.txt.gz","Plate_726s_J24","asymptomatic","fibroblast",0.00352375934087955,12
"GSM8121907_athero_human_14.txt.gz","Plate_726s_K02","asymptomatic","vsmc",0.0244372077215139,12
"GSM8121907_athero_human_14.txt.gz","Plate_726s_K03","asymptomatic","fibroblast",-0.0729417631681682,12
"GSM8121907_athero_human_14.txt.gz","Plate_726s_K04","asymptomatic","vsmc",0.0758872142275075,12
"GSM8121907_athero_human_14.txt.gz","Plate_726s_K05","asymptomatic","fibroblast",0.426565876872088,12
"GSM8121907_athero_human_14.txt.gz","Plate_726s_K07","asymptomatic","fibroblast",0.232864055476865,12
"GSM8121907_athero_human_14.txt.gz","Plate_726s_K09","asymptomatic","vsmc",-0.130354829382608,12
"GSM8121907_athero_human_14.txt.gz","Plate_726s_K13","asymptomatic","vsmc",-0.0125529746500489,12
"GSM8121907_athero_human_14.txt.gz","Plate_726s_K14","asymptomatic","vsmc",0.205128398839715,12
"GSM8121907_athero_human_14.txt.gz","Plate_726s_K15","asymptomatic","vsmc",-0.148996352122854,12
"GSM8121907_athero_human_14.txt.gz","Plate_726s_K16","asymptomatic","vsmc",0.331640266178689,12
"GSM8121907_athero_human_14.txt.gz","Plate_726s_K17","asymptomatic","fibroblast",0.258743638756557,12
"GSM8121907_athero_human_14.txt.gz","Plate_726s_K18","asymptomatic","fibroblast",-0.197236476615909,12
"GSM8121907_athero_human_14.txt.gz","Plate_726s_K19","asymptomatic","fibroblast",-0.104426344950958,12
"GSM8121907_athero_human_14.txt.gz","Plate_726s_K21","asymptomatic","fibroblast",0.183127190244396,12
"GSM8121907_athero_human_14.txt.gz","Plate_726s_K22","asymptomatic","vsmc",-0.22934028554683,12
"GSM8121907_athero_human_14.txt.gz","Plate_726s_K23","asymptomatic","unassigned",-0.115618665380648,12
"GSM8121907_athero_human_14.txt.gz","Plate_726s_K24","asymptomatic","vsmc",-0.108820886210957,12
"GSM8121907_athero_human_14.txt.gz","Plate_726s_L01","asymptomatic","vsmc",-0.0709350162669041,12
"GSM8121907_athero_human_14.txt.gz","Plate_726s_L02","asymptomatic","vsmc",-0.485773363372478,12
"GSM8121907_athero_human_14.txt.gz","Plate_726s_L04","asymptomatic","vsmc",-0.458908444882176,12
"GSM8121907_athero_human_14.txt.gz","Plate_726s_L05","asymptomatic","fibroblast",-0.233173795764686,12
"GSM8121907_athero_human_14.txt.gz","Plate_726s_L06","asymptomatic","vsmc",-0.159723132965494,12
"GSM8121907_athero_human_14.txt.gz","Plate_726s_L07","asymptomatic","vsmc",-0.0452234550982842,12
"GSM8121907_athero_human_14.txt.gz","Plate_726s_L08","asymptomatic","vsmc",-0.0144710048479579,12
"GSM8121907_athero_human_14.txt.gz","Plate_726s_L09","asymptomatic","macrophage",-0.0363360501669556,12
"GSM8121907_athero_human_14.txt.gz","Plate_726s_L10","asymptomatic","fibroblast",0.267128356113864,12
"GSM8121907_athero_human_14.txt.gz","Plate_726s_L11","asymptomatic","vsmc",-0.0182800151249016,12
"GSM8121907_athero_human_14.txt.gz","Plate_726s_L12","asymptomatic","fibroblast",0.654856384765642,12
"GSM8121907_athero_human_14.txt.gz","Plate_726s_L15","asymptomatic","fibroblast",-0.18789630779137,12
"GSM8121907_athero_human_14.txt.gz","Plate_726s_L16","asymptomatic","fibroblast",0.301678287225891,12
"GSM8121907_athero_human_14.txt.gz","Plate_726s_L17","asymptomatic","fibroblast",0.327889921573716,12
"GSM8121907_athero_human_14.txt.gz","Plate_726s_L18","asymptomatic","macrophage",0.10993303610998,12
"GSM8121907_athero_human_14.txt.gz","Plate_726s_L19","asymptomatic","vsmc",-0.0562614112046228,12
"GSM8121907_athero_human_14.txt.gz","Plate_726s_L20","asymptomatic","fibroblast",0.113141861000568,12
"GSM8121907_athero_human_14.txt.gz","Plate_726s_L21","asymptomatic","vsmc",0.247551723361307,12
"GSM8121907_athero_human_14.txt.gz","Plate_726s_L22","asymptomatic","fibroblast",-0.170064690084261,12
"GSM8121907_athero_human_14.txt.gz","Plate_726s_M01","asymptomatic","vsmc",-0.304746884999318,12
"GSM8121907_athero_human_14.txt.gz","Plate_726s_M02","asymptomatic","fibroblast",-0.307633911941241,12
"GSM8121907_athero_human_14.txt.gz","Plate_726s_M03","asymptomatic","fibroblast",-0.166424235040187,12
"GSM8121907_athero_human_14.txt.gz","Plate_726s_M04","asymptomatic","vsmc",-0.312888560307991,12
"GSM8121907_athero_human_14.txt.gz","Plate_726s_M05","asymptomatic","vsmc",0.0136940315500225,12
"GSM8121907_athero_human_14.txt.gz","Plate_726s_M06","asymptomatic","fibroblast",0.0392296451451872,12
"GSM8121907_athero_human_14.txt.gz","Plate_726s_M07","asymptomatic","vsmc",0.368975335057256,12
"GSM8121907_athero_human_14.txt.gz","Plate_726s_M08","asymptomatic","fibroblast",-0.0703023174488612,12
"GSM8121907_athero_human_14.txt.gz","Plate_726s_M09","asymptomatic","fibroblast",0.372782671538372,12
"GSM8121907_athero_human_14.txt.gz","Plate_726s_M10","asymptomatic","unassigned",0.0985391109155572,12
"GSM8121907_athero_human_14.txt.gz","Plate_726s_M11","asymptomatic","fibroblast",-0.34728726602734,12
"GSM8121907_athero_human_14.txt.gz","Plate_726s_M12","asymptomatic","fibroblast",-0.0766481401263328,12
"GSM8121907_athero_human_14.txt.gz","Plate_726s_M13","asymptomatic","vsmc",-0.124881334500217,12
"GSM8121907_athero_human_14.txt.gz","Plate_726s_M14","asymptomatic","fibroblast",0.551250330301082,12
"GSM8121907_athero_human_14.txt.gz","Plate_726s_M17","asymptomatic","fibroblast",0.722651851003432,12
"GSM8121907_athero_human_14.txt.gz","Plate_726s_M18","asymptomatic","fibroblast",-0.154620809721923,12
"GSM8121907_athero_human_14.txt.gz","Plate_726s_M19","asymptomatic","vsmc",-0.095625193601728,12
"GSM8121907_athero_human_14.txt.gz","Plate_726s_M20","asymptomatic","vsmc",-0.360064022632742,12
"GSM8121907_athero_human_14.txt.gz","Plate_726s_M21","asymptomatic","vsmc",0.00053774608968364,12
"GSM8121907_athero_human_14.txt.gz","Plate_726s_M22","asymptomatic","vsmc",-0.0368216645763819,12
"GSM8121907_athero_human_14.txt.gz","Plate_726s_N01","asymptomatic","fibroblast",-0.216214012783407,12
"GSM8121907_athero_human_14.txt.gz","Plate_726s_N02","asymptomatic","fibroblast",-0.27878424488848,12
"GSM8121907_athero_human_14.txt.gz","Plate_726s_N04","asymptomatic","vsmc",-0.221392378984324,12
"GSM8121907_athero_human_14.txt.gz","Plate_726s_N05","asymptomatic","macrophage",-0.183399224349629,12
"GSM8121907_athero_human_14.txt.gz","Plate_726s_N06","asymptomatic","fibroblast",0.341035825463257,12
"GSM8121907_athero_human_14.txt.gz","Plate_726s_N07","asymptomatic","vsmc",-0.0834340920827187,12
"GSM8121907_athero_human_14.txt.gz","Plate_726s_N09","asymptomatic","vsmc",-0.3329552740391,12
"GSM8121907_athero_human_14.txt.gz","Plate_726s_N10","asymptomatic","fibroblast",-0.213852277382688,12
"GSM8121907_athero_human_14.txt.gz","Plate_726s_N11","asymptomatic","vsmc",0.0786970504424798,12
"GSM8121907_athero_human_14.txt.gz","Plate_726s_N12","asymptomatic","fibroblast",0.232124270049935,12
"GSM8121907_athero_human_14.txt.gz","Plate_726s_N13","asymptomatic","vsmc",0.178862096164045,12
"GSM8121907_athero_human_14.txt.gz","Plate_726s_N14","asymptomatic","vsmc",-0.187627423059161,12
"GSM8121907_athero_human_14.txt.gz","Plate_726s_N16","asymptomatic","fibroblast",0.0614246824113775,12
"GSM8121907_athero_human_14.txt.gz","Plate_726s_N18","asymptomatic","vsmc",-0.452773513793613,12
"GSM8121907_athero_human_14.txt.gz","Plate_726s_N19","asymptomatic","fibroblast",-0.204320909259785,12
"GSM8121907_athero_human_14.txt.gz","Plate_726s_N20","asymptomatic","vsmc",-0.528914307798487,12
"GSM8121907_athero_human_14.txt.gz","Plate_726s_N21","asymptomatic","vsmc",-0.0374102890861182,12
"GSM8121907_athero_human_14.txt.gz","Plate_726s_N22","asymptomatic","vsmc",-0.049974772384008,12
"GSM8121907_athero_human_14.txt.gz","Plate_726s_N23","asymptomatic","fibroblast",-0.0589936169032396,12
"GSM8121907_athero_human_14.txt.gz","Plate_726s_N24","asymptomatic","vsmc",-0.248023463480393,12
"GSM8121907_athero_human_14.txt.gz","Plate_726s_O03","asymptomatic","vsmc",-0.143498833280094,12
"GSM8121907_athero_human_14.txt.gz","Plate_726s_O04","asymptomatic","vsmc",-0.0517379124077498,12
"GSM8121907_athero_human_14.txt.gz","Plate_726s_O05","asymptomatic","vsmc",-0.149533248920513,12
"GSM8121907_athero_human_14.txt.gz","Plate_726s_O06","asymptomatic","vsmc",-0.23943382207288,12
"GSM8121907_athero_human_14.txt.gz","Plate_726s_O08","asymptomatic","vsmc",-0.188626500869083,12
"GSM8121907_athero_human_14.txt.gz","Plate_726s_O09","asymptomatic","fibroblast",0.218364652274655,12
"GSM8121907_athero_human_14.txt.gz","Plate_726s_O10","asymptomatic","vsmc",-0.00866740925813198,12
"GSM8121907_athero_human_14.txt.gz","Plate_726s_O11","asymptomatic","unassigned",0.117051860618506,12
"GSM8121907_athero_human_14.txt.gz","Plate_726s_O12","asymptomatic","fibroblast",0.145259226172004,12
"GSM8121907_athero_human_14.txt.gz","Plate_726s_O14","asymptomatic","vsmc",0.049514858134879,12
"GSM8121907_athero_human_14.txt.gz","Plate_726s_O15","asymptomatic","vsmc",-0.490072443503032,12
"GSM8121907_athero_human_14.txt.gz","Plate_726s_O16","asymptomatic","vsmc",-0.309229716425619,12
"GSM8121907_athero_human_14.txt.gz","Plate_726s_O17","asymptomatic","vsmc",0.0931018189986086,12
"GSM8121907_athero_human_14.txt.gz","Plate_726s_O18","asymptomatic","vsmc",-0.338798636422252,12
"GSM8121907_athero_human_14.txt.gz","Plate_726s_O19","asymptomatic","vsmc",-0.406733658513324,12
"GSM8121907_athero_human_14.txt.gz","Plate_726s_O20","asymptomatic","vsmc",-0.252555436945838,12
"GSM8121907_athero_human_14.txt.gz","Plate_726s_O21","asymptomatic","fibroblast",0.173956250925981,12
"GSM8121907_athero_human_14.txt.gz","Plate_726s_P03","asymptomatic","fibroblast",0.172395610901689,12
"GSM8121907_athero_human_14.txt.gz","Plate_726s_P04","asymptomatic","vsmc",-0.119166091774038,12
"GSM8121907_athero_human_14.txt.gz","Plate_726s_P05","asymptomatic","vsmc",-0.0344479085936934,12
"GSM8121907_athero_human_14.txt.gz","Plate_726s_P07","asymptomatic","fibroblast",-0.137455517061936,12
"GSM8121907_athero_human_14.txt.gz","Plate_726s_P08","asymptomatic","fibroblast",-0.114994539659133,12
"GSM8121907_athero_human_14.txt.gz","Plate_726s_P10","asymptomatic","vsmc",-0.248220364704035,12
"GSM8121907_athero_human_14.txt.gz","Plate_726s_P11","asymptomatic","unassigned",-0.00621773403582465,12
"GSM8121907_athero_human_14.txt.gz","Plate_726s_P12","asymptomatic","macrophage",-0.0561289115302312,12
"GSM8121907_athero_human_14.txt.gz","Plate_726s_P13","asymptomatic","vsmc",-0.242547337266983,12
"GSM8121907_athero_human_14.txt.gz","Plate_726s_P14","asymptomatic","fibroblast",-0.019179889847654,12
"GSM8121907_athero_human_14.txt.gz","Plate_726s_P17","asymptomatic","vsmc",-0.122380054140578,12
"GSM8121907_athero_human_14.txt.gz","Plate_726s_P18","asymptomatic","vsmc",-0.461095403330717,12
"GSM8121907_athero_human_14.txt.gz","Plate_726s_P19","asymptomatic","vsmc",-0.222950715225931,12
"GSM8121907_athero_human_14.txt.gz","Plate_726s_P20","asymptomatic","vsmc",-0.16992095102286,12
"GSM8121907_athero_human_14.txt.gz","Plate_726s_P22","asymptomatic","vsmc",0.608297128996108,12
"GSM8121907_athero_human_14.txt.gz","Plate_727s_A02","asymptomatic","vsmc",-0.167041232117661,12
"GSM8121907_athero_human_14.txt.gz","Plate_727s_A03","asymptomatic","macrophage",-0.0773202193982197,12
"GSM8121907_athero_human_14.txt.gz","Plate_727s_A04","asymptomatic","t_nk",-0.192519780146869,12
"GSM8121907_athero_human_14.txt.gz","Plate_727s_A05","asymptomatic","macrophage",-0.315883155334064,12
"GSM8121907_athero_human_14.txt.gz","Plate_727s_A06","asymptomatic","macrophage",0.00526131492497031,12
"GSM8121907_athero_human_14.txt.gz","Plate_727s_A07","asymptomatic","macrophage",-0.16918254369958,12
"GSM8121907_athero_human_14.txt.gz","Plate_727s_A08","asymptomatic","macrophage",-0.118198131876172,12
"GSM8121907_athero_human_14.txt.gz","Plate_727s_A10","asymptomatic","macrophage",-0.0752937357006819,12
"GSM8121907_athero_human_14.txt.gz","Plate_727s_A11","asymptomatic","macrophage",0.0377336492718366,12
"GSM8121907_athero_human_14.txt.gz","Plate_727s_A12","asymptomatic","macrophage",-0.525214934148521,12
"GSM8121907_athero_human_14.txt.gz","Plate_727s_A13","asymptomatic","macrophage",-0.0747485223064914,12
"GSM8121907_athero_human_14.txt.gz","Plate_727s_A14","asymptomatic","macrophage",0.518086414074183,12
"GSM8121907_athero_human_14.txt.gz","Plate_727s_A15","asymptomatic","t_nk",-0.256855180571181,12
"GSM8121907_athero_human_14.txt.gz","Plate_727s_A16","asymptomatic","t_nk",-0.150488960164095,12
"GSM8121907_athero_human_14.txt.gz","Plate_727s_A17","asymptomatic","macrophage",-0.347144582380116,12
"GSM8121907_athero_human_14.txt.gz","Plate_727s_A18","asymptomatic","macrophage",-0.450704476192621,12
"GSM8121907_athero_human_14.txt.gz","Plate_727s_A19","asymptomatic","t_nk",0.0197550048555712,12
"GSM8121907_athero_human_14.txt.gz","Plate_727s_A20","asymptomatic","macrophage",-0.127004700236273,12
"GSM8121907_athero_human_14.txt.gz","Plate_727s_A21","asymptomatic","macrophage",0.511250206517241,12
"GSM8121907_athero_human_14.txt.gz","Plate_727s_A22","asymptomatic","macrophage",-0.12600372423997,12
"GSM8121907_athero_human_14.txt.gz","Plate_727s_A23","asymptomatic","macrophage",-0.0991835656811704,12
"GSM8121907_athero_human_14.txt.gz","Plate_727s_B01","asymptomatic","t_nk",-0.19415157898446,12
"GSM8121907_athero_human_14.txt.gz","Plate_727s_B03","asymptomatic","macrophage",0.349421698467027,12
"GSM8121907_athero_human_14.txt.gz","Plate_727s_B04","asymptomatic","t_nk",-0.211148674657504,12
"GSM8121907_athero_human_14.txt.gz","Plate_727s_B05","asymptomatic","macrophage",0.197886726117326,12
"GSM8121907_athero_human_14.txt.gz","Plate_727s_B06","asymptomatic","unassigned",-0.456504131263936,12
"GSM8121907_athero_human_14.txt.gz","Plate_727s_B07","asymptomatic","vsmc",0.0214397869349997,12
"GSM8121907_athero_human_14.txt.gz","Plate_727s_B08","asymptomatic","macrophage",-0.394916045199348,12
"GSM8121907_athero_human_14.txt.gz","Plate_727s_B09","asymptomatic","macrophage",-0.292167202280552,12
"GSM8121907_athero_human_14.txt.gz","Plate_727s_B11","asymptomatic","macrophage",0.704309678566776,12
"GSM8121907_athero_human_14.txt.gz","Plate_727s_B12","asymptomatic","macrophage",-0.522478999613772,12
"GSM8121907_athero_human_14.txt.gz","Plate_727s_B14","asymptomatic","macrophage",-0.437534557639565,12
"GSM8121907_athero_human_14.txt.gz","Plate_727s_B15","asymptomatic","t_nk",-0.145935415557493,12
"GSM8121907_athero_human_14.txt.gz","Plate_727s_B16","asymptomatic","t_nk",-0.265377024148284,12
"GSM8121907_athero_human_14.txt.gz","Plate_727s_B17","asymptomatic","macrophage",-0.247392467391201,12
"GSM8121907_athero_human_14.txt.gz","Plate_727s_B18","asymptomatic","macrophage",0.0166545204309117,12
"GSM8121907_athero_human_14.txt.gz","Plate_727s_B19","asymptomatic","t_nk",0.00536335848435016,12
"GSM8121907_athero_human_14.txt.gz","Plate_727s_B20","asymptomatic","macrophage",-0.496536533679529,12
"GSM8121907_athero_human_14.txt.gz","Plate_727s_B21","asymptomatic","macrophage",-0.149112198127342,12
"GSM8121907_athero_human_14.txt.gz","Plate_727s_B24","asymptomatic","b_cell",0.0482702769048984,12
"GSM8121907_athero_human_14.txt.gz","Plate_727s_C01","asymptomatic","macrophage",0.398963616404378,12
"GSM8121907_athero_human_14.txt.gz","Plate_727s_C02","asymptomatic","macrophage",-0.38967655437027,12
"GSM8121907_athero_human_14.txt.gz","Plate_727s_C04","asymptomatic","b_cell",-0.266583264525424,12
"GSM8121907_athero_human_14.txt.gz","Plate_727s_C05","asymptomatic","macrophage",-0.25400111791872,12
"GSM8121907_athero_human_14.txt.gz","Plate_727s_C06","asymptomatic","macrophage",-0.227986267364754,12
"GSM8121907_athero_human_14.txt.gz","Plate_727s_C08","asymptomatic","macrophage",-0.120662600527582,12
"GSM8121907_athero_human_14.txt.gz","Plate_727s_C09","asymptomatic","unassigned",1.05424062432316,12
"GSM8121907_athero_human_14.txt.gz","Plate_727s_C12","asymptomatic","macrophage",0.284142132768329,12
"GSM8121907_athero_human_14.txt.gz","Plate_727s_C13","asymptomatic","b_cell",-0.101599793575974,12
"GSM8121907_athero_human_14.txt.gz","Plate_727s_C14","asymptomatic","t_nk",-0.0494720847988024,12
"GSM8121907_athero_human_14.txt.gz","Plate_727s_C15","asymptomatic","t_nk",0.651183195922585,12
"GSM8121907_athero_human_14.txt.gz","Plate_727s_C16","asymptomatic","t_nk",-0.0613140374285009,12
"GSM8121907_athero_human_14.txt.gz","Plate_727s_C17","asymptomatic","macrophage",0.162401805661329,12
"GSM8121907_athero_human_14.txt.gz","Plate_727s_C18","asymptomatic","macrophage",-0.166320229645064,12
"GSM8121907_athero_human_14.txt.gz","Plate_727s_C19","asymptomatic","macrophage",-0.37607316014454,12
"GSM8121907_athero_human_14.txt.gz","Plate_727s_C20","asymptomatic","t_nk",0.0588035816313574,12
"GSM8121907_athero_human_14.txt.gz","Plate_727s_C21","asymptomatic","t_nk",0.530899679765723,12
"GSM8121907_athero_human_14.txt.gz","Plate_727s_C22","asymptomatic","t_nk",-0.229229878150706,12
"GSM8121907_athero_human_14.txt.gz","Plate_727s_C23","asymptomatic","t_nk",0.0440976118923104,12
"GSM8121907_athero_human_14.txt.gz","Plate_727s_C24","asymptomatic","macrophage",-0.0697580496557922,12
"GSM8121907_athero_human_14.txt.gz","Plate_727s_D01","asymptomatic","macrophage",-0.506013915533811,12
"GSM8121907_athero_human_14.txt.gz","Plate_727s_D02","asymptomatic","macrophage",-0.19063507177655,12
"GSM8121907_athero_human_14.txt.gz","Plate_727s_D03","asymptomatic","macrophage",-0.105363429584295,12
"GSM8121907_athero_human_14.txt.gz","Plate_727s_D06","asymptomatic","macrophage",0.402139636187424,12
"GSM8121907_athero_human_14.txt.gz","Plate_727s_D07","asymptomatic","macrophage",-0.525752905770888,12
"GSM8121907_athero_human_14.txt.gz","Plate_727s_D08","asymptomatic","macrophage",0.577968181324452,12
"GSM8121907_athero_human_14.txt.gz","Plate_727s_D09","asymptomatic","t_nk",-0.131297370431908,12
"GSM8121907_athero_human_14.txt.gz","Plate_727s_D10","asymptomatic","vsmc",0.231558249038008,12
"GSM8121907_athero_human_14.txt.gz","Plate_727s_D11","asymptomatic","t_nk",0.152014950621725,12
"GSM8121907_athero_human_14.txt.gz","Plate_727s_D12","asymptomatic","macrophage",0.0155923405696759,12
"GSM8121907_athero_human_14.txt.gz","Plate_727s_D13","asymptomatic","t_nk",0.170018754620335,12
"GSM8121907_athero_human_14.txt.gz","Plate_727s_D14","asymptomatic","macrophage",-0.139657503944626,12
"GSM8121907_athero_human_14.txt.gz","Plate_727s_D15","asymptomatic","macrophage",-0.415062596210253,12
"GSM8121907_athero_human_14.txt.gz","Plate_727s_D16","asymptomatic","macrophage",0.294356061817781,12
"GSM8121907_athero_human_14.txt.gz","Plate_727s_D17","asymptomatic","unassigned",-0.422643196243802,12
"GSM8121907_athero_human_14.txt.gz","Plate_727s_D19","asymptomatic","macrophage",-0.123194401606823,12
"GSM8121907_athero_human_14.txt.gz","Plate_727s_D20","asymptomatic","t_nk",0.0133277462619082,12
"GSM8121907_athero_human_14.txt.gz","Plate_727s_D21","asymptomatic","macrophage",0.277653486782736,12
"GSM8121907_athero_human_14.txt.gz","Plate_727s_D22","asymptomatic","vsmc",1.02087777238711,12
"GSM8121907_athero_human_14.txt.gz","Plate_727s_D23","asymptomatic","macrophage",-0.465267844687682,12
"GSM8121907_athero_human_14.txt.gz","Plate_727s_D24","asymptomatic","t_nk",0.0615009462131237,12
"GSM8121907_athero_human_14.txt.gz","Plate_727s_E01","asymptomatic","macrophage",-0.119474868390678,12
"GSM8121907_athero_human_14.txt.gz","Plate_727s_E02","asymptomatic","unassigned",0.355322154407457,12
"GSM8121907_athero_human_14.txt.gz","Plate_727s_E04","asymptomatic","b_cell",-0.383848489279921,12
"GSM8121907_athero_human_14.txt.gz","Plate_727s_E05","asymptomatic","t_nk",-0.291477185038802,12
"GSM8121907_athero_human_14.txt.gz","Plate_727s_E06","asymptomatic","unassigned",-0.481768148892115,12
"GSM8121907_athero_human_14.txt.gz","Plate_727s_E07","asymptomatic","t_nk",0.0668216501155463,12
"GSM8121907_athero_human_14.txt.gz","Plate_727s_E08","asymptomatic","t_nk",-0.0988260109380361,12
"GSM8121907_athero_human_14.txt.gz","Plate_727s_E09","asymptomatic","macrophage",0.355646816751393,12
"GSM8121907_athero_human_14.txt.gz","Plate_727s_E10","asymptomatic","fibroblast",-0.107872734001078,12
"GSM8121907_athero_human_14.txt.gz","Plate_727s_E13","asymptomatic","macrophage",-0.10446227296784,12
"GSM8121907_athero_human_14.txt.gz","Plate_727s_E15","asymptomatic","macrophage",0.212083767584809,12
"GSM8121907_athero_human_14.txt.gz","Plate_727s_E16","asymptomatic","macrophage",-0.225495072666291,12
"GSM8121907_athero_human_14.txt.gz","Plate_727s_E17","asymptomatic","macrophage",0.562095866080591,12
"GSM8121907_athero_human_14.txt.gz","Plate_727s_E18","asymptomatic","macrophage",0.879334532053572,12
"GSM8121907_athero_human_14.txt.gz","Plate_727s_E19","asymptomatic","t_nk",0.0281079333821642,12
"GSM8121907_athero_human_14.txt.gz","Plate_727s_E20","asymptomatic","macrophage",0.236936142093095,12
"GSM8121907_athero_human_14.txt.gz","Plate_727s_E22","asymptomatic","t_nk",0.026479846210534,12
"GSM8121907_athero_human_14.txt.gz","Plate_727s_E23","asymptomatic","macrophage",-0.223638371896717,12
"GSM8121907_athero_human_14.txt.gz","Plate_727s_F01","asymptomatic","macrophage",-0.535917126593713,12
"GSM8121907_athero_human_14.txt.gz","Plate_727s_F02","asymptomatic","unassigned",1.18789093638863,12
"GSM8121907_athero_human_14.txt.gz","Plate_727s_F03","asymptomatic","macrophage",-0.0905642741420936,12
"GSM8121907_athero_human_14.txt.gz","Plate_727s_F04","asymptomatic","macrophage",0.343023595022064,12
"GSM8121907_athero_human_14.txt.gz","Plate_727s_F05","asymptomatic","macrophage",-0.139766481207845,12
"GSM8121907_athero_human_14.txt.gz","Plate_727s_F06","asymptomatic","macrophage",-0.335790637717845,12
"GSM8121907_athero_human_14.txt.gz","Plate_727s_F09","asymptomatic","t_nk",-0.259715438286779,12
"GSM8121907_athero_human_14.txt.gz","Plate_727s_F10","asymptomatic","macrophage",-0.0176246018690842,12
"GSM8121907_athero_human_14.txt.gz","Plate_727s_F12","asymptomatic","macrophage",-0.217280034870944,12
"GSM8121907_athero_human_14.txt.gz","Plate_727s_F13","asymptomatic","macrophage",-0.300930180939773,12
"GSM8121907_athero_human_14.txt.gz","Plate_727s_F14","asymptomatic","macrophage",-0.375275124025626,12
"GSM8121907_athero_human_14.txt.gz","Plate_727s_F15","asymptomatic","macrophage",-0.391135393581971,12
"GSM8121907_athero_human_14.txt.gz","Plate_727s_F16","asymptomatic","t_nk",-0.261134783926802,12
"GSM8121907_athero_human_14.txt.gz","Plate_727s_F17","asymptomatic","macrophage",0.669887574478052,12
"GSM8121907_athero_human_14.txt.gz","Plate_727s_F18","asymptomatic","macrophage",0.285121032047056,12
"GSM8121907_athero_human_14.txt.gz","Plate_727s_F19","asymptomatic","t_nk",-0.135097665643691,12
"GSM8121907_athero_human_14.txt.gz","Plate_727s_F20","asymptomatic","macrophage",0.00754561709745928,12
"GSM8121907_athero_human_14.txt.gz","Plate_727s_F21","asymptomatic","t_nk",-0.208094429195216,12
"GSM8121907_athero_human_14.txt.gz","Plate_727s_F23","asymptomatic","macrophage",-0.50915729019661,12
"GSM8121907_athero_human_14.txt.gz","Plate_727s_G02","asymptomatic","unassigned",1.3268350094188,12
"GSM8121907_athero_human_14.txt.gz","Plate_727s_G04","asymptomatic","macrophage",-0.515603384217463,12
"GSM8121907_athero_human_14.txt.gz","Plate_727s_G05","asymptomatic","macrophage",-0.214055775162682,12
"GSM8121907_athero_human_14.txt.gz","Plate_727s_G06","asymptomatic","macrophage",0.184788225449725,12
"GSM8121907_athero_human_14.txt.gz","Plate_727s_G07","asymptomatic","macrophage",-0.451087478349255,12
"GSM8121907_athero_human_14.txt.gz","Plate_727s_G08","asymptomatic","macrophage",-0.408856001153633,12
"GSM8121907_athero_human_14.txt.gz","Plate_727s_G09","asymptomatic","b_cell",-0.425016164465337,12
"GSM8121907_athero_human_14.txt.gz","Plate_727s_G11","asymptomatic","t_nk",-0.182801020346632,12
"GSM8121907_athero_human_14.txt.gz","Plate_727s_G12","asymptomatic","macrophage",-0.0299815196183302,12
"GSM8121907_athero_human_14.txt.gz","Plate_727s_G14","asymptomatic","macrophage",-0.510302674851638,12
"GSM8121907_athero_human_14.txt.gz","Plate_727s_G17","asymptomatic","b_cell",-0.475424514878405,12
"GSM8121907_athero_human_14.txt.gz","Plate_727s_G18","asymptomatic","unassigned",-0.296932732952645,12
"GSM8121907_athero_human_14.txt.gz","Plate_727s_G19","asymptomatic","macrophage",-0.316559159162849,12
"GSM8121907_athero_human_14.txt.gz","Plate_727s_G20","asymptomatic","macrophage",0.179506311780016,12
"GSM8121907_athero_human_14.txt.gz","Plate_727s_G21","asymptomatic","macrophage",0.57545649690938,12
"GSM8121907_athero_human_14.txt.gz","Plate_727s_G22","asymptomatic","fibroblast",-0.192984243400724,12
"GSM8121907_athero_human_14.txt.gz","Plate_727s_G23","asymptomatic","t_nk",-0.0840824085380433,12
"GSM8121907_athero_human_14.txt.gz","Plate_727s_G24","asymptomatic","t_nk",-0.252798536053796,12
"GSM8121907_athero_human_14.txt.gz","Plate_727s_H01","asymptomatic","macrophage",0.907337547656694,12
"GSM8121907_athero_human_14.txt.gz","Plate_727s_H02","asymptomatic","unassigned",-0.254662401673514,12
"GSM8121907_athero_human_14.txt.gz","Plate_727s_H03","asymptomatic","macrophage",-0.483597362299911,12
"GSM8121907_athero_human_14.txt.gz","Plate_727s_H04","asymptomatic","macrophage",-0.126499153718152,12
"GSM8121907_athero_human_14.txt.gz","Plate_727s_H05","asymptomatic","macrophage",-0.217416050448198,12
"GSM8121907_athero_human_14.txt.gz","Plate_727s_H06","asymptomatic","mast",-0.0769946984921555,12
"GSM8121907_athero_human_14.txt.gz","Plate_727s_H07","asymptomatic","t_nk",0.0512900579150462,12
"GSM8121907_athero_human_14.txt.gz","Plate_727s_H09","asymptomatic","t_nk",0.311252582957835,12
"GSM8121907_athero_human_14.txt.gz","Plate_727s_H10","asymptomatic","t_nk",0.114948028105429,12
"GSM8121907_athero_human_14.txt.gz","Plate_727s_H11","asymptomatic","macrophage",0.298106307108111,12
"GSM8121907_athero_human_14.txt.gz","Plate_727s_H12","asymptomatic","mast",-0.260574972506205,12
"GSM8121907_athero_human_14.txt.gz","Plate_727s_H14","asymptomatic","macrophage",-0.344584304230274,12
"GSM8121907_athero_human_14.txt.gz","Plate_727s_H15","asymptomatic","t_nk",-0.109131720329463,12
"GSM8121907_athero_human_14.txt.gz","Plate_727s_H16","asymptomatic","unassigned",0.703400550979911,12
"GSM8121907_athero_human_14.txt.gz","Plate_727s_H19","asymptomatic","t_nk",-0.23569422093374,12
"GSM8121907_athero_human_14.txt.gz","Plate_727s_H20","asymptomatic","macrophage",0.122619895258652,12
"GSM8121907_athero_human_14.txt.gz","Plate_727s_H21","asymptomatic","t_nk",0.158369109303671,12
"GSM8121907_athero_human_14.txt.gz","Plate_727s_H22","asymptomatic","macrophage",-0.208365755178511,12
"GSM8121907_athero_human_14.txt.gz","Plate_727s_H23","asymptomatic","macrophage",-0.238504309320553,12
"GSM8121907_athero_human_14.txt.gz","Plate_727s_H24","asymptomatic","b_cell",-0.499322143243537,12
"GSM8121907_athero_human_14.txt.gz","Plate_727s_I02","asymptomatic","b_cell",-0.0320232860500255,12
"GSM8121907_athero_human_14.txt.gz","Plate_727s_I03","asymptomatic","endothelial",0.0611497326638503,12
"GSM8121907_athero_human_14.txt.gz","Plate_727s_I04","asymptomatic","t_nk",-0.224213032034484,12
"GSM8121907_athero_human_14.txt.gz","Plate_727s_I05","asymptomatic","macrophage",0.0043905810660097,12
"GSM8121907_athero_human_14.txt.gz","Plate_727s_I06","asymptomatic","macrophage",-0.343716583064005,12
"GSM8121907_athero_human_14.txt.gz","Plate_727s_I09","asymptomatic","macrophage",-0.528748408631756,12
"GSM8121907_athero_human_14.txt.gz","Plate_727s_I10","asymptomatic","t_nk",-0.294895076947751,12
"GSM8121907_athero_human_14.txt.gz","Plate_727s_I11","asymptomatic","mast",0.583120390164966,12
"GSM8121907_athero_human_14.txt.gz","Plate_727s_I12","asymptomatic","macrophage",0.0490844410341002,12
"GSM8121907_athero_human_14.txt.gz","Plate_727s_I13","asymptomatic","macrophage",-0.059846055980526,12
"GSM8121907_athero_human_14.txt.gz","Plate_727s_I14","asymptomatic","t_nk",-0.297551626097943,12
"GSM8121907_athero_human_14.txt.gz","Plate_727s_I15","asymptomatic","b_cell",-0.349349609769399,12
"GSM8121907_athero_human_14.txt.gz","Plate_727s_I16","asymptomatic","macrophage",0.399907406014655,12
"GSM8121907_athero_human_14.txt.gz","Plate_727s_I18","asymptomatic","t_nk",-0.135681609560874,12
"GSM8121907_athero_human_14.txt.gz","Plate_727s_I19","asymptomatic","t_nk",-0.104487441773829,12
"GSM8121907_athero_human_14.txt.gz","Plate_727s_I20","asymptomatic","t_nk",0.0598513757557467,12
"GSM8121907_athero_human_14.txt.gz","Plate_727s_I21","asymptomatic","t_nk",0.0799102586270852,12
"GSM8121907_athero_human_14.txt.gz","Plate_727s_I23","asymptomatic","macrophage",-0.421069130301962,12
"GSM8121907_athero_human_14.txt.gz","Plate_727s_I24","asymptomatic","macrophage",-0.240316521912051,12
"GSM8121907_athero_human_14.txt.gz","Plate_727s_J01","asymptomatic","macrophage",0.24240058002634,12
"GSM8121907_athero_human_14.txt.gz","Plate_727s_J02","asymptomatic","unassigned",-0.0887373534001832,12
"GSM8121907_athero_human_14.txt.gz","Plate_727s_J03","asymptomatic","macrophage",-0.217244457541105,12
"GSM8121907_athero_human_14.txt.gz","Plate_727s_J04","asymptomatic","b_cell",-0.56185757825197,12
"GSM8121907_athero_human_14.txt.gz","Plate_727s_J05","asymptomatic","vsmc",-0.0492005004962797,12
"GSM8121907_athero_human_14.txt.gz","Plate_727s_J06","asymptomatic","macrophage",-0.461863969992295,12
"GSM8121907_athero_human_14.txt.gz","Plate_727s_J07","asymptomatic","macrophage",-0.105586835600418,12
"GSM8121907_athero_human_14.txt.gz","Plate_727s_J09","asymptomatic","macrophage",-0.367023559297851,12
"GSM8121907_athero_human_14.txt.gz","Plate_727s_J11","asymptomatic","macrophage",-0.194300674077492,12
"GSM8121907_athero_human_14.txt.gz","Plate_727s_J12","asymptomatic","macrophage",0.0240994907661687,12
"GSM8121907_athero_human_14.txt.gz","Plate_727s_J14","asymptomatic","macrophage",-0.370819093974652,12
"GSM8121907_athero_human_14.txt.gz","Plate_727s_J16","asymptomatic","macrophage",-0.0117878546797317,12
"GSM8121907_athero_human_14.txt.gz","Plate_727s_J17","asymptomatic","macrophage",-0.354381985073156,12
"GSM8121907_athero_human_14.txt.gz","Plate_727s_J18","asymptomatic","t_nk",-0.205349906369916,12
"GSM8121907_athero_human_14.txt.gz","Plate_727s_J19","asymptomatic","t_nk",0.00341098033733417,12
"GSM8121907_athero_human_14.txt.gz","Plate_727s_J21","asymptomatic","macrophage",0.158570262738644,12
"GSM8121907_athero_human_14.txt.gz","Plate_727s_J22","asymptomatic","macrophage",-0.16874611860733,12
"GSM8121907_athero_human_14.txt.gz","Plate_727s_J23","asymptomatic","macrophage",-0.376580016645305,12
"GSM8121907_athero_human_14.txt.gz","Plate_727s_K01","asymptomatic","mast",-0.286483955780793,12
"GSM8121907_athero_human_14.txt.gz","Plate_727s_K02","asymptomatic","unassigned",0.00933834592401167,12
"GSM8121907_athero_human_14.txt.gz","Plate_727s_K03","asymptomatic","macrophage",-0.113705395251918,12
"GSM8121907_athero_human_14.txt.gz","Plate_727s_K04","asymptomatic","b_cell",0.0766375494243257,12
"GSM8121907_athero_human_14.txt.gz","Plate_727s_K05","asymptomatic","unassigned",0.499376738638398,12
"GSM8121907_athero_human_14.txt.gz","Plate_727s_K07","asymptomatic","macrophage",0.274562724108317,12
"GSM8121907_athero_human_14.txt.gz","Plate_727s_K08","asymptomatic","macrophage",-0.459127042860274,12
"GSM8121907_athero_human_14.txt.gz","Plate_727s_K09","asymptomatic","unassigned",-0.425324131741264,12
"GSM8121907_athero_human_14.txt.gz","Plate_727s_K10","asymptomatic","unassigned",0.82977235233506,12
"GSM8121907_athero_human_14.txt.gz","Plate_727s_K12","asymptomatic","macrophage",-0.110572689995618,12
"GSM8121907_athero_human_14.txt.gz","Plate_727s_K13","asymptomatic","b_cell",-0.201877430072988,12
"GSM8121907_athero_human_14.txt.gz","Plate_727s_K15","asymptomatic","t_nk",-0.156080692592224,12
"GSM8121907_athero_human_14.txt.gz","Plate_727s_K16","asymptomatic","b_cell",-0.220733863340472,12
"GSM8121907_athero_human_14.txt.gz","Plate_727s_K17","asymptomatic","unassigned",1.37180081596022,12
"GSM8121907_athero_human_14.txt.gz","Plate_727s_K18","asymptomatic","unassigned",-0.302513429034666,12
"GSM8121907_athero_human_14.txt.gz","Plate_727s_K19","asymptomatic","t_nk",-0.316665684172871,12
"GSM8121907_athero_human_14.txt.gz","Plate_727s_K23","asymptomatic","t_nk",-0.497804168544841,12
"GSM8121907_athero_human_14.txt.gz","Plate_727s_K24","asymptomatic","b_cell",-0.15292546486787,12
"GSM8121907_athero_human_14.txt.gz","Plate_727s_L01","asymptomatic","b_cell",-0.332101795458181,12
"GSM8121907_athero_human_14.txt.gz","Plate_727s_L02","asymptomatic","b_cell",-0.330942506290576,12
"GSM8121907_athero_human_14.txt.gz","Plate_727s_L03","asymptomatic","macrophage",0.415695014736995,12
"GSM8121907_athero_human_14.txt.gz","Plate_727s_L04","asymptomatic","macrophage",-0.466153115191168,12
"GSM8121907_athero_human_14.txt.gz","Plate_727s_L06","asymptomatic","t_nk",-0.303082917459163,12
"GSM8121907_athero_human_14.txt.gz","Plate_727s_L07","asymptomatic","macrophage",-0.27279130223125,12
"GSM8121907_athero_human_14.txt.gz","Plate_727s_L08","asymptomatic","macrophage",-0.474491215506905,12
"GSM8121907_athero_human_14.txt.gz","Plate_727s_L09","asymptomatic","macrophage",-0.309630482669142,12
"GSM8121907_athero_human_14.txt.gz","Plate_727s_L11","asymptomatic","mast",0.495539296261212,12
"GSM8121907_athero_human_14.txt.gz","Plate_727s_L12","asymptomatic","t_nk",-0.123486936332477,12
"GSM8121907_athero_human_14.txt.gz","Plate_727s_L13","asymptomatic","unassigned",0.467113804967571,12
"GSM8121907_athero_human_14.txt.gz","Plate_727s_L14","asymptomatic","t_nk",0.0361724040846967,12
"GSM8121907_athero_human_14.txt.gz","Plate_727s_L15","asymptomatic","b_cell",-0.128011620473974,12
"GSM8121907_athero_human_14.txt.gz","Plate_727s_L16","asymptomatic","t_nk",-0.21203802750814,12
"GSM8121907_athero_human_14.txt.gz","Plate_727s_L17","asymptomatic","macrophage",-0.255128416536374,12
"GSM8121907_athero_human_14.txt.gz","Plate_727s_L18","asymptomatic","macrophage",-0.210917626798942,12
"GSM8121907_athero_human_14.txt.gz","Plate_727s_L19","asymptomatic","b_cell",-0.184928221202142,12
"GSM8121907_athero_human_14.txt.gz","Plate_727s_L20","asymptomatic","macrophage",0.23994665075763,12
"GSM8121907_athero_human_14.txt.gz","Plate_727s_L21","asymptomatic","b_cell",-0.0760963595519485,12
"GSM8121907_athero_human_14.txt.gz","Plate_727s_L22","asymptomatic","b_cell",-0.0554662138886496,12
"GSM8121907_athero_human_14.txt.gz","Plate_727s_L23","asymptomatic","t_nk",0.0700080781416903,12
"GSM8121907_athero_human_14.txt.gz","Plate_727s_L24","asymptomatic","macrophage",0.124011790560266,12
"GSM8121907_athero_human_14.txt.gz","Plate_727s_M02","asymptomatic","macrophage",0.0213113407247391,12
"GSM8121907_athero_human_14.txt.gz","Plate_727s_M03","asymptomatic","macrophage",-0.405767980554612,12
"GSM8121907_athero_human_14.txt.gz","Plate_727s_M04","asymptomatic","macrophage",-0.0946645272377933,12
"GSM8121907_athero_human_14.txt.gz","Plate_727s_M07","asymptomatic","t_nk",0.179029750661596,12
"GSM8121907_athero_human_14.txt.gz","Plate_727s_M08","asymptomatic","macrophage",-0.00496255471563868,12
"GSM8121907_athero_human_14.txt.gz","Plate_727s_M09","asymptomatic","macrophage",0.187117542917027,12
"GSM8121907_athero_human_14.txt.gz","Plate_727s_M10","asymptomatic","t_nk",0.117599609111237,12
"GSM8121907_athero_human_14.txt.gz","Plate_727s_M11","asymptomatic","t_nk",-0.267593089236184,12
"GSM8121907_athero_human_14.txt.gz","Plate_727s_M12","asymptomatic","macrophage",0.0882991489918166,12
"GSM8121907_athero_human_14.txt.gz","Plate_727s_M15","asymptomatic","macrophage",-0.338195071285494,12
"GSM8121907_athero_human_14.txt.gz","Plate_727s_M17","asymptomatic","macrophage",-0.0946662142187964,12
"GSM8121907_athero_human_14.txt.gz","Plate_727s_M18","asymptomatic","t_nk",-0.049779681646283,12
"GSM8121907_athero_human_14.txt.gz","Plate_727s_M19","asymptomatic","macrophage",-0.216431494457318,12
"GSM8121907_athero_human_14.txt.gz","Plate_727s_M20","asymptomatic","macrophage",1.70374630180978,12
"GSM8121907_athero_human_14.txt.gz","Plate_727s_M21","asymptomatic","mast",-0.209070375976352,12
"GSM8121907_athero_human_14.txt.gz","Plate_727s_M22","asymptomatic","vsmc",0.0661530613735335,12
"GSM8121907_athero_human_14.txt.gz","Plate_727s_M23","asymptomatic","t_nk",-0.000343275047823267,12
"GSM8121907_athero_human_14.txt.gz","Plate_727s_M24","asymptomatic","macrophage",-0.139137330885651,12
"GSM8121907_athero_human_14.txt.gz","Plate_727s_N01","asymptomatic","mast",-0.180518819154298,12
"GSM8121907_athero_human_14.txt.gz","Plate_727s_N02","asymptomatic","b_cell",0.453604040277575,12
"GSM8121907_athero_human_14.txt.gz","Plate_727s_N05","asymptomatic","macrophage",0.207562335626401,12
"GSM8121907_athero_human_14.txt.gz","Plate_727s_N06","asymptomatic","t_nk",-0.522812348504169,12
"GSM8121907_athero_human_14.txt.gz","Plate_727s_N07","asymptomatic","unassigned",0.876849822674871,12
"GSM8121907_athero_human_14.txt.gz","Plate_727s_N08","asymptomatic","macrophage",0.126339883374255,12
"GSM8121907_athero_human_14.txt.gz","Plate_727s_N10","asymptomatic","unassigned",0.369069114848366,12
"GSM8121907_athero_human_14.txt.gz","Plate_727s_N12","asymptomatic","macrophage",-0.311609957139918,12
"GSM8121907_athero_human_14.txt.gz","Plate_727s_N13","asymptomatic","b_cell",-0.0740283935454207,12
"GSM8121907_athero_human_14.txt.gz","Plate_727s_N14","asymptomatic","unassigned",-0.21221548102183,12
"GSM8121907_athero_human_14.txt.gz","Plate_727s_N15","asymptomatic","unassigned",0.489365920058005,12
"GSM8121907_athero_human_14.txt.gz","Plate_727s_N17","asymptomatic","macrophage",-0.171203623235197,12
"GSM8121907_athero_human_14.txt.gz","Plate_727s_N18","asymptomatic","b_cell",-0.418023055340772,12
"GSM8121907_athero_human_14.txt.gz","Plate_727s_N19","asymptomatic","macrophage",-0.251290563725971,12
"GSM8121907_athero_human_14.txt.gz","Plate_727s_N20","asymptomatic","macrophage",-0.334559027725065,12
"GSM8121907_athero_human_14.txt.gz","Plate_727s_N21","asymptomatic","macrophage",0.853146716722877,12
"GSM8121907_athero_human_14.txt.gz","Plate_727s_N23","asymptomatic","macrophage",0.654238621703592,12
"GSM8121907_athero_human_14.txt.gz","Plate_727s_O01","asymptomatic","macrophage",-0.0831392565987402,12
"GSM8121907_athero_human_14.txt.gz","Plate_727s_O02","asymptomatic","t_nk",-0.167464424290449,12
"GSM8121907_athero_human_14.txt.gz","Plate_727s_O04","asymptomatic","macrophage",-0.446872504748874,12
"GSM8121907_athero_human_14.txt.gz","Plate_727s_O05","asymptomatic","t_nk",-0.0921181864277716,12
"GSM8121907_athero_human_14.txt.gz","Plate_727s_O06","asymptomatic","macrophage",-0.0575613461837497,12
"GSM8121907_athero_human_14.txt.gz","Plate_727s_O07","asymptomatic","macrophage",0.261872193729146,12
"GSM8121907_athero_human_14.txt.gz","Plate_727s_O08","asymptomatic","macrophage",0.0277472079310286,12
"GSM8121907_athero_human_14.txt.gz","Plate_727s_O09","asymptomatic","macrophage",-0.334696725826984,12
"GSM8121907_athero_human_14.txt.gz","Plate_727s_O10","asymptomatic","macrophage",-0.212945108151906,12
"GSM8121907_athero_human_14.txt.gz","Plate_727s_O11","asymptomatic","macrophage",0.24435244227772,12
"GSM8121907_athero_human_14.txt.gz","Plate_727s_O13","asymptomatic","macrophage",-0.47950290059256,12
"GSM8121907_athero_human_14.txt.gz","Plate_727s_O14","asymptomatic","macrophage",0.772155620253367,12
"GSM8121907_athero_human_14.txt.gz","Plate_727s_O15","asymptomatic","t_nk",-0.0832217879165763,12
"GSM8121907_athero_human_14.txt.gz","Plate_727s_O16","asymptomatic","macrophage",0.158064592374025,12
"GSM8121907_athero_human_14.txt.gz","Plate_727s_O17","asymptomatic","macrophage",-0.0261981852632294,12
"GSM8121907_athero_human_14.txt.gz","Plate_727s_O18","asymptomatic","macrophage",0.347149429741718,12
"GSM8121907_athero_human_14.txt.gz","Plate_727s_O21","asymptomatic","t_nk",-0.391612457275501,12
"GSM8121907_athero_human_14.txt.gz","Plate_727s_O22","asymptomatic","macrophage",0.028286990814035,12
"GSM8121907_athero_human_14.txt.gz","Plate_727s_O23","asymptomatic","t_nk",0.214815208600717,12
"GSM8121907_athero_human_14.txt.gz","Plate_727s_O24","asymptomatic","vsmc",-0.0233723628771216,12
"GSM8121907_athero_human_14.txt.gz","Plate_727s_P02","asymptomatic","macrophage",0.371390330760028,12
"GSM8121907_athero_human_14.txt.gz","Plate_727s_P03","asymptomatic","macrophage",0.356839175077711,12
"GSM8121907_athero_human_14.txt.gz","Plate_727s_P04","asymptomatic","macrophage",-0.0423342203044054,12
"GSM8121907_athero_human_14.txt.gz","Plate_727s_P05","asymptomatic","macrophage",-0.125632916386025,12
"GSM8121907_athero_human_14.txt.gz","Plate_727s_P06","asymptomatic","t_nk",-0.178382273776282,12
"GSM8121907_athero_human_14.txt.gz","Plate_727s_P09","asymptomatic","macrophage",0.646243098975641,12
"GSM8121907_athero_human_14.txt.gz","Plate_727s_P10","asymptomatic","macrophage",0.0198608702424222,12
"GSM8121907_athero_human_14.txt.gz","Plate_727s_P11","asymptomatic","macrophage",-0.0639542382716162,12
"GSM8121907_athero_human_14.txt.gz","Plate_727s_P12","asymptomatic","macrophage",-0.0387968207851776,12
"GSM8121907_athero_human_14.txt.gz","Plate_727s_P13","asymptomatic","macrophage",-0.360624626599677,12
"GSM8121907_athero_human_14.txt.gz","Plate_727s_P14","asymptomatic","macrophage",-0.352869364172513,12
"GSM8121907_athero_human_14.txt.gz","Plate_727s_P15","asymptomatic","t_nk",-0.144396666045485,12
"GSM8121907_athero_human_14.txt.gz","Plate_727s_P16","asymptomatic","macrophage",-0.14912385232603,12
"GSM8121907_athero_human_14.txt.gz","Plate_727s_P17","asymptomatic","macrophage",-0.287593132043888,12
"GSM8121907_athero_human_14.txt.gz","Plate_727s_P18","asymptomatic","macrophage",-0.144882412439055,12
"GSM8121907_athero_human_14.txt.gz","Plate_727s_P19","asymptomatic","fibroblast",-0.145540347584737,12
"GSM8121907_athero_human_14.txt.gz","Plate_727s_P20","asymptomatic","macrophage",0.0635354611489157,12
"GSM8121907_athero_human_14.txt.gz","Plate_727s_P21","asymptomatic","macrophage",0.398213984637036,12
"GSM8121908_athero_human_15.txt.gz","Plate_728s_A02","symptomatic","macrophage",0.606555252920383,12
"GSM8121908_athero_human_15.txt.gz","Plate_728s_A04","symptomatic","unassigned",0.161887733989396,12
"GSM8121908_athero_human_15.txt.gz","Plate_728s_A05","symptomatic","macrophage",0.16165339999033,12
"GSM8121908_athero_human_15.txt.gz","Plate_728s_A06","symptomatic","macrophage",-0.256937227094839,12
"GSM8121908_athero_human_15.txt.gz","Plate_728s_A07","symptomatic","macrophage",0.0432601068886657,12
"GSM8121908_athero_human_15.txt.gz","Plate_728s_A09","symptomatic","unassigned",0.0267738268902543,12
"GSM8121908_athero_human_15.txt.gz","Plate_728s_A10","symptomatic","t_nk",-0.097637950673424,12
"GSM8121908_athero_human_15.txt.gz","Plate_728s_A13","symptomatic","unassigned",0.645056172999975,12
"GSM8121908_athero_human_15.txt.gz","Plate_728s_A14","symptomatic","macrophage",-0.389188553682924,12
"GSM8121908_athero_human_15.txt.gz","Plate_728s_A15","symptomatic","vsmc",-0.372502972308557,12
"GSM8121908_athero_human_15.txt.gz","Plate_728s_A16","symptomatic","macrophage",-0.0577014874751034,12
"GSM8121908_athero_human_15.txt.gz","Plate_728s_A18","symptomatic","unassigned",0.51563387062231,12
"GSM8121908_athero_human_15.txt.gz","Plate_728s_A19","symptomatic","endothelial",-0.122927423734786,12
"GSM8121908_athero_human_15.txt.gz","Plate_728s_A22","symptomatic","fibroblast",-0.227388576825225,12
"GSM8121908_athero_human_15.txt.gz","Plate_728s_A23","symptomatic","mast",-0.00635033465490052,12
"GSM8121908_athero_human_15.txt.gz","Plate_728s_B01","symptomatic","mast",1.63673701927558,12
"GSM8121908_athero_human_15.txt.gz","Plate_728s_B02","symptomatic","unassigned",-0.0239571506388769,12
"GSM8121908_athero_human_15.txt.gz","Plate_728s_B03","symptomatic","unassigned",0.16346831128653,12
"GSM8121908_athero_human_15.txt.gz","Plate_728s_B05","symptomatic","unassigned",0.065804155017796,12
"GSM8121908_athero_human_15.txt.gz","Plate_728s_B08","symptomatic","macrophage",-0.581717791025505,12
"GSM8121908_athero_human_15.txt.gz","Plate_728s_B09","symptomatic","endothelial",-0.522207210699717,12
"GSM8121908_athero_human_15.txt.gz","Plate_728s_B11","symptomatic","t_nk",0.0705661830964682,12
"GSM8121908_athero_human_15.txt.gz","Plate_728s_B12","symptomatic","endothelial",-0.128716768864249,12
"GSM8121908_athero_human_15.txt.gz","Plate_728s_B13","symptomatic","macrophage",-0.635959205557415,12
"GSM8121908_athero_human_15.txt.gz","Plate_728s_B15","symptomatic","macrophage",-0.502033792500684,12
"GSM8121908_athero_human_15.txt.gz","Plate_728s_B17","symptomatic","macrophage",0.140848149271139,12
"GSM8121908_athero_human_15.txt.gz","Plate_728s_B18","symptomatic","macrophage",0.0496523946436089,12
"GSM8121908_athero_human_15.txt.gz","Plate_728s_B19","symptomatic","unassigned",0.0723708904478171,12
"GSM8121908_athero_human_15.txt.gz","Plate_728s_B20","symptomatic","macrophage",-0.352993217968694,12
"GSM8121908_athero_human_15.txt.gz","Plate_728s_C02","symptomatic","t_nk",0.26668816206614,12
"GSM8121908_athero_human_15.txt.gz","Plate_728s_C04","symptomatic","mast",0.0913578679411846,12
"GSM8121908_athero_human_15.txt.gz","Plate_728s_C05","symptomatic","endothelial",0.372958382045983,12
"GSM8121908_athero_human_15.txt.gz","Plate_728s_C06","symptomatic","endothelial",0.512942771467055,12
"GSM8121908_athero_human_15.txt.gz","Plate_728s_C09","symptomatic","macrophage",0.0594920885263935,12
"GSM8121908_athero_human_15.txt.gz","Plate_728s_C10","symptomatic","unassigned",0.445357779675073,12
"GSM8121908_athero_human_15.txt.gz","Plate_728s_C11","symptomatic","macrophage",0.463914809265049,12
"GSM8121908_athero_human_15.txt.gz","Plate_728s_C13","symptomatic","unassigned",0.713286397812603,12
"GSM8121908_athero_human_15.txt.gz","Plate_728s_C14","symptomatic","endothelial",-0.353575910473526,12
"GSM8121908_athero_human_15.txt.gz","Plate_728s_C16","symptomatic","mast",-0.203632688399025,12
"GSM8121908_athero_human_15.txt.gz","Plate_728s_C17","symptomatic","macrophage",0.384261761048133,12
"GSM8121908_athero_human_15.txt.gz","Plate_728s_C18","symptomatic","mast",0.926311052253779,12
"GSM8121908_athero_human_15.txt.gz","Plate_728s_C21","symptomatic","macrophage",-0.139664855192046,12
"GSM8121908_athero_human_15.txt.gz","Plate_728s_C22","symptomatic","b_cell",0.0645823915711349,12
"GSM8121908_athero_human_15.txt.gz","Plate_728s_C23","symptomatic","unassigned",-0.486096889366523,12
"GSM8121908_athero_human_15.txt.gz","Plate_728s_C24","symptomatic","unassigned",-0.154846300828208,12
"GSM8121908_athero_human_15.txt.gz","Plate_728s_D01","symptomatic","macrophage",-0.474173386043313,12
"GSM8121908_athero_human_15.txt.gz","Plate_728s_D02","symptomatic","endothelial",-0.245627350296752,12
"GSM8121908_athero_human_15.txt.gz","Plate_728s_D04","symptomatic","mast",-0.281092073681972,12
"GSM8121908_athero_human_15.txt.gz","Plate_728s_D05","symptomatic","b_cell",-0.154957328054986,12
"GSM8121908_athero_human_15.txt.gz","Plate_728s_D07","symptomatic","unassigned",-0.417345527467699,12
"GSM8121908_athero_human_15.txt.gz","Plate_728s_D08","symptomatic","macrophage",-0.0975038971534315,12
"GSM8121908_athero_human_15.txt.gz","Plate_728s_D09","symptomatic","b_cell",0.609583290064146,12
"GSM8121908_athero_human_15.txt.gz","Plate_728s_D10","symptomatic","macrophage",0.907196675190352,12
"GSM8121908_athero_human_15.txt.gz","Plate_728s_D14","symptomatic","macrophage",-0.303667508713612,12
"GSM8121908_athero_human_15.txt.gz","Plate_728s_D16","symptomatic","macrophage",0.387120757077749,12
"GSM8121908_athero_human_15.txt.gz","Plate_728s_D17","symptomatic","macrophage",0.708811000386542,12
"GSM8121908_athero_human_15.txt.gz","Plate_728s_D18","symptomatic","macrophage",-0.375898922174504,12
"GSM8121908_athero_human_15.txt.gz","Plate_728s_D19","symptomatic","t_nk",-0.170445702410432,12
"GSM8121908_athero_human_15.txt.gz","Plate_728s_D20","symptomatic","unassigned",-0.358866378054635,12
"GSM8121908_athero_human_15.txt.gz","Plate_728s_D22","symptomatic","endothelial",-0.251465567601744,12
"GSM8121908_athero_human_15.txt.gz","Plate_728s_D23","symptomatic","macrophage",-0.279367165515321,12
"GSM8121908_athero_human_15.txt.gz","Plate_728s_E01","symptomatic","endothelial",-0.516427668869956,12
"GSM8121908_athero_human_15.txt.gz","Plate_728s_E02","symptomatic","macrophage",-0.0496120958106442,12
"GSM8121908_athero_human_15.txt.gz","Plate_728s_E03","symptomatic","b_cell",0.373886125784824,12
"GSM8121908_athero_human_15.txt.gz","Plate_728s_E04","symptomatic","macrophage",-0.0581671269694311,12
"GSM8121908_athero_human_15.txt.gz","Plate_728s_E06","symptomatic","macrophage",0.218143278827965,12
"GSM8121908_athero_human_15.txt.gz","Plate_728s_E07","symptomatic","b_cell",-0.0974782832192693,12
"GSM8121908_athero_human_15.txt.gz","Plate_728s_E09","symptomatic","macrophage",-0.188846793154601,12
"GSM8121908_athero_human_15.txt.gz","Plate_728s_E10","symptomatic","b_cell",0.264769592155084,12
"GSM8121908_athero_human_15.txt.gz","Plate_728s_E12","symptomatic","macrophage",-0.271762228932189,12
"GSM8121908_athero_human_15.txt.gz","Plate_728s_E13","symptomatic","macrophage",-0.182113496918267,12
"GSM8121908_athero_human_15.txt.gz","Plate_728s_E14","symptomatic","endothelial",-0.42524633486127,12
"GSM8121908_athero_human_15.txt.gz","Plate_728s_E15","symptomatic","endothelial",-0.0384113732134694,12
"GSM8121908_athero_human_15.txt.gz","Plate_728s_E20","symptomatic","unassigned",-0.521430011632232,12
"GSM8121908_athero_human_15.txt.gz","Plate_728s_E21","symptomatic","t_nk",-0.210077034002152,12
"GSM8121908_athero_human_15.txt.gz","Plate_728s_E22","symptomatic","macrophage",-0.00540479940860944,12
"GSM8121908_athero_human_15.txt.gz","Plate_728s_F03","symptomatic","macrophage",-0.34489342637698,12
"GSM8121908_athero_human_15.txt.gz","Plate_728s_F04","symptomatic","fibroblast",0.0223619603531695,12
"GSM8121908_athero_human_15.txt.gz","Plate_728s_F05","symptomatic","unassigned",-0.200364593180514,12
"GSM8121908_athero_human_15.txt.gz","Plate_728s_F06","symptomatic","macrophage",-0.469165741569031,12
"GSM8121908_athero_human_15.txt.gz","Plate_728s_F07","symptomatic","endothelial",0.0337822233367299,12
"GSM8121908_athero_human_15.txt.gz","Plate_728s_F08","symptomatic","unassigned",0.59453176252764,12
"GSM8121908_athero_human_15.txt.gz","Plate_728s_F09","symptomatic","vsmc",0.212633624624951,12
"GSM8121908_athero_human_15.txt.gz","Plate_728s_F13","symptomatic","macrophage",-0.497553698578302,12
"GSM8121908_athero_human_15.txt.gz","Plate_728s_F17","symptomatic","unassigned",0.355736490276779,12
"GSM8121908_athero_human_15.txt.gz","Plate_728s_F20","symptomatic","unassigned",-0.0109235504856447,12
"GSM8121908_athero_human_15.txt.gz","Plate_728s_F21","symptomatic","unassigned",0.753894838164499,12
"GSM8121908_athero_human_15.txt.gz","Plate_728s_F24","symptomatic","unassigned",-0.446987502299028,12
"GSM8121908_athero_human_15.txt.gz","Plate_728s_G01","symptomatic","endothelial",-0.217793190711611,12
"GSM8121908_athero_human_15.txt.gz","Plate_728s_G02","symptomatic","fibroblast",0.580625120577302,12
"GSM8121908_athero_human_15.txt.gz","Plate_728s_G08","symptomatic","fibroblast",-0.348826193520785,12
"GSM8121908_athero_human_15.txt.gz","Plate_728s_G11","symptomatic","macrophage",0.670277833746949,12
"GSM8121908_athero_human_15.txt.gz","Plate_728s_G12","symptomatic","fibroblast",0.505338539671357,12
"GSM8121908_athero_human_15.txt.gz","Plate_728s_G14","symptomatic","unassigned",0.197133232088483,12
"GSM8121908_athero_human_15.txt.gz","Plate_728s_G15","symptomatic","fibroblast",0.924055355131125,12
"GSM8121908_athero_human_15.txt.gz","Plate_728s_G17","symptomatic","endothelial",0.103658930860802,12
"GSM8121908_athero_human_15.txt.gz","Plate_728s_G19","symptomatic","vsmc",-0.0794830813336016,12
"GSM8121908_athero_human_15.txt.gz","Plate_728s_G20","symptomatic","unassigned",0.384046395462841,12
"GSM8121908_athero_human_15.txt.gz","Plate_728s_G22","symptomatic","fibroblast",-0.0877846983677783,12
"GSM8121908_athero_human_15.txt.gz","Plate_728s_G23","symptomatic","macrophage",0.0786302532873964,12
"GSM8121908_athero_human_15.txt.gz","Plate_728s_G24","symptomatic","macrophage",-0.543057600042063,12
"GSM8121908_athero_human_15.txt.gz","Plate_728s_H01","symptomatic","macrophage",-0.0515279254594621,12
"GSM8121908_athero_human_15.txt.gz","Plate_728s_H02","symptomatic","endothelial",0.093147271875236,12
"GSM8121908_athero_human_15.txt.gz","Plate_728s_H04","symptomatic","endothelial",-0.47860788908469,12
"GSM8121908_athero_human_15.txt.gz","Plate_728s_H07","symptomatic","unassigned",0.622499999579921,12
"GSM8121908_athero_human_15.txt.gz","Plate_728s_H08","symptomatic","endothelial",0.140321737045157,12
"GSM8121908_athero_human_15.txt.gz","Plate_728s_H09","symptomatic","unassigned",-0.0825313432318686,12
"GSM8121908_athero_human_15.txt.gz","Plate_728s_H10","symptomatic","unassigned",-0.326615164567814,12
"GSM8121908_athero_human_15.txt.gz","Plate_728s_H12","symptomatic","unassigned",0.0966382360069137,12
"GSM8121908_athero_human_15.txt.gz","Plate_728s_H16","symptomatic","macrophage",0.233877242367485,12
"GSM8121908_athero_human_15.txt.gz","Plate_728s_H18","symptomatic","macrophage",-0.543218927100711,12
"GSM8121908_athero_human_15.txt.gz","Plate_728s_H19","symptomatic","t_nk",1.02597643957212,12
"GSM8121908_athero_human_15.txt.gz","Plate_728s_H21","symptomatic","unassigned",0.201004721208841,12
"GSM8121908_athero_human_15.txt.gz","Plate_728s_H23","symptomatic","macrophage",0.222984909361744,12
"GSM8121908_athero_human_15.txt.gz","Plate_728s_I01","symptomatic","b_cell",0.874415961331065,12
"GSM8121908_athero_human_15.txt.gz","Plate_728s_I02","symptomatic","macrophage",0.13265331360914,12
"GSM8121908_athero_human_15.txt.gz","Plate_728s_I04","symptomatic","macrophage",0.840176723268979,12
"GSM8121908_athero_human_15.txt.gz","Plate_728s_I05","symptomatic","t_nk",-0.306946896670493,12
"GSM8121908_athero_human_15.txt.gz","Plate_728s_I06","symptomatic","macrophage",0.197298699470574,12
"GSM8121908_athero_human_15.txt.gz","Plate_728s_I09","symptomatic","macrophage",0.345544904439934,12
"GSM8121908_athero_human_15.txt.gz","Plate_728s_I11","symptomatic","mast",-0.0420271416655552,12
"GSM8121908_athero_human_15.txt.gz","Plate_728s_I13","symptomatic","b_cell",0.0121728995821242,12
"GSM8121908_athero_human_15.txt.gz","Plate_728s_I14","symptomatic","endothelial",-0.0901321450505023,12
"GSM8121908_athero_human_15.txt.gz","Plate_728s_I22","symptomatic","fibroblast",0.116597674289139,12
"GSM8121908_athero_human_15.txt.gz","Plate_728s_I23","symptomatic","mast",-0.21684253943856,12
"GSM8121908_athero_human_15.txt.gz","Plate_728s_I24","symptomatic","macrophage",0.00100863359453701,12
"GSM8121908_athero_human_15.txt.gz","Plate_728s_J01","symptomatic","unassigned",-0.23125919890371,12
"GSM8121908_athero_human_15.txt.gz","Plate_728s_J03","symptomatic","macrophage",0.456334496285185,12
"GSM8121908_athero_human_15.txt.gz","Plate_728s_J06","symptomatic","unassigned",-0.479131162636237,12
"GSM8121908_athero_human_15.txt.gz","Plate_728s_J08","symptomatic","macrophage",0.377318292478492,12
"GSM8121908_athero_human_15.txt.gz","Plate_728s_J09","symptomatic","b_cell",-0.0581121291082599,12
"GSM8121908_athero_human_15.txt.gz","Plate_728s_J10","symptomatic","unassigned",-0.273913657559873,12
"GSM8121908_athero_human_15.txt.gz","Plate_728s_J11","symptomatic","mast",0.143365691409699,12
"GSM8121908_athero_human_15.txt.gz","Plate_728s_J12","symptomatic","macrophage",0.198906484560717,12
"GSM8121908_athero_human_15.txt.gz","Plate_728s_J13","symptomatic","endothelial",-0.273066958913732,12
"GSM8121908_athero_human_15.txt.gz","Plate_728s_J14","symptomatic","macrophage",-0.52809065525555,12
"GSM8121908_athero_human_15.txt.gz","Plate_728s_J17","symptomatic","macrophage",-0.399021125477718,12
"GSM8121908_athero_human_15.txt.gz","Plate_728s_J19","symptomatic","endothelial",-0.520560211287037,12
"GSM8121908_athero_human_15.txt.gz","Plate_728s_J22","symptomatic","macrophage",-0.248493309617254,12
"GSM8121908_athero_human_15.txt.gz","Plate_728s_K01","symptomatic","endothelial",-0.539131091944882,12
"GSM8121908_athero_human_15.txt.gz","Plate_728s_K03","symptomatic","macrophage",0.12214474709363,12
"GSM8121908_athero_human_15.txt.gz","Plate_728s_K05","symptomatic","unassigned",0.244156200855617,12
"GSM8121908_athero_human_15.txt.gz","Plate_728s_K06","symptomatic","macrophage",-0.575408613942724,12
"GSM8121908_athero_human_15.txt.gz","Plate_728s_K07","symptomatic","unassigned",0.474562402978434,12
"GSM8121908_athero_human_15.txt.gz","Plate_728s_K08","symptomatic","macrophage",0.210109129398333,12
"GSM8121908_athero_human_15.txt.gz","Plate_728s_K11","symptomatic","macrophage",-0.0603552232046004,12
"GSM8121908_athero_human_15.txt.gz","Plate_728s_K12","symptomatic","macrophage",0.0619081668449444,12
"GSM8121908_athero_human_15.txt.gz","Plate_728s_K13","symptomatic","macrophage",-0.277371323246734,12
"GSM8121908_athero_human_15.txt.gz","Plate_728s_K16","symptomatic","t_nk",-0.336809455474998,12
"GSM8121908_athero_human_15.txt.gz","Plate_728s_K17","symptomatic","macrophage",-0.163700180555837,12
"GSM8121908_athero_human_15.txt.gz","Plate_728s_K18","symptomatic","macrophage",-0.2547447157401,12
"GSM8121908_athero_human_15.txt.gz","Plate_728s_K19","symptomatic","unassigned",-0.0338217465680413,12
"GSM8121908_athero_human_15.txt.gz","Plate_728s_K22","symptomatic","macrophage",0.151973071693603,12
"GSM8121908_athero_human_15.txt.gz","Plate_728s_K23","symptomatic","macrophage",0.406943302239105,12
"GSM8121908_athero_human_15.txt.gz","Plate_728s_K24","symptomatic","unassigned",0.234959376877733,12
"GSM8121908_athero_human_15.txt.gz","Plate_728s_L02","symptomatic","macrophage",0.121283657778243,12
"GSM8121908_athero_human_15.txt.gz","Plate_728s_L03","symptomatic","endothelial",-0.206364515833313,12
"GSM8121908_athero_human_15.txt.gz","Plate_728s_L06","symptomatic","macrophage",0.0890765528266874,12
"GSM8121908_athero_human_15.txt.gz","Plate_728s_L08","symptomatic","fibroblast",0.454860113845647,12
"GSM8121908_athero_human_15.txt.gz","Plate_728s_L09","symptomatic","fibroblast",-0.21510986357939,12
"GSM8121908_athero_human_15.txt.gz","Plate_728s_L10","symptomatic","macrophage",-0.432982514043335,12
"GSM8121908_athero_human_15.txt.gz","Plate_728s_L12","symptomatic","endothelial",-0.246064826934384,12
"GSM8121908_athero_human_15.txt.gz","Plate_728s_L14","symptomatic","fibroblast",-0.186230360973791,12
"GSM8121908_athero_human_15.txt.gz","Plate_728s_L15","symptomatic","endothelial",-0.502129443583626,12
"GSM8121908_athero_human_15.txt.gz","Plate_728s_L16","symptomatic","macrophage",0.222932344429524,12
"GSM8121908_athero_human_15.txt.gz","Plate_728s_L17","symptomatic","fibroblast",-0.249194057269634,12
"GSM8121908_athero_human_15.txt.gz","Plate_728s_L18","symptomatic","macrophage",-0.364297600660377,12
"GSM8121908_athero_human_15.txt.gz","Plate_728s_L21","symptomatic","endothelial",0.336633025758541,12
"GSM8121908_athero_human_15.txt.gz","Plate_728s_L22","symptomatic","fibroblast",-0.179790878002052,12
"GSM8121908_athero_human_15.txt.gz","Plate_728s_L23","symptomatic","macrophage",-0.645281272340506,12
"GSM8121908_athero_human_15.txt.gz","Plate_728s_L24","symptomatic","endothelial",-0.0670198726764761,12
"GSM8121908_athero_human_15.txt.gz","Plate_728s_M01","symptomatic","t_nk",0.373945121708033,12
"GSM8121908_athero_human_15.txt.gz","Plate_728s_M05","symptomatic","fibroblast",0.113045581967358,12
"GSM8121908_athero_human_15.txt.gz","Plate_728s_M07","symptomatic","mast",-0.471222502572483,12
"GSM8121908_athero_human_15.txt.gz","Plate_728s_M09","symptomatic","t_nk",0.764008331392468,12
"GSM8121908_athero_human_15.txt.gz","Plate_728s_M10","symptomatic","unassigned",-0.113943825288881,12
"GSM8121908_athero_human_15.txt.gz","Plate_728s_M16","symptomatic","macrophage",-0.0183338446916918,12
"GSM8121908_athero_human_15.txt.gz","Plate_728s_M17","symptomatic","b_cell",0.257357512396661,12
"GSM8121908_athero_human_15.txt.gz","Plate_728s_M20","symptomatic","endothelial",0.0680754153102697,12
"GSM8121908_athero_human_15.txt.gz","Plate_728s_M21","symptomatic","t_nk",0.0200919779934101,12
"GSM8121908_athero_human_15.txt.gz","Plate_728s_N03","symptomatic","macrophage",-0.0278821539467944,12
"GSM8121908_athero_human_15.txt.gz","Plate_728s_N04","symptomatic","b_cell",-0.229319537795954,12
"GSM8121908_athero_human_15.txt.gz","Plate_728s_N05","symptomatic","macrophage",-0.294941513940828,12
"GSM8121908_athero_human_15.txt.gz","Plate_728s_N07","symptomatic","endothelial",-0.304119076743645,12
"GSM8121908_athero_human_15.txt.gz","Plate_728s_N09","symptomatic","macrophage",0.0177230303349017,12
"GSM8121908_athero_human_15.txt.gz","Plate_728s_N10","symptomatic","macrophage",0.101773564454217,12
"GSM8121908_athero_human_15.txt.gz","Plate_728s_N12","symptomatic","macrophage",0.698248075632128,12
"GSM8121908_athero_human_15.txt.gz","Plate_728s_N13","symptomatic","endothelial",-0.359508357474441,12
"GSM8121908_athero_human_15.txt.gz","Plate_728s_N14","symptomatic","unassigned",0.368978816404427,12
"GSM8121908_athero_human_15.txt.gz","Plate_728s_N16","symptomatic","macrophage",-0.35784997969428,12
"GSM8121908_athero_human_15.txt.gz","Plate_728s_N17","symptomatic","macrophage",-0.431312928220424,12
"GSM8121908_athero_human_15.txt.gz","Plate_728s_N20","symptomatic","vsmc",0.222436026535915,12
"GSM8121908_athero_human_15.txt.gz","Plate_728s_N21","symptomatic","unassigned",-0.0685038617613638,12
"GSM8121908_athero_human_15.txt.gz","Plate_728s_N24","symptomatic","endothelial",-0.451843020616104,12
"GSM8121908_athero_human_15.txt.gz","Plate_728s_O02","symptomatic","macrophage",-0.665299122278203,12
"GSM8121908_athero_human_15.txt.gz","Plate_728s_O03","symptomatic","unassigned",-0.0672992076298852,12
"GSM8121908_athero_human_15.txt.gz","Plate_728s_O04","symptomatic","b_cell",0.196033472311869,12
"GSM8121908_athero_human_15.txt.gz","Plate_728s_O06","symptomatic","macrophage",-0.347870335211508,12
"GSM8121908_athero_human_15.txt.gz","Plate_728s_O07","symptomatic","endothelial",0.0242854293144035,12
"GSM8121908_athero_human_15.txt.gz","Plate_728s_O10","symptomatic","macrophage",-0.1342322068176,12
"GSM8121908_athero_human_15.txt.gz","Plate_728s_O11","symptomatic","macrophage",0.448860392603756,12
"GSM8121908_athero_human_15.txt.gz","Plate_728s_O17","symptomatic","macrophage",-0.312346621735409,12
"GSM8121908_athero_human_15.txt.gz","Plate_728s_O18","symptomatic","macrophage",0.0511981867158569,12
"GSM8121908_athero_human_15.txt.gz","Plate_728s_O20","symptomatic","macrophage",-0.219758396819227,12
"GSM8121908_athero_human_15.txt.gz","Plate_728s_O21","symptomatic","macrophage",-0.528450427480124,12
"GSM8121908_athero_human_15.txt.gz","Plate_728s_O22","symptomatic","unassigned",-0.318073647047413,12
"GSM8121908_athero_human_15.txt.gz","Plate_728s_O24","symptomatic","unassigned",0.273380111370629,12
"GSM8121908_athero_human_15.txt.gz","Plate_728s_P01","symptomatic","unassigned",0.803510111359469,12
"GSM8121908_athero_human_15.txt.gz","Plate_728s_P24","symptomatic","mast",-0.568101648412153,12
