"file","cell","group","major_cell_type","subcluster","macrophage_score","efferocytosis_score","noncontractile_vsmc_score"
"GSM8121894_athero_human_1.txt.gz","Plate_730s_B11","asymptomatic","macrophage","macrophage_S3",0.0408001828393819,0.923258493111939,0.612379572877701
"GSM8121894_athero_human_1.txt.gz","Plate_730s_D05","asymptomatic","macrophage","macrophage_S3",0.946610915649588,0.829666590422922,1.0411284148014
"GSM8121894_athero_human_1.txt.gz","Plate_730s_D07","asymptomatic","macrophage","macrophage_S2",1.58288576348616,0.180016470371525,-0.402015473314744
"GSM8121894_athero_human_1.txt.gz","Plate_730s_D13","asymptomatic","macrophage","macrophage_S1",0.738299319594808,0.958040385167864,0.35049874365771
"GSM8121894_athero_human_1.txt.gz","Plate_730s_D17","asymptomatic","macrophage","macrophage_S1",1.38174781802906,1.24755581024737,0.162020471785403
"GSM8121894_athero_human_1.txt.gz","Plate_730s_D18","asymptomatic","macrophage","macrophage_S1",1.52527354160433,1.01129171432483,0.043769133272932
"GSM8121894_athero_human_1.txt.gz","Plate_730s_E07","asymptomatic","macrophage","macrophage_S1",1.28115790792535,1.23830125378998,0.24889544136203
"GSM8121894_athero_human_1.txt.gz","Plate_730s_E16","asymptomatic","macrophage","macrophage_S1",1.47644366751898,0.514632319905113,-0.225634754344433
"GSM8121894_athero_human_1.txt.gz","Plate_730s_E17","asymptomatic","macrophage","macrophage_S3",0.518544783935006,0.767966735259927,0.0842900766027871
"GSM8121894_athero_human_1.txt.gz","Plate_730s_F03","asymptomatic","macrophage","macrophage_S1",0.706828892011435,0.979718508116805,0.164067590272407
"GSM8121894_athero_human_1.txt.gz","Plate_730s_F11","asymptomatic","macrophage","macrophage_S1",1.58939082375894,0.92303877620272,0.111300079263643
"GSM8121894_athero_human_1.txt.gz","Plate_730s_F21","asymptomatic","macrophage","macrophage_S1",1.61779791086767,0.809609080916082,-0.102660479973363
"GSM8121894_athero_human_1.txt.gz","Plate_730s_G23","asymptomatic","macrophage","macrophage_S1",1.58970144892841,0.654798788752856,-0.415155816434834
"GSM8121894_athero_human_1.txt.gz","Plate_730s_J11","asymptomatic","macrophage","macrophage_S1",0.864895851439637,1.01259182913137,0.128717980708226
"GSM8121894_athero_human_1.txt.gz","Plate_730s_J13","asymptomatic","macrophage","macrophage_S3",0.88512589039895,0.377695055003847,0.155473000139962
"GSM8121894_athero_human_1.txt.gz","Plate_730s_J19","asymptomatic","macrophage","macrophage_S3",0.656542950597384,0.735486647980538,0.146899799959712
"GSM8121894_athero_human_1.txt.gz","Plate_730s_J20","asymptomatic","macrophage","macrophage_S1",1.21146684430478,0.635002664081548,-0.228244281943378
"GSM8121894_athero_human_1.txt.gz","Plate_730s_L07","asymptomatic","macrophage","macrophage_S1",1.15488796260004,1.1818662828881,0.479500008948877
"GSM8121894_athero_human_1.txt.gz","Plate_730s_L08","asymptomatic","macrophage","macrophage_S1",1.52356694035779,0.779696641471126,-0.0842341305421326
"GSM8121894_athero_human_1.txt.gz","Plate_730s_M03","asymptomatic","macrophage","macrophage_S1",1.44935249958739,0.66320152771115,-0.258802360774507
"GSM8121894_athero_human_1.txt.gz","Plate_730s_M05","asymptomatic","macrophage","macrophage_S1",1.4291947776721,0.902159309605023,0.253409868071446
"GSM8121894_athero_human_1.txt.gz","Plate_730s_M09","asymptomatic","macrophage","macrophage_S1",1.551280908214,0.594789844777164,-0.313151879009396
"GSM8121894_athero_human_1.txt.gz","Plate_730s_M17","asymptomatic","macrophage","macrophage_S1",1.63248043825771,1.12866629311126,-0.401451372389825
"GSM8121894_athero_human_1.txt.gz","Plate_730s_N07","asymptomatic","macrophage","macrophage_S1",1.62453600720081,0.795071040495971,0.343320227805325
"GSM8121894_athero_human_1.txt.gz","Plate_730s_N10","asymptomatic","macrophage","macrophage_S1",1.27396683263019,1.26319907644154,-0.181172181227577
"GSM8121894_athero_human_1.txt.gz","Plate_730s_N14","asymptomatic","macrophage","macrophage_S1",1.5555396462252,1.15836650860616,0.14351091498484
"GSM8121894_athero_human_1.txt.gz","Plate_730s_O06","asymptomatic","macrophage","macrophage_S1",1.65774915541415,0.804646187917537,-0.0883837641349506
"GSM8121894_athero_human_1.txt.gz","Plate_730s_P04","asymptomatic","macrophage","macrophage_S1",1.27506260726103,1.02049591836787,0.638353675775624
"GSM8121894_athero_human_1.txt.gz","Plate_730s_P13","asymptomatic","macrophage","macrophage_S1",1.17114517798821,0.732324515561053,0.119916978421906
"GSM8121894_athero_human_1.txt.gz","Plate_730s_P19","asymptomatic","macrophage","macrophage_S1",1.12010546714411,1.01775241567207,-0.220649354839812
"GSM8121894_athero_human_1.txt.gz","Plate_730s_P20","asymptomatic","macrophage","macrophage_S1",1.32256460794799,1.07512725329163,0.397962155263212
"GSM8121894_athero_human_1.txt.gz","Plate_732s_B09","asymptomatic","macrophage","macrophage_S1",1.1355248435386,1.14309337710988,0.437208507028292
"GSM8121894_athero_human_1.txt.gz","Plate_732s_C03","asymptomatic","macrophage","macrophage_S3",0.994969446267648,0.36001651297787,0.00749284339371366
"GSM8121894_athero_human_1.txt.gz","Plate_732s_E10","asymptomatic","macrophage","macrophage_S1",0.973433583192645,0.908159493576274,0.442933081910883
"GSM8121894_athero_human_1.txt.gz","Plate_732s_F17","asymptomatic","macrophage","macrophage_S3",0.681088861680367,0.888142339530293,0.334211152232294
"GSM8121894_athero_human_1.txt.gz","Plate_732s_J06","asymptomatic","macrophage","macrophage_S3",0.410448532529783,0.617602378447995,0.229673561041697
"GSM8121894_athero_human_1.txt.gz","Plate_732s_K02","asymptomatic","macrophage","macrophage_S3",1.05484567158235,0.558700395493684,0.350956251455437
"GSM8121894_athero_human_1.txt.gz","Plate_732s_M03","asymptomatic","macrophage","macrophage_S1",1.50032562855045,0.901999727203039,0.240265480089708
"GSM8121894_athero_human_1.txt.gz","Plate_733s_A02","asymptomatic","macrophage","macrophage_S2",1.77581838886361,0.191982876947775,-0.581299360705655
"GSM8121894_athero_human_1.txt.gz","Plate_733s_A04","asymptomatic","macrophage","macrophage_S2",1.31145555584915,0.422932825308379,-0.263248768648656
"GSM8121894_athero_human_1.txt.gz","Plate_733s_A08","asymptomatic","macrophage","macrophage_S2",1.34827432473233,0.137772891126177,-0.539788509798944
"GSM8121894_athero_human_1.txt.gz","Plate_733s_A09","asymptomatic","macrophage","macrophage_S2",0.915536985181655,0.50104417567236,-0.35275802964827
"GSM8121894_athero_human_1.txt.gz","Plate_733s_A10","asymptomatic","macrophage","macrophage_S2",0.770590202577258,-0.333342026417471,-0.514742000551213
"GSM8121894_athero_human_1.txt.gz","Plate_733s_A13","asymptomatic","macrophage","macrophage_S2",0.793877444230132,0.383994444688286,-0.404434181700958
"GSM8121894_athero_human_1.txt.gz","Plate_733s_A14","asymptomatic","macrophage","macrophage_S2",1.14813445349595,-0.267535184644568,-0.425620669616232
"GSM8121894_athero_human_1.txt.gz","Plate_733s_A15","asymptomatic","macrophage","macrophage_S2",1.6010245000567,-0.0894581722393514,-0.429625468387449
"GSM8121894_athero_human_1.txt.gz","Plate_733s_A16","asymptomatic","macrophage","macrophage_S2",1.08718579085293,-0.492791552409034,-0.213347638648578
"GSM8121894_athero_human_1.txt.gz","Plate_733s_A19","asymptomatic","macrophage","macrophage_S2",1.63143161405601,0.212602477699808,-0.552655673927019
"GSM8121894_athero_human_1.txt.gz","Plate_733s_A22","asymptomatic","macrophage","macrophage_S2",1.69310121372576,-0.331891210724096,-0.224049848270248
"GSM8121894_athero_human_1.txt.gz","Plate_733s_A23","asymptomatic","macrophage","macrophage_S3",0.861244390057042,0.35101247488661,-0.258313941297496
"GSM8121894_athero_human_1.txt.gz","Plate_733s_B02","asymptomatic","macrophage","macrophage_S1",1.56353108940815,0.345905443024537,-0.1286566356766
"GSM8121894_athero_human_1.txt.gz","Plate_733s_B05","asymptomatic","macrophage","macrophage_S2",1.34195383699104,0.181411123341511,-0.538906478746226
"GSM8121894_athero_human_1.txt.gz","Plate_733s_B07","asymptomatic","macrophage","macrophage_S2",1.24729802237448,-0.0682734576780998,-0.417142183694889
"GSM8121894_athero_human_1.txt.gz","Plate_733s_B09","asymptomatic","macrophage","macrophage_S3",0.662639002687923,-0.301835286179793,-0.238387405121567
"GSM8121894_athero_human_1.txt.gz","Plate_733s_B10","asymptomatic","macrophage","macrophage_S1",1.17995168878456,0.733085599469147,-0.618246948513374
"GSM8121894_athero_human_1.txt.gz","Plate_733s_B11","asymptomatic","macrophage","macrophage_S2",1.66019621845859,0.0645948991841623,-0.478495441800076
"GSM8121894_athero_human_1.txt.gz","Plate_733s_B12","asymptomatic","macrophage","macrophage_S2",0.571412964911002,0.420830357945806,-0.610054013280745
"GSM8121894_athero_human_1.txt.gz","Plate_733s_B15","asymptomatic","macrophage","macrophage_S2",0.0854309570218027,-0.179519116683002,-0.43925498477759
"GSM8121894_athero_human_1.txt.gz","Plate_733s_B22","asymptomatic","macrophage","macrophage_S3",0.380055871443602,0.618448020497652,-0.291815505735762
"GSM8121894_athero_human_1.txt.gz","Plate_733s_C01","asymptomatic","macrophage","macrophage_S2",1.46964087437439,0.352588596618627,-0.380162420418604
"GSM8121894_athero_human_1.txt.gz","Plate_733s_C05","asymptomatic","macrophage","macrophage_S3",0.684809529292458,0.0789935841243181,0.13544310154944
"GSM8121894_athero_human_1.txt.gz","Plate_733s_C07","asymptomatic","macrophage","macrophage_S2",1.38695534576842,0.131929749408966,-0.423678430175126
"GSM8121894_athero_human_1.txt.gz","Plate_733s_C08","asymptomatic","macrophage","macrophage_S2",0.910299447985243,-0.129791088564391,-0.355811751267299
"GSM8121894_athero_human_1.txt.gz","Plate_733s_C09","asymptomatic","macrophage","macrophage_S3",0.746854850498552,0.164395587433313,-0.218796408079264
"GSM8121894_athero_human_1.txt.gz","Plate_733s_C10","asymptomatic","macrophage","macrophage_S3",0.137652176921633,0.0497520929026778,-0.420343653668451
"GSM8121894_athero_human_1.txt.gz","Plate_733s_C11","asymptomatic","macrophage","macrophage_S2",0.9453354013739,-0.461950302571406,-0.616186679051942
"GSM8121894_athero_human_1.txt.gz","Plate_733s_C12","asymptomatic","macrophage","macrophage_S1",1.25311046398231,0.754427973676979,-0.494631013787605
"GSM8121894_athero_human_1.txt.gz","Plate_733s_C13","asymptomatic","macrophage","macrophage_S3",0.922898168912126,-0.532777009205881,-0.213470221465825
"GSM8121894_athero_human_1.txt.gz","Plate_733s_C16","asymptomatic","macrophage","macrophage_S2",1.27285006696748,0.120533822472001,-0.542462887419515
"GSM8121894_athero_human_1.txt.gz","Plate_733s_C18","asymptomatic","macrophage","macrophage_S2",1.70525400992575,-0.167795233203968,-0.475264332598811
"GSM8121894_athero_human_1.txt.gz","Plate_733s_C19","asymptomatic","macrophage","macrophage_S2",1.82407348990952,0.139003630877166,-0.398276446086454
"GSM8121894_athero_human_1.txt.gz","Plate_733s_C23","asymptomatic","macrophage","macrophage_S2",1.21843002072525,-0.130607066685293,-0.367108584491904
"GSM8121894_athero_human_1.txt.gz","Plate_733s_C24","asymptomatic","macrophage","macrophage_S3",0.8090326887076,0.0300524535594863,0.140469858029765
"GSM8121894_athero_human_1.txt.gz","Plate_733s_D01","asymptomatic","macrophage","macrophage_S2",1.69711022275415,-0.0349523778458677,-0.389114508958301
"GSM8121894_athero_human_1.txt.gz","Plate_733s_D02","asymptomatic","macrophage","macrophage_S2",1.31191165530832,-0.0175739194452475,-0.350951108372061
"GSM8121894_athero_human_1.txt.gz","Plate_733s_D07","asymptomatic","macrophage","macrophage_S2",1.44322502600266,0.149338592612906,-0.562016276852058
"GSM8121894_athero_human_1.txt.gz","Plate_733s_D09","asymptomatic","macrophage","macrophage_S2",1.82668540068234,0.141435068021655,-0.348395708292153
"GSM8121894_athero_human_1.txt.gz","Plate_733s_D11","asymptomatic","macrophage","macrophage_S2",1.38321856599941,0.386053457132784,-0.431299366179029
"GSM8121894_athero_human_1.txt.gz","Plate_733s_D12","asymptomatic","macrophage","macrophage_S2",1.44990324995286,0.0681288737364898,-0.568209957639078
"GSM8121894_athero_human_1.txt.gz","Plate_733s_D13","asymptomatic","macrophage","macrophage_S3",1.09640036006967,-0.153643271199039,-0.165847833843049
"GSM8121894_athero_human_1.txt.gz","Plate_733s_D15","asymptomatic","macrophage","macrophage_S2",0.977259535590398,-0.0842752127703986,-0.610018636160874
"GSM8121894_athero_human_1.txt.gz","Plate_733s_D18","asymptomatic","macrophage","macrophage_S2",1.44025602565186,0.238749306295616,-0.223115435510588
"GSM8121894_athero_human_1.txt.gz","Plate_733s_D19","asymptomatic","macrophage","macrophage_S2",1.15979089704162,0.0186957678876183,-0.51131780946324
"GSM8121894_athero_human_1.txt.gz","Plate_733s_D23","asymptomatic","macrophage","macrophage_S1",1.25137802944251,0.622821693669071,-0.472492713822365
"GSM8121894_athero_human_1.txt.gz","Plate_733s_D24","asymptomatic","macrophage","macrophage_S2",0.703771735233785,-0.209419069582134,-0.624652916885224
"GSM8121894_athero_human_1.txt.gz","Plate_733s_E06","asymptomatic","macrophage","macrophage_S2",1.36091099707678,0.356177508362862,-0.231731052593202
"GSM8121894_athero_human_1.txt.gz","Plate_733s_E08","asymptomatic","macrophage","macrophage_S2",1.39601664328428,0.11673709025866,-0.457386929869654
"GSM8121894_athero_human_1.txt.gz","Plate_733s_E11","asymptomatic","macrophage","macrophage_S1",1.18911297392048,0.886984596179192,-0.257412028118122
"GSM8121894_athero_human_1.txt.gz","Plate_733s_E12","asymptomatic","macrophage","macrophage_S2",0.957889278793749,-0.303152197695177,-0.63630719347916
"GSM8121894_athero_human_1.txt.gz","Plate_733s_E19","asymptomatic","macrophage","macrophage_S2",1.72913634637049,0.0133953083496193,-0.635352481807514
"GSM8121894_athero_human_1.txt.gz","Plate_733s_E20","asymptomatic","macrophage","macrophage_S2",1.39664709382372,0.0292603608433987,-0.378444670327651
"GSM8121894_athero_human_1.txt.gz","Plate_733s_E24","asymptomatic","macrophage","macrophage_S2",1.70043245773924,-0.224004631281301,-0.607107896551493
"GSM8121894_athero_human_1.txt.gz","Plate_733s_F02","asymptomatic","macrophage","macrophage_S2",0.749423462473757,-0.385623183579178,-0.506436907151436
"GSM8121894_athero_human_1.txt.gz","Plate_733s_F03","asymptomatic","macrophage","macrophage_S2",1.53700163473642,-0.25432771619925,-0.545188963574671
"GSM8121894_athero_human_1.txt.gz","Plate_733s_F05","asymptomatic","macrophage","macrophage_S2",1.09054959089181,0.201515950705341,-0.643667339827523
"GSM8121894_athero_human_1.txt.gz","Plate_733s_F08","asymptomatic","macrophage","macrophage_S2",0.55962773662622,-0.138121100257645,-0.418841274792811
"GSM8121894_athero_human_1.txt.gz","Plate_733s_F09","asymptomatic","macrophage","macrophage_S2",1.19150721721415,0.219078419651759,-0.503160899583854
"GSM8121894_athero_human_1.txt.gz","Plate_733s_F11","asymptomatic","macrophage","macrophage_S2",0.608484392014224,-0.184951592673518,-0.385262202812471
"GSM8121894_athero_human_1.txt.gz","Plate_733s_F15","asymptomatic","macrophage","macrophage_S3",0.661242514606018,0.0513533450630427,-0.30412553965497
"GSM8121894_athero_human_1.txt.gz","Plate_733s_F18","asymptomatic","macrophage","macrophage_S2",0.614257315948953,-0.0241075115632174,-0.401587277685713
"GSM8121894_athero_human_1.txt.gz","Plate_733s_F20","asymptomatic","macrophage","macrophage_S2",1.04225511021002,-0.0997373423080705,-0.459279698307951
"GSM8121894_athero_human_1.txt.gz","Plate_733s_F21","asymptomatic","macrophage","macrophage_S2",1.92528735546875,-0.0387460534366367,-0.43305803864736
"GSM8121894_athero_human_1.txt.gz","Plate_733s_F22","asymptomatic","macrophage","macrophage_S2",1.41046462592262,0.239018287753033,-0.342692208399722
"GSM8121894_athero_human_1.txt.gz","Plate_733s_F23","asymptomatic","macrophage","macrophage_S2",1.36253104199601,-0.00823096030513013,-0.35357075199534
"GSM8121894_athero_human_1.txt.gz","Plate_733s_F24","asymptomatic","macrophage","macrophage_S2",1.03967496274224,-0.08968172418849,-0.540095297354422
"GSM8121894_athero_human_1.txt.gz","Plate_733s_G01","asymptomatic","macrophage","macrophage_S1",1.52534774185189,0.856486066261618,-0.364875504507044
"GSM8121894_athero_human_1.txt.gz","Plate_733s_G02","asymptomatic","macrophage","macrophage_S2",0.761357797916308,0.344955309108499,-0.516157672276539
"GSM8121894_athero_human_1.txt.gz","Plate_733s_G08","asymptomatic","macrophage","macrophage_S2",0.858402780309105,0.472503317143133,-0.635691785642444
"GSM8121894_athero_human_1.txt.gz","Plate_733s_G09","asymptomatic","macrophage","macrophage_S2",1.61836020480939,-0.132747678598683,-0.48803067409576
"GSM8121894_athero_human_1.txt.gz","Plate_733s_G12","asymptomatic","macrophage","macrophage_S3",1.31812898021474,0.222257094967199,0.12138059487637
"GSM8121894_athero_human_1.txt.gz","Plate_733s_G13","asymptomatic","macrophage","macrophage_S1",1.68635304356361,0.410274916704357,-0.329477279538958
"GSM8121894_athero_human_1.txt.gz","Plate_733s_G15","asymptomatic","macrophage","macrophage_S1",1.96444583773072,0.548426355707211,-0.636158200796871
"GSM8121894_athero_human_1.txt.gz","Plate_733s_G18","asymptomatic","macrophage","macrophage_S2",1.35731670624846,0.3749602545037,-0.485485739934557
"GSM8121894_athero_human_1.txt.gz","Plate_733s_G20","asymptomatic","macrophage","macrophage_S2",1.37920339878899,0.299732542324784,-0.575050191987641
"GSM8121894_athero_human_1.txt.gz","Plate_733s_G21","asymptomatic","macrophage","macrophage_S3",0.873731807038981,0.319896025711939,-0.235438718952002
"GSM8121894_athero_human_1.txt.gz","Plate_733s_H01","asymptomatic","macrophage","macrophage_S2",0.864149912226702,-0.172056386061735,-0.63849074917126
"GSM8121894_athero_human_1.txt.gz","Plate_733s_H03","asymptomatic","macrophage","macrophage_S2",0.903229165831768,0.242110736018396,-0.639807305090213
"GSM8121894_athero_human_1.txt.gz","Plate_733s_H07","asymptomatic","macrophage","macrophage_S2",0.887610763324061,0.144681566810536,-0.524705697195691
"GSM8121894_athero_human_1.txt.gz","Plate_733s_H10","asymptomatic","macrophage","macrophage_S2",1.78647424716808,0.302262684605931,-0.616239236402777
"GSM8121894_athero_human_1.txt.gz","Plate_733s_H11","asymptomatic","macrophage","macrophage_S2",1.50563122404553,-0.195799901367016,-0.404028791431156
"GSM8121894_athero_human_1.txt.gz","Plate_733s_H12","asymptomatic","macrophage","macrophage_S2",1.350445413034,0.086397938039973,-0.251981087159133
"GSM8121894_athero_human_1.txt.gz","Plate_733s_H14","asymptomatic","macrophage","macrophage_S2",1.56947630462742,-0.0180726244027246,-0.418066485119716
"GSM8121894_athero_human_1.txt.gz","Plate_733s_H15","asymptomatic","macrophage","macrophage_S2",1.0526845742244,-0.0233956672770938,-0.568006855584149
"GSM8121894_athero_human_1.txt.gz","Plate_733s_H21","asymptomatic","macrophage","macrophage_S2",1.46930647711203,-0.0411642550372026,-0.424020050957699
"GSM8121894_athero_human_1.txt.gz","Plate_733s_H23","asymptomatic","macrophage","macrophage_S2",0.945826589265829,0.174663266384967,-0.652043502926946
"GSM8121894_athero_human_1.txt.gz","Plate_733s_H24","asymptomatic","macrophage","macrophage_S1",1.78057755841356,0.408016220222421,-0.44515659308247
"GSM8121894_athero_human_1.txt.gz","Plate_733s_I05","asymptomatic","macrophage","macrophage_S2",1.37569959741801,0.382861001457365,-0.649353438415045
"GSM8121894_athero_human_1.txt.gz","Plate_733s_I07","asymptomatic","macrophage","macrophage_S2",1.33705787501074,0.30240094569023,-0.599620487265902
"GSM8121894_athero_human_1.txt.gz","Plate_733s_I08","asymptomatic","macrophage","macrophage_S1",1.76178711141481,0.566971952839652,-0.643144005623859
"GSM8121894_athero_human_1.txt.gz","Plate_733s_I09","asymptomatic","macrophage","macrophage_S1",1.39349588149363,0.737102731172791,-0.449560945114585
"GSM8121894_athero_human_1.txt.gz","Plate_733s_I14","asymptomatic","macrophage","macrophage_S2",1.54671393289111,-0.0132443805113229,-0.281996532848447
"GSM8121894_athero_human_1.txt.gz","Plate_733s_I16","asymptomatic","macrophage","macrophage_S2",1.38620266438445,0.423754379029259,-0.461288123219027
"GSM8121894_athero_human_1.txt.gz","Plate_733s_I18","asymptomatic","macrophage","macrophage_S2",1.67155450600869,0.240826157222176,-0.451473755781505
"GSM8121894_athero_human_1.txt.gz","Plate_733s_I20","asymptomatic","macrophage","macrophage_S1",1.72975830837283,1.37563038342704,-0.132267417679004
"GSM8121894_athero_human_1.txt.gz","Plate_733s_I24","asymptomatic","macrophage","macrophage_S3",0.752907859023051,0.575524289421018,0.0798695977916274
"GSM8121894_athero_human_1.txt.gz","Plate_733s_J03","asymptomatic","macrophage","macrophage_S2",0.53468903771559,-0.346786850724217,-0.599598771585752
"GSM8121894_athero_human_1.txt.gz","Plate_733s_J07","asymptomatic","macrophage","macrophage_S2",1.24680722348217,0.00333311819156034,-0.627445387862758
"GSM8121894_athero_human_1.txt.gz","Plate_733s_J09","asymptomatic","macrophage","macrophage_S3",0.72792170848932,-0.0805191129096528,0.0102115226562119
"GSM8121894_athero_human_1.txt.gz","Plate_733s_J11","asymptomatic","macrophage","macrophage_S2",0.742542686637712,0.430506740505758,-0.474986524737808
"GSM8121894_athero_human_1.txt.gz","Plate_733s_J12","asymptomatic","macrophage","macrophage_S3",1.38981103983395,-0.0924075102362275,0.0583408165305851
"GSM8121894_athero_human_1.txt.gz","Plate_733s_J13","asymptomatic","macrophage","macrophage_S3",1.1772752771805,0.322146239950644,-0.223627873887511
"GSM8121894_athero_human_1.txt.gz","Plate_733s_J17","asymptomatic","macrophage","macrophage_S3",0.895487014158272,0.0752638990378028,-0.206831771705271
"GSM8121894_athero_human_1.txt.gz","Plate_733s_J19","asymptomatic","macrophage","macrophage_S3",0.696223045935794,0.229813544414351,-0.0413383726344198
"GSM8121894_athero_human_1.txt.gz","Plate_733s_J20","asymptomatic","macrophage","macrophage_S2",1.75120746439618,0.299776266810313,-0.395160375315992
"GSM8121894_athero_human_1.txt.gz","Plate_733s_J24","asymptomatic","macrophage","macrophage_S2",1.15670570906925,0.437906713658626,-0.348658375967391
"GSM8121894_athero_human_1.txt.gz","Plate_733s_K03","asymptomatic","macrophage","macrophage_S1",1.49590362930815,0.803383523216061,-0.442368621600633
"GSM8121894_athero_human_1.txt.gz","Plate_733s_K04","asymptomatic","macrophage","macrophage_S2",0.682776479148832,-0.343653745473078,-0.429809724880535
"GSM8121894_athero_human_1.txt.gz","Plate_733s_K05","asymptomatic","macrophage","macrophage_S2",1.54348159170747,0.284469937157156,-0.535427162190779
"GSM8121894_athero_human_1.txt.gz","Plate_733s_K06","asymptomatic","macrophage","macrophage_S3",0.678059520825557,0.559695962587934,-0.088295124153147
"GSM8121894_athero_human_1.txt.gz","Plate_733s_K07","asymptomatic","macrophage","macrophage_S2",1.6538484298763,0.424162976214863,-0.51978129959687
"GSM8121894_athero_human_1.txt.gz","Plate_733s_K08","asymptomatic","macrophage","macrophage_S3",0.700644283338521,-0.0896151804918407,-0.301351277016817
"GSM8121894_athero_human_1.txt.gz","Plate_733s_K09","asymptomatic","macrophage","macrophage_S1",1.47510604905843,0.560832785899166,-0.475861598325222
"GSM8121894_athero_human_1.txt.gz","Plate_733s_K10","asymptomatic","macrophage","macrophage_S2",1.29920091492106,-0.358578546815296,-0.616472900332285
"GSM8121894_athero_human_1.txt.gz","Plate_733s_K11","asymptomatic","macrophage","macrophage_S2",0.725277051544797,0.162751122501637,-0.572625844936175
"GSM8121894_athero_human_1.txt.gz","Plate_733s_K13","asymptomatic","macrophage","macrophage_S3",1.11117763666329,0.0789161403715712,0.123814563736841
"GSM8121894_athero_human_1.txt.gz","Plate_733s_K14","asymptomatic","macrophage","macrophage_S1",1.27696104651765,0.688696803560894,-0.123021300668392
"GSM8121894_athero_human_1.txt.gz","Plate_733s_K15","asymptomatic","macrophage","macrophage_S2",1.66835130311546,0.26640973951398,-0.318820891699327
"GSM8121894_athero_human_1.txt.gz","Plate_733s_K17","asymptomatic","macrophage","macrophage_S2",1.35963403611016,0.0771060910065613,-0.471591716104142
"GSM8121894_athero_human_1.txt.gz","Plate_733s_K18","asymptomatic","macrophage","macrophage_S3",1.15018280801362,0.29770989746138,0.228227047354065
"GSM8121894_athero_human_1.txt.gz","Plate_733s_K20","asymptomatic","macrophage","macrophage_S2",1.67620529755882,0.0796749395202588,-0.400966441002834
"GSM8121894_athero_human_1.txt.gz","Plate_733s_K21","asymptomatic","macrophage","macrophage_S2",1.58907708332507,0.10988052768768,-0.387613183566224
"GSM8121894_athero_human_1.txt.gz","Plate_733s_K23","asymptomatic","macrophage","macrophage_S2",1.39746359009537,0.146394663175507,-0.426602504287043
"GSM8121894_athero_human_1.txt.gz","Plate_733s_L09","asymptomatic","macrophage","macrophage_S2",1.34294733812124,0.138677625325191,-0.367616336958773
"GSM8121894_athero_human_1.txt.gz","Plate_733s_L13","asymptomatic","macrophage","macrophage_S2",0.625322398825666,-0.188910647228,-0.610750519626796
"GSM8121894_athero_human_1.txt.gz","Plate_733s_L15","asymptomatic","macrophage","macrophage_S2",1.18132986163446,0.244257107264817,-0.607028860371061
"GSM8121894_athero_human_1.txt.gz","Plate_733s_L16","asymptomatic","macrophage","macrophage_S2",1.75941499144541,0.202265226252771,-0.36040825758299
"GSM8121894_athero_human_1.txt.gz","Plate_733s_L17","asymptomatic","macrophage","macrophage_S2",1.20311972107841,0.349914346786624,-0.262320173589143
"GSM8121894_athero_human_1.txt.gz","Plate_733s_L19","asymptomatic","macrophage","macrophage_S2",0.963387444935636,0.1359807897772,-0.550828855839316
"GSM8121894_athero_human_1.txt.gz","Plate_733s_L20","asymptomatic","macrophage","macrophage_S2",1.75185781894707,0.137960480590585,-0.367677359697422
"GSM8121894_athero_human_1.txt.gz","Plate_733s_L21","asymptomatic","macrophage","macrophage_S2",0.759866338703072,0.372942886636258,-0.565203299352334
"GSM8121894_athero_human_1.txt.gz","Plate_733s_L22","asymptomatic","macrophage","macrophage_S2",1.14759679970933,0.330648119481194,-0.406893480659606
"GSM8121894_athero_human_1.txt.gz","Plate_733s_M03","asymptomatic","macrophage","macrophage_S2",0.560740097584668,-0.274225343013735,-0.338659658260475
"GSM8121894_athero_human_1.txt.gz","Plate_733s_M04","asymptomatic","macrophage","macrophage_S2",1.2329716933618,-0.177127584448279,-0.317571879795415
"GSM8121894_athero_human_1.txt.gz","Plate_733s_M06","asymptomatic","macrophage","macrophage_S2",0.649603736756496,-0.234830658979621,-0.426993821626778
"GSM8121894_athero_human_1.txt.gz","Plate_733s_M07","asymptomatic","macrophage","macrophage_S1",1.54095415868133,0.691555993341704,-0.472402520034005
"GSM8121894_athero_human_1.txt.gz","Plate_733s_M10","asymptomatic","macrophage","macrophage_S3",0.317889183994578,-0.36134689495037,0.233786777880423
"GSM8121894_athero_human_1.txt.gz","Plate_733s_M11","asymptomatic","macrophage","macrophage_S2",0.98003611900525,-0.0371793165468814,-0.456706701887278
"GSM8121894_athero_human_1.txt.gz","Plate_733s_M12","asymptomatic","macrophage","macrophage_S1",1.72784182492987,0.762761810114597,-0.317099706875251
"GSM8121894_athero_human_1.txt.gz","Plate_733s_M13","asymptomatic","macrophage","macrophage_S3",0.86862035546934,0.412988158887443,0.559381038945501
"GSM8121894_athero_human_1.txt.gz","Plate_733s_M15","asymptomatic","macrophage","macrophage_S2",0.983061872521411,0.197981435793906,-0.550986892579128
"GSM8121894_athero_human_1.txt.gz","Plate_733s_M16","asymptomatic","macrophage","macrophage_S1",1.19088442205014,0.478150837411458,-0.256386686556064
"GSM8121894_athero_human_1.txt.gz","Plate_733s_M17","asymptomatic","macrophage","macrophage_S1",1.79880571433856,0.50306259676221,-0.302846937644019
"GSM8121894_athero_human_1.txt.gz","Plate_733s_M20","asymptomatic","macrophage","macrophage_S2",1.03910728066688,0.0391748871931015,-0.290416773618487
"GSM8121894_athero_human_1.txt.gz","Plate_733s_M21","asymptomatic","macrophage","macrophage_S2",1.32859471611121,-0.0314567296865028,-0.542430614754573
"GSM8121894_athero_human_1.txt.gz","Plate_733s_M22","asymptomatic","macrophage","macrophage_S2",1.22616090981281,-0.126578003636365,-0.387763247295356
"GSM8121894_athero_human_1.txt.gz","Plate_733s_M23","asymptomatic","macrophage","macrophage_S2",0.649391704985461,-0.0951846709687122,-0.626989261856423
"GSM8121894_athero_human_1.txt.gz","Plate_733s_N01","asymptomatic","macrophage","macrophage_S2",1.50828259792471,-0.293037914994138,-0.552035746003466
"GSM8121894_athero_human_1.txt.gz","Plate_733s_N07","asymptomatic","macrophage","macrophage_S2",1.28659514772453,-0.103381035069392,-0.632173514716849
"GSM8121894_athero_human_1.txt.gz","Plate_733s_N12","asymptomatic","macrophage","macrophage_S2",0.858194698869996,0.0358059415101433,-0.377347634243196
"GSM8121894_athero_human_1.txt.gz","Plate_733s_N15","asymptomatic","macrophage","macrophage_S2",0.655964160608829,-0.153779175964022,-0.479728234616628
"GSM8121894_athero_human_1.txt.gz","Plate_733s_N17","asymptomatic","macrophage","macrophage_S2",1.4031586650244,0.26903046459434,-0.489004933836995
"GSM8121894_athero_human_1.txt.gz","Plate_733s_N20","asymptomatic","macrophage","macrophage_S2",1.2907807807141,0.00497690749371008,-0.331494801095453
"GSM8121894_athero_human_1.txt.gz","Plate_733s_N23","asymptomatic","macrophage","macrophage_S2",1.53956197742696,0.101071796757852,-0.520291377006899
"GSM8121894_athero_human_1.txt.gz","Plate_733s_N24","asymptomatic","macrophage","macrophage_S2",1.09878163870267,0.0939473621141868,-0.291387606747753
"GSM8121894_athero_human_1.txt.gz","Plate_733s_O01","asymptomatic","macrophage","macrophage_S2",0.764767271229215,-0.500708157865242,-0.584550827024348
"GSM8121894_athero_human_1.txt.gz","Plate_733s_O02","asymptomatic","macrophage","macrophage_S3",0.685340805067923,0.821227645414542,0.0233560235127022
"GSM8121894_athero_human_1.txt.gz","Plate_733s_O05","asymptomatic","macrophage","macrophage_S2",1.74819224602782,0.406425601285384,-0.594855098969123
"GSM8121894_athero_human_1.txt.gz","Plate_733s_O08","asymptomatic","macrophage","macrophage_S2",0.625491290228148,-0.0773513447300198,-0.553233878386799
"GSM8121894_athero_human_1.txt.gz","Plate_733s_O11","asymptomatic","macrophage","macrophage_S2",0.396465207242095,0.0493820108963858,-0.466914959225199
"GSM8121894_athero_human_1.txt.gz","Plate_733s_O12","asymptomatic","macrophage","macrophage_S2",1.46898771923223,0.334634356445281,-0.564458402799737
"GSM8121894_athero_human_1.txt.gz","Plate_733s_O16","asymptomatic","macrophage","macrophage_S3",0.879832491632362,0.393088147608768,0.00464603305268126
"GSM8121894_athero_human_1.txt.gz","Plate_733s_O17","asymptomatic","macrophage","macrophage_S2",1.19253909390881,-0.0278802588376627,-0.370316073557451
"GSM8121894_athero_human_1.txt.gz","Plate_733s_O18","asymptomatic","macrophage","macrophage_S2",1.07429766605707,-0.032579337210971,-0.572647163911839
"GSM8121894_athero_human_1.txt.gz","Plate_733s_O19","asymptomatic","macrophage","macrophage_S3",0.753894404701926,-0.187816489838055,-0.272710022373598
"GSM8121894_athero_human_1.txt.gz","Plate_733s_O21","asymptomatic","macrophage","macrophage_S2",0.816147303699987,-0.348008850609683,-0.3031816414504
"GSM8121894_athero_human_1.txt.gz","Plate_733s_O22","asymptomatic","macrophage","macrophage_S3",0.917931581293776,-0.336111387024842,0.15525074664185
"GSM8121894_athero_human_1.txt.gz","Plate_733s_P01","asymptomatic","macrophage","macrophage_S2",1.28574603274995,-0.0274314465241423,-0.613982769492436
"GSM8121894_athero_human_1.txt.gz","Plate_733s_P03","asymptomatic","macrophage","macrophage_S2",1.24766990191765,-0.270271313058326,-0.444101109225498
"GSM8121894_athero_human_1.txt.gz","Plate_733s_P06","asymptomatic","macrophage","macrophage_S3",0.729835673777958,0.00472567551082174,0.0587449366959078
"GSM8121894_athero_human_1.txt.gz","Plate_733s_P07","asymptomatic","macrophage","macrophage_S3",0.596912216483485,0.146802001939217,-0.0917402509970112
"GSM8121894_athero_human_1.txt.gz","Plate_733s_P08","asymptomatic","macrophage","macrophage_S1",1.44884791001278,1.00493999412365,-0.192635811871017
"GSM8121894_athero_human_1.txt.gz","Plate_733s_P09","asymptomatic","macrophage","macrophage_S2",1.57051199108685,-0.0827320276077591,-0.33872301535141
"GSM8121894_athero_human_1.txt.gz","Plate_733s_P11","asymptomatic","macrophage","macrophage_S2",1.33434353444115,0.347403920808946,-0.433775979157248
"GSM8121894_athero_human_1.txt.gz","Plate_733s_P13","asymptomatic","macrophage","macrophage_S1",1.57272575837399,0.70052637399401,-0.427206290173437
"GSM8121894_athero_human_1.txt.gz","Plate_733s_P15","asymptomatic","macrophage","macrophage_S3",0.740396472405345,0.242794120513342,-0.294550551808478
"GSM8121894_athero_human_1.txt.gz","Plate_733s_P17","asymptomatic","macrophage","macrophage_S2",0.953332371656287,0.357069961119551,-0.508164673459805
"GSM8121894_athero_human_1.txt.gz","Plate_733s_P18","asymptomatic","macrophage","macrophage_S1",1.28924975043047,0.576927636806845,-0.37997312771085
"GSM8121894_athero_human_1.txt.gz","Plate_733s_P19","asymptomatic","macrophage","macrophage_S2",1.72547542856457,0.163086341066457,-0.158590062805205
"GSM8121894_athero_human_1.txt.gz","Plate_733s_P21","asymptomatic","macrophage","macrophage_S3",1.80019205265655,0.170118642771084,0.00442834108333206
"GSM8121894_athero_human_1.txt.gz","Plate_733s_P22","asymptomatic","macrophage","macrophage_S2",1.06979747657626,0.272188198853241,-0.611514140874069
"GSM8121895_athero_human_2.txt.gz","Plate_170s_C03","asymptomatic","macrophage","macrophage_S1",4.95547599784716,1.50132590798229,0.0481690368989352
"GSM8121895_athero_human_2.txt.gz","Plate_170s_C05","asymptomatic","macrophage","macrophage_S1",4.66353105405061,1.91254234179588,0.551818772294849
"GSM8121895_athero_human_2.txt.gz","Plate_170s_C10","asymptomatic","macrophage","macrophage_S1",5.65679559664786,2.07432123940822,-0.167712068221101
"GSM8121895_athero_human_2.txt.gz","Plate_170s_E02","asymptomatic","macrophage","macrophage_S1",6.05466115403591,1.69400017242119,-0.586990768130178
"GSM8121895_athero_human_2.txt.gz","Plate_170s_E07","asymptomatic","macrophage","macrophage_S1",5.0862763939157,1.45156800763641,-0.410416230570732
"GSM8121895_athero_human_2.txt.gz","Plate_170s_E08","asymptomatic","macrophage","macrophage_S1",5.15149243760122,1.28851174497197,-0.309365530628731
"GSM8121895_athero_human_2.txt.gz","Plate_170s_F02","asymptomatic","macrophage","macrophage_S1",5.08859358636728,0.916787417941237,-0.286001888652522
"GSM8121895_athero_human_2.txt.gz","Plate_170s_I09","asymptomatic","macrophage","macrophage_S1",4.00604853671229,1.92248898931003,0.196039060984096
"GSM8121895_athero_human_2.txt.gz","Plate_171s_H10","asymptomatic","macrophage","macrophage_S1",3.74926091664803,1.54061354235723,-0.206647307132357
"GSM8121895_athero_human_2.txt.gz","Plate_171s_J15","asymptomatic","macrophage","macrophage_S1",3.25928252384392,0.487857371311494,-0.590368404053013
"GSM8121896_athero_human_3.txt.gz","Plate_545s_C01","asymptomatic","macrophage","macrophage_S1",1.24173405928437,0.835911202677309,0.429963140876603
"GSM8121896_athero_human_3.txt.gz","Plate_545s_E21","asymptomatic","macrophage","macrophage_S2",1.01882289364334,-0.126764213635131,-0.693085401370407
"GSM8121896_athero_human_3.txt.gz","Plate_545s_F18","asymptomatic","macrophage","macrophage_S2",1.00092008376093,0.442219227723372,-0.560030864415198
"GSM8121896_athero_human_3.txt.gz","Plate_545s_G24","asymptomatic","macrophage","macrophage_S3",1.08781463014459,0.266225046839394,-0.11494581248806
"GSM8121896_athero_human_3.txt.gz","Plate_545s_I07","asymptomatic","macrophage","macrophage_S1",1.30975739921054,0.602345727044873,-0.538108387163179
"GSM8121896_athero_human_3.txt.gz","Plate_545s_K15","asymptomatic","macrophage","macrophage_S3",0.61159264512608,0.619376904006261,0.464589727378159
"GSM8121896_athero_human_3.txt.gz","Plate_545s_L01","asymptomatic","macrophage","macrophage_S2",0.678062222619974,0.479705428633458,-0.529774405659999
"GSM8121896_athero_human_3.txt.gz","Plate_545s_N10","asymptomatic","macrophage","macrophage_S2",0.752959405625092,0.564645300616569,-0.564763489732355
"GSM8121896_athero_human_3.txt.gz","Plate_547s_A03","asymptomatic","macrophage","macrophage_S3",0.972205611846865,-0.257317073423923,-0.215106408841839
"GSM8121896_athero_human_3.txt.gz","Plate_547s_A04","asymptomatic","macrophage","macrophage_S2",1.13020042506459,0.418736389617696,-0.313366790469716
"GSM8121896_athero_human_3.txt.gz","Plate_547s_A05","asymptomatic","macrophage","macrophage_S3",0.902508256158492,-0.199591799146194,-0.0175433608825009
"GSM8121896_athero_human_3.txt.gz","Plate_547s_A06","asymptomatic","macrophage","macrophage_S1",1.0594985181169,0.576888085232445,-0.34799932988529
"GSM8121896_athero_human_3.txt.gz","Plate_547s_A07","asymptomatic","macrophage","macrophage_S3",0.419880524035883,-0.0871307911417496,-0.0618556164826108
"GSM8121896_athero_human_3.txt.gz","Plate_547s_A08","asymptomatic","macrophage","macrophage_S3",1.3409010738003,0.281534161898835,-0.180800832258757
"GSM8121896_athero_human_3.txt.gz","Plate_547s_A10","asymptomatic","macrophage","macrophage_S2",1.51921633462715,-0.147951950403837,-0.423979703764513
"GSM8121896_athero_human_3.txt.gz","Plate_547s_A13","asymptomatic","macrophage","macrophage_S3",0.306768010873698,-0.224298212328837,-0.137164751146182
"GSM8121896_athero_human_3.txt.gz","Plate_547s_A14","asymptomatic","macrophage","macrophage_S2",1.15977626157434,-0.293933509335354,-0.381034696831593
"GSM8121896_athero_human_3.txt.gz","Plate_547s_A17","asymptomatic","macrophage","macrophage_S2",1.32824479775741,0.253433321429166,-0.363411541667129
"GSM8121896_athero_human_3.txt.gz","Plate_547s_A19","asymptomatic","macrophage","macrophage_S2",1.13196809835443,-0.498543650784353,-0.394137161216394
"GSM8121896_athero_human_3.txt.gz","Plate_547s_A20","asymptomatic","macrophage","macrophage_S2",1.00085726602752,0.0550398377318736,-0.490377906478497
"GSM8121896_athero_human_3.txt.gz","Plate_547s_A22","asymptomatic","macrophage","macrophage_S3",1.36137709807909,0.261400256441262,0.136510209441433
"GSM8121896_athero_human_3.txt.gz","Plate_547s_A23","asymptomatic","macrophage","macrophage_S3",0.820191853106865,0.0274920122150029,-0.25078851904743
"GSM8121896_athero_human_3.txt.gz","Plate_547s_B02","asymptomatic","macrophage","macrophage_S3",1.39577413623667,0.240393840721787,-0.132567300386503
"GSM8121896_athero_human_3.txt.gz","Plate_547s_B03","asymptomatic","macrophage","macrophage_S2",1.30252361344203,-0.150520686586036,-0.50028133742981
"GSM8121896_athero_human_3.txt.gz","Plate_547s_B04","asymptomatic","macrophage","macrophage_S1",1.35473665727954,0.576545974298408,-0.324729496029837
"GSM8121896_athero_human_3.txt.gz","Plate_547s_B07","asymptomatic","macrophage","macrophage_S2",0.931219578613022,0.168366530518645,-0.278986446363663
"GSM8121896_athero_human_3.txt.gz","Plate_547s_B08","asymptomatic","macrophage","macrophage_S3",1.06172428465233,0.4615106979931,-0.111875187165056
"GSM8121896_athero_human_3.txt.gz","Plate_547s_B09","asymptomatic","macrophage","macrophage_S3",1.14140584355734,0.129074010916334,0.25421380585717
"GSM8121896_athero_human_3.txt.gz","Plate_547s_B10","asymptomatic","macrophage","macrophage_S3",0.156014054332959,0.145415443785747,0.164135357409974
"GSM8121896_athero_human_3.txt.gz","Plate_547s_B11","asymptomatic","macrophage","macrophage_S2",1.00766096011092,-0.220991940776809,-0.468413484406493
"GSM8121896_athero_human_3.txt.gz","Plate_547s_B12","asymptomatic","macrophage","macrophage_S3",0.76275475690479,-0.156389028757543,-0.0991218735566252
"GSM8121896_athero_human_3.txt.gz","Plate_547s_B14","asymptomatic","macrophage","macrophage_S2",1.32706769003544,-0.02950910737446,-0.294161396998239
"GSM8121896_athero_human_3.txt.gz","Plate_547s_B19","asymptomatic","macrophage","macrophage_S3",1.28810513375035,-0.14005875633917,0.075388066565771
"GSM8121896_athero_human_3.txt.gz","Plate_547s_B21","asymptomatic","macrophage","macrophage_S3",1.30469860288186,-0.233203731803692,-0.129389204678295
"GSM8121896_athero_human_3.txt.gz","Plate_547s_B22","asymptomatic","macrophage","macrophage_S2",1.38475115240108,0.38070791803614,-0.538982761421874
"GSM8121896_athero_human_3.txt.gz","Plate_547s_B24","asymptomatic","macrophage","macrophage_S2",1.29136258538887,0.306274700452635,-0.386455994702848
"GSM8121896_athero_human_3.txt.gz","Plate_547s_C02","asymptomatic","macrophage","macrophage_S3",0.65346428323018,0.410091363770169,-0.315486309761854
"GSM8121896_athero_human_3.txt.gz","Plate_547s_C06","asymptomatic","macrophage","macrophage_S3",0.851367695153685,0.100898876749331,-0.0274604986351625
"GSM8121896_athero_human_3.txt.gz","Plate_547s_C09","asymptomatic","macrophage","macrophage_S3",0.467811610381926,0.548655515445119,-0.0906856995450596
"GSM8121896_athero_human_3.txt.gz","Plate_547s_C14","asymptomatic","macrophage","macrophage_S2",1.29901758976374,0.0376373229099084,-0.301232755397828
"GSM8121896_athero_human_3.txt.gz","Plate_547s_C16","asymptomatic","macrophage","macrophage_S3",1.18314927728902,0.0650157376103329,0.370584423016427
"GSM8121896_athero_human_3.txt.gz","Plate_547s_C18","asymptomatic","macrophage","macrophage_S2",1.2091010080847,-0.00840063262681135,-0.287483663914616
"GSM8121896_athero_human_3.txt.gz","Plate_547s_C21","asymptomatic","macrophage","macrophage_S2",0.87193330486871,0.00877187395053828,-0.487523114645376
"GSM8121896_athero_human_3.txt.gz","Plate_547s_C22","asymptomatic","macrophage","macrophage_S2",0.781468945729576,0.322392261733476,-0.351801621959578
"GSM8121896_athero_human_3.txt.gz","Plate_547s_C24","asymptomatic","macrophage","macrophage_S2",1.16429590238231,0.216771786534517,-0.493395764492688
"GSM8121896_athero_human_3.txt.gz","Plate_547s_D01","asymptomatic","macrophage","macrophage_S3",0.675100225990251,0.175324413668484,-0.0821287130789734
"GSM8121896_athero_human_3.txt.gz","Plate_547s_D02","asymptomatic","macrophage","macrophage_S2",1.26121231434337,0.303658325092189,-0.414489244413591
"GSM8121896_athero_human_3.txt.gz","Plate_547s_D04","asymptomatic","macrophage","macrophage_S1",1.12249726022734,0.937494359060067,-0.202540988108916
"GSM8121896_athero_human_3.txt.gz","Plate_547s_D07","asymptomatic","macrophage","macrophage_S2",1.00548322777592,0.0736567964462199,-0.326520804230406
"GSM8121896_athero_human_3.txt.gz","Plate_547s_D08","asymptomatic","macrophage","macrophage_S2",0.917444919691147,0.300759504311155,-0.379280500312804
"GSM8121896_athero_human_3.txt.gz","Plate_547s_D09","asymptomatic","macrophage","macrophage_S3",0.781573034229212,-0.178997523433946,-0.23344897240811
"GSM8121896_athero_human_3.txt.gz","Plate_547s_D20","asymptomatic","macrophage","macrophage_S2",1.21267520880474,0.0307815078712518,-0.585252924356299
"GSM8121896_athero_human_3.txt.gz","Plate_547s_D21","asymptomatic","macrophage","macrophage_S3",0.84441170407401,0.532765861409717,-0.280595752634293
"GSM8121896_athero_human_3.txt.gz","Plate_547s_D24","asymptomatic","macrophage","macrophage_S2",0.990924573869889,0.429307010857803,-0.592651239507024
"GSM8121896_athero_human_3.txt.gz","Plate_547s_E02","asymptomatic","macrophage","macrophage_S2",1.09886296715346,0.450750952314195,-0.29578766920384
"GSM8121896_athero_human_3.txt.gz","Plate_547s_E04","asymptomatic","macrophage","macrophage_S1",0.909386404830238,0.697925733130283,-0.0529271687946531
"GSM8121896_athero_human_3.txt.gz","Plate_547s_E06","asymptomatic","macrophage","macrophage_S2",0.662249061545432,-0.0139426755551364,-0.340339592366353
"GSM8121896_athero_human_3.txt.gz","Plate_547s_E08","asymptomatic","macrophage","macrophage_S2",1.16067726593488,0.325278560717118,-0.619897447413403
"GSM8121896_athero_human_3.txt.gz","Plate_547s_E16","asymptomatic","macrophage","macrophage_S3",0.948192671816356,0.326679333955066,-0.0624594592252123
"GSM8121896_athero_human_3.txt.gz","Plate_547s_E17","asymptomatic","macrophage","macrophage_S3",0.544070085700355,0.0683859683312077,0.0531178837792874
"GSM8121896_athero_human_3.txt.gz","Plate_547s_F04","asymptomatic","macrophage","macrophage_S3",1.03580489889707,0.221237641207823,-0.252225891019006
"GSM8121896_athero_human_3.txt.gz","Plate_547s_F12","asymptomatic","macrophage","macrophage_S3",0.922922137814343,0.606436069826258,-0.175404567242981
"GSM8121896_athero_human_3.txt.gz","Plate_547s_F14","asymptomatic","macrophage","macrophage_S1",0.945064273797741,0.632760024717856,-0.277086058394434
"GSM8121896_athero_human_3.txt.gz","Plate_547s_F23","asymptomatic","macrophage","macrophage_S2",1.66457916154721,-0.0431885700080279,-0.494931863474956
"GSM8121896_athero_human_3.txt.gz","Plate_547s_G02","asymptomatic","macrophage","macrophage_S3",0.955595318356987,0.37797122203885,-0.155893199242286
"GSM8121896_athero_human_3.txt.gz","Plate_547s_G04","asymptomatic","macrophage","macrophage_S3",0.628273684916625,0.637800577842139,-0.287577558068709
"GSM8121896_athero_human_3.txt.gz","Plate_547s_G06","asymptomatic","macrophage","macrophage_S2",1.20595193268542,0.0612657140525019,-0.403578505785974
"GSM8121896_athero_human_3.txt.gz","Plate_547s_G09","asymptomatic","macrophage","macrophage_S1",1.5369712293861,0.715232546908731,-0.469038109071644
"GSM8121896_athero_human_3.txt.gz","Plate_547s_G12","asymptomatic","macrophage","macrophage_S3",0.535183707609853,0.314916088508698,-0.0392766443421146
"GSM8121896_athero_human_3.txt.gz","Plate_547s_G15","asymptomatic","macrophage","macrophage_S2",0.943454035312937,0.317708195277747,-0.301359546260569
"GSM8121896_athero_human_3.txt.gz","Plate_547s_G18","asymptomatic","macrophage","macrophage_S3",0.824000446149448,0.603167777385881,-0.24874251052604
"GSM8121896_athero_human_3.txt.gz","Plate_547s_G19","asymptomatic","macrophage","macrophage_S2",1.23291661791559,0.0896099375751288,-0.41525578904841
"GSM8121896_athero_human_3.txt.gz","Plate_547s_G20","asymptomatic","macrophage","macrophage_S3",1.16460127240248,-0.151548603446071,0.101192365103865
"GSM8121896_athero_human_3.txt.gz","Plate_547s_G22","asymptomatic","macrophage","macrophage_S3",0.787657509591557,0.310285166133532,0.0246273560773106
"GSM8121896_athero_human_3.txt.gz","Plate_547s_H01","asymptomatic","macrophage","macrophage_S3",0.506946876499138,-0.416211434352778,0.0717618140456197
"GSM8121896_athero_human_3.txt.gz","Plate_547s_H02","asymptomatic","macrophage","macrophage_S2",1.17144315819158,0.127109007344029,-0.43626060247954
"GSM8121896_athero_human_3.txt.gz","Plate_547s_H03","asymptomatic","macrophage","macrophage_S1",1.15713820543648,0.790576671514095,-0.400396064534501
"GSM8121896_athero_human_3.txt.gz","Plate_547s_H07","asymptomatic","macrophage","macrophage_S3",0.220759543921646,0.510992026639779,0.0544668976149839
"GSM8121896_athero_human_3.txt.gz","Plate_547s_H11","asymptomatic","macrophage","macrophage_S3",0.917934249081209,0.529139825523649,0.0533926617920105
"GSM8121896_athero_human_3.txt.gz","Plate_547s_H14","asymptomatic","macrophage","macrophage_S2",1.28811945873175,0.44355018003253,-0.504147501174873
"GSM8121896_athero_human_3.txt.gz","Plate_547s_H16","asymptomatic","macrophage","macrophage_S3",1.03311803902126,0.473152958349743,-0.0851212925599278
"GSM8121896_athero_human_3.txt.gz","Plate_547s_H17","asymptomatic","macrophage","macrophage_S2",0.477888522425212,-0.0674294037812326,-0.430949651241441
"GSM8121896_athero_human_3.txt.gz","Plate_547s_H19","asymptomatic","macrophage","macrophage_S3",0.590016067644289,-0.121810950686191,-0.280386283941739
"GSM8121896_athero_human_3.txt.gz","Plate_547s_H23","asymptomatic","macrophage","macrophage_S3",0.644610436136354,0.00209235629559217,-0.303215271848505
"GSM8121896_athero_human_3.txt.gz","Plate_547s_H24","asymptomatic","macrophage","macrophage_S1",0.785111554343732,0.712832019722104,-0.427599021805085
"GSM8121896_athero_human_3.txt.gz","Plate_547s_I02","asymptomatic","macrophage","macrophage_S1",0.895414799222719,0.99220346762795,-0.0435991028770061
"GSM8121896_athero_human_3.txt.gz","Plate_547s_I05","asymptomatic","macrophage","macrophage_S2",0.949261196020021,0.398616495381504,-0.521113046582025
"GSM8121896_athero_human_3.txt.gz","Plate_547s_I07","asymptomatic","macrophage","macrophage_S2",0.78157281815955,-0.130256444482646,-0.43169559689812
"GSM8121896_athero_human_3.txt.gz","Plate_547s_I24","asymptomatic","macrophage","macrophage_S2",0.737946099724398,0.306581645245231,-0.428254349803073
"GSM8121896_athero_human_3.txt.gz","Plate_547s_J01","asymptomatic","macrophage","macrophage_S2",1.2992980603062,-0.14580119628528,-0.504929374675696
"GSM8121896_athero_human_3.txt.gz","Plate_547s_J03","asymptomatic","macrophage","macrophage_S3",0.996578539574559,-0.0166251119245246,-0.119860429413846
"GSM8121896_athero_human_3.txt.gz","Plate_547s_J04","asymptomatic","macrophage","macrophage_S3",0.504366893225861,0.0662517336748422,-0.266772782287739
"GSM8121896_athero_human_3.txt.gz","Plate_547s_J07","asymptomatic","macrophage","macrophage_S3",0.752789352570354,0.251965484119325,-0.143265881345761
"GSM8121896_athero_human_3.txt.gz","Plate_547s_J08","asymptomatic","macrophage","macrophage_S2",0.418214246525188,-0.327526535801829,-0.500374582498544
"GSM8121896_athero_human_3.txt.gz","Plate_547s_J09","asymptomatic","macrophage","macrophage_S2",1.01621262487041,0.238510739585305,-0.365670473676494
"GSM8121896_athero_human_3.txt.gz","Plate_547s_J11","asymptomatic","macrophage","macrophage_S2",1.28983853892814,0.317984826127223,-0.393215485385773
"GSM8121896_athero_human_3.txt.gz","Plate_547s_J12","asymptomatic","macrophage","macrophage_S2",0.769586668688431,0.500942680145743,-0.592063817004885
"GSM8121896_athero_human_3.txt.gz","Plate_547s_J13","asymptomatic","macrophage","macrophage_S2",0.502159973607331,0.155286947645775,-0.456754842164732
"GSM8121896_athero_human_3.txt.gz","Plate_547s_J19","asymptomatic","macrophage","macrophage_S2",1.14819010171589,-0.177954060189303,-0.646924254266304
"GSM8121896_athero_human_3.txt.gz","Plate_547s_J23","asymptomatic","macrophage","macrophage_S3",0.170552885940769,0.102387646598017,0.270840214675147
"GSM8121896_athero_human_3.txt.gz","Plate_547s_J24","asymptomatic","macrophage","macrophage_S1",1.17326778765083,0.635071058029726,-0.51111215240689
"GSM8121896_athero_human_3.txt.gz","Plate_547s_K03","asymptomatic","macrophage","macrophage_S2",0.519618291958637,0.0222091649154183,-0.520534311273763
"GSM8121896_athero_human_3.txt.gz","Plate_547s_K04","asymptomatic","macrophage","macrophage_S3",0.504720091468874,0.693955557218077,0.591806514741864
"GSM8121896_athero_human_3.txt.gz","Plate_547s_K06","asymptomatic","macrophage","macrophage_S3",0.772624439499533,0.571624368950717,0.404133925990399
"GSM8121896_athero_human_3.txt.gz","Plate_547s_K11","asymptomatic","macrophage","macrophage_S3",0.596368110949459,0.569005793640236,0.142937761330513
"GSM8121896_athero_human_3.txt.gz","Plate_547s_K13","asymptomatic","macrophage","macrophage_S2",1.26201321687457,-0.365375454944017,-0.553831659254084
"GSM8121896_athero_human_3.txt.gz","Plate_547s_K23","asymptomatic","macrophage","macrophage_S3",0.937099288074631,0.440605963627524,-0.256554793902872
"GSM8121896_athero_human_3.txt.gz","Plate_547s_L01","asymptomatic","macrophage","macrophage_S2",0.458946082163942,-0.522905733884626,-0.55199357412184
"GSM8121896_athero_human_3.txt.gz","Plate_547s_L04","asymptomatic","macrophage","macrophage_S3",0.0915027384911112,0.658652309484314,-0.178793236949165
"GSM8121896_athero_human_3.txt.gz","Plate_547s_L05","asymptomatic","macrophage","macrophage_S2",0.506442037903186,-0.0377764736617006,-0.403986603081135
"GSM8121896_athero_human_3.txt.gz","Plate_547s_L07","asymptomatic","macrophage","macrophage_S2",0.774759385142404,-0.206666613957023,-0.359191980941982
"GSM8121896_athero_human_3.txt.gz","Plate_547s_L08","asymptomatic","macrophage","macrophage_S3",1.01427674956703,0.186291525990094,-0.115215106710506
"GSM8121896_athero_human_3.txt.gz","Plate_547s_L09","asymptomatic","macrophage","macrophage_S3",0.256582203520813,0.00636183890652416,-0.251600342255161
"GSM8121896_athero_human_3.txt.gz","Plate_547s_L11","asymptomatic","macrophage","macrophage_S3",0.969415647604841,0.375146890620233,0.014976557805014
"GSM8121896_athero_human_3.txt.gz","Plate_547s_L17","asymptomatic","macrophage","macrophage_S2",0.991679713686113,-0.216094565965949,-0.539741730534579
"GSM8121896_athero_human_3.txt.gz","Plate_547s_L19","asymptomatic","macrophage","macrophage_S2",1.3901377273005,0.264291123769466,-0.556941472074006
"GSM8121896_athero_human_3.txt.gz","Plate_547s_L23","asymptomatic","macrophage","macrophage_S2",0.92785874045629,0.402718974482952,-0.308121037484535
"GSM8121896_athero_human_3.txt.gz","Plate_547s_L24","asymptomatic","macrophage","macrophage_S1",1.14021905402792,0.628229497611155,0.00775575905966143
"GSM8121896_athero_human_3.txt.gz","Plate_547s_M01","asymptomatic","macrophage","macrophage_S2",0.750414630543082,-0.0962774905346118,-0.603177807317842
"GSM8121896_athero_human_3.txt.gz","Plate_547s_M02","asymptomatic","macrophage","macrophage_S3",0.720207974958914,0.0232111717826278,-0.262311122381579
"GSM8121896_athero_human_3.txt.gz","Plate_547s_M03","asymptomatic","macrophage","macrophage_S2",0.584507777579083,0.00665223777634481,-0.354509298418188
"GSM8121896_athero_human_3.txt.gz","Plate_547s_M05","asymptomatic","macrophage","macrophage_S2",1.27545618402665,0.0220370289756109,-0.467137903631618
"GSM8121896_athero_human_3.txt.gz","Plate_547s_M06","asymptomatic","macrophage","macrophage_S2",0.68220966289426,-0.254517272580737,-0.37119024355032
"GSM8121896_athero_human_3.txt.gz","Plate_547s_M07","asymptomatic","macrophage","macrophage_S2",1.25375200749394,0.0391801013974342,-0.558915460370499
"GSM8121896_athero_human_3.txt.gz","Plate_547s_M08","asymptomatic","macrophage","macrophage_S2",1.29083615786524,0.354579146275233,-0.687151098492609
"GSM8121896_athero_human_3.txt.gz","Plate_547s_M09","asymptomatic","macrophage","macrophage_S2",0.803475551121447,0.160384345172584,-0.467685788983873
"GSM8121896_athero_human_3.txt.gz","Plate_547s_M11","asymptomatic","macrophage","macrophage_S2",0.529556274050708,-0.325817268976295,-0.419582254714245
"GSM8121896_athero_human_3.txt.gz","Plate_547s_M14","asymptomatic","macrophage","macrophage_S3",0.654524407464682,0.55982749857706,-0.246257298237915
"GSM8121896_athero_human_3.txt.gz","Plate_547s_M16","asymptomatic","macrophage","macrophage_S2",1.50353229370904,0.393538356472718,-0.356483304233282
"GSM8121896_athero_human_3.txt.gz","Plate_547s_M17","asymptomatic","macrophage","macrophage_S2",0.114480270640434,-0.372478351739104,-0.44323454587558
"GSM8121896_athero_human_3.txt.gz","Plate_547s_M18","asymptomatic","macrophage","macrophage_S2",0.801627557374466,0.137313418822862,-0.369142001355368
"GSM8121896_athero_human_3.txt.gz","Plate_547s_M19","asymptomatic","macrophage","macrophage_S2",1.45111327202573,0.165250431204335,-0.479214882992774
"GSM8121896_athero_human_3.txt.gz","Plate_547s_M23","asymptomatic","macrophage","macrophage_S2",1.14988319075602,-0.0990755124473353,-0.241754355206362
"GSM8121896_athero_human_3.txt.gz","Plate_547s_M24","asymptomatic","macrophage","macrophage_S1",1.44531938675595,0.824372894352079,-0.0621352620374504
"GSM8121896_athero_human_3.txt.gz","Plate_547s_N01","asymptomatic","macrophage","macrophage_S2",0.992565852366997,-0.0431268088062936,-0.402707633484697
"GSM8121896_athero_human_3.txt.gz","Plate_547s_N02","asymptomatic","macrophage","macrophage_S3",1.04319892653272,0.188319550794347,-0.173275509183293
"GSM8121896_athero_human_3.txt.gz","Plate_547s_N04","asymptomatic","macrophage","macrophage_S3",0.820702310666754,0.585384868806363,-0.12359991305363
"GSM8121896_athero_human_3.txt.gz","Plate_547s_N09","asymptomatic","macrophage","macrophage_S2",1.20445008729275,0.546400407254168,-0.505752732583749
"GSM8121896_athero_human_3.txt.gz","Plate_547s_N10","asymptomatic","macrophage","macrophage_S2",0.499119643127781,-0.214313772661488,-0.439529371993136
"GSM8121896_athero_human_3.txt.gz","Plate_547s_N12","asymptomatic","macrophage","macrophage_S2",0.474607613997545,0.120579795282274,-0.598672595869654
"GSM8121896_athero_human_3.txt.gz","Plate_547s_N13","asymptomatic","macrophage","macrophage_S2",0.988402382675604,0.194238351159347,-0.279334463079498
"GSM8121896_athero_human_3.txt.gz","Plate_547s_N14","asymptomatic","macrophage","macrophage_S2",0.891790532979914,0.0262067216753974,-0.548390387943799
"GSM8121896_athero_human_3.txt.gz","Plate_547s_N15","asymptomatic","macrophage","macrophage_S2",0.707647424598185,0.0677762037291372,-0.634091087271974
"GSM8121896_athero_human_3.txt.gz","Plate_547s_N17","asymptomatic","macrophage","macrophage_S2",1.01457470152886,0.188131915468359,-0.26766510759344
"GSM8121896_athero_human_3.txt.gz","Plate_547s_N18","asymptomatic","macrophage","macrophage_S3",0.640839996145849,-0.0668940250339819,-0.0791195718723748
"GSM8121896_athero_human_3.txt.gz","Plate_547s_N19","asymptomatic","macrophage","macrophage_S3",0.999504282603368,0.207309349032798,-0.194740675114915
"GSM8121896_athero_human_3.txt.gz","Plate_547s_N20","asymptomatic","macrophage","macrophage_S3",0.672563542762472,0.340013882265171,-0.153719331661995
"GSM8121896_athero_human_3.txt.gz","Plate_547s_N24","asymptomatic","macrophage","macrophage_S2",1.14037064783649,0.151987903056148,-0.473265582609776
"GSM8121896_athero_human_3.txt.gz","Plate_547s_O02","asymptomatic","macrophage","macrophage_S2",1.32558809695288,0.387379572367369,-0.554984020131804
"GSM8121896_athero_human_3.txt.gz","Plate_547s_O03","asymptomatic","macrophage","macrophage_S3",0.420408678263941,-0.110838387013994,-0.0473210548571574
"GSM8121896_athero_human_3.txt.gz","Plate_547s_O04","asymptomatic","macrophage","macrophage_S2",1.31025166917988,0.263355485549541,-0.487605937921914
"GSM8121896_athero_human_3.txt.gz","Plate_547s_O05","asymptomatic","macrophage","macrophage_S2",0.449098269039792,0.0451361168496102,-0.38187027132557
"GSM8121896_athero_human_3.txt.gz","Plate_547s_O07","asymptomatic","macrophage","macrophage_S2",1.33605465934242,0.296757287481214,-0.588414655987494
"GSM8121896_athero_human_3.txt.gz","Plate_547s_O08","asymptomatic","macrophage","macrophage_S2",1.40419951558223,0.193953632867282,-0.605992675656268
"GSM8121896_athero_human_3.txt.gz","Plate_547s_O09","asymptomatic","macrophage","macrophage_S2",1.35838417851575,0.258850043029187,-0.498645387162735
"GSM8121896_athero_human_3.txt.gz","Plate_547s_O10","asymptomatic","macrophage","macrophage_S3",0.484904847252408,0.314401242824064,0.248029815634309
"GSM8121896_athero_human_3.txt.gz","Plate_547s_O11","asymptomatic","macrophage","macrophage_S3",0.361665268605419,0.582373873608664,-0.114159772080125
"GSM8121896_athero_human_3.txt.gz","Plate_547s_O12","asymptomatic","macrophage","macrophage_S2",1.44679444433848,0.414139679781111,-0.607628131070067
"GSM8121896_athero_human_3.txt.gz","Plate_547s_O14","asymptomatic","macrophage","macrophage_S2",0.790246369996963,0.554753881117113,-0.461829222763983
"GSM8121896_athero_human_3.txt.gz","Plate_547s_O15","asymptomatic","macrophage","macrophage_S2",1.24771886770996,-0.0835290623854398,-0.255020688907219
"GSM8121896_athero_human_3.txt.gz","Plate_547s_O17","asymptomatic","macrophage","macrophage_S2",1.15447487765964,0.236064291801336,-0.387857411286054
"GSM8121896_athero_human_3.txt.gz","Plate_547s_O22","asymptomatic","macrophage","macrophage_S2",0.956582616781014,-0.154321656055239,-0.666786442962486
"GSM8121896_athero_human_3.txt.gz","Plate_547s_P01","asymptomatic","macrophage","macrophage_S2",0.979112143235208,0.442427505809595,-0.425218460851545
"GSM8121896_athero_human_3.txt.gz","Plate_547s_P03","asymptomatic","macrophage","macrophage_S3",1.05564465031064,0.102665745730717,-0.221678524326997
"GSM8121896_athero_human_3.txt.gz","Plate_547s_P05","asymptomatic","macrophage","macrophage_S2",1.21510851670454,-0.0868053094646341,-0.323698479775349
"GSM8121896_athero_human_3.txt.gz","Plate_547s_P06","asymptomatic","macrophage","macrophage_S2",1.18397116733825,0.434818024218523,-0.26659488867435
"GSM8121896_athero_human_3.txt.gz","Plate_547s_P09","asymptomatic","macrophage","macrophage_S2",1.41496332664518,0.473732293574497,-0.429564673851146
"GSM8121896_athero_human_3.txt.gz","Plate_547s_P13","asymptomatic","macrophage","macrophage_S2",0.705626785825454,0.274382344814966,-0.54808996698822
"GSM8121896_athero_human_3.txt.gz","Plate_547s_P14","asymptomatic","macrophage","macrophage_S2",0.732131285639378,0.149779139700066,-0.354274121343452
"GSM8121896_athero_human_3.txt.gz","Plate_547s_P15","asymptomatic","macrophage","macrophage_S3",0.633489575496772,0.349377714485402,0.075756371743784
"GSM8121897_athero_human_4.txt.gz","Plate_553s_A08","symptomatic","macrophage","macrophage_S2",1.86672175454402,0.762208860864626,-1.26499555150836
"GSM8121897_athero_human_4.txt.gz","Plate_553s_C10","symptomatic","macrophage","macrophage_S1",2.47511012132349,0.285637209460791,-0.445911304082355
"GSM8121897_athero_human_4.txt.gz","Plate_553s_D14","symptomatic","macrophage","macrophage_S2",2.49780628868998,-0.0552768478290992,-0.961482283000925
"GSM8121897_athero_human_4.txt.gz","Plate_553s_D16","symptomatic","macrophage","macrophage_S1",2.56192103641028,0.470982262001115,-0.141094128595484
"GSM8121897_athero_human_4.txt.gz","Plate_553s_E08","symptomatic","macrophage","macrophage_S1",2.15934564018649,0.637583888086421,-0.614931581980064
"GSM8121897_athero_human_4.txt.gz","Plate_553s_E21","symptomatic","macrophage","macrophage_S2",2.61312208080024,0.392994011709715,-0.877637858375437
"GSM8121897_athero_human_4.txt.gz","Plate_553s_F06","symptomatic","macrophage","macrophage_S1",2.51306638280857,0.75032314927961,-0.943904031045849
"GSM8121897_athero_human_4.txt.gz","Plate_553s_F10","symptomatic","macrophage","macrophage_S1",2.3146244581062,0.701159479754599,-0.314080117977342
"GSM8121897_athero_human_4.txt.gz","Plate_553s_F13","symptomatic","macrophage","macrophage_S1",2.13479425867997,0.869251780255645,-0.513162107282365
"GSM8121897_athero_human_4.txt.gz","Plate_553s_F14","symptomatic","macrophage","macrophage_S2",2.22899792947071,0.315706225368271,-0.504345416418718
"GSM8121897_athero_human_4.txt.gz","Plate_553s_F23","symptomatic","macrophage","macrophage_S2",2.47880067713542,-0.0788672747451226,-0.829093706881515
"GSM8121897_athero_human_4.txt.gz","Plate_553s_F24","symptomatic","macrophage","macrophage_S2",1.72935073117225,0.521674270334458,-1.44921760187834
"GSM8121897_athero_human_4.txt.gz","Plate_553s_G01","symptomatic","macrophage","macrophage_S2",1.60106492457438,0.136153527243949,-0.557683893489282
"GSM8121897_athero_human_4.txt.gz","Plate_553s_G02","symptomatic","macrophage","macrophage_S2",1.37727251401382,0.109870137628226,-0.732261826100337
"GSM8121897_athero_human_4.txt.gz","Plate_553s_G03","symptomatic","macrophage","macrophage_S1",2.62175061936137,0.399930188444009,-0.516642765446221
"GSM8121897_athero_human_4.txt.gz","Plate_553s_G04","symptomatic","macrophage","macrophage_S2",2.15471923846465,0.0821157882627896,-0.594550733593255
"GSM8121897_athero_human_4.txt.gz","Plate_553s_G07","symptomatic","macrophage","macrophage_S1",2.48330236141039,0.552056184102871,-0.735606465052116
"GSM8121897_athero_human_4.txt.gz","Plate_553s_H03","symptomatic","macrophage","macrophage_S1",1.65260823111329,0.6407648831389,-0.49695517998695
"GSM8121897_athero_human_4.txt.gz","Plate_553s_H04","symptomatic","macrophage","macrophage_S2",0.951963846509773,0.260103298079476,-1.22732961759987
"GSM8121897_athero_human_4.txt.gz","Plate_553s_H10","symptomatic","macrophage","macrophage_S1",2.20768088149104,0.62238165704279,-0.561739293862236
"GSM8121897_athero_human_4.txt.gz","Plate_553s_H16","symptomatic","macrophage","macrophage_S1",2.52016467276402,0.77670296611965,-0.0961873039010835
"GSM8121897_athero_human_4.txt.gz","Plate_553s_I01","symptomatic","macrophage","macrophage_S1",2.27227354789915,0.732847363051059,-0.00388335611635941
"GSM8121897_athero_human_4.txt.gz","Plate_553s_I02","symptomatic","macrophage","macrophage_S1",2.11913777491478,0.753792213045062,0.346872030218183
"GSM8121897_athero_human_4.txt.gz","Plate_553s_I03","symptomatic","macrophage","macrophage_S1",2.39465291968434,0.893650293843962,-0.455265610124725
"GSM8121897_athero_human_4.txt.gz","Plate_553s_I04","symptomatic","macrophage","macrophage_S1",2.26130329719,0.837715222743038,-0.132274230426192
"GSM8121897_athero_human_4.txt.gz","Plate_553s_I05","symptomatic","macrophage","macrophage_S2",1.50055138729904,0.451271363332958,-0.804090544390711
"GSM8121897_athero_human_4.txt.gz","Plate_553s_I06","symptomatic","macrophage","macrophage_S1",2.07235704878901,0.841785457200985,-0.520195959837789
"GSM8121897_athero_human_4.txt.gz","Plate_553s_I09","symptomatic","macrophage","macrophage_S2",1.75636818819713,0.669169510331189,-1.20827268479405
"GSM8121897_athero_human_4.txt.gz","Plate_553s_I14","symptomatic","macrophage","macrophage_S1",2.30304372815167,0.874893349615972,-0.0868703461593106
"GSM8121897_athero_human_4.txt.gz","Plate_553s_I16","symptomatic","macrophage","macrophage_S1",2.10370226677225,0.662014234231094,0.428520602316329
"GSM8121897_athero_human_4.txt.gz","Plate_553s_I22","symptomatic","macrophage","macrophage_S1",2.11196319631915,0.779672731591091,-0.366703962031551
"GSM8121897_athero_human_4.txt.gz","Plate_553s_I23","symptomatic","macrophage","macrophage_S1",2.05929983788262,0.556249053824478,-0.106453157226956
"GSM8121897_athero_human_4.txt.gz","Plate_553s_I24","symptomatic","macrophage","macrophage_S1",2.30957071543695,0.938048632561768,-0.930968867896733
"GSM8121897_athero_human_4.txt.gz","Plate_553s_J03","symptomatic","macrophage","macrophage_S2",1.30932584163189,-0.258330486369948,-0.500878980958142
"GSM8121897_athero_human_4.txt.gz","Plate_553s_J06","symptomatic","macrophage","macrophage_S2",2.13716462419055,0.215822688697642,-1.00784218954665
"GSM8121897_athero_human_4.txt.gz","Plate_553s_J09","symptomatic","macrophage","macrophage_S2",0.91288868877238,0.562328810693519,-0.737766800807538
"GSM8121897_athero_human_4.txt.gz","Plate_553s_J10","symptomatic","macrophage","macrophage_S2",2.13392816144733,0.0950765185672451,-0.505202726578345
"GSM8121897_athero_human_4.txt.gz","Plate_553s_J14","symptomatic","macrophage","macrophage_S1",2.18634079653419,0.31774918809985,0.171433345818524
"GSM8121897_athero_human_4.txt.gz","Plate_553s_J16","symptomatic","macrophage","macrophage_S1",2.59293191912929,1.19916085573713,-0.0748340943077218
"GSM8121897_athero_human_4.txt.gz","Plate_553s_J24","symptomatic","macrophage","macrophage_S1",2.51989116998572,0.779062322659167,-0.424598036927365
"GSM8121897_athero_human_4.txt.gz","Plate_553s_K04","symptomatic","macrophage","macrophage_S2",2.49220020345944,0.25099695238133,-1.15294731032721
"GSM8121897_athero_human_4.txt.gz","Plate_553s_L01","symptomatic","macrophage","macrophage_S1",2.05920862594571,0.492958175462203,-0.462741906180961
"GSM8121897_athero_human_4.txt.gz","Plate_553s_L06","symptomatic","macrophage","macrophage_S2",1.58084696128542,0.0623606663005925,-0.222470668155838
"GSM8121897_athero_human_4.txt.gz","Plate_553s_L07","symptomatic","macrophage","macrophage_S2",2.05525881215443,0.31177915917453,-0.939750308897499
"GSM8121897_athero_human_4.txt.gz","Plate_553s_L09","symptomatic","macrophage","macrophage_S1",2.06905582479583,0.713659733820916,-0.136040722509188
"GSM8121897_athero_human_4.txt.gz","Plate_553s_L10","symptomatic","macrophage","macrophage_S1",2.0855719805738,0.774163989053286,0.230128327389116
"GSM8121897_athero_human_4.txt.gz","Plate_553s_L14","symptomatic","macrophage","macrophage_S1",2.20062763285123,0.165981936877215,0.0542793902328522
"GSM8121897_athero_human_4.txt.gz","Plate_553s_L18","symptomatic","macrophage","macrophage_S1",1.71408938155338,0.760420359630387,-0.686100189287252
"GSM8121897_athero_human_4.txt.gz","Plate_553s_M10","symptomatic","macrophage","macrophage_S1",2.38716119694346,0.666688628936335,0.129843590434663
"GSM8121897_athero_human_4.txt.gz","Plate_553s_N07","symptomatic","macrophage","macrophage_S2",2.76777405646339,-0.17908583698153,-1.10268416905379
"GSM8121897_athero_human_4.txt.gz","Plate_553s_N14","symptomatic","macrophage","macrophage_S3",0.386551394590912,0.037696984600728,-0.223843306155149
"GSM8121897_athero_human_4.txt.gz","Plate_553s_O07","symptomatic","macrophage","macrophage_S2",1.41479350749921,0.296844465194978,-0.853620911847175
"GSM8121897_athero_human_4.txt.gz","Plate_553s_P07","symptomatic","macrophage","macrophage_S2",2.30896027274008,0.150610157472349,-0.969863469934171
"GSM8121898_athero_human_5.txt.gz","Plate_555s_P18","asymptomatic","macrophage","macrophage_S1",4.22371109235291,0.518408325430745,-0.132638118717535
"GSM8121898_athero_human_5.txt.gz","Plate_554s_A06","asymptomatic","macrophage","macrophage_S1",5.02139328266257,1.80157271072289,-0.632611873308266
"GSM8121898_athero_human_5.txt.gz","Plate_554s_B04","asymptomatic","macrophage","macrophage_S3",0.934390767111603,0.462713656084694,0.201826642775476
"GSM8121898_athero_human_5.txt.gz","Plate_554s_E09","asymptomatic","macrophage","macrophage_S1",6.24577663388613,1.06264351766861,-0.497637761965363
"GSM8121898_athero_human_5.txt.gz","Plate_554s_G02","asymptomatic","macrophage","macrophage_S1",6.08414155735141,1.0845645209508,0.547037125851708
"GSM8121898_athero_human_5.txt.gz","Plate_554s_M11","asymptomatic","macrophage","macrophage_S1",4.22877590286943,1.99974826276138,0.0442821310741379
"GSM8121898_athero_human_5.txt.gz","Plate_554s_P24","asymptomatic","macrophage","macrophage_S2",0.344049287790773,0.5638685208388,-0.598695608795642
"GSM8121899_athero_human_6.txt.gz","Plate_096_A02","symptomatic","macrophage","macrophage_S1",10.5256284154348,3.68658312056684,-0.137641141031578
"GSM8121899_athero_human_6.txt.gz","Plate_096_G09","symptomatic","macrophage","macrophage_S2",1.44275133957461,-0.210581744089221,-0.136804497436111
"GSM8121899_athero_human_6.txt.gz","Plate_096_K06","symptomatic","macrophage","macrophage_S3",-0.125360936925853,-0.0280037777765458,-0.268616274757517
"GSM8121899_athero_human_6.txt.gz","Plate_096_M22","symptomatic","macrophage","macrophage_S1",4.44304139314452,1.91610869601004,1.96910886570005
"GSM8121899_athero_human_6.txt.gz","Plate_096_P24","symptomatic","macrophage","macrophage_S1",0.766756410782674,1.033760263446,0.0227595770971419
"GSM8121900_athero_human_7.txt.gz","Plate_20_101s_A02Plate_20_101s_A02_accepted_hits_sorted_rm_dup","symptomatic","macrophage","macrophage_S2",1.60226817683091,-0.264461356868163,-0.390893446358669
"GSM8121900_athero_human_7.txt.gz","Plate_20_101s_A04Plate_20_101s_A04_accepted_hits_sorted_rm_dup","symptomatic","macrophage","macrophage_S2",1.40208038688163,-0.209615378416601,-0.630186028269021
"GSM8121900_athero_human_7.txt.gz","Plate_20_101s_A06Plate_20_101s_A06_accepted_hits_sorted_rm_dup","symptomatic","macrophage","macrophage_S1",1.48842930918773,1.09502548391308,-0.545510926918985
"GSM8121900_athero_human_7.txt.gz","Plate_20_101s_A07Plate_20_101s_A07_accepted_hits_sorted_rm_dup","symptomatic","macrophage","macrophage_S2",1.3774973603085,0.012217547273304,-0.553549596488003
"GSM8121900_athero_human_7.txt.gz","Plate_20_101s_A11Plate_20_101s_A11_accepted_hits_sorted_rm_dup","symptomatic","macrophage","macrophage_S2",1.92909212693766,0.09374827634786,-0.614085945867783
"GSM8121900_athero_human_7.txt.gz","Plate_20_101s_A14Plate_20_101s_A14_accepted_hits_sorted_rm_dup","symptomatic","macrophage","macrophage_S2",0.53931320012359,-0.120211519604535,-0.607617501103018
"GSM8121900_athero_human_7.txt.gz","Plate_20_101s_A17Plate_20_101s_A17_accepted_hits_sorted_rm_dup","symptomatic","macrophage","macrophage_S2",1.75764823235801,0.468127857453094,-0.618922658984275
"GSM8121900_athero_human_7.txt.gz","Plate_20_101s_A19Plate_20_101s_A19_accepted_hits_sorted_rm_dup","symptomatic","macrophage","macrophage_S2",1.63396644266443,-0.0486655937894063,-0.439101482784065
"GSM8121900_athero_human_7.txt.gz","Plate_20_101s_B02Plate_20_101s_B02_accepted_hits_sorted_rm_dup","symptomatic","macrophage","macrophage_S2",1.62716668322549,0.199304272640046,-0.238270760211814
"GSM8121900_athero_human_7.txt.gz","Plate_20_101s_B10Plate_20_101s_B10_accepted_hits_sorted_rm_dup","symptomatic","macrophage","macrophage_S1",1.08572506237826,1.51897328479708,-0.394083921074086
"GSM8121900_athero_human_7.txt.gz","Plate_20_101s_B12Plate_20_101s_B12_accepted_hits_sorted_rm_dup","symptomatic","macrophage","macrophage_S2",1.31541921052763,0.0869211030629335,-0.521956153247299
"GSM8121900_athero_human_7.txt.gz","Plate_20_101s_B17Plate_20_101s_B17_accepted_hits_sorted_rm_dup","symptomatic","macrophage","macrophage_S2",1.34075602249385,0.0425596461243454,-0.444495177471986
"GSM8121900_athero_human_7.txt.gz","Plate_20_101s_B18Plate_20_101s_B18_accepted_hits_sorted_rm_dup","symptomatic","macrophage","macrophage_S3",1.28306650414018,0.244086113068547,-0.119731356827515
"GSM8121900_athero_human_7.txt.gz","Plate_20_101s_B21Plate_20_101s_B21_accepted_hits_sorted_rm_dup","symptomatic","macrophage","macrophage_S2",1.30106519897834,-0.414279985733595,-0.599877132839762
"GSM8121900_athero_human_7.txt.gz","Plate_20_101s_C01Plate_20_101s_C01_accepted_hits_sorted_rm_dup","symptomatic","macrophage","macrophage_S2",1.4527945299919,-0.298195419653027,-0.370158500607055
"GSM8121900_athero_human_7.txt.gz","Plate_20_101s_C04Plate_20_101s_C04_accepted_hits_sorted_rm_dup","symptomatic","macrophage","macrophage_S2",1.29373032839726,-0.186971460689016,-0.544801557108235
"GSM8121900_athero_human_7.txt.gz","Plate_20_101s_C05Plate_20_101s_C05_accepted_hits_sorted_rm_dup","symptomatic","macrophage","macrophage_S2",1.71480305635501,-0.0569003518239014,-0.380467642581403
"GSM8121900_athero_human_7.txt.gz","Plate_20_101s_C07Plate_20_101s_C07_accepted_hits_sorted_rm_dup","symptomatic","macrophage","macrophage_S2",1.59298226375361,0.274224314133498,-0.644835626836343
"GSM8121900_athero_human_7.txt.gz","Plate_20_101s_C10Plate_20_101s_C10_accepted_hits_sorted_rm_dup","symptomatic","macrophage","macrophage_S2",1.29421575381053,-0.252824541325097,-0.625319112585757
"GSM8121900_athero_human_7.txt.gz","Plate_20_101s_C15Plate_20_101s_C15_accepted_hits_sorted_rm_dup","symptomatic","macrophage","macrophage_S1",1.5686099045355,0.571096389063088,-0.525767945161791
"GSM8121900_athero_human_7.txt.gz","Plate_20_101s_C16Plate_20_101s_C16_accepted_hits_sorted_rm_dup","symptomatic","macrophage","macrophage_S2",1.51252357699761,0.0730879731358676,-0.583233667892699
"GSM8121900_athero_human_7.txt.gz","Plate_20_101s_C17Plate_20_101s_C17_accepted_hits_sorted_rm_dup","symptomatic","macrophage","macrophage_S1",1.42923124968677,1.16515751072987,-0.609633041285913
"GSM8121900_athero_human_7.txt.gz","Plate_20_101s_C21Plate_20_101s_C21_accepted_hits_sorted_rm_dup","symptomatic","macrophage","macrophage_S1",1.5320355597669,0.596400101968314,-0.221148083993865
"GSM8121900_athero_human_7.txt.gz","Plate_20_101s_C24Plate_20_101s_C24_accepted_hits_sorted_rm_dup","symptomatic","macrophage","macrophage_S2",1.64411024606505,0.0645937883203859,-0.622318319741951
"GSM8121900_athero_human_7.txt.gz","Plate_20_101s_D01Plate_20_101s_D01_accepted_hits_sorted_rm_dup","symptomatic","macrophage","macrophage_S3",1.49521071723461,0.111833618368882,-0.096970661217743
"GSM8121900_athero_human_7.txt.gz","Plate_20_101s_D04Plate_20_101s_D04_accepted_hits_sorted_rm_dup","symptomatic","macrophage","macrophage_S2",0.527884555351859,-0.130511165226288,-0.608624952877999
"GSM8121900_athero_human_7.txt.gz","Plate_20_101s_D05Plate_20_101s_D05_accepted_hits_sorted_rm_dup","symptomatic","macrophage","macrophage_S3",1.47938093623212,-0.0113935273889691,-0.125918129784751
"GSM8121900_athero_human_7.txt.gz","Plate_20_101s_D06Plate_20_101s_D06_accepted_hits_sorted_rm_dup","symptomatic","macrophage","macrophage_S2",1.46190816173415,-0.183818914098739,-0.353579447336401
"GSM8121900_athero_human_7.txt.gz","Plate_20_101s_D07Plate_20_101s_D07_accepted_hits_sorted_rm_dup","symptomatic","macrophage","macrophage_S2",1.53120146351856,-0.16022618307091,-0.201100642992298
"GSM8121900_athero_human_7.txt.gz","Plate_20_101s_D10Plate_20_101s_D10_accepted_hits_sorted_rm_dup","symptomatic","macrophage","macrophage_S1",1.41662961379156,0.731799040715685,-0.193936081998525
"GSM8121900_athero_human_7.txt.gz","Plate_20_101s_D17Plate_20_101s_D17_accepted_hits_sorted_rm_dup","symptomatic","macrophage","macrophage_S2",0.72610783917822,-0.202539925169578,-0.459554635094605
"GSM8121900_athero_human_7.txt.gz","Plate_20_101s_D20Plate_20_101s_D20_accepted_hits_sorted_rm_dup","symptomatic","macrophage","macrophage_S3",0.300801166239202,-0.433754205159997,-0.160502204824125
"GSM8121900_athero_human_7.txt.gz","Plate_20_101s_D22Plate_20_101s_D22_accepted_hits_sorted_rm_dup","symptomatic","macrophage","macrophage_S1",1.49762676341644,0.741955775549656,-0.395117071539988
"GSM8121900_athero_human_7.txt.gz","Plate_20_101s_D23Plate_20_101s_D23_accepted_hits_sorted_rm_dup","symptomatic","macrophage","macrophage_S2",0.573173876939444,-0.221969595464256,-0.436386519896974
"GSM8121900_athero_human_7.txt.gz","Plate_20_101s_E01Plate_20_101s_E01_accepted_hits_sorted_rm_dup","symptomatic","macrophage","macrophage_S2",1.38257594468204,-0.179653615591864,-0.613235624349812
"GSM8121900_athero_human_7.txt.gz","Plate_20_101s_E06Plate_20_101s_E06_accepted_hits_sorted_rm_dup","symptomatic","macrophage","macrophage_S2",0.82092195319577,0.0658841226348372,-0.373850267616299
"GSM8121900_athero_human_7.txt.gz","Plate_20_101s_E07Plate_20_101s_E07_accepted_hits_sorted_rm_dup","symptomatic","macrophage","macrophage_S2",1.04601509705792,-0.119123504014463,-0.27567062740036
"GSM8121900_athero_human_7.txt.gz","Plate_20_101s_E09Plate_20_101s_E09_accepted_hits_sorted_rm_dup","symptomatic","macrophage","macrophage_S3",0.735614980658917,0.263894363204771,0.101664752163613
"GSM8121900_athero_human_7.txt.gz","Plate_20_101s_E13Plate_20_101s_E13_accepted_hits_sorted_rm_dup","symptomatic","macrophage","macrophage_S1",1.64959122762457,0.698661730554243,-0.563249909438217
"GSM8121900_athero_human_7.txt.gz","Plate_20_101s_E14Plate_20_101s_E14_accepted_hits_sorted_rm_dup","symptomatic","macrophage","macrophage_S2",0.875719218586122,0.180582136852143,-0.639856293910454
"GSM8121900_athero_human_7.txt.gz","Plate_20_101s_E16Plate_20_101s_E16_accepted_hits_sorted_rm_dup","symptomatic","macrophage","macrophage_S2",0.545463390119186,0.145020105922784,-0.542394074602974
"GSM8121900_athero_human_7.txt.gz","Plate_20_101s_E19Plate_20_101s_E19_accepted_hits_sorted_rm_dup","symptomatic","macrophage","macrophage_S2",1.02694513722524,-0.366420657751586,-0.361491726346942
"GSM8121900_athero_human_7.txt.gz","Plate_20_101s_E21Plate_20_101s_E21_accepted_hits_sorted_rm_dup","symptomatic","macrophage","macrophage_S1",1.24011736396882,0.62303259187826,-0.424296839030674
"GSM8121900_athero_human_7.txt.gz","Plate_20_101s_E22Plate_20_101s_E22_accepted_hits_sorted_rm_dup","symptomatic","macrophage","macrophage_S1",0.927391097928628,0.842623238514665,-0.0476965026927222
"GSM8121900_athero_human_7.txt.gz","Plate_20_101s_E23Plate_20_101s_E23_accepted_hits_sorted_rm_dup","symptomatic","macrophage","macrophage_S1",1.71815106776356,0.434286846215307,-0.405296158136616
"GSM8121900_athero_human_7.txt.gz","Plate_20_101s_E24Plate_20_101s_E24_accepted_hits_sorted_rm_dup","symptomatic","macrophage","macrophage_S2",1.51008057045844,-0.0129514294819376,-0.16589416751079
"GSM8121900_athero_human_7.txt.gz","Plate_20_101s_F01Plate_20_101s_F01_accepted_hits_sorted_rm_dup","symptomatic","macrophage","macrophage_S2",1.09847879234984,0.18714612012413,-0.565656093323641
"GSM8121900_athero_human_7.txt.gz","Plate_20_101s_F03Plate_20_101s_F03_accepted_hits_sorted_rm_dup","symptomatic","macrophage","macrophage_S1",1.76691954365047,0.596815138025893,-0.59747387522275
"GSM8121900_athero_human_7.txt.gz","Plate_20_101s_F07Plate_20_101s_F07_accepted_hits_sorted_rm_dup","symptomatic","macrophage","macrophage_S2",1.53209598487985,0.40834730131481,-0.528837112897783
"GSM8121900_athero_human_7.txt.gz","Plate_20_101s_F08Plate_20_101s_F08_accepted_hits_sorted_rm_dup","symptomatic","macrophage","macrophage_S2",1.34102102192701,0.0224864156983734,-0.532995601844641
"GSM8121900_athero_human_7.txt.gz","Plate_20_101s_F09Plate_20_101s_F09_accepted_hits_sorted_rm_dup","symptomatic","macrophage","macrophage_S3",0.0825499984570295,0.18958344954841,-0.384100376683987
"GSM8121900_athero_human_7.txt.gz","Plate_20_101s_F10Plate_20_101s_F10_accepted_hits_sorted_rm_dup","symptomatic","macrophage","macrophage_S2",1.71874976549033,0.178342467700151,-0.281312198325872
"GSM8121900_athero_human_7.txt.gz","Plate_20_101s_F11Plate_20_101s_F11_accepted_hits_sorted_rm_dup","symptomatic","macrophage","macrophage_S2",1.42103616846576,0.0287786249298359,-0.498444514327707
"GSM8121900_athero_human_7.txt.gz","Plate_20_101s_F12Plate_20_101s_F12_accepted_hits_sorted_rm_dup","symptomatic","macrophage","macrophage_S2",1.53738041679906,-0.185136089207232,-0.368643605433938
"GSM8121900_athero_human_7.txt.gz","Plate_20_101s_F14Plate_20_101s_F14_accepted_hits_sorted_rm_dup","symptomatic","macrophage","macrophage_S2",1.48896810485609,0.0939330932264239,-0.54792549712631
"GSM8121900_athero_human_7.txt.gz","Plate_20_101s_F15Plate_20_101s_F15_accepted_hits_sorted_rm_dup","symptomatic","macrophage","macrophage_S2",1.53202577456844,0.12076320518248,-0.408182639681627
"GSM8121900_athero_human_7.txt.gz","Plate_20_101s_F16Plate_20_101s_F16_accepted_hits_sorted_rm_dup","symptomatic","macrophage","macrophage_S1",1.65896054027145,0.690221728295941,-0.504004253704999
"GSM8121900_athero_human_7.txt.gz","Plate_20_101s_F19Plate_20_101s_F19_accepted_hits_sorted_rm_dup","symptomatic","macrophage","macrophage_S1",0.960575579880407,1.4099445925121,0.633580251667122
"GSM8121900_athero_human_7.txt.gz","Plate_20_101s_F22Plate_20_101s_F22_accepted_hits_sorted_rm_dup","symptomatic","macrophage","macrophage_S2",1.15945901690159,0.0151362614946516,-0.242673070963131
"GSM8121900_athero_human_7.txt.gz","Plate_20_101s_F24Plate_20_101s_F24_accepted_hits_sorted_rm_dup","symptomatic","macrophage","macrophage_S2",1.53691889941044,-0.0374680565600989,-0.326486340782755
"GSM8121900_athero_human_7.txt.gz","Plate_20_101s_G01Plate_20_101s_G01_accepted_hits_sorted_rm_dup","symptomatic","macrophage","macrophage_S2",1.14757902654885,-0.026919956116976,-0.519898643592617
"GSM8121900_athero_human_7.txt.gz","Plate_20_101s_G03Plate_20_101s_G03_accepted_hits_sorted_rm_dup","symptomatic","macrophage","macrophage_S2",1.98409388566337,-0.0472220015276431,-0.600006371964259
"GSM8121900_athero_human_7.txt.gz","Plate_20_101s_G04Plate_20_101s_G04_accepted_hits_sorted_rm_dup","symptomatic","macrophage","macrophage_S1",1.93888129106434,0.974385404593971,-0.631875510595033
"GSM8121900_athero_human_7.txt.gz","Plate_20_101s_G05Plate_20_101s_G05_accepted_hits_sorted_rm_dup","symptomatic","macrophage","macrophage_S2",1.8505753623163,-0.0277505759907606,-0.52597666504685
"GSM8121900_athero_human_7.txt.gz","Plate_20_101s_G07Plate_20_101s_G07_accepted_hits_sorted_rm_dup","symptomatic","macrophage","macrophage_S1",1.27204572202355,0.793882501533906,-0.544673668696202
"GSM8121900_athero_human_7.txt.gz","Plate_20_101s_G08Plate_20_101s_G08_accepted_hits_sorted_rm_dup","symptomatic","macrophage","macrophage_S2",1.25570803975506,-0.024286066866124,-0.519759026607572
"GSM8121900_athero_human_7.txt.gz","Plate_20_101s_G09Plate_20_101s_G09_accepted_hits_sorted_rm_dup","symptomatic","macrophage","macrophage_S2",1.6619427201877,0.101562317814895,-0.231274609209478
"GSM8121900_athero_human_7.txt.gz","Plate_20_101s_G10Plate_20_101s_G10_accepted_hits_sorted_rm_dup","symptomatic","macrophage","macrophage_S1",0.674538148108689,1.10865771801741,-0.542601787684816
"GSM8121900_athero_human_7.txt.gz","Plate_20_101s_G11Plate_20_101s_G11_accepted_hits_sorted_rm_dup","symptomatic","macrophage","macrophage_S2",0.854492694768339,0.0637188366575927,-0.513944985495757
"GSM8121900_athero_human_7.txt.gz","Plate_20_101s_G13Plate_20_101s_G13_accepted_hits_sorted_rm_dup","symptomatic","macrophage","macrophage_S2",1.67516202388092,0.298742753285036,-0.616552818170418
"GSM8121900_athero_human_7.txt.gz","Plate_20_101s_G14Plate_20_101s_G14_accepted_hits_sorted_rm_dup","symptomatic","macrophage","macrophage_S3",1.56377905510402,0.276471323394264,-0.000253439991764317
"GSM8121900_athero_human_7.txt.gz","Plate_20_101s_G17Plate_20_101s_G17_accepted_hits_sorted_rm_dup","symptomatic","macrophage","macrophage_S2",0.895997436478571,0.00638014719214665,-0.34244641392703
"GSM8121900_athero_human_7.txt.gz","Plate_20_101s_G18Plate_20_101s_G18_accepted_hits_sorted_rm_dup","symptomatic","macrophage","macrophage_S3",0.629300414491986,-0.158373143447552,-0.198163831894098
"GSM8121900_athero_human_7.txt.gz","Plate_20_101s_G20Plate_20_101s_G20_accepted_hits_sorted_rm_dup","symptomatic","macrophage","macrophage_S2",0.855054761543523,0.388769088108762,-0.368453168451409
"GSM8121900_athero_human_7.txt.gz","Plate_20_101s_G21Plate_20_101s_G21_accepted_hits_sorted_rm_dup","symptomatic","macrophage","macrophage_S2",1.39210055171304,0.24431189281284,-0.614957173565849
"GSM8121900_athero_human_7.txt.gz","Plate_20_101s_G22Plate_20_101s_G22_accepted_hits_sorted_rm_dup","symptomatic","macrophage","macrophage_S2",1.2098020847168,0.19698029693298,-0.280343562835297
"GSM8121900_athero_human_7.txt.gz","Plate_20_101s_G23Plate_20_101s_G23_accepted_hits_sorted_rm_dup","symptomatic","macrophage","macrophage_S1",1.37553823019755,0.677425417329299,-0.317186640610811
"GSM8121900_athero_human_7.txt.gz","Plate_20_101s_G24Plate_20_101s_G24_accepted_hits_sorted_rm_dup","symptomatic","macrophage","macrophage_S1",1.40377183094271,0.657049037614345,-0.20297489402573
"GSM8121900_athero_human_7.txt.gz","Plate_20_101s_H01Plate_20_101s_H01_accepted_hits_sorted_rm_dup","symptomatic","macrophage","macrophage_S2",1.03827523202996,0.468914751857478,-0.566922535710111
"GSM8121900_athero_human_7.txt.gz","Plate_20_101s_H02Plate_20_101s_H02_accepted_hits_sorted_rm_dup","symptomatic","macrophage","macrophage_S3",1.30527251802522,-0.0814843629700275,-0.0310813693864874
"GSM8121900_athero_human_7.txt.gz","Plate_20_101s_H03Plate_20_101s_H03_accepted_hits_sorted_rm_dup","symptomatic","macrophage","macrophage_S2",1.32058750064009,0.374940535052167,-0.319764940198806
"GSM8121900_athero_human_7.txt.gz","Plate_20_101s_H04Plate_20_101s_H04_accepted_hits_sorted_rm_dup","symptomatic","macrophage","macrophage_S2",1.28259321521439,0.144708617846307,-0.615323250510243
"GSM8121900_athero_human_7.txt.gz","Plate_20_101s_H05Plate_20_101s_H05_accepted_hits_sorted_rm_dup","symptomatic","macrophage","macrophage_S2",1.6996370924783,-0.0125359735125599,-0.505347703067196
"GSM8121900_athero_human_7.txt.gz","Plate_20_101s_H06Plate_20_101s_H06_accepted_hits_sorted_rm_dup","symptomatic","macrophage","macrophage_S1",1.6032027641151,0.598098325198214,-0.470567436740752
"GSM8121900_athero_human_7.txt.gz","Plate_20_101s_H14Plate_20_101s_H14_accepted_hits_sorted_rm_dup","symptomatic","macrophage","macrophage_S2",1.43372846909747,0.0904676257618612,-0.474374283952674
"GSM8121900_athero_human_7.txt.gz","Plate_20_101s_H16Plate_20_101s_H16_accepted_hits_sorted_rm_dup","symptomatic","macrophage","macrophage_S2",1.38182618560887,0.123488538982396,-0.493618633561891
"GSM8121900_athero_human_7.txt.gz","Plate_20_101s_H17Plate_20_101s_H17_accepted_hits_sorted_rm_dup","symptomatic","macrophage","macrophage_S2",1.31665505802605,0.18524297382541,-0.537361960745231
"GSM8121900_athero_human_7.txt.gz","Plate_20_101s_H19Plate_20_101s_H19_accepted_hits_sorted_rm_dup","symptomatic","macrophage","macrophage_S3",1.40938619554641,0.262325976529499,0.0357717623253831
"GSM8121900_athero_human_7.txt.gz","Plate_20_101s_H20Plate_20_101s_H20_accepted_hits_sorted_rm_dup","symptomatic","macrophage","macrophage_S2",1.43619240137315,-0.0167369799239718,-0.59278031712237
"GSM8121900_athero_human_7.txt.gz","Plate_20_101s_H21Plate_20_101s_H21_accepted_hits_sorted_rm_dup","symptomatic","macrophage","macrophage_S2",1.28053184677747,0.481938148706248,-0.608981161962299
"GSM8121900_athero_human_7.txt.gz","Plate_20_101s_H22Plate_20_101s_H22_accepted_hits_sorted_rm_dup","symptomatic","macrophage","macrophage_S2",1.38824112497709,0.204593305683422,-0.4193105059724
"GSM8121900_athero_human_7.txt.gz","Plate_20_101s_H23Plate_20_101s_H23_accepted_hits_sorted_rm_dup","symptomatic","macrophage","macrophage_S2",1.52479258408306,-0.225625454598107,-0.349542884933876
"GSM8121900_athero_human_7.txt.gz","Plate_20_101s_I02Plate_20_101s_I02_accepted_hits_sorted_rm_dup","symptomatic","macrophage","macrophage_S2",0.899467518842679,0.300562557073582,-0.326869121949287
"GSM8121900_athero_human_7.txt.gz","Plate_20_101s_I03Plate_20_101s_I03_accepted_hits_sorted_rm_dup","symptomatic","macrophage","macrophage_S2",1.90442916274577,-0.251985659498267,-0.518096786178821
"GSM8121900_athero_human_7.txt.gz","Plate_20_101s_I09Plate_20_101s_I09_accepted_hits_sorted_rm_dup","symptomatic","macrophage","macrophage_S1",1.41394341645569,0.659159367909851,-0.239625813002932
"GSM8121900_athero_human_7.txt.gz","Plate_20_101s_I10Plate_20_101s_I10_accepted_hits_sorted_rm_dup","symptomatic","macrophage","macrophage_S3",1.30880789635737,0.137635457548345,-0.122879728404662
"GSM8121900_athero_human_7.txt.gz","Plate_20_101s_I11Plate_20_101s_I11_accepted_hits_sorted_rm_dup","symptomatic","macrophage","macrophage_S2",1.08450861085193,-0.159775524538349,-0.46667867560664
"GSM8121900_athero_human_7.txt.gz","Plate_20_101s_I12Plate_20_101s_I12_accepted_hits_sorted_rm_dup","symptomatic","macrophage","macrophage_S2",1.29979289652679,-0.285261784406663,-0.556856048339144
"GSM8121900_athero_human_7.txt.gz","Plate_20_101s_I13Plate_20_101s_I13_accepted_hits_sorted_rm_dup","symptomatic","macrophage","macrophage_S2",1.3839147682169,-0.0273346738517107,-0.46300187334864
"GSM8121900_athero_human_7.txt.gz","Plate_20_101s_I16Plate_20_101s_I16_accepted_hits_sorted_rm_dup","symptomatic","macrophage","macrophage_S2",1.13653067179209,0.291948963792514,-0.427022766689301
"GSM8121900_athero_human_7.txt.gz","Plate_20_101s_I17Plate_20_101s_I17_accepted_hits_sorted_rm_dup","symptomatic","macrophage","macrophage_S2",0.474503991560424,-0.393547097251675,-0.456829356583644
"GSM8121900_athero_human_7.txt.gz","Plate_20_101s_I18Plate_20_101s_I18_accepted_hits_sorted_rm_dup","symptomatic","macrophage","macrophage_S2",0.80394990567298,0.0184718878825781,-0.58459429622219
"GSM8121900_athero_human_7.txt.gz","Plate_20_101s_I20Plate_20_101s_I20_accepted_hits_sorted_rm_dup","symptomatic","macrophage","macrophage_S1",0.922885824991882,0.864805978252587,-0.378124109572737
"GSM8121900_athero_human_7.txt.gz","Plate_20_101s_I21Plate_20_101s_I21_accepted_hits_sorted_rm_dup","symptomatic","macrophage","macrophage_S1",1.05238742177109,1.44906460092941,0.295473732511179
"GSM8121900_athero_human_7.txt.gz","Plate_20_101s_I22Plate_20_101s_I22_accepted_hits_sorted_rm_dup","symptomatic","macrophage","macrophage_S2",0.781233887661019,-0.301128989577574,-0.381508370062486
"GSM8121900_athero_human_7.txt.gz","Plate_20_101s_I23Plate_20_101s_I23_accepted_hits_sorted_rm_dup","symptomatic","macrophage","macrophage_S2",1.19645944081677,0.0354981900418056,-0.518819338246554
"GSM8121900_athero_human_7.txt.gz","Plate_20_101s_I24Plate_20_101s_I24_accepted_hits_sorted_rm_dup","symptomatic","macrophage","macrophage_S2",1.55685827874387,0.0751059127883596,-0.376340615916478
"GSM8121900_athero_human_7.txt.gz","Plate_20_101s_J02Plate_20_101s_J02_accepted_hits_sorted_rm_dup","symptomatic","macrophage","macrophage_S1",1.65302057106369,0.545300056543572,0.0162832633088674
"GSM8121900_athero_human_7.txt.gz","Plate_20_101s_J05Plate_20_101s_J05_accepted_hits_sorted_rm_dup","symptomatic","macrophage","macrophage_S2",0.980766454578656,-0.0892712362109685,-0.470126688564861
"GSM8121900_athero_human_7.txt.gz","Plate_20_101s_J06Plate_20_101s_J06_accepted_hits_sorted_rm_dup","symptomatic","macrophage","macrophage_S1",1.60719128511179,0.697821786434785,-0.607286223052559
"GSM8121900_athero_human_7.txt.gz","Plate_20_101s_J07Plate_20_101s_J07_accepted_hits_sorted_rm_dup","symptomatic","macrophage","macrophage_S2",1.59879736243213,-0.0965480003292,-0.472030951454194
"GSM8121900_athero_human_7.txt.gz","Plate_20_101s_J11Plate_20_101s_J11_accepted_hits_sorted_rm_dup","symptomatic","macrophage","macrophage_S3",1.46083807858943,-0.164283614484845,-0.112075259744425
"GSM8121900_athero_human_7.txt.gz","Plate_20_101s_J13Plate_20_101s_J13_accepted_hits_sorted_rm_dup","symptomatic","macrophage","macrophage_S1",1.54515893038829,0.680175862751389,-0.488858449399581
"GSM8121900_athero_human_7.txt.gz","Plate_20_101s_J14Plate_20_101s_J14_accepted_hits_sorted_rm_dup","symptomatic","macrophage","macrophage_S1",1.32083876291891,0.785467856217592,-0.510458088017619
"GSM8121900_athero_human_7.txt.gz","Plate_20_101s_J19Plate_20_101s_J19_accepted_hits_sorted_rm_dup","symptomatic","macrophage","macrophage_S2",1.41213902060339,0.165918552621331,-0.60173439506126
"GSM8121900_athero_human_7.txt.gz","Plate_20_101s_J20Plate_20_101s_J20_accepted_hits_sorted_rm_dup","symptomatic","macrophage","macrophage_S3",1.13226653416595,0.182008933710118,-0.187989614191546
"GSM8121900_athero_human_7.txt.gz","Plate_20_101s_J21Plate_20_101s_J21_accepted_hits_sorted_rm_dup","symptomatic","macrophage","macrophage_S2",1.16043544582568,0.0116490668558718,-0.625838814904591
"GSM8121900_athero_human_7.txt.gz","Plate_20_101s_K03Plate_20_101s_K03_accepted_hits_sorted_rm_dup","symptomatic","macrophage","macrophage_S1",1.90729085743262,0.373090256202472,-0.416716242012441
"GSM8121900_athero_human_7.txt.gz","Plate_20_101s_K06Plate_20_101s_K06_accepted_hits_sorted_rm_dup","symptomatic","macrophage","macrophage_S3",1.01428274524488,-0.0814108757377083,-0.147382116749705
"GSM8121900_athero_human_7.txt.gz","Plate_20_101s_K07Plate_20_101s_K07_accepted_hits_sorted_rm_dup","symptomatic","macrophage","macrophage_S2",1.53728558720847,0.00796535779752626,-0.215448471929348
"GSM8121900_athero_human_7.txt.gz","Plate_20_101s_K08Plate_20_101s_K08_accepted_hits_sorted_rm_dup","symptomatic","macrophage","macrophage_S2",1.62823327397136,0.0535051748914299,-0.505416736066079
"GSM8121900_athero_human_7.txt.gz","Plate_20_101s_K10Plate_20_101s_K10_accepted_hits_sorted_rm_dup","symptomatic","macrophage","macrophage_S1",1.53707584063021,0.768314354960944,-0.554953498577142
"GSM8121900_athero_human_7.txt.gz","Plate_20_101s_K11Plate_20_101s_K11_accepted_hits_sorted_rm_dup","symptomatic","macrophage","macrophage_S2",1.44113683059214,0.189908382093517,-0.342658677837748
"GSM8121900_athero_human_7.txt.gz","Plate_20_101s_K14Plate_20_101s_K14_accepted_hits_sorted_rm_dup","symptomatic","macrophage","macrophage_S2",1.22638958055796,0.359357141658926,-0.603574162149061
"GSM8121900_athero_human_7.txt.gz","Plate_20_101s_K15Plate_20_101s_K15_accepted_hits_sorted_rm_dup","symptomatic","macrophage","macrophage_S2",1.55833389452658,-0.00977273356429093,-0.245584784135138
"GSM8121900_athero_human_7.txt.gz","Plate_20_101s_K16Plate_20_101s_K16_accepted_hits_sorted_rm_dup","symptomatic","macrophage","macrophage_S2",1.43384807401849,0.346264681597995,-0.350704212137019
"GSM8121900_athero_human_7.txt.gz","Plate_20_101s_K17Plate_20_101s_K17_accepted_hits_sorted_rm_dup","symptomatic","macrophage","macrophage_S1",1.51421698704254,0.699815128043183,-0.537172059255132
"GSM8121900_athero_human_7.txt.gz","Plate_20_101s_K18Plate_20_101s_K18_accepted_hits_sorted_rm_dup","symptomatic","macrophage","macrophage_S2",1.3845781804969,-0.284122568148671,-0.148036976629617
"GSM8121900_athero_human_7.txt.gz","Plate_20_101s_K19Plate_20_101s_K19_accepted_hits_sorted_rm_dup","symptomatic","macrophage","macrophage_S2",1.30150946103728,0.372181437519281,-0.471291162496183
"GSM8121900_athero_human_7.txt.gz","Plate_20_101s_K20Plate_20_101s_K20_accepted_hits_sorted_rm_dup","symptomatic","macrophage","macrophage_S1",1.48947544442117,0.916790487705895,-0.425569559422226
"GSM8121900_athero_human_7.txt.gz","Plate_20_101s_K22Plate_20_101s_K22_accepted_hits_sorted_rm_dup","symptomatic","macrophage","macrophage_S2",1.33716447769726,0.141202882642249,-0.580651333850525
"GSM8121900_athero_human_7.txt.gz","Plate_20_101s_K23Plate_20_101s_K23_accepted_hits_sorted_rm_dup","symptomatic","macrophage","macrophage_S2",1.28557210592567,-0.0484219904524032,-0.46505372265299
"GSM8121900_athero_human_7.txt.gz","Plate_20_101s_K24Plate_20_101s_K24_accepted_hits_sorted_rm_dup","symptomatic","macrophage","macrophage_S1",1.14541345373719,0.90387210596785,-0.484699587446614
"GSM8121900_athero_human_7.txt.gz","Plate_20_101s_L02Plate_20_101s_L02_accepted_hits_sorted_rm_dup","symptomatic","macrophage","macrophage_S2",1.46618744055328,-0.199319142341872,-0.418773951431614
"GSM8121900_athero_human_7.txt.gz","Plate_20_101s_L06Plate_20_101s_L06_accepted_hits_sorted_rm_dup","symptomatic","macrophage","macrophage_S1",1.47495521333743,0.83677202055753,-0.316779581911412
"GSM8121900_athero_human_7.txt.gz","Plate_20_101s_L09Plate_20_101s_L09_accepted_hits_sorted_rm_dup","symptomatic","macrophage","macrophage_S2",1.26608809426653,0.197547889163361,-0.466315992172872
"GSM8121900_athero_human_7.txt.gz","Plate_20_101s_L12Plate_20_101s_L12_accepted_hits_sorted_rm_dup","symptomatic","macrophage","macrophage_S2",1.56477707717621,0.414487371161538,-0.4998801314323
"GSM8121900_athero_human_7.txt.gz","Plate_20_101s_L13Plate_20_101s_L13_accepted_hits_sorted_rm_dup","symptomatic","macrophage","macrophage_S2",1.40296237711489,-0.225674122285211,-0.607045594961014
"GSM8121900_athero_human_7.txt.gz","Plate_20_101s_L14Plate_20_101s_L14_accepted_hits_sorted_rm_dup","symptomatic","macrophage","macrophage_S2",0.398255387437873,0.260934174749911,-0.520813739663462
"GSM8121900_athero_human_7.txt.gz","Plate_20_101s_L16Plate_20_101s_L16_accepted_hits_sorted_rm_dup","symptomatic","macrophage","macrophage_S1",1.51690273132613,0.482258914484161,-0.362503141772519
"GSM8121900_athero_human_7.txt.gz","Plate_20_101s_L19Plate_20_101s_L19_accepted_hits_sorted_rm_dup","symptomatic","macrophage","macrophage_S2",1.18845195974086,0.130833914154002,-0.359112939193902
"GSM8121900_athero_human_7.txt.gz","Plate_20_101s_L20Plate_20_101s_L20_accepted_hits_sorted_rm_dup","symptomatic","macrophage","macrophage_S2",0.696501262228971,-0.00665277615870353,-0.566912294621717
"GSM8121900_athero_human_7.txt.gz","Plate_20_101s_L21Plate_20_101s_L21_accepted_hits_sorted_rm_dup","symptomatic","macrophage","macrophage_S2",1.07776355052114,-0.274366914889516,-0.431579614520984
"GSM8121900_athero_human_7.txt.gz","Plate_20_101s_M02Plate_20_101s_M02_accepted_hits_sorted_rm_dup","symptomatic","macrophage","macrophage_S3",1.29011226068415,-0.35970190538449,0.00120052366796668
"GSM8121900_athero_human_7.txt.gz","Plate_20_101s_M03Plate_20_101s_M03_accepted_hits_sorted_rm_dup","symptomatic","macrophage","macrophage_S1",1.31862450641183,1.50650465288404,-0.573042697234367
"GSM8121900_athero_human_7.txt.gz","Plate_20_101s_M05Plate_20_101s_M05_accepted_hits_sorted_rm_dup","symptomatic","macrophage","macrophage_S1",0.842625799467376,0.797181086382203,-0.0797255015999887
"GSM8121900_athero_human_7.txt.gz","Plate_20_101s_M07Plate_20_101s_M07_accepted_hits_sorted_rm_dup","symptomatic","macrophage","macrophage_S2",1.23998930232598,0.0836992679488247,-0.341246556369478
"GSM8121900_athero_human_7.txt.gz","Plate_20_101s_M08Plate_20_101s_M08_accepted_hits_sorted_rm_dup","symptomatic","macrophage","macrophage_S2",1.40342724236305,0.137858738241742,-0.485599549271981
"GSM8121900_athero_human_7.txt.gz","Plate_20_101s_M11Plate_20_101s_M11_accepted_hits_sorted_rm_dup","symptomatic","macrophage","macrophage_S2",1.73027013848076,0.15595097697973,-0.560729987200521
"GSM8121900_athero_human_7.txt.gz","Plate_20_101s_M15Plate_20_101s_M15_accepted_hits_sorted_rm_dup","symptomatic","macrophage","macrophage_S2",1.16596706996251,0.124784922485696,-0.377093352547328
"GSM8121900_athero_human_7.txt.gz","Plate_20_101s_M17Plate_20_101s_M17_accepted_hits_sorted_rm_dup","symptomatic","macrophage","macrophage_S2",0.824243344129855,0.0731926279784345,-0.393139779702463
"GSM8121900_athero_human_7.txt.gz","Plate_20_101s_M18Plate_20_101s_M18_accepted_hits_sorted_rm_dup","symptomatic","macrophage","macrophage_S1",1.60325000642676,0.77409934813786,-0.588785247569875
"GSM8121900_athero_human_7.txt.gz","Plate_20_101s_M20Plate_20_101s_M20_accepted_hits_sorted_rm_dup","symptomatic","macrophage","macrophage_S3",1.1781560062215,0.0852687915321836,-0.116672392449485
"GSM8121900_athero_human_7.txt.gz","Plate_20_101s_M22Plate_20_101s_M22_accepted_hits_sorted_rm_dup","symptomatic","macrophage","macrophage_S3",1.22009543763356,0.670365634385507,0.895222052177362
"GSM8121900_athero_human_7.txt.gz","Plate_20_101s_M23Plate_20_101s_M23_accepted_hits_sorted_rm_dup","symptomatic","macrophage","macrophage_S2",1.29818336257514,0.331955367524806,-0.440930250510512
"GSM8121900_athero_human_7.txt.gz","Plate_20_101s_N02Plate_20_101s_N02_accepted_hits_sorted_rm_dup","symptomatic","macrophage","macrophage_S2",0.923476992214252,0.366074252772712,-0.391845019344247
"GSM8121900_athero_human_7.txt.gz","Plate_20_101s_N08Plate_20_101s_N08_accepted_hits_sorted_rm_dup","symptomatic","macrophage","macrophage_S2",1.67813257900197,0.264982642048626,-0.32021813976193
"GSM8121900_athero_human_7.txt.gz","Plate_20_101s_N09Plate_20_101s_N09_accepted_hits_sorted_rm_dup","symptomatic","macrophage","macrophage_S2",1.02355365874735,-0.256760607778387,-0.438699272005329
"GSM8121900_athero_human_7.txt.gz","Plate_20_101s_N13Plate_20_101s_N13_accepted_hits_sorted_rm_dup","symptomatic","macrophage","macrophage_S2",1.37728797829196,0.203982037424965,-0.573327633260862
"GSM8121900_athero_human_7.txt.gz","Plate_20_101s_N14Plate_20_101s_N14_accepted_hits_sorted_rm_dup","symptomatic","macrophage","macrophage_S2",1.88976869196338,0.135936318727207,-0.451142302129966
"GSM8121900_athero_human_7.txt.gz","Plate_20_101s_N16Plate_20_101s_N16_accepted_hits_sorted_rm_dup","symptomatic","macrophage","macrophage_S3",0.568228951892106,0.530099420950663,-0.190023867175842
"GSM8121900_athero_human_7.txt.gz","Plate_20_101s_N18Plate_20_101s_N18_accepted_hits_sorted_rm_dup","symptomatic","macrophage","macrophage_S2",0.734151047769789,0.137898907153066,-0.592315629372347
"GSM8121900_athero_human_7.txt.gz","Plate_20_101s_N19Plate_20_101s_N19_accepted_hits_sorted_rm_dup","symptomatic","macrophage","macrophage_S3",0.617228530596802,-0.264475434221393,-0.245243710152476
"GSM8121900_athero_human_7.txt.gz","Plate_20_101s_N21Plate_20_101s_N21_accepted_hits_sorted_rm_dup","symptomatic","macrophage","macrophage_S3",1.58450787670454,0.182028824714618,-0.0810185748892989
"GSM8121900_athero_human_7.txt.gz","Plate_20_101s_N22Plate_20_101s_N22_accepted_hits_sorted_rm_dup","symptomatic","macrophage","macrophage_S2",1.64236336443469,-0.0525806134238242,-0.515771634533952
"GSM8121900_athero_human_7.txt.gz","Plate_20_101s_N23Plate_20_101s_N23_accepted_hits_sorted_rm_dup","symptomatic","macrophage","macrophage_S2",1.55594331689451,0.52852339186199,-0.561038641088558
"GSM8121900_athero_human_7.txt.gz","Plate_20_101s_O01Plate_20_101s_O01_accepted_hits_sorted_rm_dup","symptomatic","macrophage","macrophage_S1",1.30463155571005,0.91419138144041,-0.421663495563099
"GSM8121900_athero_human_7.txt.gz","Plate_20_101s_O02Plate_20_101s_O02_accepted_hits_sorted_rm_dup","symptomatic","macrophage","macrophage_S1",1.63867771221202,0.84133794995654,-0.47796715417376
"GSM8121900_athero_human_7.txt.gz","Plate_20_101s_O03Plate_20_101s_O03_accepted_hits_sorted_rm_dup","symptomatic","macrophage","macrophage_S2",1.53316567692123,0.147915432676853,-0.637877623653842
"GSM8121900_athero_human_7.txt.gz","Plate_20_101s_O04Plate_20_101s_O04_accepted_hits_sorted_rm_dup","symptomatic","macrophage","macrophage_S2",1.62863662631717,0.209099912019951,-0.597648831986975
"GSM8121900_athero_human_7.txt.gz","Plate_20_101s_O05Plate_20_101s_O05_accepted_hits_sorted_rm_dup","symptomatic","macrophage","macrophage_S1",1.56813473647843,0.784339879448708,-0.536360509139745
"GSM8121900_athero_human_7.txt.gz","Plate_20_101s_O08Plate_20_101s_O08_accepted_hits_sorted_rm_dup","symptomatic","macrophage","macrophage_S2",1.28472664555639,0.317833097994618,-0.592698788891853
"GSM8121900_athero_human_7.txt.gz","Plate_20_101s_O11Plate_20_101s_O11_accepted_hits_sorted_rm_dup","symptomatic","macrophage","macrophage_S1",1.19138877386115,0.89589926929844,-0.502834370193689
"GSM8121900_athero_human_7.txt.gz","Plate_20_101s_O12Plate_20_101s_O12_accepted_hits_sorted_rm_dup","symptomatic","macrophage","macrophage_S3",0.575815955129249,-0.306442722842898,-0.163667487520618
"GSM8121900_athero_human_7.txt.gz","Plate_20_101s_O13Plate_20_101s_O13_accepted_hits_sorted_rm_dup","symptomatic","macrophage","macrophage_S2",1.69941827318139,0.326209152757054,-0.593341592556637
"GSM8121900_athero_human_7.txt.gz","Plate_20_101s_O16Plate_20_101s_O16_accepted_hits_sorted_rm_dup","symptomatic","macrophage","macrophage_S1",1.1513401082691,0.727309448435759,-0.513851343284201
"GSM8121900_athero_human_7.txt.gz","Plate_20_101s_O18Plate_20_101s_O18_accepted_hits_sorted_rm_dup","symptomatic","macrophage","macrophage_S2",1.60822478561453,-0.100029208180337,-0.596878518191326
"GSM8121900_athero_human_7.txt.gz","Plate_20_101s_O19Plate_20_101s_O19_accepted_hits_sorted_rm_dup","symptomatic","macrophage","macrophage_S2",1.32148628707669,0.380629004202693,-0.589498434689542
"GSM8121900_athero_human_7.txt.gz","Plate_20_101s_O20Plate_20_101s_O20_accepted_hits_sorted_rm_dup","symptomatic","macrophage","macrophage_S3",1.1727807294172,0.368920746137778,-0.191626316541605
"GSM8121900_athero_human_7.txt.gz","Plate_20_101s_O21Plate_20_101s_O21_accepted_hits_sorted_rm_dup","symptomatic","macrophage","macrophage_S2",1.36410307574366,-0.0991134063827686,-0.360887840474143
"GSM8121900_athero_human_7.txt.gz","Plate_20_101s_O22Plate_20_101s_O22_accepted_hits_sorted_rm_dup","symptomatic","macrophage","macrophage_S3",0.780240687170457,0.0819005210597007,-0.213504070924886
"GSM8121900_athero_human_7.txt.gz","Plate_20_101s_O23Plate_20_101s_O23_accepted_hits_sorted_rm_dup","symptomatic","macrophage","macrophage_S2",0.991966543268204,0.134454812244442,-0.410906301267301
"GSM8121900_athero_human_7.txt.gz","Plate_20_101s_P01Plate_20_101s_P01_accepted_hits_sorted_rm_dup","symptomatic","macrophage","macrophage_S2",1.48491361122371,-0.0107139830196672,-0.395169320693138
"GSM8121900_athero_human_7.txt.gz","Plate_20_101s_P02Plate_20_101s_P02_accepted_hits_sorted_rm_dup","symptomatic","macrophage","macrophage_S2",1.3347016252494,0.184312406933273,-0.457835670804151
"GSM8121900_athero_human_7.txt.gz","Plate_20_101s_P03Plate_20_101s_P03_accepted_hits_sorted_rm_dup","symptomatic","macrophage","macrophage_S2",2.05868590236058,-0.0347707371864067,-0.642863769402824
"GSM8121900_athero_human_7.txt.gz","Plate_20_101s_P05Plate_20_101s_P05_accepted_hits_sorted_rm_dup","symptomatic","macrophage","macrophage_S1",1.53811467238254,0.877180843895291,-0.552321431547867
"GSM8121900_athero_human_7.txt.gz","Plate_20_101s_P08Plate_20_101s_P08_accepted_hits_sorted_rm_dup","symptomatic","macrophage","macrophage_S2",1.4010071296701,-0.112854340963007,-0.488282984464484
"GSM8121900_athero_human_7.txt.gz","Plate_20_101s_P09Plate_20_101s_P09_accepted_hits_sorted_rm_dup","symptomatic","macrophage","macrophage_S2",1.55737708058397,-0.160942784655711,-0.551505157717562
"GSM8121900_athero_human_7.txt.gz","Plate_20_101s_P10Plate_20_101s_P10_accepted_hits_sorted_rm_dup","symptomatic","macrophage","macrophage_S3",1.56165690305784,-0.139793005535828,-0.0950140725902885
"GSM8121900_athero_human_7.txt.gz","Plate_20_101s_P11Plate_20_101s_P11_accepted_hits_sorted_rm_dup","symptomatic","macrophage","macrophage_S2",1.22500719224687,-0.376048145456369,-0.36453691110573
"GSM8121900_athero_human_7.txt.gz","Plate_20_101s_P13Plate_20_101s_P13_accepted_hits_sorted_rm_dup","symptomatic","macrophage","macrophage_S1",1.1589694128427,0.59210206207651,-0.406407265909119
"GSM8121900_athero_human_7.txt.gz","Plate_20_101s_P16Plate_20_101s_P16_accepted_hits_sorted_rm_dup","symptomatic","macrophage","macrophage_S3",0.574572042042335,0.313109493230111,-0.292658143685431
"GSM8121900_athero_human_7.txt.gz","Plate_20_101s_P17Plate_20_101s_P17_accepted_hits_sorted_rm_dup","symptomatic","macrophage","macrophage_S2",1.13177542546856,-0.141819404077976,-0.296385495910518
"GSM8121901_athero_human_8.txt.gz","Plate_373s_A04","symptomatic","macrophage","macrophage_S3",0.864443630685249,-0.0188897159184355,-0.0675659529114322
"GSM8121901_athero_human_8.txt.gz","Plate_373s_A05","symptomatic","macrophage","macrophage_S2",0.577464119850098,-0.256368581884159,-0.345233259516792
"GSM8121901_athero_human_8.txt.gz","Plate_373s_A06","symptomatic","macrophage","macrophage_S3",0.553683898781686,-0.083395657853849,0.0816981915212661
"GSM8121901_athero_human_8.txt.gz","Plate_373s_A07","symptomatic","macrophage","macrophage_S3",0.128855793785988,-0.233027535894843,-0.185563309447047
"GSM8121901_athero_human_8.txt.gz","Plate_373s_A10","symptomatic","macrophage","macrophage_S2",0.606637469855324,0.160085454860399,-0.591006922896183
"GSM8121901_athero_human_8.txt.gz","Plate_373s_A11","symptomatic","macrophage","macrophage_S2",0.742139320085123,-0.0148126012278664,-0.539303650340749
"GSM8121901_athero_human_8.txt.gz","Plate_373s_A12","symptomatic","macrophage","macrophage_S3",0.026200286143435,-0.187807888927272,-0.279561103651768
"GSM8121901_athero_human_8.txt.gz","Plate_373s_A18","symptomatic","macrophage","macrophage_S2",0.519557818167662,-0.136856118044904,-0.361511656375867
"GSM8121901_athero_human_8.txt.gz","Plate_373s_A19","symptomatic","macrophage","macrophage_S3",0.738148993182719,0.0193793343402955,-0.0397836375164115
"GSM8121901_athero_human_8.txt.gz","Plate_373s_A24","symptomatic","macrophage","macrophage_S2",0.833998433641128,0.0473466438262747,-0.488440540822195
"GSM8121901_athero_human_8.txt.gz","Plate_373s_B01","symptomatic","macrophage","macrophage_S2",0.59823698756894,0.163574064874256,-0.597510733871472
"GSM8121901_athero_human_8.txt.gz","Plate_373s_B10","symptomatic","macrophage","macrophage_S2",0.327072121015059,0.198554500719348,-0.524105192708674
"GSM8121901_athero_human_8.txt.gz","Plate_373s_B11","symptomatic","macrophage","macrophage_S2",0.410914082631156,0.562047790143812,-0.662181030401693
"GSM8121901_athero_human_8.txt.gz","Plate_373s_B12","symptomatic","macrophage","macrophage_S3",0.226522770087968,0.0207917016731367,-0.0725209674579006
"GSM8121901_athero_human_8.txt.gz","Plate_373s_B16","symptomatic","macrophage","macrophage_S3",0.679302564336783,0.32650783622858,0.0110565083431597
"GSM8121901_athero_human_8.txt.gz","Plate_373s_B18","symptomatic","macrophage","macrophage_S1",0.526689060938805,0.939793047230564,-0.256780846241108
"GSM8121901_athero_human_8.txt.gz","Plate_373s_B20","symptomatic","macrophage","macrophage_S3",0.099593457324284,0.0908633587296925,-0.450247580512616
"GSM8121901_athero_human_8.txt.gz","Plate_373s_B23","symptomatic","macrophage","macrophage_S2",0.325039466498473,-0.198892728070755,-0.420306056360436
"GSM8121901_athero_human_8.txt.gz","Plate_373s_C04","symptomatic","macrophage","macrophage_S2",0.63604537691739,0.0714595198643163,-0.334534901477525
"GSM8121901_athero_human_8.txt.gz","Plate_373s_C10","symptomatic","macrophage","macrophage_S3",0.423137350497807,0.65546048544784,-0.186770892788964
"GSM8121901_athero_human_8.txt.gz","Plate_373s_C13","symptomatic","macrophage","macrophage_S2",1.03679724365235,-0.131583696245027,-0.390595225345211
"GSM8121901_athero_human_8.txt.gz","Plate_373s_C21","symptomatic","macrophage","macrophage_S3",0.431601444157921,0.11272634120666,-0.319775187854083
"GSM8121901_athero_human_8.txt.gz","Plate_373s_D03","symptomatic","macrophage","macrophage_S2",0.709794412826339,-0.41890016729935,-0.407095468402241
"GSM8121901_athero_human_8.txt.gz","Plate_373s_D05","symptomatic","macrophage","macrophage_S3",0.374950940393989,0.0927058191029964,-0.372771992609104
"GSM8121901_athero_human_8.txt.gz","Plate_373s_D06","symptomatic","macrophage","macrophage_S2",0.32007405799645,0.133341847348555,-0.517219148699287
"GSM8121901_athero_human_8.txt.gz","Plate_373s_D14","symptomatic","macrophage","macrophage_S2",0.866303509725282,0.515693593886021,-0.529244370019232
"GSM8121901_athero_human_8.txt.gz","Plate_373s_D16","symptomatic","macrophage","macrophage_S3",0.512161474611742,-0.0560192236053567,-0.32403697849138
"GSM8121901_athero_human_8.txt.gz","Plate_373s_D22","symptomatic","macrophage","macrophage_S3",0.041500079739326,0.275248495231203,-0.158829525339918
"GSM8121901_athero_human_8.txt.gz","Plate_373s_E02","symptomatic","macrophage","macrophage_S2",0.490486770609947,0.157319275311034,-0.471211040966713
"GSM8121901_athero_human_8.txt.gz","Plate_373s_E03","symptomatic","macrophage","macrophage_S2",0.929045157534474,0.0854718789696924,-0.402896195034326
"GSM8121901_athero_human_8.txt.gz","Plate_373s_E10","symptomatic","macrophage","macrophage_S2",0.665600783726383,0.409184400558425,-0.378741504365832
"GSM8121901_athero_human_8.txt.gz","Plate_373s_E11","symptomatic","macrophage","macrophage_S2",0.650616131299209,-0.0613696918307359,-0.653783252458106
"GSM8121901_athero_human_8.txt.gz","Plate_373s_E16","symptomatic","macrophage","macrophage_S3",0.454162046070136,-0.0129515260712346,-0.1260503404731
"GSM8121901_athero_human_8.txt.gz","Plate_373s_E21","symptomatic","macrophage","macrophage_S2",0.522984701661853,0.144385899818806,-0.433705894848471
"GSM8121901_athero_human_8.txt.gz","Plate_373s_E22","symptomatic","macrophage","macrophage_S3",0.135422838148476,0.219677986376953,-0.426080651173533
"GSM8121901_athero_human_8.txt.gz","Plate_373s_F03","symptomatic","macrophage","macrophage_S2",1.00715346479533,-0.427581163740703,-0.261106580515554
"GSM8121901_athero_human_8.txt.gz","Plate_373s_F07","symptomatic","macrophage","macrophage_S3",0.87501846498366,0.240217615530281,-0.0224536275452395
"GSM8121901_athero_human_8.txt.gz","Plate_373s_G11","symptomatic","macrophage","macrophage_S3",0.480236733162102,0.243837525545376,-0.220581561889566
"GSM8121901_athero_human_8.txt.gz","Plate_373s_G13","symptomatic","macrophage","macrophage_S3",0.746320588632993,0.354879290053359,-0.230943675015529
"GSM8121901_athero_human_8.txt.gz","Plate_373s_G16","symptomatic","macrophage","macrophage_S3",0.630675151200848,0.0896421362852365,0.187996005127092
"GSM8121901_athero_human_8.txt.gz","Plate_373s_H05","symptomatic","macrophage","macrophage_S2",1.04000718823544,-0.050096785266865,-0.740590764898365
"GSM8121901_athero_human_8.txt.gz","Plate_373s_H06","symptomatic","macrophage","macrophage_S3",0.614051916912652,0.0179928010359907,-0.22686893943652
"GSM8121901_athero_human_8.txt.gz","Plate_373s_H09","symptomatic","macrophage","macrophage_S2",0.800205412328977,-0.335594161049566,-0.646539115813183
"GSM8121901_athero_human_8.txt.gz","Plate_373s_H10","symptomatic","macrophage","macrophage_S2",0.0664561964136503,0.472825296100722,-0.518091486744272
"GSM8121901_athero_human_8.txt.gz","Plate_373s_H12","symptomatic","macrophage","macrophage_S2",0.348385538168567,0.352456981367972,-0.436468707891696
"GSM8121901_athero_human_8.txt.gz","Plate_373s_H13","symptomatic","macrophage","macrophage_S2",0.622302808761468,-0.219797410196822,-0.619473908391083
"GSM8121901_athero_human_8.txt.gz","Plate_373s_H14","symptomatic","macrophage","macrophage_S2",0.344594634077943,0.266899175827272,-0.457692946415089
"GSM8121901_athero_human_8.txt.gz","Plate_373s_H16","symptomatic","macrophage","macrophage_S2",0.784968546225,0.0702949010702084,-0.308787508572491
"GSM8121901_athero_human_8.txt.gz","Plate_373s_H23","symptomatic","macrophage","macrophage_S2",0.599533296989036,-0.0846720961799742,-0.413266629769816
"GSM8121901_athero_human_8.txt.gz","Plate_373s_I01","symptomatic","macrophage","macrophage_S3",0.607946724683222,0.200504034661959,0.384807611412473
"GSM8121901_athero_human_8.txt.gz","Plate_373s_I04","symptomatic","macrophage","macrophage_S3",0.827160996713696,0.000191157655353265,-0.175539785973826
"GSM8121901_athero_human_8.txt.gz","Plate_373s_I13","symptomatic","macrophage","macrophage_S3",0.583421447298331,0.0104091104496618,-0.12298272241515
"GSM8121901_athero_human_8.txt.gz","Plate_373s_I18","symptomatic","macrophage","macrophage_S3",1.00165319440968,0.311040214912984,-0.196312277047214
"GSM8121901_athero_human_8.txt.gz","Plate_373s_I20","symptomatic","macrophage","macrophage_S3",1.05873919239317,0.0791152195671374,0.039350486622959
"GSM8121901_athero_human_8.txt.gz","Plate_373s_I23","symptomatic","macrophage","macrophage_S2",0.465267819291267,-0.343542558530708,-0.454972257618271
"GSM8121901_athero_human_8.txt.gz","Plate_373s_I24","symptomatic","macrophage","macrophage_S3",0.658154966643641,0.0342181354624106,-0.223906356892686
"GSM8121901_athero_human_8.txt.gz","Plate_373s_J03","symptomatic","macrophage","macrophage_S2",0.0416061857358382,-0.271418416018447,-0.51636794064291
"GSM8121901_athero_human_8.txt.gz","Plate_373s_J14","symptomatic","macrophage","macrophage_S3",0.315993363763359,0.363154341379324,0.0695334007962731
"GSM8121901_athero_human_8.txt.gz","Plate_373s_J18","symptomatic","macrophage","macrophage_S3",0.676895463874677,-0.19222494773763,-0.276939900443543
"GSM8121901_athero_human_8.txt.gz","Plate_373s_J19","symptomatic","macrophage","macrophage_S3",0.325695454323542,0.0754906841283897,-0.257940159182432
"GSM8121901_athero_human_8.txt.gz","Plate_373s_J24","symptomatic","macrophage","macrophage_S2",0.396809875675555,0.315262017198563,-0.466739086227069
"GSM8121901_athero_human_8.txt.gz","Plate_373s_K03","symptomatic","macrophage","macrophage_S2",1.09537082859365,0.34545629475332,-0.380270106823573
"GSM8121901_athero_human_8.txt.gz","Plate_373s_K14","symptomatic","macrophage","macrophage_S2",1.27006410390564,-0.274086610751129,-0.59960245398013
"GSM8121901_athero_human_8.txt.gz","Plate_373s_K23","symptomatic","macrophage","macrophage_S2",1.18881174643093,0.494156855784552,-0.502761496290707
"GSM8121901_athero_human_8.txt.gz","Plate_373s_L03","symptomatic","macrophage","macrophage_S3",0.590749462388874,-0.227599845252702,0.0112196574483643
"GSM8121901_athero_human_8.txt.gz","Plate_373s_L04","symptomatic","macrophage","macrophage_S3",0.292191335251306,-0.0170390126628451,-0.23924936602742
"GSM8121901_athero_human_8.txt.gz","Plate_373s_L10","symptomatic","macrophage","macrophage_S3",0.531641261100792,0.233508618817689,0.0296560025311654
"GSM8121901_athero_human_8.txt.gz","Plate_373s_L13","symptomatic","macrophage","macrophage_S3",0.834159308157734,0.127456576161307,-0.202267558163216
"GSM8121901_athero_human_8.txt.gz","Plate_373s_L14","symptomatic","macrophage","macrophage_S3",0.288613990622756,0.00578337132583186,-0.0545503905558241
"GSM8121901_athero_human_8.txt.gz","Plate_373s_L15","symptomatic","macrophage","macrophage_S3",0.750630809775203,0.300307871520477,-0.197580976007021
"GSM8121901_athero_human_8.txt.gz","Plate_373s_L18","symptomatic","macrophage","macrophage_S2",0.541403631311446,0.507848999550993,-0.425124168643951
"GSM8121901_athero_human_8.txt.gz","Plate_373s_L19","symptomatic","macrophage","macrophage_S3",0.513532260029643,0.348010115404506,0.475662301917365
"GSM8121901_athero_human_8.txt.gz","Plate_373s_L21","symptomatic","macrophage","macrophage_S3",0.860766239481229,-0.00681293421780599,0.37869728154237
"GSM8121901_athero_human_8.txt.gz","Plate_373s_L24","symptomatic","macrophage","macrophage_S3",0.185020733340738,0.614568648877692,-0.130989413596368
"GSM8121901_athero_human_8.txt.gz","Plate_373s_M02","symptomatic","macrophage","macrophage_S3",0.284249238280011,0.253987715042528,-0.156905592038612
"GSM8121901_athero_human_8.txt.gz","Plate_373s_M06","symptomatic","macrophage","macrophage_S3",0.141266507904988,-0.0161535097926991,0.201853160511479
"GSM8121901_athero_human_8.txt.gz","Plate_373s_M22","symptomatic","macrophage","macrophage_S3",0.58304636639941,-0.0953882365998702,0.161677556995532
"GSM8121901_athero_human_8.txt.gz","Plate_373s_M23","symptomatic","macrophage","macrophage_S3",0.780535915253414,-0.0362811914755341,0.114886480721492
"GSM8121901_athero_human_8.txt.gz","Plate_373s_N01","symptomatic","macrophage","macrophage_S2",0.716568923215703,0.252032413136441,-0.454049215728204
"GSM8121901_athero_human_8.txt.gz","Plate_373s_N02","symptomatic","macrophage","macrophage_S2",0.360894971523075,-0.0149708576385519,-0.590210443987753
"GSM8121901_athero_human_8.txt.gz","Plate_373s_N04","symptomatic","macrophage","macrophage_S2",0.547740186021433,0.0791461715498396,-0.453400758897681
"GSM8121901_athero_human_8.txt.gz","Plate_373s_N10","symptomatic","macrophage","macrophage_S3",0.292823547689445,-0.059796980826592,-0.297987314969933
"GSM8121901_athero_human_8.txt.gz","Plate_373s_N13","symptomatic","macrophage","macrophage_S2",1.02481004869952,-0.161230866228849,-0.645307869938885
"GSM8121901_athero_human_8.txt.gz","Plate_373s_N14","symptomatic","macrophage","macrophage_S3",0.459671914575025,0.198644404866769,-0.046066825052303
"GSM8121901_athero_human_8.txt.gz","Plate_373s_N20","symptomatic","macrophage","macrophage_S2",0.247661560111283,-0.163118403430231,-0.602999840601597
"GSM8121901_athero_human_8.txt.gz","Plate_373s_N21","symptomatic","macrophage","macrophage_S3",0.637071554398992,-0.235666511255017,-0.208167826636297
"GSM8121901_athero_human_8.txt.gz","Plate_373s_N22","symptomatic","macrophage","macrophage_S3",0.677699329287435,0.882136253239958,0.271027627655027
"GSM8121901_athero_human_8.txt.gz","Plate_373s_N23","symptomatic","macrophage","macrophage_S2",0.584615927359862,0.45978027088613,-0.599343560564867
"GSM8121901_athero_human_8.txt.gz","Plate_373s_O01","symptomatic","macrophage","macrophage_S3",0.477782077802549,0.367308399006856,-0.0597405076602864
"GSM8121901_athero_human_8.txt.gz","Plate_373s_O12","symptomatic","macrophage","macrophage_S3",0.622840365246338,-0.210473132130538,-0.263343000596052
"GSM8121901_athero_human_8.txt.gz","Plate_373s_O17","symptomatic","macrophage","macrophage_S3",0.0351784820041475,-0.0758827278150138,-0.396156540697546
"GSM8121901_athero_human_8.txt.gz","Plate_373s_O23","symptomatic","macrophage","macrophage_S3",0.491861172027503,-0.0902547544265893,-0.325431162328129
"GSM8121901_athero_human_8.txt.gz","Plate_373s_P05","symptomatic","macrophage","macrophage_S2",0.621259769454352,0.0381113763142778,-0.512542244512545
"GSM8121901_athero_human_8.txt.gz","Plate_373s_P06","symptomatic","macrophage","macrophage_S2",0.661804266869263,0.201558385794471,-0.348478698420899
"GSM8121901_athero_human_8.txt.gz","Plate_373s_P14","symptomatic","macrophage","macrophage_S3",0.561917419859906,0.229518690335837,-0.220303910798397
"GSM8121901_athero_human_8.txt.gz","Plate_373s_P16","symptomatic","macrophage","macrophage_S3",0.692108013471549,-0.0500390207574174,-0.0193592572800541
"GSM8121901_athero_human_8.txt.gz","Plate_373s_P18","symptomatic","macrophage","macrophage_S2",1.14229006902025,0.207506165712349,-0.305592609258366
"GSM8121902_athero_human_9.txt.gz","Plate_1076s_A03","asymptomatic","macrophage","macrophage_S2",0.536035473490128,0.0637782408351214,-0.409386734832495
"GSM8121902_athero_human_9.txt.gz","Plate_1076s_A04","asymptomatic","macrophage","macrophage_S3",0.347219912775183,-0.294087253176911,-0.213264497841022
"GSM8121902_athero_human_9.txt.gz","Plate_1076s_B06","asymptomatic","macrophage","macrophage_S3",0.394093854418536,0.055778541302077,0.223747640860413
"GSM8121902_athero_human_9.txt.gz","Plate_1076s_B07","asymptomatic","macrophage","macrophage_S3",0.0225727420022329,0.052493053018553,-0.23758890467375
"GSM8121902_athero_human_9.txt.gz","Plate_1076s_B12","asymptomatic","macrophage","macrophage_S2",0.363091784153721,0.0491705272009984,-0.508826324584518
"GSM8121902_athero_human_9.txt.gz","Plate_1076s_C01","asymptomatic","macrophage","macrophage_S3",0.552205342694305,-0.000359950747320087,-0.181240524734468
"GSM8121902_athero_human_9.txt.gz","Plate_1076s_C03","asymptomatic","macrophage","macrophage_S3",0.678387124176457,0.190198977671833,-0.267217052944006
"GSM8121902_athero_human_9.txt.gz","Plate_1076s_C07","asymptomatic","macrophage","macrophage_S3",0.428691391588778,0.0833045081369267,-0.124522943349515
"GSM8121902_athero_human_9.txt.gz","Plate_1076s_C10","asymptomatic","macrophage","macrophage_S2",0.82884014872017,-0.203724033286846,-0.415847743936576
"GSM8121902_athero_human_9.txt.gz","Plate_1076s_D05","asymptomatic","macrophage","macrophage_S3",0.337520155750911,0.332075524135984,-0.046250435739406
"GSM8121902_athero_human_9.txt.gz","Plate_1076s_D07","asymptomatic","macrophage","macrophage_S3",0.32012853682367,0.181307922036005,-0.179405260950309
"GSM8121902_athero_human_9.txt.gz","Plate_1076s_D11","asymptomatic","macrophage","macrophage_S2",0.765739435641425,-0.331254018450585,-0.46940439437368
"GSM8121902_athero_human_9.txt.gz","Plate_1076s_E02","asymptomatic","macrophage","macrophage_S3",0.48591372439297,-0.0391374492415171,-0.199288790338393
"GSM8121902_athero_human_9.txt.gz","Plate_1076s_E03","asymptomatic","macrophage","macrophage_S3",0.47355869888367,0.386979881435197,0.0991029581558691
"GSM8121902_athero_human_9.txt.gz","Plate_1076s_E07","asymptomatic","macrophage","macrophage_S2",0.34291210319229,0.0465379237182568,-0.534434420811624
"GSM8121902_athero_human_9.txt.gz","Plate_1076s_E08","asymptomatic","macrophage","macrophage_S3",0.554645297819171,0.451093177906126,-0.205102657591441
"GSM8121902_athero_human_9.txt.gz","Plate_1076s_F06","asymptomatic","macrophage","macrophage_S3",0.196230267991858,0.411399563283143,-0.20982888693748
"GSM8121902_athero_human_9.txt.gz","Plate_1076s_F07","asymptomatic","macrophage","macrophage_S3",0.446400956370354,0.44733130971602,-0.231495242039535
"GSM8121902_athero_human_9.txt.gz","Plate_1076s_F08","asymptomatic","macrophage","macrophage_S3",0.194819323969442,0.214952157432024,0.00600936991716442
"GSM8121902_athero_human_9.txt.gz","Plate_1076s_F11","asymptomatic","macrophage","macrophage_S3",0.465910487163655,0.0782882940542969,-0.0116729053778584
"GSM8121902_athero_human_9.txt.gz","Plate_1076s_F12","asymptomatic","macrophage","macrophage_S2",0.679713247827082,-0.0774967940589385,-0.546416871328579
"GSM8121902_athero_human_9.txt.gz","Plate_1076s_G01","asymptomatic","macrophage","macrophage_S3",0.715274336308156,0.0284230554158352,-0.217335540485918
"GSM8121902_athero_human_9.txt.gz","Plate_1076s_G06","asymptomatic","macrophage","macrophage_S2",0.619102521364038,0.35045838945337,-0.55280701596586
"GSM8121902_athero_human_9.txt.gz","Plate_1076s_G07","asymptomatic","macrophage","macrophage_S2",0.499733014311525,-0.0348676663983407,-0.427795989903608
"GSM8121902_athero_human_9.txt.gz","Plate_1076s_G15","asymptomatic","macrophage","macrophage_S3",0.190504113351482,0.312193514619124,-0.264593936883634
"GSM8121902_athero_human_9.txt.gz","Plate_1076s_G22","asymptomatic","macrophage","macrophage_S2",0.812425215196356,-0.26589342667114,-0.562376232144829
"GSM8121902_athero_human_9.txt.gz","Plate_1076s_H01","asymptomatic","macrophage","macrophage_S3",0.831610902092237,-0.0505890683679591,-0.146605048027692
"GSM8121902_athero_human_9.txt.gz","Plate_1076s_H05","asymptomatic","macrophage","macrophage_S2",0.819597209981965,0.0068656253711231,-0.438898915372043
"GSM8121902_athero_human_9.txt.gz","Plate_1076s_H07","asymptomatic","macrophage","macrophage_S3",0.585420337358854,0.301631587869686,-0.238285257478264
"GSM8121902_athero_human_9.txt.gz","Plate_1076s_H08","asymptomatic","macrophage","macrophage_S3",0.283475658942248,0.00546704797963552,-0.128474371805557
"GSM8121902_athero_human_9.txt.gz","Plate_1076s_H11","asymptomatic","macrophage","macrophage_S2",0.71378564082987,0.23528213222289,-0.569209511025744
"GSM8121902_athero_human_9.txt.gz","Plate_1076s_H12","asymptomatic","macrophage","macrophage_S2",0.469615872267792,0.0589820240619545,-0.407238480245456
"GSM8121902_athero_human_9.txt.gz","Plate_1076s_H13","asymptomatic","macrophage","macrophage_S3",0.411606653215712,0.0262316899049539,0.0164842834733666
"GSM8121902_athero_human_9.txt.gz","Plate_1076s_H15","asymptomatic","macrophage","macrophage_S3",0.899409364884967,0.241969383160934,-0.108990507814998
"GSM8121902_athero_human_9.txt.gz","Plate_1076s_H16","asymptomatic","macrophage","macrophage_S2",0.558506080183933,0.121069651349956,-0.400216683039383
"GSM8121902_athero_human_9.txt.gz","Plate_1076s_H20","asymptomatic","macrophage","macrophage_S2",0.734923859341413,-0.141218147124425,-0.595720382640569
"GSM8121902_athero_human_9.txt.gz","Plate_1076s_H22","asymptomatic","macrophage","macrophage_S2",0.957954187829516,0.3597007243264,-0.331552882648476
"GSM8121902_athero_human_9.txt.gz","Plate_1076s_I01","asymptomatic","macrophage","macrophage_S3",0.487954616917657,0.0283659237176122,-0.179540844961973
"GSM8121902_athero_human_9.txt.gz","Plate_1076s_I02","asymptomatic","macrophage","macrophage_S3",0.361428976044385,-0.260243181810802,-0.318486495837658
"GSM8121902_athero_human_9.txt.gz","Plate_1076s_I05","asymptomatic","macrophage","macrophage_S3",0.125242167804434,0.262835225980573,-0.320115279246423
"GSM8121902_athero_human_9.txt.gz","Plate_1076s_I06","asymptomatic","macrophage","macrophage_S3",0.141754269676073,2.71358697369555e-05,-0.0345638450203756
"GSM8121902_athero_human_9.txt.gz","Plate_1076s_I07","asymptomatic","macrophage","macrophage_S3",0.897672189023162,-0.0555461422652146,-0.159359995008093
"GSM8121902_athero_human_9.txt.gz","Plate_1076s_I10","asymptomatic","macrophage","macrophage_S3",0.677693628810277,0.478934454938649,-0.104611682162559
"GSM8121902_athero_human_9.txt.gz","Plate_1076s_I13","asymptomatic","macrophage","macrophage_S2",0.956029790110107,0.160747876907556,-0.522200957549323
"GSM8121902_athero_human_9.txt.gz","Plate_1076s_I20","asymptomatic","macrophage","macrophage_S3",0.663104894384356,-0.0178348576704751,-0.215133855887415
"GSM8121902_athero_human_9.txt.gz","Plate_1076s_I24","asymptomatic","macrophage","macrophage_S2",0.948497510740329,0.192294098953254,-0.439770611628541
"GSM8121902_athero_human_9.txt.gz","Plate_1076s_J05","asymptomatic","macrophage","macrophage_S2",0.907537044835742,0.0564839798523113,-0.531957779899477
"GSM8121902_athero_human_9.txt.gz","Plate_1076s_J07","asymptomatic","macrophage","macrophage_S3",-0.011621387301853,-0.0724512165745418,-0.0617057676111681
"GSM8121902_athero_human_9.txt.gz","Plate_1076s_J08","asymptomatic","macrophage","macrophage_S2",0.758069539199849,0.0988067953237242,-0.421008283926256
"GSM8121902_athero_human_9.txt.gz","Plate_1076s_J09","asymptomatic","macrophage","macrophage_S2",0.644519787263227,-0.0201993587182113,-0.437296629734415
"GSM8121902_athero_human_9.txt.gz","Plate_1076s_J13","asymptomatic","macrophage","macrophage_S2",0.937522431543935,0.270324126333447,-0.532832035575518
"GSM8121902_athero_human_9.txt.gz","Plate_1076s_J22","asymptomatic","macrophage","macrophage_S3",0.31684790296149,-0.122487114166318,-0.185833556031694
"GSM8121902_athero_human_9.txt.gz","Plate_1076s_K01","asymptomatic","macrophage","macrophage_S3",0.0991749063516471,-0.0290814327891983,-0.295199150179455
"GSM8121902_athero_human_9.txt.gz","Plate_1076s_K02","asymptomatic","macrophage","macrophage_S3",0.359263000950561,0.05276220289835,-0.123118573741
"GSM8121902_athero_human_9.txt.gz","Plate_1076s_K05","asymptomatic","macrophage","macrophage_S3",0.389527252639325,0.085751259977587,-0.117919105088367
"GSM8121902_athero_human_9.txt.gz","Plate_1076s_K10","asymptomatic","macrophage","macrophage_S2",0.829126692310191,0.439683902827431,-0.356047133782006
"GSM8121902_athero_human_9.txt.gz","Plate_1076s_K17","asymptomatic","macrophage","macrophage_S3",0.63042315625656,0.0297657236527991,0.024368761880193
"GSM8121902_athero_human_9.txt.gz","Plate_1076s_K18","asymptomatic","macrophage","macrophage_S2",0.684196212545318,0.250781863745175,-0.347570664170001
"GSM8121902_athero_human_9.txt.gz","Plate_1076s_K23","asymptomatic","macrophage","macrophage_S3",0.135823425144534,-0.155272216087308,0.557793764024239
"GSM8121902_athero_human_9.txt.gz","Plate_1076s_L05","asymptomatic","macrophage","macrophage_S3",0.616983138716799,0.391994313673016,-0.315752625948281
"GSM8121902_athero_human_9.txt.gz","Plate_1076s_L06","asymptomatic","macrophage","macrophage_S2",0.155122640466284,-0.173269087483136,-0.545826672100812
"GSM8121902_athero_human_9.txt.gz","Plate_1076s_L09","asymptomatic","macrophage","macrophage_S3",0.538930718369954,-0.193716083874357,0.0442715463112351
"GSM8121902_athero_human_9.txt.gz","Plate_1076s_L10","asymptomatic","macrophage","macrophage_S3",0.56984159387247,0.29816513173247,0.395998916114223
"GSM8121902_athero_human_9.txt.gz","Plate_1076s_L12","asymptomatic","macrophage","macrophage_S2",1.04128138028401,0.315458717946854,-0.266889306544604
"GSM8121902_athero_human_9.txt.gz","Plate_1076s_L15","asymptomatic","macrophage","macrophage_S2",0.831340260298043,0.140583663617643,-0.550248191488434
"GSM8121902_athero_human_9.txt.gz","Plate_1076s_L16","asymptomatic","macrophage","macrophage_S2",0.814139424499413,-0.312131246136971,-0.522318863311278
"GSM8121902_athero_human_9.txt.gz","Plate_1076s_L17","asymptomatic","macrophage","macrophage_S3",0.535589790699049,0.121348686102797,0.222680037982339
"GSM8121902_athero_human_9.txt.gz","Plate_1076s_L18","asymptomatic","macrophage","macrophage_S3",0.540686412238362,0.376129889814522,-0.0380460426798675
"GSM8121902_athero_human_9.txt.gz","Plate_1076s_L19","asymptomatic","macrophage","macrophage_S3",0.360609818282848,0.0826991884778924,-0.0236092176625606
"GSM8121902_athero_human_9.txt.gz","Plate_1076s_L22","asymptomatic","macrophage","macrophage_S2",1.00461769300167,0.0289704064521671,-0.481140663111668
"GSM8121902_athero_human_9.txt.gz","Plate_1076s_L24","asymptomatic","macrophage","macrophage_S2",0.673675339607275,-0.0756784619876076,-0.393716009375855
"GSM8121902_athero_human_9.txt.gz","Plate_1076s_M03","asymptomatic","macrophage","macrophage_S3",0.433339303277471,0.117705690147664,-0.195619883980682
"GSM8121902_athero_human_9.txt.gz","Plate_1076s_M04","asymptomatic","macrophage","macrophage_S2",1.23640367855109,-0.0552435579824691,-0.413946169866901
"GSM8121902_athero_human_9.txt.gz","Plate_1076s_M05","asymptomatic","macrophage","macrophage_S3",0.578169089938106,0.0208336118240791,-0.28449515199409
"GSM8121902_athero_human_9.txt.gz","Plate_1076s_M08","asymptomatic","macrophage","macrophage_S3",0.607989057779288,0.436981573233779,-0.163826793975768
"GSM8121902_athero_human_9.txt.gz","Plate_1076s_M09","asymptomatic","macrophage","macrophage_S3",0.468884874306551,-0.0907768852241768,0.305938076489274
"GSM8121902_athero_human_9.txt.gz","Plate_1076s_M11","asymptomatic","macrophage","macrophage_S3",0.904142566803005,-0.671035346555091,0.016914771514157
"GSM8121902_athero_human_9.txt.gz","Plate_1076s_M14","asymptomatic","macrophage","macrophage_S2",0.777115365671806,0.282591656704229,-0.481179334940434
"GSM8121902_athero_human_9.txt.gz","Plate_1076s_M15","asymptomatic","macrophage","macrophage_S2",1.04581248724903,0.0198163212356121,-0.366761475088
"GSM8121902_athero_human_9.txt.gz","Plate_1076s_M18","asymptomatic","macrophage","macrophage_S2",0.781140101502421,0.000319308405620874,-0.315602535954784
"GSM8121902_athero_human_9.txt.gz","Plate_1076s_N07","asymptomatic","macrophage","macrophage_S3",0.659243629011705,0.310571492999192,-0.332895372468409
"GSM8121902_athero_human_9.txt.gz","Plate_1076s_N08","asymptomatic","macrophage","macrophage_S3",0.215760657397865,-0.0232634986487926,0.230681969823747
"GSM8121902_athero_human_9.txt.gz","Plate_1076s_N12","asymptomatic","macrophage","macrophage_S3",0.383446363549516,0.143625755460905,0.106168593118592
"GSM8121902_athero_human_9.txt.gz","Plate_1076s_N19","asymptomatic","macrophage","macrophage_S2",0.663184803804596,-0.0119391223899262,-0.32579970006184
"GSM8121902_athero_human_9.txt.gz","Plate_1076s_N21","asymptomatic","macrophage","macrophage_S3",0.479997820352014,0.457099132004068,-0.298221057994436
"GSM8121902_athero_human_9.txt.gz","Plate_1076s_N23","asymptomatic","macrophage","macrophage_S2",0.919460479359635,-0.036977954576668,-0.462747064998046
"GSM8121902_athero_human_9.txt.gz","Plate_1076s_N24","asymptomatic","macrophage","macrophage_S3",0.193175827987229,0.0843322154699304,-0.299396745898075
"GSM8121902_athero_human_9.txt.gz","Plate_1076s_O12","asymptomatic","macrophage","macrophage_S3",0.00126539629445846,0.22254096288041,0.0213332350110276
"GSM8121902_athero_human_9.txt.gz","Plate_1076s_O14","asymptomatic","macrophage","macrophage_S3",0.377920849253037,0.276309339414063,-0.137218792919303
"GSM8121902_athero_human_9.txt.gz","Plate_1076s_O18","asymptomatic","macrophage","macrophage_S3",0.460340290761692,0.730264723539853,-0.332144378346292
"GSM8121902_athero_human_9.txt.gz","Plate_1076s_O20","asymptomatic","macrophage","macrophage_S1",0.366749299528348,0.937969240166849,-0.208832773687013
"GSM8121902_athero_human_9.txt.gz","Plate_1076s_O22","asymptomatic","macrophage","macrophage_S3",0.653518409838394,-0.139374335069497,-0.273511534446297
"GSM8121902_athero_human_9.txt.gz","Plate_1076s_P02","asymptomatic","macrophage","macrophage_S3",0.596277910262515,0.191960136934411,-0.127437491602452
"GSM8121902_athero_human_9.txt.gz","Plate_1076s_P17","asymptomatic","macrophage","macrophage_S3",0.708480368483984,-0.392432487040931,-0.112031725919856
"GSM8121902_athero_human_9.txt.gz","Plate_1076s_P18","asymptomatic","macrophage","macrophage_S3",0.65181734988128,0.0816350181082585,-0.170915532306634
"GSM8121902_athero_human_9.txt.gz","Plate_1076s_P20","asymptomatic","macrophage","macrophage_S2",0.653638296483488,-0.0935346203889762,-0.387222526340137
"GSM8121902_athero_human_9.txt.gz","Plate_1076s_P21","asymptomatic","macrophage","macrophage_S2",1.0430045024444,0.250663587238022,-0.28681792240093
"GSM8121902_athero_human_9.txt.gz","Plate_1082s_A12","asymptomatic","macrophage","macrophage_S3",0.4052780539879,0.0636829586160896,0.0106395316628646
"GSM8121902_athero_human_9.txt.gz","Plate_1082s_A16","asymptomatic","macrophage","macrophage_S3",0.911103570652312,0.29415769159916,0.0765927581989939
"GSM8121902_athero_human_9.txt.gz","Plate_1082s_B04","asymptomatic","macrophage","macrophage_S3",0.618967754578259,-0.0806944548291955,-0.236536389512185
"GSM8121902_athero_human_9.txt.gz","Plate_1082s_B06","asymptomatic","macrophage","macrophage_S2",0.877639997197496,-0.00895740339212205,-0.303678731054573
"GSM8121902_athero_human_9.txt.gz","Plate_1082s_B10","asymptomatic","macrophage","macrophage_S3",0.451632869738257,0.0857960881777701,-0.294185500713142
"GSM8121902_athero_human_9.txt.gz","Plate_1082s_B11","asymptomatic","macrophage","macrophage_S3",0.552196813455002,-0.111922031893513,-0.258328592906442
"GSM8121902_athero_human_9.txt.gz","Plate_1082s_B12","asymptomatic","macrophage","macrophage_S3",0.589292189135312,-0.0210233656308192,0.176067021387279
"GSM8121902_athero_human_9.txt.gz","Plate_1082s_B16","asymptomatic","macrophage","macrophage_S3",0.575132138525225,0.0240383944600422,-0.197830913427893
"GSM8121902_athero_human_9.txt.gz","Plate_1082s_B23","asymptomatic","macrophage","macrophage_S3",0.949136996971567,0.216582107470461,-0.270103447089085
"GSM8121902_athero_human_9.txt.gz","Plate_1082s_C04","asymptomatic","macrophage","macrophage_S2",0.926373941703986,0.379504333389838,-0.433967344105207
"GSM8121902_athero_human_9.txt.gz","Plate_1082s_C05","asymptomatic","macrophage","macrophage_S3",0.401564794803348,0.240047765681354,-0.270935753528991
"GSM8121902_athero_human_9.txt.gz","Plate_1082s_C06","asymptomatic","macrophage","macrophage_S3",0.376961147831719,0.0506858217226578,0.264770616978346
"GSM8121902_athero_human_9.txt.gz","Plate_1082s_C07","asymptomatic","macrophage","macrophage_S3",0.452401273206405,0.45634663681608,-0.160573382511149
"GSM8121902_athero_human_9.txt.gz","Plate_1082s_C08","asymptomatic","macrophage","macrophage_S3",0.486264695860553,0.00588246366276578,0.14505423992818
"GSM8121902_athero_human_9.txt.gz","Plate_1082s_C11","asymptomatic","macrophage","macrophage_S2",0.434739510363047,0.240372598960989,-0.407942070596025
"GSM8121902_athero_human_9.txt.gz","Plate_1082s_C14","asymptomatic","macrophage","macrophage_S3",0.263175016249421,0.48735475551809,-0.343791390797928
"GSM8121902_athero_human_9.txt.gz","Plate_1082s_C17","asymptomatic","macrophage","macrophage_S3",0.246982957639329,0.0847166607425225,0.0540086638529861
"GSM8121902_athero_human_9.txt.gz","Plate_1082s_C18","asymptomatic","macrophage","macrophage_S3",0.303603682249928,-0.0890116292849346,-0.29335879446489
"GSM8121902_athero_human_9.txt.gz","Plate_1082s_C19","asymptomatic","macrophage","macrophage_S2",0.887791227137336,0.486905848990354,-0.448114903722479
"GSM8121902_athero_human_9.txt.gz","Plate_1082s_C20","asymptomatic","macrophage","macrophage_S3",0.493220137141646,0.386976464400855,-0.328351634374959
"GSM8121902_athero_human_9.txt.gz","Plate_1082s_C21","asymptomatic","macrophage","macrophage_S3",0.399583581565219,0.0450227669798228,-0.125117272818886
"GSM8121902_athero_human_9.txt.gz","Plate_1082s_C22","asymptomatic","macrophage","macrophage_S2",0.801942909237238,0.0569688628147065,-0.4199292799767
"GSM8121902_athero_human_9.txt.gz","Plate_1082s_D03","asymptomatic","macrophage","macrophage_S3",0.12867756736135,0.248515334113969,-0.303220658774593
"GSM8121902_athero_human_9.txt.gz","Plate_1082s_D06","asymptomatic","macrophage","macrophage_S2",0.525209848677342,0.150253758947737,-0.550331923851889
"GSM8121902_athero_human_9.txt.gz","Plate_1082s_D10","asymptomatic","macrophage","macrophage_S2",0.502989810352444,0.0621773456721838,-0.509885989098916
"GSM8121902_athero_human_9.txt.gz","Plate_1082s_D11","asymptomatic","macrophage","macrophage_S3",0.573400832748253,-0.140337379890937,0.00400004661155829
"GSM8121902_athero_human_9.txt.gz","Plate_1082s_D14","asymptomatic","macrophage","macrophage_S3",0.526952586112816,-0.0405916456791694,-0.266836227318061
"GSM8121902_athero_human_9.txt.gz","Plate_1082s_D18","asymptomatic","macrophage","macrophage_S3",0.451609906811476,-0.131843646089803,-0.302522797152301
"GSM8121902_athero_human_9.txt.gz","Plate_1082s_D19","asymptomatic","macrophage","macrophage_S3",0.703596928911465,0.0320748444074417,-0.143994334473241
"GSM8121902_athero_human_9.txt.gz","Plate_1082s_D21","asymptomatic","macrophage","macrophage_S3",0.771468061469164,0.168926465741236,-0.0234088015753757
"GSM8121902_athero_human_9.txt.gz","Plate_1082s_D22","asymptomatic","macrophage","macrophage_S3",0.402026365395527,0.093104747900797,-0.0271789836464546
"GSM8121902_athero_human_9.txt.gz","Plate_1082s_D24","asymptomatic","macrophage","macrophage_S3",0.0175279345373993,-0.322931865612203,0.171088817322669
"GSM8121902_athero_human_9.txt.gz","Plate_1082s_E06","asymptomatic","macrophage","macrophage_S2",0.668898532857883,-0.127025144695084,-0.311095810137279
"GSM8121902_athero_human_9.txt.gz","Plate_1082s_E08","asymptomatic","macrophage","macrophage_S3",0.443382736721849,0.374489248478013,0.0583870293591022
"GSM8121902_athero_human_9.txt.gz","Plate_1082s_E10","asymptomatic","macrophage","macrophage_S3",0.460208291792594,0.538347821623422,-0.097436650871575
"GSM8121902_athero_human_9.txt.gz","Plate_1082s_E15","asymptomatic","macrophage","macrophage_S3",0.513743107213018,-0.25391248712202,-0.148027828466529
"GSM8121902_athero_human_9.txt.gz","Plate_1082s_F03","asymptomatic","macrophage","macrophage_S3",0.656554091097952,0.243604271038292,-0.267673388085148
"GSM8121902_athero_human_9.txt.gz","Plate_1082s_F04","asymptomatic","macrophage","macrophage_S3",0.615345088437538,0.15143267997379,-0.136652686919772
"GSM8121902_athero_human_9.txt.gz","Plate_1082s_F07","asymptomatic","macrophage","macrophage_S3",0.356550088551687,-0.00117049382378554,-0.263627463416779
"GSM8121902_athero_human_9.txt.gz","Plate_1082s_F10","asymptomatic","macrophage","macrophage_S3",0.30341884337155,-0.20556574586,-0.149475509359364
"GSM8121902_athero_human_9.txt.gz","Plate_1082s_F12","asymptomatic","macrophage","macrophage_S3",0.0475004111805128,0.369459073273289,-0.250392831333208
"GSM8121902_athero_human_9.txt.gz","Plate_1082s_F13","asymptomatic","macrophage","macrophage_S3",0.539531932200102,0.326310562779528,-0.23822921550283
"GSM8121902_athero_human_9.txt.gz","Plate_1082s_F16","asymptomatic","macrophage","macrophage_S3",0.660483361037518,0.194756749800144,-0.319620051528837
"GSM8121902_athero_human_9.txt.gz","Plate_1082s_F17","asymptomatic","macrophage","macrophage_S3",0.349098853128387,0.145774623652082,-0.179291261094048
"GSM8121902_athero_human_9.txt.gz","Plate_1082s_F18","asymptomatic","macrophage","macrophage_S3",0.676853325012276,0.220258123704187,-0.131049328538592
"GSM8121902_athero_human_9.txt.gz","Plate_1082s_F20","asymptomatic","macrophage","macrophage_S3",0.122680755950226,-0.581372024198089,0.0198203493424291
"GSM8121902_athero_human_9.txt.gz","Plate_1082s_F23","asymptomatic","macrophage","macrophage_S3",0.408568784420882,-0.0814660586287132,-0.140279253734525
"GSM8121902_athero_human_9.txt.gz","Plate_1082s_G04","asymptomatic","macrophage","macrophage_S2",0.653886747801864,-0.26960148285195,-0.385977754574905
"GSM8121902_athero_human_9.txt.gz","Plate_1082s_G06","asymptomatic","macrophage","macrophage_S2",0.690136976466732,0.297277532564963,-0.422540659304127
"GSM8121902_athero_human_9.txt.gz","Plate_1082s_G09","asymptomatic","macrophage","macrophage_S3",-0.0155430305957897,0.187318157738358,0.068454658672886
"GSM8121902_athero_human_9.txt.gz","Plate_1082s_G11","asymptomatic","macrophage","macrophage_S3",0.406835780284443,0.0836640375065475,-0.372378739149522
"GSM8121902_athero_human_9.txt.gz","Plate_1082s_G12","asymptomatic","macrophage","macrophage_S3",0.91897644546341,0.197220005712026,0.0115582540422023
"GSM8121902_athero_human_9.txt.gz","Plate_1082s_G18","asymptomatic","macrophage","macrophage_S2",0.451108014845461,-0.154812342246313,-0.362838448332395
"GSM8121902_athero_human_9.txt.gz","Plate_1082s_G23","asymptomatic","macrophage","macrophage_S3",0.527116141439817,0.106572357748125,-0.23738589970322
"GSM8121902_athero_human_9.txt.gz","Plate_1082s_H05","asymptomatic","macrophage","macrophage_S2",0.557150412160301,-0.142540518436957,-0.504892941353772
"GSM8121902_athero_human_9.txt.gz","Plate_1082s_H10","asymptomatic","macrophage","macrophage_S3",0.336971892587866,0.130674500836727,-0.0924341784438766
"GSM8121902_athero_human_9.txt.gz","Plate_1082s_H12","asymptomatic","macrophage","macrophage_S3",0.102520437892116,0.203534965033302,-0.226258309734582
"GSM8121902_athero_human_9.txt.gz","Plate_1082s_H13","asymptomatic","macrophage","macrophage_S3",0.689541990205207,0.0546178754894905,-0.0695133438286446
"GSM8121902_athero_human_9.txt.gz","Plate_1082s_H14","asymptomatic","macrophage","macrophage_S3",0.231816515789883,0.530531091442634,-0.0521960107400657
"GSM8121902_athero_human_9.txt.gz","Plate_1082s_H17","asymptomatic","macrophage","macrophage_S3",0.733350175290967,0.505623556974887,-0.329280531118118
"GSM8121902_athero_human_9.txt.gz","Plate_1082s_H19","asymptomatic","macrophage","macrophage_S2",0.771507466312178,0.170795557269343,-0.559358891350553
"GSM8121902_athero_human_9.txt.gz","Plate_1082s_H21","asymptomatic","macrophage","macrophage_S3",0.156468696810634,-0.125779751098648,0.185784594045694
"GSM8121902_athero_human_9.txt.gz","Plate_1082s_H22","asymptomatic","macrophage","macrophage_S3",0.795633430389055,0.332950805634747,-0.000921834168495358
"GSM8121902_athero_human_9.txt.gz","Plate_1082s_H23","asymptomatic","macrophage","macrophage_S3",0.678349611192229,0.0387228250332251,-0.22032001680328
"GSM8121902_athero_human_9.txt.gz","Plate_1082s_I03","asymptomatic","macrophage","macrophage_S3",0.613371783948054,0.241154594668884,-0.313708646266214
"GSM8121902_athero_human_9.txt.gz","Plate_1082s_I04","asymptomatic","macrophage","macrophage_S2",1.10602238879532,0.34061605891267,-0.458221645467777
"GSM8121902_athero_human_9.txt.gz","Plate_1082s_I08","asymptomatic","macrophage","macrophage_S2",0.470631384439935,-0.129304395333121,-0.379890042119393
"GSM8121902_athero_human_9.txt.gz","Plate_1082s_I13","asymptomatic","macrophage","macrophage_S3",0.422258216369969,0.265480358626552,-0.252833978297171
"GSM8121902_athero_human_9.txt.gz","Plate_1082s_I14","asymptomatic","macrophage","macrophage_S2",0.469916212907286,0.0298908585441906,-0.437432548600145
"GSM8121902_athero_human_9.txt.gz","Plate_1082s_I15","asymptomatic","macrophage","macrophage_S3",0.572621089885147,0.0790612565092597,-0.173209249434116
"GSM8121902_athero_human_9.txt.gz","Plate_1082s_I17","asymptomatic","macrophage","macrophage_S3",0.684552998434628,-0.0183111711972059,-0.291567387278719
"GSM8121902_athero_human_9.txt.gz","Plate_1082s_I20","asymptomatic","macrophage","macrophage_S2",0.316941301947396,0.0482772570228919,-0.473817663430897
"GSM8121902_athero_human_9.txt.gz","Plate_1082s_I21","asymptomatic","macrophage","macrophage_S2",0.796980761696994,0.0600645245963863,-0.345314317276395
"GSM8121902_athero_human_9.txt.gz","Plate_1082s_I22","asymptomatic","macrophage","macrophage_S2",0.807056814490096,-0.0277661548301368,-0.381085147293816
"GSM8121902_athero_human_9.txt.gz","Plate_1082s_J03","asymptomatic","macrophage","macrophage_S3",0.579928139455814,0.230609400702016,0.128656840769917
"GSM8121902_athero_human_9.txt.gz","Plate_1082s_J06","asymptomatic","macrophage","macrophage_S2",0.603990931159659,-0.0570077767784993,-0.382015418178646
"GSM8121902_athero_human_9.txt.gz","Plate_1082s_J07","asymptomatic","macrophage","macrophage_S3",0.166796350612258,0.198220765068062,0.483837736498494
"GSM8121902_athero_human_9.txt.gz","Plate_1082s_J10","asymptomatic","macrophage","macrophage_S3",0.388564552077375,-0.180075372660935,-0.128970412991135
"GSM8121902_athero_human_9.txt.gz","Plate_1082s_J11","asymptomatic","macrophage","macrophage_S3",0.554737747328937,0.285411361157861,0.0997816931255968
"GSM8121902_athero_human_9.txt.gz","Plate_1082s_J15","asymptomatic","macrophage","macrophage_S3",0.113245986037752,-0.0770524669480229,-0.195258506891974
"GSM8121902_athero_human_9.txt.gz","Plate_1082s_J16","asymptomatic","macrophage","macrophage_S3",0.416716465817397,0.646712158132146,0.376529344724283
"GSM8121902_athero_human_9.txt.gz","Plate_1082s_J19","asymptomatic","macrophage","macrophage_S2",1.15670630966593,-0.503457297430206,-0.21348789951382
"GSM8121902_athero_human_9.txt.gz","Plate_1082s_K02","asymptomatic","macrophage","macrophage_S3",0.821985201693088,-0.0219420289856737,-0.210083989819714
"GSM8121902_athero_human_9.txt.gz","Plate_1082s_K05","asymptomatic","macrophage","macrophage_S3",0.614041050191183,0.280477540489948,-0.308738777355393
"GSM8121902_athero_human_9.txt.gz","Plate_1082s_K07","asymptomatic","macrophage","macrophage_S2",0.406029765813506,0.422098794999143,-0.527846150199813
"GSM8121902_athero_human_9.txt.gz","Plate_1082s_K11","asymptomatic","macrophage","macrophage_S3",0.147130319608646,0.118772646514348,-0.357406877976055
"GSM8121902_athero_human_9.txt.gz","Plate_1082s_K14","asymptomatic","macrophage","macrophage_S2",0.525357570046084,0.0626271142261751,-0.389200046317983
"GSM8121902_athero_human_9.txt.gz","Plate_1082s_K15","asymptomatic","macrophage","macrophage_S2",0.555648031590931,-0.0189595450602157,-0.365653834721369
"GSM8121902_athero_human_9.txt.gz","Plate_1082s_K17","asymptomatic","macrophage","macrophage_S3",0.147190782382611,0.550029059041932,-0.358564569348995
"GSM8121902_athero_human_9.txt.gz","Plate_1082s_L02","asymptomatic","macrophage","macrophage_S3",0.735412230208168,0.302616338689965,-0.0654098996981057
"GSM8121902_athero_human_9.txt.gz","Plate_1082s_L05","asymptomatic","macrophage","macrophage_S3",0.932147239017957,-0.0576032581381844,-0.24574046507343
"GSM8121902_athero_human_9.txt.gz","Plate_1082s_L06","asymptomatic","macrophage","macrophage_S2",0.708678268461258,-0.00369133933681883,-0.44546054297133
"GSM8121902_athero_human_9.txt.gz","Plate_1082s_L07","asymptomatic","macrophage","macrophage_S3",0.690672027947552,0.095154632638686,-0.193551459866448
"GSM8121902_athero_human_9.txt.gz","Plate_1082s_L13","asymptomatic","macrophage","macrophage_S3",0.130542146944164,-0.0873480336577803,-0.180645789716496
"GSM8121902_athero_human_9.txt.gz","Plate_1082s_L15","asymptomatic","macrophage","macrophage_S3",0.188941825423535,0.179598066477108,-0.237325984282793
"GSM8121902_athero_human_9.txt.gz","Plate_1082s_L16","asymptomatic","macrophage","macrophage_S3",0.878344471900289,-0.270321394395926,-0.0208669227805117
"GSM8121902_athero_human_9.txt.gz","Plate_1082s_L18","asymptomatic","macrophage","macrophage_S3",0.580230885566922,-0.0855449502797648,-0.00898853251334839
"GSM8121902_athero_human_9.txt.gz","Plate_1082s_L20","asymptomatic","macrophage","macrophage_S3",0.323805640808024,0.0115169522507174,-0.0653143831893754
"GSM8121902_athero_human_9.txt.gz","Plate_1082s_L21","asymptomatic","macrophage","macrophage_S3",0.48147833457908,0.0822131119449357,-0.148990712897153
"GSM8121902_athero_human_9.txt.gz","Plate_1082s_M06","asymptomatic","macrophage","macrophage_S3",0.645199515059025,0.0936038757293038,0.0814191693074226
"GSM8121902_athero_human_9.txt.gz","Plate_1082s_M07","asymptomatic","macrophage","macrophage_S2",0.572652899174306,-0.0150796503666529,-0.476271510165493
"GSM8121902_athero_human_9.txt.gz","Plate_1082s_M09","asymptomatic","macrophage","macrophage_S2",0.835388573063022,0.223065256995443,-0.325411557213804
"GSM8121902_athero_human_9.txt.gz","Plate_1082s_M11","asymptomatic","macrophage","macrophage_S3",0.259455235108144,0.0645451434206244,-0.198150644969079
"GSM8121902_athero_human_9.txt.gz","Plate_1082s_M12","asymptomatic","macrophage","macrophage_S3",0.433251084379607,-0.07643077470703,-0.30909539749543
"GSM8121902_athero_human_9.txt.gz","Plate_1082s_M14","asymptomatic","macrophage","macrophage_S3",0.324438267378901,0.376323271731136,-0.0820977061415463
"GSM8121902_athero_human_9.txt.gz","Plate_1082s_M17","asymptomatic","macrophage","macrophage_S3",0.929570382860201,0.333231592010721,-0.24012102915347
"GSM8121902_athero_human_9.txt.gz","Plate_1082s_M18","asymptomatic","macrophage","macrophage_S2",0.903169207314568,0.236026812645726,-0.499874649251687
"GSM8121902_athero_human_9.txt.gz","Plate_1082s_M20","asymptomatic","macrophage","macrophage_S3",0.185745073166555,0.0986217816927117,-0.423955770049739
"GSM8121902_athero_human_9.txt.gz","Plate_1082s_N01","asymptomatic","macrophage","macrophage_S3",0.828137087647943,0.297479685606949,-0.286695067448484
"GSM8121902_athero_human_9.txt.gz","Plate_1082s_N02","asymptomatic","macrophage","macrophage_S3",0.632630263012202,0.16769716146672,-0.0890025495445099
"GSM8121902_athero_human_9.txt.gz","Plate_1082s_N05","asymptomatic","macrophage","macrophage_S2",0.742477901113331,-0.0594274594644335,-0.446057341094256
"GSM8121902_athero_human_9.txt.gz","Plate_1082s_N06","asymptomatic","macrophage","macrophage_S3",0.599861160297953,0.327819730167753,-0.344887918902027
"GSM8121902_athero_human_9.txt.gz","Plate_1082s_N07","asymptomatic","macrophage","macrophage_S1",0.889103293614106,0.872275783093091,-0.233166965827575
"GSM8121902_athero_human_9.txt.gz","Plate_1082s_N09","asymptomatic","macrophage","macrophage_S3",0.598139021273791,0.561590560115605,-0.0835011944365471
"GSM8121902_athero_human_9.txt.gz","Plate_1082s_N11","asymptomatic","macrophage","macrophage_S2",0.966920490548759,-0.261279244076107,-0.460279772808093
"GSM8121902_athero_human_9.txt.gz","Plate_1082s_N13","asymptomatic","macrophage","macrophage_S3",0.0648502399078757,0.0974643603953891,0.327372181823126
"GSM8121902_athero_human_9.txt.gz","Plate_1082s_N16","asymptomatic","macrophage","macrophage_S3",0.558682185824147,0.338409999185637,0.243749331818784
"GSM8121902_athero_human_9.txt.gz","Plate_1082s_N17","asymptomatic","macrophage","macrophage_S3",0.645322963756854,0.142880074350513,-0.241662981913899
"GSM8121902_athero_human_9.txt.gz","Plate_1082s_N22","asymptomatic","macrophage","macrophage_S3",1.26585801158081,0.196372449732647,-0.0725746108617436
"GSM8121902_athero_human_9.txt.gz","Plate_1082s_N23","asymptomatic","macrophage","macrophage_S3",0.714306135799231,0.164327654786383,-0.263230374001664
"GSM8121902_athero_human_9.txt.gz","Plate_1082s_N24","asymptomatic","macrophage","macrophage_S3",0.946079084499382,0.35379968158508,0.00175272992172229
"GSM8121902_athero_human_9.txt.gz","Plate_1082s_O08","asymptomatic","macrophage","macrophage_S2",0.808907196749864,-0.248848934695224,-0.296831709363437
"GSM8121902_athero_human_9.txt.gz","Plate_1082s_O10","asymptomatic","macrophage","macrophage_S3",0.462976774026664,-0.682940990129606,-0.269913006354181
"GSM8121902_athero_human_9.txt.gz","Plate_1082s_O12","asymptomatic","macrophage","macrophage_S2",1.14902886387941,0.274906425635289,-0.301402400463803
"GSM8121902_athero_human_9.txt.gz","Plate_1082s_O19","asymptomatic","macrophage","macrophage_S3",0.106065173276818,0.216485233630403,0.177188275508183
"GSM8121902_athero_human_9.txt.gz","Plate_1082s_O21","asymptomatic","macrophage","macrophage_S3",0.133128424903908,0.296446616898793,0.219403798730671
"GSM8121902_athero_human_9.txt.gz","Plate_1082s_O22","asymptomatic","macrophage","macrophage_S3",0.699967876672627,0.276010869971397,0.243597888907566
"GSM8121902_athero_human_9.txt.gz","Plate_1082s_P17","asymptomatic","macrophage","macrophage_S3",0.706000433710764,0.34068072807643,-0.229141491849096
"GSM8121902_athero_human_9.txt.gz","Plate_1082s_P20","asymptomatic","macrophage","macrophage_S3",0.608550832318641,0.440252608142018,-0.0132782145233323
"GSM8121902_athero_human_9.txt.gz","Plate_1083s_A01","asymptomatic","macrophage","macrophage_S3",0.518671823381777,0.417196780956929,-0.337578774922436
"GSM8121902_athero_human_9.txt.gz","Plate_1083s_A06","asymptomatic","macrophage","macrophage_S3",0.612180928140364,0.107507173614158,-0.185242955581512
"GSM8121902_athero_human_9.txt.gz","Plate_1083s_A12","asymptomatic","macrophage","macrophage_S3",0.953641277498172,0.250331704597413,-0.0649363027584466
"GSM8121902_athero_human_9.txt.gz","Plate_1083s_A13","asymptomatic","macrophage","macrophage_S3",0.677780265857074,0.200591785746358,0.223684770025014
"GSM8121902_athero_human_9.txt.gz","Plate_1083s_A20","asymptomatic","macrophage","macrophage_S3",0.580846965113525,0.123772274950199,0.100069162382104
"GSM8121902_athero_human_9.txt.gz","Plate_1083s_A22","asymptomatic","macrophage","macrophage_S3",0.666084440447323,0.0738637259402338,-0.306253689446537
"GSM8121902_athero_human_9.txt.gz","Plate_1083s_A24","asymptomatic","macrophage","macrophage_S2",0.86808225721646,0.100468675258373,-0.350461984660556
"GSM8121902_athero_human_9.txt.gz","Plate_1083s_B01","asymptomatic","macrophage","macrophage_S3",0.277026190751712,0.659031724953762,-0.204413678511835
"GSM8121902_athero_human_9.txt.gz","Plate_1083s_B02","asymptomatic","macrophage","macrophage_S3",0.604289469106528,0.255361994269703,-0.228856873445868
"GSM8121902_athero_human_9.txt.gz","Plate_1083s_B03","asymptomatic","macrophage","macrophage_S3",0.653786898650331,0.116111674893473,-0.302814615230112
"GSM8121902_athero_human_9.txt.gz","Plate_1083s_B04","asymptomatic","macrophage","macrophage_S3",0.461127564157984,0.27340718638072,0.202252403988049
"GSM8121902_athero_human_9.txt.gz","Plate_1083s_B05","asymptomatic","macrophage","macrophage_S3",0.510319530854257,0.140326988760088,0.214217926429385
"GSM8121902_athero_human_9.txt.gz","Plate_1083s_B06","asymptomatic","macrophage","macrophage_S3",0.686723286105107,0.111470113809996,-0.181541697988746
"GSM8121902_athero_human_9.txt.gz","Plate_1083s_B07","asymptomatic","macrophage","macrophage_S3",0.517800443253224,0.213290530803415,-0.217582359216564
"GSM8121902_athero_human_9.txt.gz","Plate_1083s_B10","asymptomatic","macrophage","macrophage_S3",0.844473391033092,0.0826055688703252,-0.192589551632629
"GSM8121902_athero_human_9.txt.gz","Plate_1083s_B13","asymptomatic","macrophage","macrophage_S2",0.690118372661588,-0.258256826715541,-0.445380979458088
"GSM8121902_athero_human_9.txt.gz","Plate_1083s_B14","asymptomatic","macrophage","macrophage_S3",0.865675209269774,0.0150532360993844,-0.230990757085671
"GSM8121902_athero_human_9.txt.gz","Plate_1083s_B15","asymptomatic","macrophage","macrophage_S2",0.675558355979148,0.190646781190424,-0.38173633289032
"GSM8121902_athero_human_9.txt.gz","Plate_1083s_B17","asymptomatic","macrophage","macrophage_S3",0.893302883428373,0.148562844239782,-0.0661740110729886
"GSM8121902_athero_human_9.txt.gz","Plate_1083s_B18","asymptomatic","macrophage","macrophage_S3",0.274716423064582,-0.335685723261421,0.287898845669751
"GSM8121902_athero_human_9.txt.gz","Plate_1083s_B19","asymptomatic","macrophage","macrophage_S2",0.74120101721634,0.249434579059646,-0.345353325362317
"GSM8121902_athero_human_9.txt.gz","Plate_1083s_B20","asymptomatic","macrophage","macrophage_S3",0.231612551221022,0.328958602753042,0.128681810190706
"GSM8121902_athero_human_9.txt.gz","Plate_1083s_B24","asymptomatic","macrophage","macrophage_S2",0.800077789917975,0.0389865646360292,-0.418861320384166
"GSM8121902_athero_human_9.txt.gz","Plate_1083s_C01","asymptomatic","macrophage","macrophage_S3",0.628309449968465,0.44387111946051,-0.30011900696747
"GSM8121902_athero_human_9.txt.gz","Plate_1083s_C02","asymptomatic","macrophage","macrophage_S3",0.173013614493937,0.416559891218049,-0.192561294445827
"GSM8121902_athero_human_9.txt.gz","Plate_1083s_C03","asymptomatic","macrophage","macrophage_S1",0.70413752349815,0.92318661217221,-0.264862265029938
"GSM8121902_athero_human_9.txt.gz","Plate_1083s_C04","asymptomatic","macrophage","macrophage_S2",1.03127154457764,0.343024789821472,-0.323106147997634
"GSM8121902_athero_human_9.txt.gz","Plate_1083s_C05","asymptomatic","macrophage","macrophage_S3",0.598487087095297,0.295618086282443,-0.145764341462197
"GSM8121902_athero_human_9.txt.gz","Plate_1083s_C06","asymptomatic","macrophage","macrophage_S3",0.814633530322942,0.0305299194869329,-0.279662047052794
"GSM8121902_athero_human_9.txt.gz","Plate_1083s_C07","asymptomatic","macrophage","macrophage_S3",0.523729544780437,0.38516376535593,-0.0723859954733962
"GSM8121902_athero_human_9.txt.gz","Plate_1083s_C08","asymptomatic","macrophage","macrophage_S2",0.852447630204957,0.198115802368732,-0.321198940292736
"GSM8121902_athero_human_9.txt.gz","Plate_1083s_C09","asymptomatic","macrophage","macrophage_S3",0.645639460694201,0.233880728661711,0.037132502154742
"GSM8121902_athero_human_9.txt.gz","Plate_1083s_C10","asymptomatic","macrophage","macrophage_S3",0.616050051701239,0.198968190619441,-0.231671604407273
"GSM8121902_athero_human_9.txt.gz","Plate_1083s_C11","asymptomatic","macrophage","macrophage_S3",0.539326848708452,0.204175161179704,-0.0784912826148929
"GSM8121902_athero_human_9.txt.gz","Plate_1083s_C12","asymptomatic","macrophage","macrophage_S2",0.551797744998777,0.089278511996609,-0.424261454745238
"GSM8121902_athero_human_9.txt.gz","Plate_1083s_C13","asymptomatic","macrophage","macrophage_S2",0.783055196499136,-0.167772238451899,-0.431129754115675
"GSM8121902_athero_human_9.txt.gz","Plate_1083s_C15","asymptomatic","macrophage","macrophage_S3",0.709594558315435,0.234052398028503,0.0490583535030797
"GSM8121902_athero_human_9.txt.gz","Plate_1083s_C20","asymptomatic","macrophage","macrophage_S3",0.548495227870253,0.296636010038547,0.0456190760091865
"GSM8121902_athero_human_9.txt.gz","Plate_1083s_C21","asymptomatic","macrophage","macrophage_S2",0.911155430189449,-0.0203964119174131,-0.355055329732848
"GSM8121902_athero_human_9.txt.gz","Plate_1083s_C24","asymptomatic","macrophage","macrophage_S2",0.974798178198521,0.415920024534955,-0.437953569662168
"GSM8121902_athero_human_9.txt.gz","Plate_1083s_D01","asymptomatic","macrophage","macrophage_S3",0.461218214586711,0.340826422755808,-0.120545142827399
"GSM8121902_athero_human_9.txt.gz","Plate_1083s_D02","asymptomatic","macrophage","macrophage_S2",0.799017156337262,0.0570779235446179,-0.403657025913218
"GSM8121902_athero_human_9.txt.gz","Plate_1083s_D04","asymptomatic","macrophage","macrophage_S3",0.519452966471319,0.179235940745792,-0.05095052256054
"GSM8121902_athero_human_9.txt.gz","Plate_1083s_D06","asymptomatic","macrophage","macrophage_S3",0.592802996965265,0.131018171471389,-0.314696571946497
"GSM8121902_athero_human_9.txt.gz","Plate_1083s_D07","asymptomatic","macrophage","macrophage_S2",0.546928946765424,0.268655113797298,-0.39349192775117
"GSM8121902_athero_human_9.txt.gz","Plate_1083s_D10","asymptomatic","macrophage","macrophage_S3",0.655683175106263,0.244071702219649,-0.089503719117079
"GSM8121902_athero_human_9.txt.gz","Plate_1083s_D13","asymptomatic","macrophage","macrophage_S3",0.443791963911507,0.366198955002354,-0.370292043879364
"GSM8121902_athero_human_9.txt.gz","Plate_1083s_D18","asymptomatic","macrophage","macrophage_S3",0.471964509255049,0.235582602781389,-0.151898433235793
"GSM8121902_athero_human_9.txt.gz","Plate_1083s_D21","asymptomatic","macrophage","macrophage_S3",0.212201461810456,0.141814214246616,-0.142572822522006
"GSM8121902_athero_human_9.txt.gz","Plate_1083s_D22","asymptomatic","macrophage","macrophage_S3",0.218418205183181,-0.134755828496357,-0.389671089622354
"GSM8121902_athero_human_9.txt.gz","Plate_1083s_D23","asymptomatic","macrophage","macrophage_S2",0.697404357453621,0.125845171514508,-0.410966386532121
"GSM8121902_athero_human_9.txt.gz","Plate_1083s_D24","asymptomatic","macrophage","macrophage_S3",0.345327890662392,0.20005817494092,-0.192603177271327
"GSM8121902_athero_human_9.txt.gz","Plate_1083s_E01","asymptomatic","macrophage","macrophage_S3",0.322954814706274,0.00483061928097517,0.202289950558556
"GSM8121902_athero_human_9.txt.gz","Plate_1083s_E04","asymptomatic","macrophage","macrophage_S3",0.781125078875007,0.16475883460888,-0.175858183165762
"GSM8121902_athero_human_9.txt.gz","Plate_1083s_E08","asymptomatic","macrophage","macrophage_S3",0.670908128076218,0.269169423921456,-0.215442133975178
"GSM8121902_athero_human_9.txt.gz","Plate_1083s_E13","asymptomatic","macrophage","macrophage_S2",0.624741784963548,0.28221188314529,-0.368879677222236
"GSM8121902_athero_human_9.txt.gz","Plate_1083s_E15","asymptomatic","macrophage","macrophage_S2",1.30977798169486,0.138619213325753,-0.199874582219609
"GSM8121902_athero_human_9.txt.gz","Plate_1083s_E21","asymptomatic","macrophage","macrophage_S3",0.690542364347178,0.493882851061465,-0.236034293894647
"GSM8121902_athero_human_9.txt.gz","Plate_1083s_E22","asymptomatic","macrophage","macrophage_S3",0.429053639775783,0.145347983118548,0.219576446681939
"GSM8121902_athero_human_9.txt.gz","Plate_1083s_E23","asymptomatic","macrophage","macrophage_S3",0.339640331855599,0.0297583964322067,0.260835238695427
"GSM8121902_athero_human_9.txt.gz","Plate_1083s_F03","asymptomatic","macrophage","macrophage_S3",0.466324247143434,0.194400642876039,-0.348931726703412
"GSM8121902_athero_human_9.txt.gz","Plate_1083s_F08","asymptomatic","macrophage","macrophage_S3",0.628701744870057,-0.0672603392932013,-0.131552455541279
"GSM8121902_athero_human_9.txt.gz","Plate_1083s_F09","asymptomatic","macrophage","macrophage_S3",0.0670925627671959,-0.237013969111923,0.160114211516557
"GSM8121902_athero_human_9.txt.gz","Plate_1083s_F10","asymptomatic","macrophage","macrophage_S3",0.730347679636814,0.152732189985572,-0.242369126972507
"GSM8121902_athero_human_9.txt.gz","Plate_1083s_F13","asymptomatic","macrophage","macrophage_S2",0.545003586253147,0.219453582724055,-0.44218576756783
"GSM8121902_athero_human_9.txt.gz","Plate_1083s_F14","asymptomatic","macrophage","macrophage_S3",0.236024982692264,-0.0473204630756047,-0.260547017785577
"GSM8121902_athero_human_9.txt.gz","Plate_1083s_F15","asymptomatic","macrophage","macrophage_S3",0.308533343030483,0.0425097953674374,-0.0972965755245441
"GSM8121902_athero_human_9.txt.gz","Plate_1083s_F18","asymptomatic","macrophage","macrophage_S3",0.846297500603303,0.20485523405726,-0.155820007611084
"GSM8121902_athero_human_9.txt.gz","Plate_1083s_F22","asymptomatic","macrophage","macrophage_S3",0.277384121801999,-0.0628732849394022,0.452228387141329
"GSM8121902_athero_human_9.txt.gz","Plate_1083s_F23","asymptomatic","macrophage","macrophage_S3",0.65920556660408,0.113032126270608,-0.295936750684726
"GSM8121902_athero_human_9.txt.gz","Plate_1083s_G01","asymptomatic","macrophage","macrophage_S3",0.531539345527885,0.372352036320288,-0.280097369929079
"GSM8121902_athero_human_9.txt.gz","Plate_1083s_G02","asymptomatic","macrophage","macrophage_S3",0.248278288627417,0.243315520379456,0.151916996317789
"GSM8121902_athero_human_9.txt.gz","Plate_1083s_G03","asymptomatic","macrophage","macrophage_S3",0.684782323248009,0.558398145051725,-0.095453492614374
"GSM8121902_athero_human_9.txt.gz","Plate_1083s_G04","asymptomatic","macrophage","macrophage_S3",0.23549586359175,0.0308779623808539,-0.0634146642060482
"GSM8121902_athero_human_9.txt.gz","Plate_1083s_G05","asymptomatic","macrophage","macrophage_S3",0.766927982038723,0.323176705338738,-0.177899588719113
"GSM8121902_athero_human_9.txt.gz","Plate_1083s_G06","asymptomatic","macrophage","macrophage_S2",0.844537373014144,0.267095878166557,-0.386076110485282
"GSM8121902_athero_human_9.txt.gz","Plate_1083s_G07","asymptomatic","macrophage","macrophage_S3",0.304610125000765,0.166604191911396,-0.146981896481912
"GSM8121902_athero_human_9.txt.gz","Plate_1083s_G11","asymptomatic","macrophage","macrophage_S2",0.640570436743238,0.105155569653219,-0.445907230302265
"GSM8121902_athero_human_9.txt.gz","Plate_1083s_G12","asymptomatic","macrophage","macrophage_S3",0.788164280391728,0.0732436952173311,-0.0945083461074325
"GSM8121902_athero_human_9.txt.gz","Plate_1083s_G14","asymptomatic","macrophage","macrophage_S3",0.413944718643365,-0.00711592627021003,-0.306347024078995
"GSM8121902_athero_human_9.txt.gz","Plate_1083s_G18","asymptomatic","macrophage","macrophage_S2",0.898720854870907,0.217141882089704,-0.393269799405521
"GSM8121902_athero_human_9.txt.gz","Plate_1083s_H01","asymptomatic","macrophage","macrophage_S2",0.822966049859526,-0.125553869955696,-0.370897758644723
"GSM8121902_athero_human_9.txt.gz","Plate_1083s_H02","asymptomatic","macrophage","macrophage_S2",0.786817151573264,-0.0821525748368041,-0.447652157739493
"GSM8121902_athero_human_9.txt.gz","Plate_1083s_H05","asymptomatic","macrophage","macrophage_S3",0.323641758346831,0.346096937716617,0.415185126747149
"GSM8121902_athero_human_9.txt.gz","Plate_1083s_H06","asymptomatic","macrophage","macrophage_S3",0.689477510113164,0.0933873513504011,-0.261802996538528
"GSM8121902_athero_human_9.txt.gz","Plate_1083s_H07","asymptomatic","macrophage","macrophage_S3",0.430566798924627,0.100192124128279,0.0687417757466506
"GSM8121902_athero_human_9.txt.gz","Plate_1083s_H10","asymptomatic","macrophage","macrophage_S3",0.730685103466919,0.167151163710222,-0.251076823696244
"GSM8121902_athero_human_9.txt.gz","Plate_1083s_H11","asymptomatic","macrophage","macrophage_S3",0.462917906120569,0.164251528804424,-0.3705484721736
"GSM8121902_athero_human_9.txt.gz","Plate_1083s_H12","asymptomatic","macrophage","macrophage_S3",0.531050820195191,0.337377469191437,-0.173697662882765
"GSM8121902_athero_human_9.txt.gz","Plate_1083s_H14","asymptomatic","macrophage","macrophage_S3",0.459241278587991,-0.0696581228987948,0.118538584738226
"GSM8121902_athero_human_9.txt.gz","Plate_1083s_H15","asymptomatic","macrophage","macrophage_S3",0.79200214082335,0.398372963631692,-0.125893090891386
"GSM8121902_athero_human_9.txt.gz","Plate_1083s_I01","asymptomatic","macrophage","macrophage_S3",0.436246059528816,0.247018648652443,-0.358028222131066
"GSM8121902_athero_human_9.txt.gz","Plate_1083s_I02","asymptomatic","macrophage","macrophage_S3",0.316558039058735,-0.0503750465788289,0.0653013094058209
"GSM8121902_athero_human_9.txt.gz","Plate_1083s_I04","asymptomatic","macrophage","macrophage_S3",0.801363846194443,0.0680185176382268,-0.268171864401051
"GSM8121902_athero_human_9.txt.gz","Plate_1083s_I05","asymptomatic","macrophage","macrophage_S2",0.894768622764496,0.329803356814299,-0.359895870710799
"GSM8121902_athero_human_9.txt.gz","Plate_1083s_I06","asymptomatic","macrophage","macrophage_S3",0.545015562182428,0.0188863216800161,-0.0112945372081971
"GSM8121902_athero_human_9.txt.gz","Plate_1083s_I07","asymptomatic","macrophage","macrophage_S3",0.700488460108599,0.310891874056372,-0.132247382655457
"GSM8121902_athero_human_9.txt.gz","Plate_1083s_I08","asymptomatic","macrophage","macrophage_S3",0.453609772954085,0.225872312424448,-0.0701245671840376
"GSM8121902_athero_human_9.txt.gz","Plate_1083s_I09","asymptomatic","macrophage","macrophage_S3",0.498682576936456,-0.102731059600665,0.0469717029249857
"GSM8121902_athero_human_9.txt.gz","Plate_1083s_I10","asymptomatic","macrophage","macrophage_S3",0.244011857567891,0.284746005851867,-0.245259714249652
"GSM8121902_athero_human_9.txt.gz","Plate_1083s_I11","asymptomatic","macrophage","macrophage_S2",0.94996010588128,0.147692210285354,-0.315508003616969
"GSM8121902_athero_human_9.txt.gz","Plate_1083s_I14","asymptomatic","macrophage","macrophage_S3",0.63920639085249,0.243381328430392,0.170832481145672
"GSM8121902_athero_human_9.txt.gz","Plate_1083s_I15","asymptomatic","macrophage","macrophage_S3",0.502403972191637,0.071593810633883,-0.273860483284207
"GSM8121902_athero_human_9.txt.gz","Plate_1083s_I18","asymptomatic","macrophage","macrophage_S3",0.752749982133284,0.545539896251326,-0.0245713180435334
"GSM8121902_athero_human_9.txt.gz","Plate_1083s_I20","asymptomatic","macrophage","macrophage_S3",0.533768413060943,0.369645698576358,-0.112084726266233
"GSM8121902_athero_human_9.txt.gz","Plate_1083s_I22","asymptomatic","macrophage","macrophage_S3",0.443680466971021,0.182765775910806,-0.00526414539597148
"GSM8121902_athero_human_9.txt.gz","Plate_1083s_I24","asymptomatic","macrophage","macrophage_S3",0.421250104903754,0.0502039410058376,-0.340976868765749
"GSM8121902_athero_human_9.txt.gz","Plate_1083s_J02","asymptomatic","macrophage","macrophage_S3",0.341534978796993,0.0984956068365786,-0.133197890526387
"GSM8121902_athero_human_9.txt.gz","Plate_1083s_J03","asymptomatic","macrophage","macrophage_S3",0.493146279566728,0.209342794579295,-0.132704990145951
"GSM8121902_athero_human_9.txt.gz","Plate_1083s_J04","asymptomatic","macrophage","macrophage_S2",0.945720854853548,0.2911653649709,-0.395572752203927
"GSM8121902_athero_human_9.txt.gz","Plate_1083s_J07","asymptomatic","macrophage","macrophage_S2",0.766382298648354,0.309052591965065,-0.333165919531101
"GSM8121902_athero_human_9.txt.gz","Plate_1083s_J09","asymptomatic","macrophage","macrophage_S2",0.738557701650671,0.0658272957681073,-0.445701854458016
"GSM8121902_athero_human_9.txt.gz","Plate_1083s_J11","asymptomatic","macrophage","macrophage_S2",0.737752546450478,-0.0202302062690772,-0.342124202108723
"GSM8121902_athero_human_9.txt.gz","Plate_1083s_J14","asymptomatic","macrophage","macrophage_S3",0.567595038991001,0.249326911353769,-0.149255925373118
"GSM8121902_athero_human_9.txt.gz","Plate_1083s_J18","asymptomatic","macrophage","macrophage_S3",0.0781321348443986,-0.162024779662147,-0.304429795165761
"GSM8121902_athero_human_9.txt.gz","Plate_1083s_J22","asymptomatic","macrophage","macrophage_S2",0.598959724383211,-0.0410167134648054,-0.417115837626673
"GSM8121902_athero_human_9.txt.gz","Plate_1083s_J23","asymptomatic","macrophage","macrophage_S3",0.275972030377886,-0.210221832350111,-0.314908005456667
"GSM8121902_athero_human_9.txt.gz","Plate_1083s_J24","asymptomatic","macrophage","macrophage_S3",0.606466342216612,0.20100692009548,0.172226470117093
"GSM8121902_athero_human_9.txt.gz","Plate_1083s_K03","asymptomatic","macrophage","macrophage_S3",0.402636192317536,0.477135769832819,-0.134569455936063
"GSM8121902_athero_human_9.txt.gz","Plate_1083s_K09","asymptomatic","macrophage","macrophage_S3",0.768942145801804,0.00275716504063934,0.144697806451497
"GSM8121902_athero_human_9.txt.gz","Plate_1083s_K12","asymptomatic","macrophage","macrophage_S2",0.696133216153888,0.43050203626915,-0.387004538144449
"GSM8121902_athero_human_9.txt.gz","Plate_1083s_K13","asymptomatic","macrophage","macrophage_S3",0.795813109576486,-0.119301529652277,-0.125165601604205
"GSM8121902_athero_human_9.txt.gz","Plate_1083s_K19","asymptomatic","macrophage","macrophage_S3",0.0291981649198092,-0.114964028997465,-0.0153365212802328
"GSM8121902_athero_human_9.txt.gz","Plate_1083s_K21","asymptomatic","macrophage","macrophage_S3",0.337165130290769,0.348560454651035,-0.353440685987617
"GSM8121902_athero_human_9.txt.gz","Plate_1083s_K24","asymptomatic","macrophage","macrophage_S2",0.65853479926655,-0.0204242676231853,-0.497076521224136
"GSM8121902_athero_human_9.txt.gz","Plate_1083s_L01","asymptomatic","macrophage","macrophage_S3",0.186163413068032,0.652432203706211,-0.0534046741315667
"GSM8121902_athero_human_9.txt.gz","Plate_1083s_L03","asymptomatic","macrophage","macrophage_S3",0.427823620245678,0.0751748776473014,0.0262770322466669
"GSM8121902_athero_human_9.txt.gz","Plate_1083s_L04","asymptomatic","macrophage","macrophage_S1",0.899377039259415,0.953589394748168,-0.217330851964238
"GSM8121902_athero_human_9.txt.gz","Plate_1083s_L05","asymptomatic","macrophage","macrophage_S3",0.627917570297754,0.329159679038835,-0.245911496890605
"GSM8121902_athero_human_9.txt.gz","Plate_1083s_L06","asymptomatic","macrophage","macrophage_S3",0.461533318065706,0.138873536666529,-0.06719805111489
"GSM8121902_athero_human_9.txt.gz","Plate_1083s_L07","asymptomatic","macrophage","macrophage_S3",0.398075332332734,-0.0859884230175551,-0.155984991576697
"GSM8121902_athero_human_9.txt.gz","Plate_1083s_L11","asymptomatic","macrophage","macrophage_S2",0.737883597808677,0.198176545005282,-0.454648415095861
"GSM8121902_athero_human_9.txt.gz","Plate_1083s_L12","asymptomatic","macrophage","macrophage_S3",0.544434408421579,0.332121275620334,0.066114723122536
"GSM8121902_athero_human_9.txt.gz","Plate_1083s_L14","asymptomatic","macrophage","macrophage_S3",0.643436919904511,0.180331491114328,-0.244680560028647
"GSM8121902_athero_human_9.txt.gz","Plate_1083s_L18","asymptomatic","macrophage","macrophage_S3",0.292575900355997,-0.0976353126939764,-0.174339398576118
"GSM8121902_athero_human_9.txt.gz","Plate_1083s_M02","asymptomatic","macrophage","macrophage_S3",0.224857630783377,-0.0512395593077211,-0.0100303834794521
"GSM8121902_athero_human_9.txt.gz","Plate_1083s_M05","asymptomatic","macrophage","macrophage_S3",0.462607996089352,0.497533081161162,0.206150142513311
"GSM8121902_athero_human_9.txt.gz","Plate_1083s_M08","asymptomatic","macrophage","macrophage_S3",0.659024345690408,0.53952211252606,-0.210267416655244
"GSM8121902_athero_human_9.txt.gz","Plate_1083s_M10","asymptomatic","macrophage","macrophage_S3",0.823236535942843,-0.00552626118971683,-0.281175687766018
"GSM8121902_athero_human_9.txt.gz","Plate_1083s_M11","asymptomatic","macrophage","macrophage_S3",0.504081122770387,0.200594504167344,-0.281767441047055
"GSM8121902_athero_human_9.txt.gz","Plate_1083s_M14","asymptomatic","macrophage","macrophage_S3",0.69294699558867,0.360088578039825,-0.270853079194806
"GSM8121902_athero_human_9.txt.gz","Plate_1083s_M23","asymptomatic","macrophage","macrophage_S3",0.655244265054308,0.174324100012046,-0.157083903591431
"GSM8121902_athero_human_9.txt.gz","Plate_1083s_N01","asymptomatic","macrophage","macrophage_S3",0.785265779998413,0.172842054977877,-0.0496482628898449
"GSM8121902_athero_human_9.txt.gz","Plate_1083s_N02","asymptomatic","macrophage","macrophage_S3",-0.0614225677306899,0.428223779476886,-0.125281962295773
"GSM8121902_athero_human_9.txt.gz","Plate_1083s_N03","asymptomatic","macrophage","macrophage_S3",0.452155713964654,0.0616728906636562,-0.025006581162746
"GSM8121902_athero_human_9.txt.gz","Plate_1083s_N08","asymptomatic","macrophage","macrophage_S3",0.45621056516461,-0.178832216411795,-0.23987759178703
"GSM8121902_athero_human_9.txt.gz","Plate_1083s_N11","asymptomatic","macrophage","macrophage_S3",0.839928358503213,0.267696671573888,-0.28339973490355
"GSM8121902_athero_human_9.txt.gz","Plate_1083s_N12","asymptomatic","macrophage","macrophage_S3",0.482479397584404,0.377414899517912,-0.28843639764929
"GSM8121902_athero_human_9.txt.gz","Plate_1083s_N13","asymptomatic","macrophage","macrophage_S3",0.531771295620047,0.290086173740552,-0.072747604469502
"GSM8121902_athero_human_9.txt.gz","Plate_1083s_N14","asymptomatic","macrophage","macrophage_S3",0.473416777120543,0.403146504047828,-0.143342062548335
"GSM8121902_athero_human_9.txt.gz","Plate_1083s_N15","asymptomatic","macrophage","macrophage_S2",0.674783610844366,-0.00536893690803234,-0.339997881509392
"GSM8121902_athero_human_9.txt.gz","Plate_1083s_N16","asymptomatic","macrophage","macrophage_S3",0.884082362707405,0.0645571512010071,0.0334666490692626
"GSM8121902_athero_human_9.txt.gz","Plate_1083s_N17","asymptomatic","macrophage","macrophage_S2",0.751157200513896,0.323412138178332,-0.38034416318525
"GSM8121902_athero_human_9.txt.gz","Plate_1083s_N18","asymptomatic","macrophage","macrophage_S3",0.673398742517935,0.257724171020291,-0.170085477222233
"GSM8121902_athero_human_9.txt.gz","Plate_1083s_N19","asymptomatic","macrophage","macrophage_S2",0.515018378058438,0.0496390836528782,-0.411443993285265
"GSM8121902_athero_human_9.txt.gz","Plate_1083s_N21","asymptomatic","macrophage","macrophage_S2",0.8121300423365,0.00992438069097231,-0.414435027902266
"GSM8121902_athero_human_9.txt.gz","Plate_1083s_O05","asymptomatic","macrophage","macrophage_S3",0.864871131492536,0.128640270608069,0.0801581685663053
"GSM8121902_athero_human_9.txt.gz","Plate_1083s_O18","asymptomatic","macrophage","macrophage_S3",0.842493258685304,0.527100271388187,-0.0158446381073282
"GSM8121902_athero_human_9.txt.gz","Plate_1083s_O23","asymptomatic","macrophage","macrophage_S2",0.68475757195812,0.114027578108996,-0.404207420181248
"GSM8121902_athero_human_9.txt.gz","Plate_1083s_P03","asymptomatic","macrophage","macrophage_S3",0.815566425010897,0.19242987896322,0.0290007975113846
"GSM8121902_athero_human_9.txt.gz","Plate_1083s_P04","asymptomatic","macrophage","macrophage_S2",0.785848852848837,0.0145649239010879,-0.45260924148953
"GSM8121902_athero_human_9.txt.gz","Plate_1083s_P09","asymptomatic","macrophage","macrophage_S2",0.806345690522948,-0.0173339244422427,-0.301602071886916
"GSM8121902_athero_human_9.txt.gz","Plate_1083s_P13","asymptomatic","macrophage","macrophage_S2",1.21419463300772,0.377933386557259,-0.363895456110793
"GSM8121902_athero_human_9.txt.gz","Plate_1083s_P14","asymptomatic","macrophage","macrophage_S2",0.742586279441007,0.257018602716325,-0.511253610664748
"GSM8121902_athero_human_9.txt.gz","Plate_1083s_P15","asymptomatic","macrophage","macrophage_S3",0.165775067265285,-0.0826928282261534,0.0955905782444748
"GSM8121903_athero_human_10.txt.gz","Plate_1078s_C07","symptomatic","macrophage","macrophage_S3",0.829833546810376,-0.0556986189621751,-0.225533178633875
"GSM8121903_athero_human_10.txt.gz","Plate_1078s_D15","symptomatic","macrophage","macrophage_S3",0.491087426649303,0.490885812953095,-0.383768471541208
"GSM8121903_athero_human_10.txt.gz","Plate_1078s_D17","symptomatic","macrophage","macrophage_S1",1.39380344878748,0.593840695185107,-0.221797413575762
"GSM8121903_athero_human_10.txt.gz","Plate_1078s_D21","symptomatic","macrophage","macrophage_S2",1.8406211342108,0.195919315597539,-0.431027851290977
"GSM8121903_athero_human_10.txt.gz","Plate_1078s_E08","symptomatic","macrophage","macrophage_S2",1.18226131905937,0.133722499002399,-0.518809065032115
"GSM8121903_athero_human_10.txt.gz","Plate_1078s_E20","symptomatic","macrophage","macrophage_S2",1.34808320047992,0.359380940952808,-0.253242255582305
"GSM8121903_athero_human_10.txt.gz","Plate_1078s_F17","symptomatic","macrophage","macrophage_S3",1.56178457577085,0.223691623756503,0.0227568779999803
"GSM8121903_athero_human_10.txt.gz","Plate_1078s_H04","symptomatic","macrophage","macrophage_S3",0.534599194352605,0.638952033803164,-0.324114458886901
"GSM8121903_athero_human_10.txt.gz","Plate_1078s_I14","symptomatic","macrophage","macrophage_S1",1.62925276308413,0.566589859190256,-0.598331028497123
"GSM8121903_athero_human_10.txt.gz","Plate_1078s_I21","symptomatic","macrophage","macrophage_S2",1.67121704512798,-0.660027457090091,-0.36624167413002
"GSM8121903_athero_human_10.txt.gz","Plate_1078s_L20","symptomatic","macrophage","macrophage_S3",0.944191498052048,0.415524018843305,-0.0371374231453429
"GSM8121903_athero_human_10.txt.gz","Plate_1078s_M12","symptomatic","macrophage","macrophage_S3",0.409963400592852,0.450419625135127,0.109986758909126
"GSM8121903_athero_human_10.txt.gz","Plate_1078s_P09","symptomatic","macrophage","macrophage_S2",1.40750182947492,0.446766028556747,-0.759521312541294
"GSM8121903_athero_human_10.txt.gz","Plate_1084s_A05","symptomatic","macrophage","macrophage_S2",1.10015349516192,0.445856174208945,-0.325845229556591
"GSM8121903_athero_human_10.txt.gz","Plate_1084s_A11","symptomatic","macrophage","macrophage_S3",1.04582702966069,0.283439380416691,-0.0859663721991822
"GSM8121903_athero_human_10.txt.gz","Plate_1084s_B01","symptomatic","macrophage","macrophage_S2",1.15778089649482,0.126816437638776,-0.326426498049947
"GSM8121903_athero_human_10.txt.gz","Plate_1084s_B04","symptomatic","macrophage","macrophage_S2",0.783351547429865,-0.00759917090603945,-0.428336295707227
"GSM8121903_athero_human_10.txt.gz","Plate_1084s_B05","symptomatic","macrophage","macrophage_S3",0.532530699360534,0.442590036602648,-0.276252785259262
"GSM8121903_athero_human_10.txt.gz","Plate_1084s_B10","symptomatic","macrophage","macrophage_S2",1.14105344586032,0.393989019801158,-0.472901516894502
"GSM8121903_athero_human_10.txt.gz","Plate_1084s_C01","symptomatic","macrophage","macrophage_S2",1.60211976005033,0.0159325611022049,-0.445227602091578
"GSM8121903_athero_human_10.txt.gz","Plate_1084s_C02","symptomatic","macrophage","macrophage_S2",1.71204984235156,0.112661323568211,-0.583692768706567
"GSM8121903_athero_human_10.txt.gz","Plate_1084s_C03","symptomatic","macrophage","macrophage_S3",1.08257387884708,0.084277859106072,0.322402495747102
"GSM8121903_athero_human_10.txt.gz","Plate_1084s_C05","symptomatic","macrophage","macrophage_S2",0.686249319724935,0.731233568805522,-0.615962830242757
"GSM8121903_athero_human_10.txt.gz","Plate_1084s_C06","symptomatic","macrophage","macrophage_S2",1.14490764942414,-0.116246452055791,-0.363171862782988
"GSM8121903_athero_human_10.txt.gz","Plate_1084s_C08","symptomatic","macrophage","macrophage_S2",0.568410171279178,0.288038490212725,-0.452336442993172
"GSM8121903_athero_human_10.txt.gz","Plate_1084s_D01","symptomatic","macrophage","macrophage_S2",0.482252222603305,-0.0233409508303419,-0.384486008247739
"GSM8121903_athero_human_10.txt.gz","Plate_1084s_D04","symptomatic","macrophage","macrophage_S2",1.47729899685589,0.277690667132274,-0.574355962105864
"GSM8121903_athero_human_10.txt.gz","Plate_1084s_D05","symptomatic","macrophage","macrophage_S3",0.528943215297819,0.651846462979721,-0.185363654565414
"GSM8121903_athero_human_10.txt.gz","Plate_1084s_D07","symptomatic","macrophage","macrophage_S2",1.00507977241628,0.0169930851491252,-0.701356185487176
"GSM8121903_athero_human_10.txt.gz","Plate_1084s_D08","symptomatic","macrophage","macrophage_S1",1.70741122597891,0.985469654438875,-0.653693145840129
"GSM8121903_athero_human_10.txt.gz","Plate_1084s_E01","symptomatic","macrophage","macrophage_S2",1.21323022192917,0.581751984976931,-0.559641791706579
"GSM8121903_athero_human_10.txt.gz","Plate_1084s_E04","symptomatic","macrophage","macrophage_S2",1.00808492026048,0.15657365431556,-0.484094798165941
"GSM8121903_athero_human_10.txt.gz","Plate_1084s_E07","symptomatic","macrophage","macrophage_S2",1.29009297189074,0.144801353544429,-0.394347522770295
"GSM8121903_athero_human_10.txt.gz","Plate_1084s_E09","symptomatic","macrophage","macrophage_S1",1.16600840247432,0.609915427160984,-0.179044951942738
"GSM8121903_athero_human_10.txt.gz","Plate_1084s_F01","symptomatic","macrophage","macrophage_S1",1.46319032806149,0.551627748679289,-0.436660525773402
"GSM8121903_athero_human_10.txt.gz","Plate_1084s_F04","symptomatic","macrophage","macrophage_S2",0.526579603890611,-0.0455881570220719,-0.465691100061577
"GSM8121903_athero_human_10.txt.gz","Plate_1084s_F05","symptomatic","macrophage","macrophage_S1",1.4737058399861,0.592466218495249,-0.0397461175578177
"GSM8121903_athero_human_10.txt.gz","Plate_1084s_F09","symptomatic","macrophage","macrophage_S3",0.685061579156799,0.310756768404114,-0.218627491593953
"GSM8121903_athero_human_10.txt.gz","Plate_1084s_F10","symptomatic","macrophage","macrophage_S3",0.414495842810935,0.352402755057068,-0.296603394840636
"GSM8121903_athero_human_10.txt.gz","Plate_1084s_F11","symptomatic","macrophage","macrophage_S2",1.23894344321356,0.554491614631207,-0.538328671213438
"GSM8121903_athero_human_10.txt.gz","Plate_1084s_G02","symptomatic","macrophage","macrophage_S1",1.04555085567645,0.662733283347046,-0.33129900783794
"GSM8121903_athero_human_10.txt.gz","Plate_1084s_G03","symptomatic","macrophage","macrophage_S3",0.777039262597627,0.293264449532466,-0.0587557281207566
"GSM8121903_athero_human_10.txt.gz","Plate_1084s_G04","symptomatic","macrophage","macrophage_S2",0.686175331352761,0.287335017046575,-0.342182794733736
"GSM8121903_athero_human_10.txt.gz","Plate_1084s_G05","symptomatic","macrophage","macrophage_S3",1.04341162838441,0.317162066257525,-0.000475551857532081
"GSM8121903_athero_human_10.txt.gz","Plate_1084s_G09","symptomatic","macrophage","macrophage_S3",0.622259630211652,0.130947413417602,-0.153879855620328
"GSM8121903_athero_human_10.txt.gz","Plate_1084s_G11","symptomatic","macrophage","macrophage_S1",1.09912340768306,0.852394183871661,-0.426868074200023
"GSM8121903_athero_human_10.txt.gz","Plate_1084s_G12","symptomatic","macrophage","macrophage_S3",0.35452176970757,0.267661437486563,-0.167502527224997
"GSM8121903_athero_human_10.txt.gz","Plate_1084s_H01","symptomatic","macrophage","macrophage_S2",1.13894743541653,0.474802172853967,-0.454192068331921
"GSM8121903_athero_human_10.txt.gz","Plate_1084s_H09","symptomatic","macrophage","macrophage_S2",1.10947525913013,0.13000509279141,-0.419969944875909
"GSM8121903_athero_human_10.txt.gz","Plate_1084s_H10","symptomatic","macrophage","macrophage_S2",1.7735471113183,0.375711320003853,-0.507744231820189
"GSM8121903_athero_human_10.txt.gz","Plate_1084s_I01","symptomatic","macrophage","macrophage_S2",1.60905040298819,0.262153677105751,-0.432358834082208
"GSM8121903_athero_human_10.txt.gz","Plate_1084s_I08","symptomatic","macrophage","macrophage_S3",0.236504140676486,-0.0212250462807205,0.415088719101585
"GSM8121903_athero_human_10.txt.gz","Plate_1084s_I12","symptomatic","macrophage","macrophage_S3",0.473387518516354,0.170428964582826,-0.0814839678111836
"GSM8121903_athero_human_10.txt.gz","Plate_1084s_I15","symptomatic","macrophage","macrophage_S1",1.06676477651953,0.570043965401468,-0.247138619778316
"GSM8121903_athero_human_10.txt.gz","Plate_1084s_I16","symptomatic","macrophage","macrophage_S3",0.88202372679668,0.4966091493431,0.1915793687537
"GSM8121903_athero_human_10.txt.gz","Plate_1084s_I19","symptomatic","macrophage","macrophage_S2",1.37589961380024,0.426121001540786,-0.746964161839558
"GSM8121903_athero_human_10.txt.gz","Plate_1084s_I21","symptomatic","macrophage","macrophage_S1",1.43277014366246,0.580116143916291,-0.298364375012999
"GSM8121903_athero_human_10.txt.gz","Plate_1084s_I23","symptomatic","macrophage","macrophage_S2",0.263164962293057,-0.21807813661453,-0.545289347431666
"GSM8121903_athero_human_10.txt.gz","Plate_1084s_J01","symptomatic","macrophage","macrophage_S2",1.00187498995354,0.586579933941289,-0.648069414471577
"GSM8121903_athero_human_10.txt.gz","Plate_1084s_J03","symptomatic","macrophage","macrophage_S2",1.3442519365419,0.280246367095546,-0.416900770384583
"GSM8121903_athero_human_10.txt.gz","Plate_1084s_J06","symptomatic","macrophage","macrophage_S2",1.5105176242219,0.121430944666776,-0.536179524929321
"GSM8121903_athero_human_10.txt.gz","Plate_1084s_J08","symptomatic","macrophage","macrophage_S1",1.528142012146,0.680732240631818,-0.386842926618672
"GSM8121903_athero_human_10.txt.gz","Plate_1084s_J09","symptomatic","macrophage","macrophage_S3",0.809264982719014,0.227830812644148,-0.198052539814433
"GSM8121903_athero_human_10.txt.gz","Plate_1084s_J11","symptomatic","macrophage","macrophage_S3",0.654530787948884,0.170664919823048,-0.128899547388915
"GSM8121903_athero_human_10.txt.gz","Plate_1084s_J12","symptomatic","macrophage","macrophage_S1",1.49443744043854,0.718730653784462,-0.304102447078156
"GSM8121903_athero_human_10.txt.gz","Plate_1084s_J14","symptomatic","macrophage","macrophage_S2",1.20527593579928,0.487617452554258,-0.641320463123034
"GSM8121903_athero_human_10.txt.gz","Plate_1084s_J16","symptomatic","macrophage","macrophage_S2",1.77109260396592,0.113265551414021,-0.69333967020092
"GSM8121903_athero_human_10.txt.gz","Plate_1084s_J17","symptomatic","macrophage","macrophage_S3",0.489275232494002,0.135697365643344,-0.0574198890057645
"GSM8121903_athero_human_10.txt.gz","Plate_1084s_J19","symptomatic","macrophage","macrophage_S2",1.14791776311517,0.535329243355218,-0.488779016197493
"GSM8121903_athero_human_10.txt.gz","Plate_1084s_J21","symptomatic","macrophage","macrophage_S1",1.43109451084094,0.532982522032129,-0.0844014430567002
"GSM8121903_athero_human_10.txt.gz","Plate_1084s_J23","symptomatic","macrophage","macrophage_S3",0.911396977581643,0.0763530637616557,-0.18362868645369
"GSM8121903_athero_human_10.txt.gz","Plate_1084s_K01","symptomatic","macrophage","macrophage_S2",0.889327288840375,-0.269837560707225,-0.544574840661046
"GSM8121903_athero_human_10.txt.gz","Plate_1084s_K03","symptomatic","macrophage","macrophage_S3",0.458720642231817,0.464116281323868,0.145721011766086
"GSM8121903_athero_human_10.txt.gz","Plate_1084s_K04","symptomatic","macrophage","macrophage_S3",0.6666164124261,0.237082729163634,0.00947502189749753
"GSM8121903_athero_human_10.txt.gz","Plate_1084s_K07","symptomatic","macrophage","macrophage_S2",1.68612045207938,0.343991103783878,-0.511130224733466
"GSM8121903_athero_human_10.txt.gz","Plate_1084s_K09","symptomatic","macrophage","macrophage_S3",1.05354397203509,0.521914519497708,0.00844301612833767
"GSM8121903_athero_human_10.txt.gz","Plate_1084s_K14","symptomatic","macrophage","macrophage_S2",1.63102240236952,0.316007054106038,-0.63237595497626
"GSM8121903_athero_human_10.txt.gz","Plate_1084s_K15","symptomatic","macrophage","macrophage_S2",0.362978695743551,-0.300452898724102,-0.478136112295201
"GSM8121903_athero_human_10.txt.gz","Plate_1084s_K16","symptomatic","macrophage","macrophage_S1",1.31596390735392,0.633299301648515,-0.494573775772222
"GSM8121903_athero_human_10.txt.gz","Plate_1084s_K19","symptomatic","macrophage","macrophage_S1",1.62432474336486,0.530990782565189,-0.42048771859341
"GSM8121903_athero_human_10.txt.gz","Plate_1084s_K20","symptomatic","macrophage","macrophage_S2",1.04496985943036,0.470903009893009,-0.502180713984929
"GSM8121903_athero_human_10.txt.gz","Plate_1084s_K21","symptomatic","macrophage","macrophage_S2",1.31046591251804,0.323840770621967,-0.621963635551018
"GSM8121903_athero_human_10.txt.gz","Plate_1084s_K23","symptomatic","macrophage","macrophage_S3",0.504538966135917,0.170705514768768,0.280209090045768
"GSM8121903_athero_human_10.txt.gz","Plate_1084s_L01","symptomatic","macrophage","macrophage_S2",1.29652230269786,0.258723187000917,-0.646208141035933
"GSM8121903_athero_human_10.txt.gz","Plate_1084s_L02","symptomatic","macrophage","macrophage_S1",0.412947812749037,0.894709583087957,-0.400507817367089
"GSM8121903_athero_human_10.txt.gz","Plate_1084s_L06","symptomatic","macrophage","macrophage_S2",0.556716646829704,0.281233775077395,-0.419761373978326
"GSM8121903_athero_human_10.txt.gz","Plate_1084s_L11","symptomatic","macrophage","macrophage_S1",1.70852329597038,0.362386777167837,0.033220327547202
"GSM8121903_athero_human_10.txt.gz","Plate_1084s_L13","symptomatic","macrophage","macrophage_S2",1.55646794130118,0.00296247468890354,-0.431856099569447
"GSM8121903_athero_human_10.txt.gz","Plate_1084s_L14","symptomatic","macrophage","macrophage_S2",1.05911533537534,0.0552810075197259,-0.407532418287244
"GSM8121903_athero_human_10.txt.gz","Plate_1084s_L15","symptomatic","macrophage","macrophage_S3",0.392558984148172,-0.0862759168980477,-0.0889634381080201
"GSM8121903_athero_human_10.txt.gz","Plate_1084s_L18","symptomatic","macrophage","macrophage_S2",1.43312968046358,0.492169520211627,-0.574278711784559
"GSM8121903_athero_human_10.txt.gz","Plate_1084s_L20","symptomatic","macrophage","macrophage_S2",0.964893738849543,0.215971504495054,-0.492198635827241
"GSM8121903_athero_human_10.txt.gz","Plate_1084s_L23","symptomatic","macrophage","macrophage_S3",0.814565653591019,0.344527373207461,-0.0876612428789904
"GSM8121903_athero_human_10.txt.gz","Plate_1084s_M01","symptomatic","macrophage","macrophage_S3",0.594293349465197,0.346693521887879,-0.226455593505115
"GSM8121903_athero_human_10.txt.gz","Plate_1084s_M04","symptomatic","macrophage","macrophage_S2",1.60677632176756,0.234068605573034,-0.284168409756208
"GSM8121903_athero_human_10.txt.gz","Plate_1084s_M05","symptomatic","macrophage","macrophage_S2",1.69433102840896,0.230588563146514,-0.595878649693339
"GSM8121903_athero_human_10.txt.gz","Plate_1084s_M06","symptomatic","macrophage","macrophage_S2",0.745839166031038,0.147721530799366,-0.396722044796581
"GSM8121903_athero_human_10.txt.gz","Plate_1084s_M08","symptomatic","macrophage","macrophage_S3",1.23917026519841,0.283778410506997,-0.0805073917207845
"GSM8121903_athero_human_10.txt.gz","Plate_1084s_M09","symptomatic","macrophage","macrophage_S2",0.5487531588477,0.451752066600164,-0.458463013669417
"GSM8121903_athero_human_10.txt.gz","Plate_1084s_M13","symptomatic","macrophage","macrophage_S1",1.02519291763805,0.947023244543678,-0.455271925864299
"GSM8121903_athero_human_10.txt.gz","Plate_1084s_M14","symptomatic","macrophage","macrophage_S2",0.458024723132288,0.111281874300685,-0.486804780689837
"GSM8121903_athero_human_10.txt.gz","Plate_1084s_M15","symptomatic","macrophage","macrophage_S3",0.345763304339622,0.273083760364911,-0.137687392223328
"GSM8121903_athero_human_10.txt.gz","Plate_1084s_M16","symptomatic","macrophage","macrophage_S1",1.12872910965638,0.527685662638663,-0.31929346861145
"GSM8121903_athero_human_10.txt.gz","Plate_1084s_M17","symptomatic","macrophage","macrophage_S3",1.04602580920906,0.235283087957481,0.0962686596794937
"GSM8121903_athero_human_10.txt.gz","Plate_1084s_M19","symptomatic","macrophage","macrophage_S2",0.681746376512551,-0.0203682650766297,-0.354339899712677
"GSM8121903_athero_human_10.txt.gz","Plate_1084s_M21","symptomatic","macrophage","macrophage_S2",1.43743892217713,0.321300780702402,-0.460640823209199
"GSM8121903_athero_human_10.txt.gz","Plate_1084s_N01","symptomatic","macrophage","macrophage_S2",1.23838535422449,0.27669985167546,-0.443790686103893
"GSM8121903_athero_human_10.txt.gz","Plate_1084s_N02","symptomatic","macrophage","macrophage_S2",1.27295412771101,0.301853822091488,-0.630100056190795
"GSM8121903_athero_human_10.txt.gz","Plate_1084s_N03","symptomatic","macrophage","macrophage_S3",0.551448053990886,0.462453550692031,-0.139029141275876
"GSM8121903_athero_human_10.txt.gz","Plate_1084s_N04","symptomatic","macrophage","macrophage_S2",0.824201469245778,-0.137736290732308,-0.31153478215915
"GSM8121903_athero_human_10.txt.gz","Plate_1084s_N05","symptomatic","macrophage","macrophage_S3",1.02542057512313,0.278439788250874,-0.0781097628691333
"GSM8121903_athero_human_10.txt.gz","Plate_1084s_N08","symptomatic","macrophage","macrophage_S2",1.3075233516862,-0.103166389642942,-0.356182389750077
"GSM8121903_athero_human_10.txt.gz","Plate_1084s_N09","symptomatic","macrophage","macrophage_S2",0.769662133914775,0.129140531546609,-0.322275969365159
"GSM8121903_athero_human_10.txt.gz","Plate_1084s_N11","symptomatic","macrophage","macrophage_S2",1.4147673504268,0.346460506717893,-0.43275005599038
"GSM8121903_athero_human_10.txt.gz","Plate_1084s_N14","symptomatic","macrophage","macrophage_S2",1.37257028760508,0.272049388768188,-0.686602229272813
"GSM8121903_athero_human_10.txt.gz","Plate_1084s_N16","symptomatic","macrophage","macrophage_S2",1.02044842658747,0.240993194635676,-0.378480501206619
"GSM8121903_athero_human_10.txt.gz","Plate_1084s_N17","symptomatic","macrophage","macrophage_S3",0.916453332161186,-0.14070220255121,-0.132719976969411
"GSM8121903_athero_human_10.txt.gz","Plate_1084s_N19","symptomatic","macrophage","macrophage_S2",1.13834270365176,0.0781551198101852,-0.228565529363946
"GSM8121903_athero_human_10.txt.gz","Plate_1084s_N22","symptomatic","macrophage","macrophage_S2",1.33358476826064,0.351614837843011,-0.230692099588561
"GSM8121903_athero_human_10.txt.gz","Plate_1084s_N23","symptomatic","macrophage","macrophage_S2",1.6177046092939,0.43535587935566,-0.549211598586435
"GSM8121903_athero_human_10.txt.gz","Plate_1084s_N24","symptomatic","macrophage","macrophage_S2",1.23633249935895,0.229919506166646,-0.236831149464695
"GSM8121903_athero_human_10.txt.gz","Plate_1084s_O03","symptomatic","macrophage","macrophage_S2",1.46231407380931,0.0844545510300839,-0.295725714671856
"GSM8121903_athero_human_10.txt.gz","Plate_1084s_O04","symptomatic","macrophage","macrophage_S3",1.11113836726815,0.0364305776633837,0.00696857814605557
"GSM8121903_athero_human_10.txt.gz","Plate_1084s_O06","symptomatic","macrophage","macrophage_S2",1.29384000303543,0.230022157713193,-0.228341139694599
"GSM8121903_athero_human_10.txt.gz","Plate_1084s_O07","symptomatic","macrophage","macrophage_S2",1.16719997143453,0.0492182809199859,-0.461396515429995
"GSM8121903_athero_human_10.txt.gz","Plate_1084s_O08","symptomatic","macrophage","macrophage_S3",1.46651672841711,0.390723118460502,-0.0350941223836608
"GSM8121903_athero_human_10.txt.gz","Plate_1084s_O10","symptomatic","macrophage","macrophage_S2",1.33848586019522,0.0533511851795862,-0.58134251694167
"GSM8121903_athero_human_10.txt.gz","Plate_1084s_O16","symptomatic","macrophage","macrophage_S2",0.984182681186383,-0.345238804490028,-0.361314188360036
"GSM8121903_athero_human_10.txt.gz","Plate_1084s_O17","symptomatic","macrophage","macrophage_S2",1.02915779626495,0.0741057009391973,-0.282930173797996
"GSM8121903_athero_human_10.txt.gz","Plate_1084s_O19","symptomatic","macrophage","macrophage_S1",1.18290823924627,0.552125211022449,-0.418488504211198
"GSM8121903_athero_human_10.txt.gz","Plate_1084s_O20","symptomatic","macrophage","macrophage_S2",1.65295490474034,0.101967669543449,-0.592955132034283
"GSM8121903_athero_human_10.txt.gz","Plate_1084s_O24","symptomatic","macrophage","macrophage_S1",1.45158739527661,0.454106260927292,-0.312673253039298
"GSM8121903_athero_human_10.txt.gz","Plate_1084s_P02","symptomatic","macrophage","macrophage_S2",1.53311060966721,0.0945482797275383,-0.473015651124726
"GSM8121903_athero_human_10.txt.gz","Plate_1084s_P04","symptomatic","macrophage","macrophage_S1",1.82638374505088,0.736368239955901,-0.553567132400215
"GSM8121903_athero_human_10.txt.gz","Plate_1084s_P06","symptomatic","macrophage","macrophage_S3",1.10595984186099,0.380215455342804,-0.23375572892034
"GSM8121903_athero_human_10.txt.gz","Plate_1084s_P09","symptomatic","macrophage","macrophage_S1",1.25753225877111,0.542745444469621,-0.345411115906846
"GSM8121903_athero_human_10.txt.gz","Plate_1084s_P10","symptomatic","macrophage","macrophage_S2",1.65321311581356,0.322463664461072,-0.59564948225555
"GSM8121903_athero_human_10.txt.gz","Plate_1084s_P12","symptomatic","macrophage","macrophage_S3",1.03921225639572,0.146821120333979,-0.145918021876568
"GSM8121903_athero_human_10.txt.gz","Plate_1084s_P13","symptomatic","macrophage","macrophage_S2",0.892223512319372,0.27590012020879,-0.545928720079331
"GSM8121903_athero_human_10.txt.gz","Plate_1084s_P14","symptomatic","macrophage","macrophage_S2",0.919644271266695,-0.00406063482243415,-0.401741839348339
"GSM8121903_athero_human_10.txt.gz","Plate_1084s_P15","symptomatic","macrophage","macrophage_S2",1.45077084447765,0.172124803065857,-0.6900913740529
"GSM8121903_athero_human_10.txt.gz","Plate_1084s_P16","symptomatic","macrophage","macrophage_S2",1.78808187602108,-0.225269735924146,-0.283520750875996
"GSM8121903_athero_human_10.txt.gz","Plate_1084s_P19","symptomatic","macrophage","macrophage_S2",1.11984071732783,-0.313505557271337,-0.420681264706296
"GSM8121903_athero_human_10.txt.gz","Plate_1084s_P21","symptomatic","macrophage","macrophage_S2",1.55688356105548,0.34711174901215,-0.489755785435803
"GSM8121904_athero_human_11.txt.gz","Plate_180s_A02","symptomatic","macrophage","macrophage_S2",0.912333177732183,0.308249131447353,-0.435189371999409
"GSM8121904_athero_human_11.txt.gz","Plate_180s_A03","symptomatic","macrophage","macrophage_S2",1.02747770229382,0.0567698458130844,-0.651874183138549
"GSM8121904_athero_human_11.txt.gz","Plate_180s_A05","symptomatic","macrophage","macrophage_S2",0.457184960555696,0.088352609284657,-0.458062891019246
"GSM8121904_athero_human_11.txt.gz","Plate_180s_A06","symptomatic","macrophage","macrophage_S2",0.937352896768706,0.0752167062013223,-0.679205961363694
"GSM8121904_athero_human_11.txt.gz","Plate_180s_A08","symptomatic","macrophage","macrophage_S2",1.16358156073949,0.0805237239547632,-0.620061894666089
"GSM8121904_athero_human_11.txt.gz","Plate_180s_A09","symptomatic","macrophage","macrophage_S3",0.97401586528817,0.19124947730262,-0.152837377276957
"GSM8121904_athero_human_11.txt.gz","Plate_180s_A10","symptomatic","macrophage","macrophage_S2",1.06430256636809,0.191639667959762,-0.509266344205323
"GSM8121904_athero_human_11.txt.gz","Plate_180s_A11","symptomatic","macrophage","macrophage_S2",0.926048787918404,0.415836320906539,-0.431711819005173
"GSM8121904_athero_human_11.txt.gz","Plate_180s_A12","symptomatic","macrophage","macrophage_S2",1.00137846250723,0.356277071030552,-0.671891137289087
"GSM8121904_athero_human_11.txt.gz","Plate_180s_A14","symptomatic","macrophage","macrophage_S2",0.852329237141467,0.554218919312269,-0.481992653653904
"GSM8121904_athero_human_11.txt.gz","Plate_180s_A15","symptomatic","macrophage","macrophage_S2",1.09325829108543,0.125681229605807,-0.81812267455125
"GSM8121904_athero_human_11.txt.gz","Plate_180s_A16","symptomatic","macrophage","macrophage_S3",1.30278354880123,0.399062220423593,-0.118871093863496
"GSM8121904_athero_human_11.txt.gz","Plate_180s_A18","symptomatic","macrophage","macrophage_S2",1.30117724491114,-0.0913384496016638,-0.560487813471331
"GSM8121904_athero_human_11.txt.gz","Plate_180s_A19","symptomatic","macrophage","macrophage_S2",0.823972264420247,0.494551345064274,-0.46480368345945
"GSM8121904_athero_human_11.txt.gz","Plate_180s_A20","symptomatic","macrophage","macrophage_S2",0.669558552039619,0.206907703978513,-0.480845108353604
"GSM8121904_athero_human_11.txt.gz","Plate_180s_A21","symptomatic","macrophage","macrophage_S2",1.34802129401806,0.152538247556007,-0.712943947766501
"GSM8121904_athero_human_11.txt.gz","Plate_180s_A23","symptomatic","macrophage","macrophage_S2",1.46231453964344,-0.00630897078812419,-0.74186870691992
"GSM8121904_athero_human_11.txt.gz","Plate_180s_B01","symptomatic","macrophage","macrophage_S2",0.994754400314905,-0.0268905786999093,-0.472422306546746
"GSM8121904_athero_human_11.txt.gz","Plate_180s_B03","symptomatic","macrophage","macrophage_S2",0.0835825929510981,0.388148692815582,-0.673190522046763
"GSM8121904_athero_human_11.txt.gz","Plate_180s_B04","symptomatic","macrophage","macrophage_S1",0.657232153571382,0.79664916269359,-0.439528105827749
"GSM8121904_athero_human_11.txt.gz","Plate_180s_B05","symptomatic","macrophage","macrophage_S2",0.880284704258809,0.354557349408239,-0.572083544493714
"GSM8121904_athero_human_11.txt.gz","Plate_180s_B06","symptomatic","macrophage","macrophage_S2",1.23129072039538,-0.0835682644861794,-0.60390600698341
"GSM8121904_athero_human_11.txt.gz","Plate_180s_B07","symptomatic","macrophage","macrophage_S2",0.719438550360175,-0.0178843179642274,-0.551200222112851
"GSM8121904_athero_human_11.txt.gz","Plate_180s_B08","symptomatic","macrophage","macrophage_S2",0.81921379421123,0.114297457705054,-0.46767824487611
"GSM8121904_athero_human_11.txt.gz","Plate_180s_B09","symptomatic","macrophage","macrophage_S2",1.17023417322083,0.156285331912013,-0.317625676381838
"GSM8121904_athero_human_11.txt.gz","Plate_180s_B11","symptomatic","macrophage","macrophage_S3",1.10272792498729,0.340925258309821,-0.231323484482893
"GSM8121904_athero_human_11.txt.gz","Plate_180s_B12","symptomatic","macrophage","macrophage_S2",0.785470622134571,0.277530740219359,-0.680322051892684
"GSM8121904_athero_human_11.txt.gz","Plate_180s_B13","symptomatic","macrophage","macrophage_S2",0.895364565886483,0.0960977369329027,-0.532368675922957
"GSM8121904_athero_human_11.txt.gz","Plate_180s_B15","symptomatic","macrophage","macrophage_S2",0.968769686614409,0.181379673394927,-0.642442202600529
"GSM8121904_athero_human_11.txt.gz","Plate_180s_B16","symptomatic","macrophage","macrophage_S2",0.966470327924134,0.277597847714371,-0.476891151265395
"GSM8121904_athero_human_11.txt.gz","Plate_180s_B17","symptomatic","macrophage","macrophage_S2",0.935205020149594,0.299459654844088,-0.668112133490719
"GSM8121904_athero_human_11.txt.gz","Plate_180s_B18","symptomatic","macrophage","macrophage_S2",1.48223472068658,0.476650703540973,-0.539551839167726
"GSM8121904_athero_human_11.txt.gz","Plate_180s_B20","symptomatic","macrophage","macrophage_S3",0.774860945249287,0.222296401148128,0.0423917919695429
"GSM8121904_athero_human_11.txt.gz","Plate_180s_B24","symptomatic","macrophage","macrophage_S3",0.716056965138838,0.335370002002831,-0.294003292247723
"GSM8121904_athero_human_11.txt.gz","Plate_180s_C01","symptomatic","macrophage","macrophage_S2",1.01041965749757,0.279528902905127,-0.440086430921342
"GSM8121904_athero_human_11.txt.gz","Plate_180s_C02","symptomatic","macrophage","macrophage_S3",0.423439205202897,-0.0101731085831679,-0.127636073169578
"GSM8121904_athero_human_11.txt.gz","Plate_180s_C03","symptomatic","macrophage","macrophage_S2",0.42625354001949,0.40877125098301,-0.500214242927331
"GSM8121904_athero_human_11.txt.gz","Plate_180s_C05","symptomatic","macrophage","macrophage_S3",0.424452925297069,0.259793983113645,-0.133732808903925
"GSM8121904_athero_human_11.txt.gz","Plate_180s_C06","symptomatic","macrophage","macrophage_S2",1.05338614672315,0.259236259179288,-0.59114018317347
"GSM8121904_athero_human_11.txt.gz","Plate_180s_C07","symptomatic","macrophage","macrophage_S2",0.963079082912823,0.280068086646761,-0.615673521799323
"GSM8121904_athero_human_11.txt.gz","Plate_180s_C09","symptomatic","macrophage","macrophage_S3",1.07778162290229,0.527824889307405,0.00405274773934597
"GSM8121904_athero_human_11.txt.gz","Plate_180s_C11","symptomatic","macrophage","macrophage_S2",1.01058279964217,-0.0499777819097519,-0.556110004012658
"GSM8121904_athero_human_11.txt.gz","Plate_180s_C12","symptomatic","macrophage","macrophage_S2",0.844727973722511,0.0182060423804302,-0.616175640245375
"GSM8121904_athero_human_11.txt.gz","Plate_180s_C14","symptomatic","macrophage","macrophage_S2",0.736744809004561,-0.240599690829922,-0.544503848939053
"GSM8121904_athero_human_11.txt.gz","Plate_180s_C17","symptomatic","macrophage","macrophage_S2",1.3375878234744,0.332594723755463,-0.619282854765093
"GSM8121904_athero_human_11.txt.gz","Plate_180s_C18","symptomatic","macrophage","macrophage_S2",0.60224030993005,-0.145668383698015,-0.396693284114291
"GSM8121904_athero_human_11.txt.gz","Plate_180s_C19","symptomatic","macrophage","macrophage_S3",1.40558478836907,0.383192223790369,0.146202157620293
"GSM8121904_athero_human_11.txt.gz","Plate_180s_C20","symptomatic","macrophage","macrophage_S1",1.24011130020057,0.444948407476813,-0.220807363178776
"GSM8121904_athero_human_11.txt.gz","Plate_180s_C21","symptomatic","macrophage","macrophage_S2",1.00822500649833,0.419571866128782,-0.558880645560164
"GSM8121904_athero_human_11.txt.gz","Plate_180s_C22","symptomatic","macrophage","macrophage_S2",0.702475665995369,0.204589497451262,-0.534797042235513
"GSM8121904_athero_human_11.txt.gz","Plate_180s_C23","symptomatic","macrophage","macrophage_S3",1.1001322786486,0.266613269788629,-0.230716013379166
"GSM8121904_athero_human_11.txt.gz","Plate_180s_C24","symptomatic","macrophage","macrophage_S3",0.571388582012339,0.239836941019077,-0.00311619598136184
"GSM8121904_athero_human_11.txt.gz","Plate_180s_D02","symptomatic","macrophage","macrophage_S2",1.26926653944934,0.0762081938697891,-0.630812500990827
"GSM8121904_athero_human_11.txt.gz","Plate_180s_D03","symptomatic","macrophage","macrophage_S2",0.971431090423959,-0.0087332490789501,-0.311940156322083
"GSM8121904_athero_human_11.txt.gz","Plate_180s_D05","symptomatic","macrophage","macrophage_S3",0.809537869096417,0.631337853483917,-0.242387279535268
"GSM8121904_athero_human_11.txt.gz","Plate_180s_D06","symptomatic","macrophage","macrophage_S3",0.479989227180103,0.0962751885463259,0.0405308752837998
"GSM8121904_athero_human_11.txt.gz","Plate_180s_D07","symptomatic","macrophage","macrophage_S2",1.31342816856943,0.0225026537609898,-0.348862231346558
"GSM8121904_athero_human_11.txt.gz","Plate_180s_D09","symptomatic","macrophage","macrophage_S2",1.04587872424146,0.211346192796172,-0.620655049548655
"GSM8121904_athero_human_11.txt.gz","Plate_180s_D11","symptomatic","macrophage","macrophage_S3",0.976675100803544,0.0896608597156076,-0.161861784434377
"GSM8121904_athero_human_11.txt.gz","Plate_180s_D13","symptomatic","macrophage","macrophage_S2",1.56218806417854,0.508713287452333,-0.589309249679964
"GSM8121904_athero_human_11.txt.gz","Plate_180s_D14","symptomatic","macrophage","macrophage_S2",1.13023894794364,-0.186210783589602,-0.525894755489123
"GSM8121904_athero_human_11.txt.gz","Plate_180s_D15","symptomatic","macrophage","macrophage_S3",0.700286184943808,0.399435578617378,-0.241616131335968
"GSM8121904_athero_human_11.txt.gz","Plate_180s_D16","symptomatic","macrophage","macrophage_S2",0.829288382969684,0.459813826946225,-0.596734720258891
"GSM8121904_athero_human_11.txt.gz","Plate_180s_D18","symptomatic","macrophage","macrophage_S2",0.976243718809547,0.0760789235083486,-0.558661589560879
"GSM8121904_athero_human_11.txt.gz","Plate_180s_D19","symptomatic","macrophage","macrophage_S2",0.588852904321773,0.357898289524126,-0.719722725075463
"GSM8121904_athero_human_11.txt.gz","Plate_180s_D21","symptomatic","macrophage","macrophage_S2",1.19198323701554,0.173147812414028,-0.50991312636798
"GSM8121904_athero_human_11.txt.gz","Plate_180s_D24","symptomatic","macrophage","macrophage_S2",1.18415079680842,-0.135085467669817,-0.55156565788998
"GSM8121904_athero_human_11.txt.gz","Plate_180s_E02","symptomatic","macrophage","macrophage_S3",0.462119278840061,0.45783056245794,-0.393853561821038
"GSM8121904_athero_human_11.txt.gz","Plate_180s_E03","symptomatic","macrophage","macrophage_S2",0.982566536884869,-0.0357791874968794,-0.567135716321416
"GSM8121904_athero_human_11.txt.gz","Plate_180s_E04","symptomatic","macrophage","macrophage_S2",1.32104415309643,0.0305965012366797,-0.404887794085666
"GSM8121904_athero_human_11.txt.gz","Plate_180s_E06","symptomatic","macrophage","macrophage_S3",0.738887843554656,-0.110840889092757,-0.271788909357592
"GSM8121904_athero_human_11.txt.gz","Plate_180s_E07","symptomatic","macrophage","macrophage_S3",0.50271201510995,0.385377756527113,-0.234178361386243
"GSM8121904_athero_human_11.txt.gz","Plate_180s_E08","symptomatic","macrophage","macrophage_S2",0.884468873013459,0.315799378288628,-0.655474509745824
"GSM8121904_athero_human_11.txt.gz","Plate_180s_E09","symptomatic","macrophage","macrophage_S2",1.27457961287451,-0.128704713415176,-0.483331094889645
"GSM8121904_athero_human_11.txt.gz","Plate_180s_E10","symptomatic","macrophage","macrophage_S2",1.27868341639588,0.262360278346029,-0.565870259080189
"GSM8121904_athero_human_11.txt.gz","Plate_180s_E11","symptomatic","macrophage","macrophage_S2",1.16083794675601,0.162220104532485,-0.244316311157685
"GSM8121904_athero_human_11.txt.gz","Plate_180s_E12","symptomatic","macrophage","macrophage_S3",0.538778961730402,0.110673438917883,-0.144911049400339
"GSM8121904_athero_human_11.txt.gz","Plate_180s_E13","symptomatic","macrophage","macrophage_S1",0.803605909419528,0.676045820178549,-0.21904239089152
"GSM8121904_athero_human_11.txt.gz","Plate_180s_E14","symptomatic","macrophage","macrophage_S3",0.773233211515758,0.233828752567887,0.0689914711176521
"GSM8121904_athero_human_11.txt.gz","Plate_180s_E15","symptomatic","macrophage","macrophage_S3",0.91820629220051,0.480099029172515,-0.229435573565104
"GSM8121904_athero_human_11.txt.gz","Plate_180s_E17","symptomatic","macrophage","macrophage_S2",0.842477333212095,0.0623209496971044,-0.369269973482362
"GSM8121904_athero_human_11.txt.gz","Plate_180s_E18","symptomatic","macrophage","macrophage_S2",1.2991778846711,0.523467019255295,-0.524803351367738
"GSM8121904_athero_human_11.txt.gz","Plate_180s_E23","symptomatic","macrophage","macrophage_S2",1.03501100284982,0.143192354149994,-0.365471663822639
"GSM8121904_athero_human_11.txt.gz","Plate_180s_E24","symptomatic","macrophage","macrophage_S3",0.674275999417289,0.325030479929885,-0.275738414933425
"GSM8121904_athero_human_11.txt.gz","Plate_180s_F01","symptomatic","macrophage","macrophage_S3",0.56912065740378,0.250466769382728,-0.32209917661023
"GSM8121904_athero_human_11.txt.gz","Plate_180s_F03","symptomatic","macrophage","macrophage_S2",0.740930101918675,0.00651777659114252,-0.37510242522145
"GSM8121904_athero_human_11.txt.gz","Plate_180s_F04","symptomatic","macrophage","macrophage_S3",1.07636178849139,0.224255533168048,-0.21979765829975
"GSM8121904_athero_human_11.txt.gz","Plate_180s_F05","symptomatic","macrophage","macrophage_S2",0.864106246361543,0.0352227301943866,-0.521698055231649
"GSM8121904_athero_human_11.txt.gz","Plate_180s_F07","symptomatic","macrophage","macrophage_S2",0.67360364452557,0.0201413705737503,-0.507346645705607
"GSM8121904_athero_human_11.txt.gz","Plate_180s_F09","symptomatic","macrophage","macrophage_S2",1.33334637762722,0.341039787152927,-0.427179942877845
"GSM8121904_athero_human_11.txt.gz","Plate_180s_F10","symptomatic","macrophage","macrophage_S2",1.24055632401765,0.326428683577657,-0.47223811752255
"GSM8121904_athero_human_11.txt.gz","Plate_180s_F11","symptomatic","macrophage","macrophage_S2",0.877286877612077,0.496939696777453,-0.462355708585684
"GSM8121904_athero_human_11.txt.gz","Plate_180s_F12","symptomatic","macrophage","macrophage_S2",1.11913661669741,0.0492845702957668,-0.551689423019436
"GSM8121904_athero_human_11.txt.gz","Plate_180s_F13","symptomatic","macrophage","macrophage_S2",0.942421305281823,0.0545667706999319,-0.565736458718758
"GSM8121904_athero_human_11.txt.gz","Plate_180s_F14","symptomatic","macrophage","macrophage_S1",0.991624173023776,0.813242540871737,-0.341909836000612
"GSM8121904_athero_human_11.txt.gz","Plate_180s_F15","symptomatic","macrophage","macrophage_S2",0.993823241355382,0.0249985691241227,-0.410127307114105
"GSM8121904_athero_human_11.txt.gz","Plate_180s_F16","symptomatic","macrophage","macrophage_S2",0.613700606559673,0.262047709098106,-0.421967873030109
"GSM8121904_athero_human_11.txt.gz","Plate_180s_F17","symptomatic","macrophage","macrophage_S2",0.776572270248333,0.37993451747805,-0.448402496162265
"GSM8121904_athero_human_11.txt.gz","Plate_180s_F20","symptomatic","macrophage","macrophage_S2",0.874549997594887,0.328455184403801,-0.636855591076899
"GSM8121904_athero_human_11.txt.gz","Plate_180s_F21","symptomatic","macrophage","macrophage_S3",0.428784847183517,0.346142714091313,-0.224757892647328
"GSM8121904_athero_human_11.txt.gz","Plate_180s_F23","symptomatic","macrophage","macrophage_S2",1.00338146891752,0.184879266023321,-0.487871983763987
"GSM8121904_athero_human_11.txt.gz","Plate_180s_G01","symptomatic","macrophage","macrophage_S2",0.834179886171451,-0.0412141923547813,-0.431099583157002
"GSM8121904_athero_human_11.txt.gz","Plate_180s_G02","symptomatic","macrophage","macrophage_S2",1.03069000726989,0.327118010582602,-0.538901604510677
"GSM8121904_athero_human_11.txt.gz","Plate_180s_G04","symptomatic","macrophage","macrophage_S2",0.503546330791834,0.215785291118473,-0.5960208568177
"GSM8121904_athero_human_11.txt.gz","Plate_180s_G05","symptomatic","macrophage","macrophage_S2",1.42674096807062,0.172623584090438,-0.725517823271659
"GSM8121904_athero_human_11.txt.gz","Plate_180s_G06","symptomatic","macrophage","macrophage_S2",1.00036693102298,0.109243982408401,-0.534473852497303
"GSM8121904_athero_human_11.txt.gz","Plate_180s_G07","symptomatic","macrophage","macrophage_S2",0.894977487211422,0.228093136533973,-0.56531798324361
"GSM8121904_athero_human_11.txt.gz","Plate_180s_G09","symptomatic","macrophage","macrophage_S2",1.37027668462062,0.0650304296243018,-0.235628230498426
"GSM8121904_athero_human_11.txt.gz","Plate_180s_G10","symptomatic","macrophage","macrophage_S2",0.508452623151839,0.312414135592612,-0.592193346960456
"GSM8121904_athero_human_11.txt.gz","Plate_180s_G12","symptomatic","macrophage","macrophage_S2",1.16434323354202,0.337337353561737,-0.597172144072141
"GSM8121904_athero_human_11.txt.gz","Plate_180s_G14","symptomatic","macrophage","macrophage_S3",1.09783751766814,0.095971275804674,-0.151309742240067
"GSM8121904_athero_human_11.txt.gz","Plate_180s_G16","symptomatic","macrophage","macrophage_S2",1.05120518413475,0.284303444228751,-0.570703389102159
"GSM8121904_athero_human_11.txt.gz","Plate_180s_G17","symptomatic","macrophage","macrophage_S3",1.02804829626099,0.487936788360708,0.278736901655924
"GSM8121904_athero_human_11.txt.gz","Plate_180s_G18","symptomatic","macrophage","macrophage_S3",0.662432993664634,0.335683085820691,-0.222208092348973
"GSM8121904_athero_human_11.txt.gz","Plate_180s_G19","symptomatic","macrophage","macrophage_S2",0.994146065973469,0.0551290707307374,-0.297651044224791
"GSM8121904_athero_human_11.txt.gz","Plate_180s_G21","symptomatic","macrophage","macrophage_S2",1.31277151476312,0.0727685653206489,-0.648633908436745
"GSM8121904_athero_human_11.txt.gz","Plate_180s_G22","symptomatic","macrophage","macrophage_S2",0.771564760925868,0.540303877714006,-0.554318040202631
"GSM8121904_athero_human_11.txt.gz","Plate_180s_G23","symptomatic","macrophage","macrophage_S2",0.980512195778737,0.182518756925933,-0.453948347027185
"GSM8121904_athero_human_11.txt.gz","Plate_180s_G24","symptomatic","macrophage","macrophage_S2",0.721036078724554,-0.0529815112668242,-0.398642702544353
"GSM8121904_athero_human_11.txt.gz","Plate_180s_H01","symptomatic","macrophage","macrophage_S3",0.120229434197716,0.296505036086248,-0.0403974127816859
"GSM8121904_athero_human_11.txt.gz","Plate_180s_H02","symptomatic","macrophage","macrophage_S3",0.580564521636239,0.625606220204911,-0.161155428935749
"GSM8121904_athero_human_11.txt.gz","Plate_180s_H03","symptomatic","macrophage","macrophage_S3",0.445820999877693,0.272355003302439,-0.354807993219704
"GSM8121904_athero_human_11.txt.gz","Plate_180s_H05","symptomatic","macrophage","macrophage_S2",0.954407005110947,0.26825079604039,-0.603839229146963
"GSM8121904_athero_human_11.txt.gz","Plate_180s_H07","symptomatic","macrophage","macrophage_S3",0.726351644560859,0.0739665579631157,-0.0428818255195015
"GSM8121904_athero_human_11.txt.gz","Plate_180s_H09","symptomatic","macrophage","macrophage_S2",0.888316243738113,0.385285689152129,-0.565206595101379
"GSM8121904_athero_human_11.txt.gz","Plate_180s_H11","symptomatic","macrophage","macrophage_S3",1.08068767329809,0.37132990474466,-0.193581247592834
"GSM8121904_athero_human_11.txt.gz","Plate_180s_H12","symptomatic","macrophage","macrophage_S2",0.829883417926307,0.30750361553166,-0.359517681511019
"GSM8121904_athero_human_11.txt.gz","Plate_180s_H13","symptomatic","macrophage","macrophage_S3",1.14354822232407,0.419143865027507,0.271574495598043
"GSM8121904_athero_human_11.txt.gz","Plate_180s_H14","symptomatic","macrophage","macrophage_S2",1.27195838063127,0.410315856128795,-0.279956043026727
"GSM8121904_athero_human_11.txt.gz","Plate_180s_H15","symptomatic","macrophage","macrophage_S3",0.923067230656306,0.0760567648616077,-0.226894578836789
"GSM8121904_athero_human_11.txt.gz","Plate_180s_H16","symptomatic","macrophage","macrophage_S2",1.31667602974847,0.0813195950537397,-0.493000942147502
"GSM8121904_athero_human_11.txt.gz","Plate_180s_H17","symptomatic","macrophage","macrophage_S3",1.03164338069417,0.280403940237907,0.0109177331708524
"GSM8121904_athero_human_11.txt.gz","Plate_180s_H21","symptomatic","macrophage","macrophage_S2",1.53365117539453,0.214258225878835,-0.472372134583933
"GSM8121904_athero_human_11.txt.gz","Plate_180s_H22","symptomatic","macrophage","macrophage_S2",0.998277384511106,0.294835885779914,-0.458083535420897
"GSM8121904_athero_human_11.txt.gz","Plate_180s_H23","symptomatic","macrophage","macrophage_S2",1.60217321673813,0.402467628558545,-0.4692259438733
"GSM8121904_athero_human_11.txt.gz","Plate_180s_H24","symptomatic","macrophage","macrophage_S2",0.976496645105667,0.225572023760618,-0.314306729535981
"GSM8121904_athero_human_11.txt.gz","Plate_180s_I01","symptomatic","macrophage","macrophage_S2",1.00294842607067,0.160178829310893,-0.613918665126153
"GSM8121904_athero_human_11.txt.gz","Plate_180s_I02","symptomatic","macrophage","macrophage_S2",0.738822267439163,0.367480205854568,-0.423563087202645
"GSM8121904_athero_human_11.txt.gz","Plate_180s_I03","symptomatic","macrophage","macrophage_S2",1.03821390919984,0.0829382434259898,-0.767499189172821
"GSM8121904_athero_human_11.txt.gz","Plate_180s_I04","symptomatic","macrophage","macrophage_S2",1.00551077695592,0.277238451804666,-0.480477066667548
"GSM8121904_athero_human_11.txt.gz","Plate_180s_I09","symptomatic","macrophage","macrophage_S2",0.898311094598733,0.0184284202928232,-0.526858394839368
"GSM8121904_athero_human_11.txt.gz","Plate_180s_I10","symptomatic","macrophage","macrophage_S2",0.943686979183376,-0.10587805150682,-0.498101128400945
"GSM8121904_athero_human_11.txt.gz","Plate_180s_I11","symptomatic","macrophage","macrophage_S2",0.754384058760216,0.0122407296900905,-0.604663076151615
"GSM8121904_athero_human_11.txt.gz","Plate_180s_I21","symptomatic","macrophage","macrophage_S2",0.668197348627685,0.0269334451954887,-0.51221055134368
"GSM8121904_athero_human_11.txt.gz","Plate_180s_J02","symptomatic","macrophage","macrophage_S2",0.823267207862837,-0.0549339589742055,-0.584755160052594
"GSM8121904_athero_human_11.txt.gz","Plate_180s_J07","symptomatic","macrophage","macrophage_S3",0.699359564592578,0.0201138819414824,-0.00423138500021869
"GSM8121904_athero_human_11.txt.gz","Plate_180s_J09","symptomatic","macrophage","macrophage_S3",0.862788836934636,-0.00352364029947671,-0.12686080245155
"GSM8121904_athero_human_11.txt.gz","Plate_180s_J11","symptomatic","macrophage","macrophage_S3",0.434234519826909,0.20472544750919,-0.338828520018063
"GSM8121904_athero_human_11.txt.gz","Plate_180s_J12","symptomatic","macrophage","macrophage_S3",0.95669535538995,0.336221186449803,-0.140643317416247
"GSM8121904_athero_human_11.txt.gz","Plate_180s_J13","symptomatic","macrophage","macrophage_S2",1.36520378177139,0.262150052308792,-0.526738748693475
"GSM8121904_athero_human_11.txt.gz","Plate_180s_J14","symptomatic","macrophage","macrophage_S3",0.728412071607679,-0.0261623815134166,-0.254083132715236
"GSM8121904_athero_human_11.txt.gz","Plate_180s_J15","symptomatic","macrophage","macrophage_S2",0.769634433735591,0.184683569471251,-0.417154512319655
"GSM8121904_athero_human_11.txt.gz","Plate_180s_J16","symptomatic","macrophage","macrophage_S2",1.23937094478575,0.158759221450897,-0.551022929972637
"GSM8121904_athero_human_11.txt.gz","Plate_180s_J18","symptomatic","macrophage","macrophage_S3",1.05749029035362,0.301409453426931,-0.245062840341322
"GSM8121904_athero_human_11.txt.gz","Plate_180s_J19","symptomatic","macrophage","macrophage_S3",1.08706297074995,0.136042104405357,-0.087389276915569
"GSM8121904_athero_human_11.txt.gz","Plate_180s_J20","symptomatic","macrophage","macrophage_S3",0.653030373114155,0.55443481294919,0.027321507286198
"GSM8121904_athero_human_11.txt.gz","Plate_180s_J21","symptomatic","macrophage","macrophage_S3",1.0218769136548,0.139763587700519,-0.0850197327242378
"GSM8121904_athero_human_11.txt.gz","Plate_180s_J22","symptomatic","macrophage","macrophage_S1",0.987761172646647,0.717385571035662,-0.491762016153849
"GSM8121904_athero_human_11.txt.gz","Plate_180s_K02","symptomatic","macrophage","macrophage_S2",0.694740163014979,0.448271556233556,-0.529358168757981
"GSM8121904_athero_human_11.txt.gz","Plate_180s_K05","symptomatic","macrophage","macrophage_S2",0.512968174086427,-0.28971974708343,-0.47735825265858
"GSM8121904_athero_human_11.txt.gz","Plate_180s_K06","symptomatic","macrophage","macrophage_S3",1.04715434461986,0.0293914438263042,-0.0729977343860208
"GSM8121904_athero_human_11.txt.gz","Plate_180s_K11","symptomatic","macrophage","macrophage_S2",1.23791172531687,-0.0969447997912911,-0.577066930016371
"GSM8121904_athero_human_11.txt.gz","Plate_180s_K12","symptomatic","macrophage","macrophage_S2",0.94607764331115,0.293335127656036,-0.461638942706047
"GSM8121904_athero_human_11.txt.gz","Plate_180s_K14","symptomatic","macrophage","macrophage_S2",1.28777228867682,0.149984125933928,-0.468929606550905
"GSM8121904_athero_human_11.txt.gz","Plate_180s_K16","symptomatic","macrophage","macrophage_S2",0.974197050123032,0.0122204279689047,-0.49911317149601
"GSM8121904_athero_human_11.txt.gz","Plate_180s_K17","symptomatic","macrophage","macrophage_S2",1.01686911875657,0.107549258098888,-0.357807005793716
"GSM8121904_athero_human_11.txt.gz","Plate_180s_K18","symptomatic","macrophage","macrophage_S3",0.861096668514419,-0.16135640136311,-0.255269020443773
"GSM8121904_athero_human_11.txt.gz","Plate_180s_K20","symptomatic","macrophage","macrophage_S2",1.39784411670126,0.204302742202052,-0.506531247164577
"GSM8121904_athero_human_11.txt.gz","Plate_180s_K21","symptomatic","macrophage","macrophage_S2",1.32954472970879,0.358651365880877,-0.47644539241438
"GSM8121904_athero_human_11.txt.gz","Plate_180s_K22","symptomatic","macrophage","macrophage_S3",0.665401421223853,0.352409022491611,-0.0809757171963711
"GSM8121904_athero_human_11.txt.gz","Plate_180s_K23","symptomatic","macrophage","macrophage_S3",0.807721654530234,0.159528003689012,-0.0453105235174699
"GSM8121904_athero_human_11.txt.gz","Plate_180s_L04","symptomatic","macrophage","macrophage_S2",0.931869891783091,0.328549398550432,-0.539662219743407
"GSM8121904_athero_human_11.txt.gz","Plate_180s_L05","symptomatic","macrophage","macrophage_S3",0.489608837293197,0.388872928504143,-0.177803682885851
"GSM8121904_athero_human_11.txt.gz","Plate_180s_L06","symptomatic","macrophage","macrophage_S2",0.810781404522298,0.21197974952548,-0.396502011616423
"GSM8121904_athero_human_11.txt.gz","Plate_180s_L08","symptomatic","macrophage","macrophage_S2",0.948385507150982,0.440457571336335,-0.36234000380018
"GSM8121904_athero_human_11.txt.gz","Plate_180s_L09","symptomatic","macrophage","macrophage_S2",1.04963754054813,0.307146852371024,-0.48869687104676
"GSM8121904_athero_human_11.txt.gz","Plate_180s_L13","symptomatic","macrophage","macrophage_S3",0.5537390004317,0.428391632202288,-0.0144191694611115
"GSM8121904_athero_human_11.txt.gz","Plate_180s_L14","symptomatic","macrophage","macrophage_S3",0.479711298951367,0.391342851775609,-0.243772647236082
"GSM8121904_athero_human_11.txt.gz","Plate_180s_L16","symptomatic","macrophage","macrophage_S2",0.608795222362573,0.113303750442249,-0.432262213046878
"GSM8121904_athero_human_11.txt.gz","Plate_180s_L17","symptomatic","macrophage","macrophage_S2",0.910538321120571,-0.0915202230874216,-0.265729631312957
"GSM8121904_athero_human_11.txt.gz","Plate_180s_L18","symptomatic","macrophage","macrophage_S1",1.01956247036877,0.586183569450585,-0.375089166013631
"GSM8121904_athero_human_11.txt.gz","Plate_180s_L19","symptomatic","macrophage","macrophage_S2",0.947088932374246,-0.0492549705049765,-0.435861072949867
"GSM8121904_athero_human_11.txt.gz","Plate_180s_L21","symptomatic","macrophage","macrophage_S2",1.2625540674532,0.376987104280208,-0.375386280662815
"GSM8121904_athero_human_11.txt.gz","Plate_180s_L22","symptomatic","macrophage","macrophage_S3",1.15798072549426,0.103956562874858,-0.126827689874315
"GSM8121904_athero_human_11.txt.gz","Plate_180s_L23","symptomatic","macrophage","macrophage_S3",0.735588750915959,0.33490092868487,-0.189798883666163
"GSM8121904_athero_human_11.txt.gz","Plate_180s_M01","symptomatic","macrophage","macrophage_S2",0.973743960774393,0.0123790344149437,-0.43273139913449
"GSM8121904_athero_human_11.txt.gz","Plate_180s_M02","symptomatic","macrophage","macrophage_S2",1.07399223389917,0.0755837855432834,-0.377242408173302
"GSM8121904_athero_human_11.txt.gz","Plate_180s_M04","symptomatic","macrophage","macrophage_S3",0.657726531498156,0.600887612554396,-0.105575500488017
"GSM8121904_athero_human_11.txt.gz","Plate_180s_M06","symptomatic","macrophage","macrophage_S2",0.670720807050903,0.26820390377092,-0.519770982498237
"GSM8121904_athero_human_11.txt.gz","Plate_180s_M08","symptomatic","macrophage","macrophage_S2",0.904144810549814,0.359058448704536,-0.336907127113822
"GSM8121904_athero_human_11.txt.gz","Plate_180s_M10","symptomatic","macrophage","macrophage_S2",1.12184573239011,-0.0433732345855475,-0.46855636932516
"GSM8121904_athero_human_11.txt.gz","Plate_180s_M11","symptomatic","macrophage","macrophage_S2",1.05384507078196,0.223214401867377,-0.496046156608941
"GSM8121904_athero_human_11.txt.gz","Plate_180s_M15","symptomatic","macrophage","macrophage_S3",0.634176952484365,0.270957057629271,0.361805395619012
"GSM8121904_athero_human_11.txt.gz","Plate_180s_M16","symptomatic","macrophage","macrophage_S2",1.20687053646942,0.0856202857627333,-0.374812199162156
"GSM8121904_athero_human_11.txt.gz","Plate_180s_M17","symptomatic","macrophage","macrophage_S3",0.801923533627872,0.289175645102468,-0.0905335136423047
"GSM8121904_athero_human_11.txt.gz","Plate_180s_M20","symptomatic","macrophage","macrophage_S3",1.12820245891163,0.540535621589533,-0.0310877960281268
"GSM8121904_athero_human_11.txt.gz","Plate_180s_M21","symptomatic","macrophage","macrophage_S2",1.50907316838731,0.05404450164797,-0.394018549653582
"GSM8121904_athero_human_11.txt.gz","Plate_180s_M22","symptomatic","macrophage","macrophage_S2",1.01564596172731,0.0157472705452153,-0.315118776749163
"GSM8121904_athero_human_11.txt.gz","Plate_180s_M23","symptomatic","macrophage","macrophage_S1",0.571446150340769,0.744416652044101,-0.320582849527465
"GSM8121904_athero_human_11.txt.gz","Plate_180s_M24","symptomatic","macrophage","macrophage_S2",0.932729096199552,0.532695494894964,-0.393918601000472
"GSM8121904_athero_human_11.txt.gz","Plate_180s_N02","symptomatic","macrophage","macrophage_S2",0.888340965993785,-0.0938310112398242,-0.404408925232692
"GSM8121904_athero_human_11.txt.gz","Plate_180s_N03","symptomatic","macrophage","macrophage_S3",0.214949180695669,0.279843279793924,-0.319288485243067
"GSM8121904_athero_human_11.txt.gz","Plate_180s_N04","symptomatic","macrophage","macrophage_S2",1.27464340368333,0.257423456482486,-0.609175478321253
"GSM8121904_athero_human_11.txt.gz","Plate_180s_N05","symptomatic","macrophage","macrophage_S2",1.03925368784049,0.0218137177591654,-0.502169511730814
"GSM8121904_athero_human_11.txt.gz","Plate_180s_N07","symptomatic","macrophage","macrophage_S2",0.925326525091683,0.270854748093261,-0.595672754861206
"GSM8121904_athero_human_11.txt.gz","Plate_180s_N08","symptomatic","macrophage","macrophage_S2",0.862053912783113,0.436084498980589,-0.594019510957331
"GSM8121904_athero_human_11.txt.gz","Plate_180s_N09","symptomatic","macrophage","macrophage_S2",0.659820840464724,0.177931499655215,-0.344859862626807
"GSM8121904_athero_human_11.txt.gz","Plate_180s_N10","symptomatic","macrophage","macrophage_S2",1.04648533258406,0.373609886328263,-0.323157026738269
"GSM8121904_athero_human_11.txt.gz","Plate_180s_N11","symptomatic","macrophage","macrophage_S2",1.34245987901517,0.280734082662029,-0.652107751623776
"GSM8121904_athero_human_11.txt.gz","Plate_180s_N12","symptomatic","macrophage","macrophage_S2",1.14214350829998,0.101362404658721,-0.333186947464049
"GSM8121904_athero_human_11.txt.gz","Plate_180s_N13","symptomatic","macrophage","macrophage_S3",0.829789376922989,0.285120215894087,0.125988291026765
"GSM8121904_athero_human_11.txt.gz","Plate_180s_N14","symptomatic","macrophage","macrophage_S2",0.861684136053249,0.683306088027245,-0.520603974119509
"GSM8121904_athero_human_11.txt.gz","Plate_180s_N15","symptomatic","macrophage","macrophage_S2",0.939036462204731,0.201134283214417,-0.679744542457892
"GSM8121904_athero_human_11.txt.gz","Plate_180s_N16","symptomatic","macrophage","macrophage_S2",0.37960046578793,-0.107987391348,-0.493103576342116
"GSM8121904_athero_human_11.txt.gz","Plate_180s_N18","symptomatic","macrophage","macrophage_S1",0.826312907864214,0.994335304369608,-0.239629823981729
"GSM8121904_athero_human_11.txt.gz","Plate_180s_N19","symptomatic","macrophage","macrophage_S2",1.29125310736368,0.483170735896292,-0.607514678606405
"GSM8121904_athero_human_11.txt.gz","Plate_180s_N20","symptomatic","macrophage","macrophage_S2",0.994743439964341,0.209568748311979,-0.420419972116775
"GSM8121904_athero_human_11.txt.gz","Plate_180s_N21","symptomatic","macrophage","macrophage_S2",0.902155445422617,0.545120547250994,-0.69030349801922
"GSM8121904_athero_human_11.txt.gz","Plate_180s_N22","symptomatic","macrophage","macrophage_S2",1.04724056234997,0.0644954731302133,-0.543095051672054
"GSM8121904_athero_human_11.txt.gz","Plate_180s_N23","symptomatic","macrophage","macrophage_S2",1.05307970825018,0.198310866797731,-0.526812478011385
"GSM8121904_athero_human_11.txt.gz","Plate_180s_N24","symptomatic","macrophage","macrophage_S3",1.18136907908783,0.0321441875789656,0.043680268963363
"GSM8121904_athero_human_11.txt.gz","Plate_180s_O01","symptomatic","macrophage","macrophage_S3",0.749384803185996,0.169746200176276,-0.068894502885667
"GSM8121904_athero_human_11.txt.gz","Plate_180s_O02","symptomatic","macrophage","macrophage_S2",0.77616981378512,0.00207911310742997,-0.483354632329095
"GSM8121904_athero_human_11.txt.gz","Plate_180s_O04","symptomatic","macrophage","macrophage_S2",0.609107946805101,0.311061294091401,-0.398645882638201
"GSM8121904_athero_human_11.txt.gz","Plate_180s_O05","symptomatic","macrophage","macrophage_S2",0.770216543643346,0.191037058121037,-0.367557224681516
"GSM8121904_athero_human_11.txt.gz","Plate_180s_O06","symptomatic","macrophage","macrophage_S3",0.988104478770604,0.499982224904043,0.031395409016845
"GSM8121904_athero_human_11.txt.gz","Plate_180s_O07","symptomatic","macrophage","macrophage_S2",0.779041006643832,0.0958538712994592,-0.367706280739489
"GSM8121904_athero_human_11.txt.gz","Plate_180s_O08","symptomatic","macrophage","macrophage_S2",1.08996749351853,0.428618417310709,-0.452565735941621
"GSM8121904_athero_human_11.txt.gz","Plate_180s_O10","symptomatic","macrophage","macrophage_S2",0.660949723872316,0.0501910264750139,-0.538760348209349
"GSM8121904_athero_human_11.txt.gz","Plate_180s_O11","symptomatic","macrophage","macrophage_S1",0.885963263320117,0.746912551352756,-0.383428822310524
"GSM8121904_athero_human_11.txt.gz","Plate_180s_O14","symptomatic","macrophage","macrophage_S2",0.964618454221321,-0.0588297852090539,-0.456927251378435
"GSM8121904_athero_human_11.txt.gz","Plate_180s_O15","symptomatic","macrophage","macrophage_S2",1.14549937495661,0.123915836425452,-0.65038070521924
"GSM8121904_athero_human_11.txt.gz","Plate_180s_O16","symptomatic","macrophage","macrophage_S2",0.964750290802954,0.4935207849681,-0.550990654558737
"GSM8121904_athero_human_11.txt.gz","Plate_180s_O17","symptomatic","macrophage","macrophage_S3",0.723801033474896,0.414750086423183,-0.180768313453921
"GSM8121904_athero_human_11.txt.gz","Plate_180s_O18","symptomatic","macrophage","macrophage_S2",0.952901811356614,0.187354550951964,-0.536313883544244
"GSM8121904_athero_human_11.txt.gz","Plate_180s_O19","symptomatic","macrophage","macrophage_S2",0.996717431631737,-0.0313005844521638,-0.253725239360788
"GSM8121904_athero_human_11.txt.gz","Plate_180s_O20","symptomatic","macrophage","macrophage_S2",1.25094744563377,0.465061188308681,-0.460404028513077
"GSM8121904_athero_human_11.txt.gz","Plate_180s_O21","symptomatic","macrophage","macrophage_S2",1.21841585155967,0.210287560976673,-0.490529526364274
"GSM8121904_athero_human_11.txt.gz","Plate_180s_O23","symptomatic","macrophage","macrophage_S3",0.851314269103367,0.366870145440173,0.00363629124254075
"GSM8121904_athero_human_11.txt.gz","Plate_180s_O24","symptomatic","macrophage","macrophage_S2",1.15625159338197,-0.0969074430915725,-0.649715621262667
"GSM8121904_athero_human_11.txt.gz","Plate_180s_P01","symptomatic","macrophage","macrophage_S2",0.992791205512226,0.10570910609335,-0.430561978500473
"GSM8121904_athero_human_11.txt.gz","Plate_180s_P04","symptomatic","macrophage","macrophage_S2",0.954060271892419,0.432017571509271,-0.451653802195836
"GSM8121904_athero_human_11.txt.gz","Plate_180s_P05","symptomatic","macrophage","macrophage_S2",1.20105212183199,-0.446643995424135,-0.545906316437111
"GSM8121904_athero_human_11.txt.gz","Plate_180s_P06","symptomatic","macrophage","macrophage_S3",0.639422445255607,-0.0804585884957371,-0.146013240968103
"GSM8121904_athero_human_11.txt.gz","Plate_180s_P09","symptomatic","macrophage","macrophage_S2",1.16421204926809,0.108879184367609,-0.253972929965246
"GSM8121904_athero_human_11.txt.gz","Plate_180s_P11","symptomatic","macrophage","macrophage_S1",1.08211199049991,0.552214310560962,-0.286726298185352
"GSM8121904_athero_human_11.txt.gz","Plate_180s_P12","symptomatic","macrophage","macrophage_S3",1.02846628810868,0.206029459031559,-0.251731691142293
"GSM8121904_athero_human_11.txt.gz","Plate_180s_P13","symptomatic","macrophage","macrophage_S2",0.942651662275387,0.182946822523229,-0.341103707970301
"GSM8121904_athero_human_11.txt.gz","Plate_180s_P14","symptomatic","macrophage","macrophage_S2",0.788762171032257,-0.0725409763489103,-0.55649204675689
"GSM8121904_athero_human_11.txt.gz","Plate_180s_P15","symptomatic","macrophage","macrophage_S2",0.510750192090304,0.259505912418383,-0.481545950056477
"GSM8121904_athero_human_11.txt.gz","Plate_180s_P16","symptomatic","macrophage","macrophage_S2",0.972661148982069,0.48423594473891,-0.517210256609544
"GSM8121904_athero_human_11.txt.gz","Plate_180s_P18","symptomatic","macrophage","macrophage_S2",1.34463385445973,-0.0190928648001107,-0.600852710799285
"GSM8121904_athero_human_11.txt.gz","Plate_180s_P19","symptomatic","macrophage","macrophage_S2",1.06657402931809,0.311649140778486,-0.513702930526611
"GSM8121904_athero_human_11.txt.gz","Plate_180s_P20","symptomatic","macrophage","macrophage_S2",1.07593311284219,0.180817691177105,-0.286114905431199
"GSM8121904_athero_human_11.txt.gz","Plate_180s_P21","symptomatic","macrophage","macrophage_S2",0.621006695415998,0.264806698493062,-0.396390784922156
"GSM8121904_athero_human_11.txt.gz","Plate_180s_P22","symptomatic","macrophage","macrophage_S2",0.791416959737544,0.322153453344597,-0.498209700208708
"GSM8121905_athero_human_12.txt.gz","Plate_178s_D14","symptomatic","macrophage","macrophage_S3",0.896278627247478,0.11529234498228,0.22873006472935
"GSM8121905_athero_human_12.txt.gz","Plate_178s_J06","symptomatic","macrophage","macrophage_S3",0.621514474117433,0.854622032101816,0.110698342357302
"GSM8121905_athero_human_12.txt.gz","Plate_179s_A01","symptomatic","macrophage","macrophage_S2",0.866443949551533,0.484809628160714,-0.34111302755496
"GSM8121905_athero_human_12.txt.gz","Plate_179s_A04","symptomatic","macrophage","macrophage_S3",1.2793722620122,0.413691739218405,-0.101211272358313
"GSM8121905_athero_human_12.txt.gz","Plate_179s_A05","symptomatic","macrophage","macrophage_S2",0.961039515351229,0.121119361290766,-0.296748666881473
"GSM8121905_athero_human_12.txt.gz","Plate_179s_A06","symptomatic","macrophage","macrophage_S3",0.71049866401617,0.10228648407339,0.21196121296505
"GSM8121905_athero_human_12.txt.gz","Plate_179s_A07","symptomatic","macrophage","macrophage_S2",1.11828961357828,0.0356723467489071,-0.240928791261947
"GSM8121905_athero_human_12.txt.gz","Plate_179s_A08","symptomatic","macrophage","macrophage_S2",0.820593716576474,0.354944837584471,-0.602675018497627
"GSM8121905_athero_human_12.txt.gz","Plate_179s_A09","symptomatic","macrophage","macrophage_S2",0.788295707519297,0.303792543014735,-0.371133231285907
"GSM8121905_athero_human_12.txt.gz","Plate_179s_A10","symptomatic","macrophage","macrophage_S2",1.03940133962336,0.305806465192276,-0.541788759366814
"GSM8121905_athero_human_12.txt.gz","Plate_179s_A11","symptomatic","macrophage","macrophage_S2",0.806763846047313,0.181511118880301,-0.448771166579124
"GSM8121905_athero_human_12.txt.gz","Plate_179s_A12","symptomatic","macrophage","macrophage_S2",0.976336163241776,0.24432955746541,-0.619582003347347
"GSM8121905_athero_human_12.txt.gz","Plate_179s_A13","symptomatic","macrophage","macrophage_S2",1.00987871260529,-0.0328613909659286,-0.697202877484176
"GSM8121905_athero_human_12.txt.gz","Plate_179s_A14","symptomatic","macrophage","macrophage_S3",1.15166202048877,0.015453466818065,0.0172710356594758
"GSM8121905_athero_human_12.txt.gz","Plate_179s_A16","symptomatic","macrophage","macrophage_S2",0.939378696958363,-0.203064768671587,-0.586387521871199
"GSM8121905_athero_human_12.txt.gz","Plate_179s_A21","symptomatic","macrophage","macrophage_S3",0.744703893775994,0.340673725397586,-0.0245477450079859
"GSM8121905_athero_human_12.txt.gz","Plate_179s_A22","symptomatic","macrophage","macrophage_S2",1.18693553242628,0.121487542050571,-0.493983777693268
"GSM8121905_athero_human_12.txt.gz","Plate_179s_A23","symptomatic","macrophage","macrophage_S3",0.747006309702074,-0.297014876131828,-0.0641678508807908
"GSM8121905_athero_human_12.txt.gz","Plate_179s_B01","symptomatic","macrophage","macrophage_S2",1.16830786596691,0.507064701225481,-0.520196036818286
"GSM8121905_athero_human_12.txt.gz","Plate_179s_B04","symptomatic","macrophage","macrophage_S2",1.16778565882807,0.279426990428446,-0.806694488404518
"GSM8121905_athero_human_12.txt.gz","Plate_179s_B05","symptomatic","macrophage","macrophage_S2",1.1374231873209,0.0523849331660973,-0.625453043795381
"GSM8121905_athero_human_12.txt.gz","Plate_179s_B06","symptomatic","macrophage","macrophage_S2",1.36947309320627,0.168371476058878,-0.534699688654669
"GSM8121905_athero_human_12.txt.gz","Plate_179s_B08","symptomatic","macrophage","macrophage_S3",0.985441928766888,0.332516493563636,-0.212082262911317
"GSM8121905_athero_human_12.txt.gz","Plate_179s_B09","symptomatic","macrophage","macrophage_S3",0.756182179390407,0.0654236819534304,-0.164267504937759
"GSM8121905_athero_human_12.txt.gz","Plate_179s_B12","symptomatic","macrophage","macrophage_S2",1.38770911995371,0.0782809070017473,-0.619784303570481
"GSM8121905_athero_human_12.txt.gz","Plate_179s_B13","symptomatic","macrophage","macrophage_S2",1.06099255758344,0.349903990505419,-0.621327009854568
"GSM8121905_athero_human_12.txt.gz","Plate_179s_B18","symptomatic","macrophage","macrophage_S2",1.06972021420464,0.239270924182234,-0.502248713412716
"GSM8121905_athero_human_12.txt.gz","Plate_179s_B20","symptomatic","macrophage","macrophage_S2",1.23326638522388,0.0778435682502166,-0.485226087725287
"GSM8121905_athero_human_12.txt.gz","Plate_179s_B21","symptomatic","macrophage","macrophage_S2",0.961784931282256,0.351871035549643,-0.580945169647129
"GSM8121905_athero_human_12.txt.gz","Plate_179s_B23","symptomatic","macrophage","macrophage_S2",0.987448251148529,0.111749592593641,-0.561857082556715
"GSM8121905_athero_human_12.txt.gz","Plate_179s_C01","symptomatic","macrophage","macrophage_S2",0.98110435152789,0.369305544296575,-0.728945043686237
"GSM8121905_athero_human_12.txt.gz","Plate_179s_C09","symptomatic","macrophage","macrophage_S2",0.75448340805583,0.637496292530185,-0.625228596538728
"GSM8121905_athero_human_12.txt.gz","Plate_179s_C10","symptomatic","macrophage","macrophage_S2",1.27034403743582,0.115463010770065,-0.563102887189039
"GSM8121905_athero_human_12.txt.gz","Plate_179s_C11","symptomatic","macrophage","macrophage_S2",1.144047519515,0.154263417956128,-0.58427829239706
"GSM8121905_athero_human_12.txt.gz","Plate_179s_C13","symptomatic","macrophage","macrophage_S3",0.909704712028499,0.0478622660455682,-0.242104178129319
"GSM8121905_athero_human_12.txt.gz","Plate_179s_C14","symptomatic","macrophage","macrophage_S3",0.918452357535174,0.25772589264783,-0.102287639686659
"GSM8121905_athero_human_12.txt.gz","Plate_179s_C17","symptomatic","macrophage","macrophage_S2",1.18684799867986,0.239381251763361,-0.414071761103683
"GSM8121905_athero_human_12.txt.gz","Plate_179s_C20","symptomatic","macrophage","macrophage_S2",1.18959369940153,0.151947160071776,-0.643048210457992
"GSM8121905_athero_human_12.txt.gz","Plate_179s_C22","symptomatic","macrophage","macrophage_S2",1.1329902133485,0.0784818021857634,-0.683281513159738
"GSM8121905_athero_human_12.txt.gz","Plate_179s_C23","symptomatic","macrophage","macrophage_S3",0.714298172666354,0.0586438584774679,-0.279633340200973
"GSM8121905_athero_human_12.txt.gz","Plate_179s_C24","symptomatic","macrophage","macrophage_S2",1.21290360760412,0.275308928984689,-0.306217255846095
"GSM8121905_athero_human_12.txt.gz","Plate_179s_D05","symptomatic","macrophage","macrophage_S2",1.3382093041558,0.233904629649226,-0.265135516663432
"GSM8121905_athero_human_12.txt.gz","Plate_179s_D07","symptomatic","macrophage","macrophage_S2",1.09329778477673,0.341490530875719,-0.597250260010337
"GSM8121905_athero_human_12.txt.gz","Plate_179s_D10","symptomatic","macrophage","macrophage_S2",1.14104357178696,-0.0622853381522505,-0.568925403050265
"GSM8121905_athero_human_12.txt.gz","Plate_179s_D11","symptomatic","macrophage","macrophage_S3",0.789169493827512,0.276578041501443,0.402225148379996
"GSM8121905_athero_human_12.txt.gz","Plate_179s_D12","symptomatic","macrophage","macrophage_S3",0.875984740519799,-0.0934888496957542,0.0416469561052491
"GSM8121905_athero_human_12.txt.gz","Plate_179s_D13","symptomatic","macrophage","macrophage_S2",1.01199744527409,0.0164619150990708,-0.736334068173939
"GSM8121905_athero_human_12.txt.gz","Plate_179s_D14","symptomatic","macrophage","macrophage_S2",1.0762694138517,0.194599803804072,-0.512634657205941
"GSM8121905_athero_human_12.txt.gz","Plate_179s_D18","symptomatic","macrophage","macrophage_S2",0.797930777236026,0.189999353778316,-0.445369027045873
"GSM8121905_athero_human_12.txt.gz","Plate_179s_D19","symptomatic","macrophage","macrophage_S2",0.985739730935823,0.229721886764962,-0.527865349366319
"GSM8121905_athero_human_12.txt.gz","Plate_179s_D20","symptomatic","macrophage","macrophage_S2",1.18537676156427,0.252614583641922,-0.615161350453494
"GSM8121905_athero_human_12.txt.gz","Plate_179s_D22","symptomatic","macrophage","macrophage_S2",1.25296901511603,0.343523534208263,-0.55900349676401
"GSM8121905_athero_human_12.txt.gz","Plate_179s_D23","symptomatic","macrophage","macrophage_S3",0.626868734399283,0.173883642436503,-0.0352723854277085
"GSM8121905_athero_human_12.txt.gz","Plate_179s_D24","symptomatic","macrophage","macrophage_S2",1.06933694001834,0.0995656331897514,-0.374949297358262
"GSM8121905_athero_human_12.txt.gz","Plate_179s_E04","symptomatic","macrophage","macrophage_S2",1.04245568961523,0.185091969931328,-0.61370236765328
"GSM8121905_athero_human_12.txt.gz","Plate_179s_E05","symptomatic","macrophage","macrophage_S2",1.24724158389679,0.303900907782102,-0.506204709684516
"GSM8121905_athero_human_12.txt.gz","Plate_179s_E06","symptomatic","macrophage","macrophage_S3",1.39601506387889,-0.0672417792900311,-0.149673851835515
"GSM8121905_athero_human_12.txt.gz","Plate_179s_E07","symptomatic","macrophage","macrophage_S3",0.956708768636701,0.249667000685367,-0.183575040258439
"GSM8121905_athero_human_12.txt.gz","Plate_179s_E08","symptomatic","macrophage","macrophage_S3",0.760353330187407,-0.0212627002298178,-0.0523464598914255
"GSM8121905_athero_human_12.txt.gz","Plate_179s_E09","symptomatic","macrophage","macrophage_S2",1.10260679789913,0.229391622500435,-0.521154240727625
"GSM8121905_athero_human_12.txt.gz","Plate_179s_E10","symptomatic","macrophage","macrophage_S3",0.802678899239254,0.263135336278039,-0.0104889804209234
"GSM8121905_athero_human_12.txt.gz","Plate_179s_E11","symptomatic","macrophage","macrophage_S3",0.9184602205146,0.141867813184179,-0.135358809089353
"GSM8121905_athero_human_12.txt.gz","Plate_179s_E12","symptomatic","macrophage","macrophage_S2",1.17193541310825,0.134677171886514,-0.521253952474242
"GSM8121905_athero_human_12.txt.gz","Plate_179s_E14","symptomatic","macrophage","macrophage_S2",1.36460619120861,-0.0760392021163375,-0.427276165718496
"GSM8121905_athero_human_12.txt.gz","Plate_179s_E15","symptomatic","macrophage","macrophage_S2",1.05760394954053,-0.171012030183576,-0.654007568787703
"GSM8121905_athero_human_12.txt.gz","Plate_179s_E16","symptomatic","macrophage","macrophage_S2",0.944898360232731,0.164709832429118,-0.664119644772427
"GSM8121905_athero_human_12.txt.gz","Plate_179s_E17","symptomatic","macrophage","macrophage_S3",1.20957790597701,0.323159874417202,-0.220426569947902
"GSM8121905_athero_human_12.txt.gz","Plate_179s_E18","symptomatic","macrophage","macrophage_S2",1.24321744810103,-0.0176935794417279,-0.47971924039201
"GSM8121905_athero_human_12.txt.gz","Plate_179s_E19","symptomatic","macrophage","macrophage_S2",1.0277100776851,-0.210549839537194,-0.440004404718513
"GSM8121905_athero_human_12.txt.gz","Plate_179s_E20","symptomatic","macrophage","macrophage_S3",0.521739696822689,-0.0339286963849065,-0.0288025261237402
"GSM8121905_athero_human_12.txt.gz","Plate_179s_E22","symptomatic","macrophage","macrophage_S2",1.28815041777819,-0.0616794940635234,-0.538151519373885
"GSM8121905_athero_human_12.txt.gz","Plate_179s_E23","symptomatic","macrophage","macrophage_S2",1.04189933355205,0.57819828161501,-0.521900170576612
"GSM8121905_athero_human_12.txt.gz","Plate_179s_F04","symptomatic","macrophage","macrophage_S3",0.739551337151692,0.28585252781591,-0.3133288634048
"GSM8121905_athero_human_12.txt.gz","Plate_179s_F05","symptomatic","macrophage","macrophage_S2",1.21428412797923,0.338966379591954,-0.456454692498938
"GSM8121905_athero_human_12.txt.gz","Plate_179s_F06","symptomatic","macrophage","macrophage_S3",1.43630257861265,0.166507683975737,0.0774976291062867
"GSM8121905_athero_human_12.txt.gz","Plate_179s_F10","symptomatic","macrophage","macrophage_S2",1.13786206626914,0.378539388539782,-0.270672234089902
"GSM8121905_athero_human_12.txt.gz","Plate_179s_F13","symptomatic","macrophage","macrophage_S3",0.984198035255972,-0.0104158265471649,-0.0516488253876766
"GSM8121905_athero_human_12.txt.gz","Plate_179s_F14","symptomatic","macrophage","macrophage_S2",1.0302597338857,-0.147630812461412,-0.447687879007324
"GSM8121905_athero_human_12.txt.gz","Plate_179s_F17","symptomatic","macrophage","macrophage_S3",0.853022641304452,0.316407443713073,-0.15455526691647
"GSM8121905_athero_human_12.txt.gz","Plate_179s_F20","symptomatic","macrophage","macrophage_S3",1.11394959772927,0.0735894414812808,-0.0626264327131346
"GSM8121905_athero_human_12.txt.gz","Plate_179s_F22","symptomatic","macrophage","macrophage_S2",1.07682301955139,0.0230108423700561,-0.370164432828633
"GSM8121905_athero_human_12.txt.gz","Plate_179s_F23","symptomatic","macrophage","macrophage_S2",1.05130395594045,0.0648537528954391,-0.427562388599571
"GSM8121905_athero_human_12.txt.gz","Plate_179s_G01","symptomatic","macrophage","macrophage_S2",0.823023913390505,0.431083071156058,-0.472538965428792
"GSM8121905_athero_human_12.txt.gz","Plate_179s_G05","symptomatic","macrophage","macrophage_S3",0.851255241503217,0.170392264398865,0.467908506828233
"GSM8121905_athero_human_12.txt.gz","Plate_179s_G06","symptomatic","macrophage","macrophage_S3",0.789975943920863,0.219402943849505,-0.301863654677464
"GSM8121905_athero_human_12.txt.gz","Plate_179s_G07","symptomatic","macrophage","macrophage_S2",0.756943952109498,-0.0265482591514059,-0.471969179901672
"GSM8121905_athero_human_12.txt.gz","Plate_179s_G09","symptomatic","macrophage","macrophage_S1",0.884288909836865,0.852435534936654,-0.236988166417006
"GSM8121905_athero_human_12.txt.gz","Plate_179s_G11","symptomatic","macrophage","macrophage_S2",1.14360932001015,0.631501112409208,-0.571091531466534
"GSM8121905_athero_human_12.txt.gz","Plate_179s_G12","symptomatic","macrophage","macrophage_S2",1.046053255919,0.16090428077544,-0.360216259816875
"GSM8121905_athero_human_12.txt.gz","Plate_179s_G13","symptomatic","macrophage","macrophage_S2",1.14468510140265,0.0421171582774042,-0.580777503430693
"GSM8121905_athero_human_12.txt.gz","Plate_179s_G17","symptomatic","macrophage","macrophage_S2",1.38163826687899,0.123332836518165,-0.484065715058166
"GSM8121905_athero_human_12.txt.gz","Plate_179s_G18","symptomatic","macrophage","macrophage_S2",0.762394888872841,0.442849362225504,-0.554422304152552
"GSM8121905_athero_human_12.txt.gz","Plate_179s_G19","symptomatic","macrophage","macrophage_S2",1.01545370517507,0.515951667401492,-0.687916558858337
"GSM8121905_athero_human_12.txt.gz","Plate_179s_G20","symptomatic","macrophage","macrophage_S2",1.40432538351098,0.242133220570925,-0.714218195074524
"GSM8121905_athero_human_12.txt.gz","Plate_179s_G21","symptomatic","macrophage","macrophage_S2",1.23227263145975,0.423755134440319,-0.729990886285276
"GSM8121905_athero_human_12.txt.gz","Plate_179s_G22","symptomatic","macrophage","macrophage_S2",1.27673585746394,0.112662098030691,-0.498547512834636
"GSM8121905_athero_human_12.txt.gz","Plate_179s_G23","symptomatic","macrophage","macrophage_S2",0.955173708819823,0.0242749317103511,-0.503384593264958
"GSM8121905_athero_human_12.txt.gz","Plate_179s_G24","symptomatic","macrophage","macrophage_S2",1.34878967652403,0.0275558452223513,-0.700878946520588
"GSM8121905_athero_human_12.txt.gz","Plate_179s_H01","symptomatic","macrophage","macrophage_S2",0.739698173733911,0.250496154207852,-0.636018578748107
"GSM8121905_athero_human_12.txt.gz","Plate_179s_H03","symptomatic","macrophage","macrophage_S3",0.998634053850285,0.497493259986935,0.0161890101241709
"GSM8121905_athero_human_12.txt.gz","Plate_179s_H04","symptomatic","macrophage","macrophage_S3",1.21533276189407,0.157461884292178,-0.201266443436866
"GSM8121905_athero_human_12.txt.gz","Plate_179s_H05","symptomatic","macrophage","macrophage_S2",1.32065282267365,0.589567122226505,-0.697698627809914
"GSM8121905_athero_human_12.txt.gz","Plate_179s_H06","symptomatic","macrophage","macrophage_S3",0.908297441524519,0.29360467262083,-0.145797820895902
"GSM8121905_athero_human_12.txt.gz","Plate_179s_H07","symptomatic","macrophage","macrophage_S2",0.978702016192525,0.0370025217807851,-0.38477452807579
"GSM8121905_athero_human_12.txt.gz","Plate_179s_H08","symptomatic","macrophage","macrophage_S1",1.33419328670454,0.713843859729656,-0.544229295788958
"GSM8121905_athero_human_12.txt.gz","Plate_179s_H09","symptomatic","macrophage","macrophage_S2",1.01179246048925,0.199553477035314,-0.685643868642296
"GSM8121905_athero_human_12.txt.gz","Plate_179s_H10","symptomatic","macrophage","macrophage_S2",0.96563374796133,-0.247148708681801,-0.319482962138772
"GSM8121905_athero_human_12.txt.gz","Plate_179s_H12","symptomatic","macrophage","macrophage_S2",0.59363024700142,0.516558872579102,-0.747531824212705
"GSM8121905_athero_human_12.txt.gz","Plate_179s_H13","symptomatic","macrophage","macrophage_S2",1.33074752259918,0.202758809062174,-0.760695245974819
"GSM8121905_athero_human_12.txt.gz","Plate_179s_H15","symptomatic","macrophage","macrophage_S2",1.22163272089062,-0.0786083140703703,-0.598365648652286
"GSM8121905_athero_human_12.txt.gz","Plate_179s_H16","symptomatic","macrophage","macrophage_S2",1.27471180736034,0.16336065125485,-0.483541464668639
"GSM8121905_athero_human_12.txt.gz","Plate_179s_H18","symptomatic","macrophage","macrophage_S2",1.27483307166538,0.031229367126372,-0.580979725298207
"GSM8121905_athero_human_12.txt.gz","Plate_179s_H20","symptomatic","macrophage","macrophage_S2",0.869459723606861,0.45025660307458,-0.446089587932428
"GSM8121905_athero_human_12.txt.gz","Plate_179s_H23","symptomatic","macrophage","macrophage_S3",0.911498646720964,0.0604700831213981,0.28492511370235
"GSM8121905_athero_human_12.txt.gz","Plate_179s_I05","symptomatic","macrophage","macrophage_S2",0.803756534566426,0.251095707397896,-0.668114443566113
"GSM8121905_athero_human_12.txt.gz","Plate_179s_I06","symptomatic","macrophage","macrophage_S2",1.2241566167838,-0.0648254959380303,-0.71573534622803
"GSM8121905_athero_human_12.txt.gz","Plate_179s_I09","symptomatic","macrophage","macrophage_S2",1.02169018051679,-0.00294917404008973,-0.331978552371119
"GSM8121905_athero_human_12.txt.gz","Plate_179s_I11","symptomatic","macrophage","macrophage_S3",0.92097800245477,0.259049648853629,-0.0878852543832571
"GSM8121905_athero_human_12.txt.gz","Plate_179s_I12","symptomatic","macrophage","macrophage_S3",1.24827013633453,0.275116528415059,-0.0569911404211462
"GSM8121905_athero_human_12.txt.gz","Plate_179s_I15","symptomatic","macrophage","macrophage_S2",1.50179432033317,0.0459903348072466,-0.640860822889596
"GSM8121905_athero_human_12.txt.gz","Plate_179s_I17","symptomatic","macrophage","macrophage_S2",0.484478943001013,0.171674605906212,-0.672920659908037
"GSM8121905_athero_human_12.txt.gz","Plate_179s_I18","symptomatic","macrophage","macrophage_S2",1.10629989308328,0.393068434553654,-0.551201372751642
"GSM8121905_athero_human_12.txt.gz","Plate_179s_I21","symptomatic","macrophage","macrophage_S3",0.829203944738459,0.0494465952513375,0.108096408436409
"GSM8121905_athero_human_12.txt.gz","Plate_179s_I22","symptomatic","macrophage","macrophage_S2",1.15453975959383,-0.100220450664336,-0.689037679355499
"GSM8121905_athero_human_12.txt.gz","Plate_179s_I23","symptomatic","macrophage","macrophage_S2",0.956769022575299,0.0213344297841116,-0.742734194944349
"GSM8121905_athero_human_12.txt.gz","Plate_179s_I24","symptomatic","macrophage","macrophage_S2",1.2038581475294,0.349926159079381,-0.672070780666221
"GSM8121905_athero_human_12.txt.gz","Plate_179s_J03","symptomatic","macrophage","macrophage_S2",0.831636855062606,-0.0634239327041027,-0.755642061420068
"GSM8121905_athero_human_12.txt.gz","Plate_179s_J05","symptomatic","macrophage","macrophage_S2",1.14532237735104,0.435998882545318,-0.486674822640426
"GSM8121905_athero_human_12.txt.gz","Plate_179s_J06","symptomatic","macrophage","macrophage_S3",1.04011114143524,-0.0613399329482871,-0.159011042450572
"GSM8121905_athero_human_12.txt.gz","Plate_179s_J08","symptomatic","macrophage","macrophage_S2",1.50429482447256,0.14034009816111,-0.642736903189497
"GSM8121905_athero_human_12.txt.gz","Plate_179s_J09","symptomatic","macrophage","macrophage_S3",1.0005268461277,0.339755730558106,0.142653501787834
"GSM8121905_athero_human_12.txt.gz","Plate_179s_J10","symptomatic","macrophage","macrophage_S2",1.35302059522156,0.388812512263807,-0.348958840177526
"GSM8121905_athero_human_12.txt.gz","Plate_179s_J11","symptomatic","macrophage","macrophage_S2",1.40253421409037,0.275935802687156,-0.465479345519743
"GSM8121905_athero_human_12.txt.gz","Plate_179s_J14","symptomatic","macrophage","macrophage_S3",1.16504330968596,0.0682210058084408,0.623716543353005
"GSM8121905_athero_human_12.txt.gz","Plate_179s_J15","symptomatic","macrophage","macrophage_S2",1.2934493888126,0.108952635665161,-0.718956269472358
"GSM8121905_athero_human_12.txt.gz","Plate_179s_J16","symptomatic","macrophage","macrophage_S3",0.947871458505132,0.173607517951223,-0.122295363191426
"GSM8121905_athero_human_12.txt.gz","Plate_179s_J17","symptomatic","macrophage","macrophage_S2",0.932340064629549,0.538153537795613,-0.644264815455042
"GSM8121905_athero_human_12.txt.gz","Plate_179s_J18","symptomatic","macrophage","macrophage_S3",1.18961825879789,0.253747132774015,0.0958045904222394
"GSM8121905_athero_human_12.txt.gz","Plate_179s_J22","symptomatic","macrophage","macrophage_S2",1.19996812295906,0.0807483488948762,-0.535624383691249
"GSM8121905_athero_human_12.txt.gz","Plate_179s_J23","symptomatic","macrophage","macrophage_S2",1.14916441121931,-0.122842886348389,-0.228337508857525
"GSM8121905_athero_human_12.txt.gz","Plate_179s_K11","symptomatic","macrophage","macrophage_S3",0.727754002437751,0.12991947802262,0.392847911556932
"GSM8121905_athero_human_12.txt.gz","Plate_179s_L01","symptomatic","macrophage","macrophage_S2",1.04901593586554,0.29106870597572,-0.601876238833997
"GSM8121905_athero_human_12.txt.gz","Plate_179s_L02","symptomatic","macrophage","macrophage_S3",0.986829608335315,0.173826881536894,-0.154740107032391
"GSM8121905_athero_human_12.txt.gz","Plate_179s_L04","symptomatic","macrophage","macrophage_S3",1.03848318991999,0.442116123768484,0.0295894725956259
"GSM8121905_athero_human_12.txt.gz","Plate_179s_L05","symptomatic","macrophage","macrophage_S2",0.993765676522989,0.265099124586357,-0.652423186451545
"GSM8121905_athero_human_12.txt.gz","Plate_179s_L06","symptomatic","macrophage","macrophage_S2",1.40979723466823,0.0665445821961888,-0.614836504267167
"GSM8121905_athero_human_12.txt.gz","Plate_179s_L08","symptomatic","macrophage","macrophage_S2",0.735422679605376,0.303500248759086,-0.566640951537798
"GSM8121905_athero_human_12.txt.gz","Plate_179s_L09","symptomatic","macrophage","macrophage_S2",0.890822819723569,0.406200682324776,-0.65146322572866
"GSM8121905_athero_human_12.txt.gz","Plate_179s_L10","symptomatic","macrophage","macrophage_S2",1.24500874831745,0.459660209459036,-0.556027711007452
"GSM8121905_athero_human_12.txt.gz","Plate_179s_L11","symptomatic","macrophage","macrophage_S3",0.660723907228551,0.0281199228790645,-0.0743994141997558
"GSM8121905_athero_human_12.txt.gz","Plate_179s_L12","symptomatic","macrophage","macrophage_S2",0.707137523128684,0.187816583676306,-0.727825724900498
"GSM8121905_athero_human_12.txt.gz","Plate_179s_L13","symptomatic","macrophage","macrophage_S2",0.973354554887034,0.202345700605686,-0.589852013006645
"GSM8121905_athero_human_12.txt.gz","Plate_179s_L16","symptomatic","macrophage","macrophage_S3",1.06102560346977,0.0825401265654797,-0.00412373298713707
"GSM8121905_athero_human_12.txt.gz","Plate_179s_L17","symptomatic","macrophage","macrophage_S3",0.441703739038475,0.523348329570441,0.0738421720586642
"GSM8121905_athero_human_12.txt.gz","Plate_179s_L19","symptomatic","macrophage","macrophage_S3",0.725378452478307,0.248510823363341,0.248023545011517
"GSM8121905_athero_human_12.txt.gz","Plate_179s_L23","symptomatic","macrophage","macrophage_S1",0.759744157852572,0.820900585995186,-0.314301488140077
"GSM8121905_athero_human_12.txt.gz","Plate_179s_L24","symptomatic","macrophage","macrophage_S2",1.13580739684634,0.407018669168713,-0.623898600470168
"GSM8121905_athero_human_12.txt.gz","Plate_179s_M01","symptomatic","macrophage","macrophage_S2",0.878029779837661,0.56700507041129,-0.346338920402705
"GSM8121905_athero_human_12.txt.gz","Plate_179s_M04","symptomatic","macrophage","macrophage_S2",1.22964271240502,0.280250351049383,-0.462508311389844
"GSM8121905_athero_human_12.txt.gz","Plate_179s_M06","symptomatic","macrophage","macrophage_S2",0.890296180063932,0.624440364303342,-0.478308502814807
"GSM8121905_athero_human_12.txt.gz","Plate_179s_M08","symptomatic","macrophage","macrophage_S2",1.09514449337689,0.0640441061781329,-0.354392344428941
"GSM8121905_athero_human_12.txt.gz","Plate_179s_M10","symptomatic","macrophage","macrophage_S2",1.12041421082474,0.0670606694733584,-0.317310074889046
"GSM8121905_athero_human_12.txt.gz","Plate_179s_M11","symptomatic","macrophage","macrophage_S2",1.08741323335391,0.303746634621732,-0.593131100219749
"GSM8121905_athero_human_12.txt.gz","Plate_179s_M12","symptomatic","macrophage","macrophage_S2",0.978986966804234,0.179887142030444,-0.743528103562061
"GSM8121905_athero_human_12.txt.gz","Plate_179s_M13","symptomatic","macrophage","macrophage_S2",1.00344960877193,0.215434589453125,-0.659079600751284
"GSM8121905_athero_human_12.txt.gz","Plate_179s_M15","symptomatic","macrophage","macrophage_S2",0.754959933729977,0.170387445069777,-0.725184281514566
"GSM8121905_athero_human_12.txt.gz","Plate_179s_M16","symptomatic","macrophage","macrophage_S2",0.977192711421931,0.0589299842120182,-0.694165329063155
"GSM8121905_athero_human_12.txt.gz","Plate_179s_M20","symptomatic","macrophage","macrophage_S2",1.19284073076514,0.493132265034587,-0.697219085216188
"GSM8121905_athero_human_12.txt.gz","Plate_179s_M21","symptomatic","macrophage","macrophage_S2",1.04712445804735,0.318985545772379,-0.614207657623622
"GSM8121905_athero_human_12.txt.gz","Plate_179s_M22","symptomatic","macrophage","macrophage_S2",0.433403102919797,0.347513528502856,-0.603569730141095
"GSM8121905_athero_human_12.txt.gz","Plate_179s_M23","symptomatic","macrophage","macrophage_S2",0.939560913537227,0.0559972480216543,-0.43598682766722
"GSM8121905_athero_human_12.txt.gz","Plate_179s_N01","symptomatic","macrophage","macrophage_S2",0.718462757673864,-0.031112386033078,-0.61537833849842
"GSM8121905_athero_human_12.txt.gz","Plate_179s_N02","symptomatic","macrophage","macrophage_S2",1.04980702015667,0.350348547819351,-0.767869274055643
"GSM8121905_athero_human_12.txt.gz","Plate_179s_N04","symptomatic","macrophage","macrophage_S2",0.955539713156039,-0.310791392828555,-0.453750505451982
"GSM8121905_athero_human_12.txt.gz","Plate_179s_N05","symptomatic","macrophage","macrophage_S2",0.922082310263379,0.218148929335378,-0.596122278025557
"GSM8121905_athero_human_12.txt.gz","Plate_179s_N06","symptomatic","macrophage","macrophage_S2",0.995312996502336,0.157542453118854,-0.667194898116104
"GSM8121905_athero_human_12.txt.gz","Plate_179s_N07","symptomatic","macrophage","macrophage_S2",1.22616429055175,0.0492915214714634,-0.531375013715288
"GSM8121905_athero_human_12.txt.gz","Plate_179s_N08","symptomatic","macrophage","macrophage_S2",1.16811174027312,-0.0785956265545894,-0.652124367002937
"GSM8121905_athero_human_12.txt.gz","Plate_179s_N09","symptomatic","macrophage","macrophage_S2",1.38297667810011,0.305110570773422,-0.246277098184271
"GSM8121905_athero_human_12.txt.gz","Plate_179s_N11","symptomatic","macrophage","macrophage_S2",1.19523605734912,-0.0717945008016051,-0.510350616578202
"GSM8121905_athero_human_12.txt.gz","Plate_179s_N13","symptomatic","macrophage","macrophage_S2",1.08476427123146,0.21515615530698,-0.616912066674804
"GSM8121905_athero_human_12.txt.gz","Plate_179s_N14","symptomatic","macrophage","macrophage_S2",1.41657322054989,0.18573738113883,-0.345603342947604
"GSM8121905_athero_human_12.txt.gz","Plate_179s_N16","symptomatic","macrophage","macrophage_S2",0.631597705921406,-0.0882072318703311,-0.60331400956327
"GSM8121905_athero_human_12.txt.gz","Plate_179s_N17","symptomatic","macrophage","macrophage_S3",0.77036263584527,0.260845566544061,-0.0447493717463076
"GSM8121905_athero_human_12.txt.gz","Plate_179s_N19","symptomatic","macrophage","macrophage_S2",1.34008575822497,0.106634666259726,-0.572114673652865
"GSM8121905_athero_human_12.txt.gz","Plate_179s_N20","symptomatic","macrophage","macrophage_S2",0.830683257355262,0.305141919954346,-0.695314600749507
"GSM8121905_athero_human_12.txt.gz","Plate_179s_N22","symptomatic","macrophage","macrophage_S3",0.183942725166806,0.0124265152763968,-0.277203110468988
"GSM8121905_athero_human_12.txt.gz","Plate_179s_N23","symptomatic","macrophage","macrophage_S2",1.12559734808918,0.0487123922108258,-0.630131199177443
"GSM8121905_athero_human_12.txt.gz","Plate_179s_N24","symptomatic","macrophage","macrophage_S2",0.982275292007771,0.424920033049623,-0.617793568818043
"GSM8121905_athero_human_12.txt.gz","Plate_179s_O01","symptomatic","macrophage","macrophage_S2",1.06217614338414,0.343836236619926,-0.699527514441445
"GSM8121905_athero_human_12.txt.gz","Plate_179s_O07","symptomatic","macrophage","macrophage_S2",0.911753217025609,0.247471391754533,-0.549878974032777
"GSM8121905_athero_human_12.txt.gz","Plate_179s_O08","symptomatic","macrophage","macrophage_S2",1.09148712793253,-0.0829524094909148,-0.722113244024544
"GSM8121905_athero_human_12.txt.gz","Plate_179s_O10","symptomatic","macrophage","macrophage_S2",0.660704609604784,0.226926585260152,-0.746883241345201
"GSM8121905_athero_human_12.txt.gz","Plate_179s_O11","symptomatic","macrophage","macrophage_S2",0.598571305529211,-0.265672049892003,-0.527824861505572
"GSM8121905_athero_human_12.txt.gz","Plate_179s_O12","symptomatic","macrophage","macrophage_S2",0.684979914278494,0.359059466694569,-0.522233944238004
"GSM8121905_athero_human_12.txt.gz","Plate_179s_O13","symptomatic","macrophage","macrophage_S2",1.173246323869,0.20119463862433,-0.641856076149931
"GSM8121905_athero_human_12.txt.gz","Plate_179s_O14","symptomatic","macrophage","macrophage_S3",0.978617130620847,0.0896845934529463,-0.112360336886996
"GSM8121905_athero_human_12.txt.gz","Plate_179s_O15","symptomatic","macrophage","macrophage_S2",1.05214329144441,0.402573330531976,-0.772781401658932
"GSM8121905_athero_human_12.txt.gz","Plate_179s_O18","symptomatic","macrophage","macrophage_S3",0.689420766748609,0.24661498904221,-0.213247036748954
"GSM8121905_athero_human_12.txt.gz","Plate_179s_O21","symptomatic","macrophage","macrophage_S2",0.969856558952753,0.324714255762798,-0.545389573022109
"GSM8121905_athero_human_12.txt.gz","Plate_179s_O24","symptomatic","macrophage","macrophage_S2",0.651566909063388,0.218788215823194,-0.524798261026147
"GSM8121905_athero_human_12.txt.gz","Plate_179s_P01","symptomatic","macrophage","macrophage_S2",0.991091108311439,0.158739589502172,-0.380283610137679
"GSM8121905_athero_human_12.txt.gz","Plate_179s_P02","symptomatic","macrophage","macrophage_S3",0.786817172794646,0.44797048807673,-0.0554006780317943
"GSM8121905_athero_human_12.txt.gz","Plate_179s_P04","symptomatic","macrophage","macrophage_S2",0.837810139073624,0.182921895040732,-0.530428993413834
"GSM8121905_athero_human_12.txt.gz","Plate_179s_P07","symptomatic","macrophage","macrophage_S2",1.38144921898506,0.0665025528038772,-0.666631173619645
"GSM8121905_athero_human_12.txt.gz","Plate_179s_P09","symptomatic","macrophage","macrophage_S3",0.672945759204249,0.415783551903766,-0.158859052681302
"GSM8121905_athero_human_12.txt.gz","Plate_179s_P10","symptomatic","macrophage","macrophage_S2",0.635858334240606,0.148574589081762,-0.610594102172687
"GSM8121905_athero_human_12.txt.gz","Plate_179s_P12","symptomatic","macrophage","macrophage_S2",0.644992675105083,0.158935172108759,-0.661083814610501
"GSM8121905_athero_human_12.txt.gz","Plate_179s_P13","symptomatic","macrophage","macrophage_S2",0.751345970033167,-0.209766158969647,-0.528707342324371
"GSM8121905_athero_human_12.txt.gz","Plate_179s_P14","symptomatic","macrophage","macrophage_S2",0.651894283941525,0.26871332586465,-0.444685022375898
"GSM8121905_athero_human_12.txt.gz","Plate_179s_P15","symptomatic","macrophage","macrophage_S2",1.11915082271031,0.547219411358145,-0.38413297487263
"GSM8121905_athero_human_12.txt.gz","Plate_179s_P16","symptomatic","macrophage","macrophage_S1",1.2009805335259,0.466018014922667,-0.25328064211096
"GSM8121905_athero_human_12.txt.gz","Plate_179s_P18","symptomatic","macrophage","macrophage_S2",0.546412637182354,0.599319378628372,-0.633994845190946
"GSM8121905_athero_human_12.txt.gz","Plate_179s_P19","symptomatic","macrophage","macrophage_S2",1.06935797138644,0.409365884694136,-0.288585930144909
"GSM8121905_athero_human_12.txt.gz","Plate_179s_P20","symptomatic","macrophage","macrophage_S2",0.715183757974599,0.20250478252471,-0.360082731182343
"GSM8121905_athero_human_12.txt.gz","Plate_179s_P21","symptomatic","macrophage","macrophage_S2",1.21898218163296,0.27691371536599,-0.463989447768338
"GSM8121906_athero_human_13.txt.gz","Plate_588s_A22","asymptomatic","macrophage","macrophage_S2",1.24897949694993,-0.103151371505161,-0.304771089215489
"GSM8121906_athero_human_13.txt.gz","Plate_588s_B03","asymptomatic","macrophage","macrophage_S1",1.83935084465835,0.430977585114759,-0.274138728023211
"GSM8121906_athero_human_13.txt.gz","Plate_588s_B13","asymptomatic","macrophage","macrophage_S1",1.4684073826855,0.649874181600895,-0.40606989367401
"GSM8121906_athero_human_13.txt.gz","Plate_588s_C03","asymptomatic","macrophage","macrophage_S2",2.13484247064824,0.236691683364636,-0.550345450923981
"GSM8121906_athero_human_13.txt.gz","Plate_588s_C10","asymptomatic","macrophage","macrophage_S2",2.2524224262266,0.253171911262931,-0.484830836308027
"GSM8121906_athero_human_13.txt.gz","Plate_588s_F16","asymptomatic","macrophage","macrophage_S2",1.34539800788068,0.114942541134852,-0.372368741191781
"GSM8121906_athero_human_13.txt.gz","Plate_588s_G08","asymptomatic","macrophage","macrophage_S1",1.67758591767829,0.612139450311859,-0.142930616270994
"GSM8121906_athero_human_13.txt.gz","Plate_588s_G22","asymptomatic","macrophage","macrophage_S2",2.11796500211074,-0.016055743153508,-0.276859031892241
"GSM8121906_athero_human_13.txt.gz","Plate_588s_H02","asymptomatic","macrophage","macrophage_S1",0.709102592655258,1.31219820773631,-0.108613737179657
"GSM8121906_athero_human_13.txt.gz","Plate_588s_H05","asymptomatic","macrophage","macrophage_S1",1.31399728066397,0.838326867034949,0.293553074723464
"GSM8121906_athero_human_13.txt.gz","Plate_588s_I02","asymptomatic","macrophage","macrophage_S2",1.56234378252311,0.168949247924826,-0.496264247527247
"GSM8121906_athero_human_13.txt.gz","Plate_588s_I07","asymptomatic","macrophage","macrophage_S2",1.73237366045892,0.231881299442646,-0.376754376589482
"GSM8121906_athero_human_13.txt.gz","Plate_588s_I22","asymptomatic","macrophage","macrophage_S2",1.26068077324073,-0.174155953488106,-0.204028581695108
"GSM8121906_athero_human_13.txt.gz","Plate_588s_J04","asymptomatic","macrophage","macrophage_S2",1.85853038018285,0.196584308877835,-0.123507306132315
"GSM8121906_athero_human_13.txt.gz","Plate_588s_K01","asymptomatic","macrophage","macrophage_S1",1.26049917220119,0.666834028662015,-0.323556021818238
"GSM8121906_athero_human_13.txt.gz","Plate_588s_L19","asymptomatic","macrophage","macrophage_S3",0.833664117009869,0.00999252996085917,-0.168456439868834
"GSM8121906_athero_human_13.txt.gz","Plate_588s_M11","asymptomatic","macrophage","macrophage_S2",1.65130793479365,-0.0686257486369103,-0.641525514891497
"GSM8121906_athero_human_13.txt.gz","Plate_588s_N03","asymptomatic","macrophage","macrophage_S2",1.92273692442506,-0.0247305016575123,-0.178254842395919
"GSM8121906_athero_human_13.txt.gz","Plate_588s_O01","asymptomatic","macrophage","macrophage_S2",1.17216735595426,-0.0413995957065739,-0.493438749699547
"GSM8121906_athero_human_13.txt.gz","Plate_588s_O02","asymptomatic","macrophage","macrophage_S2",1.51893636078663,-0.152081817544905,-0.283089524097276
"GSM8121906_athero_human_13.txt.gz","Plate_588s_O04","asymptomatic","macrophage","macrophage_S2",1.39787317873887,0.0637748712932116,-0.576966039048406
"GSM8121906_athero_human_13.txt.gz","Plate_588s_O23","asymptomatic","macrophage","macrophage_S2",1.59964064445665,-0.0365968159339146,-0.395661560278051
"GSM8121906_athero_human_13.txt.gz","Plate_588s_P01","asymptomatic","macrophage","macrophage_S2",1.43007309297631,0.249855744861681,-0.413034762975896
"GSM8121906_athero_human_13.txt.gz","Plate_588s_P04","asymptomatic","macrophage","macrophage_S2",1.74702579075536,0.196353837747938,-0.37083767440578
"GSM8121906_athero_human_13.txt.gz","Plate_588s_P05","asymptomatic","macrophage","macrophage_S2",1.71552137128548,-0.323660646406288,-0.266302408333338
"GSM8121906_athero_human_13.txt.gz","Plate_588s_P07","asymptomatic","macrophage","macrophage_S2",1.47101821133137,-0.0137161366052537,-0.585483766102179
"GSM8121906_athero_human_13.txt.gz","Plate_588s_P19","asymptomatic","macrophage","macrophage_S2",1.78395963145961,-0.48169226822809,-0.543137864404502
"GSM8121906_athero_human_13.txt.gz","Plate_589s_A04","asymptomatic","macrophage","macrophage_S1",2.08738747341554,0.732145762596149,-0.602765778572758
"GSM8121906_athero_human_13.txt.gz","Plate_589s_A07","asymptomatic","macrophage","macrophage_S3",1.58946347482729,0.074449233881742,-0.12206906438511
"GSM8121906_athero_human_13.txt.gz","Plate_589s_A11","asymptomatic","macrophage","macrophage_S3",0.927792154845395,0.511382016722302,-0.235521133676164
"GSM8121906_athero_human_13.txt.gz","Plate_589s_A12","asymptomatic","macrophage","macrophage_S1",1.08466411386973,1.01942643145867,0.264774087101079
"GSM8121906_athero_human_13.txt.gz","Plate_589s_A13","asymptomatic","macrophage","macrophage_S3",1.12732735765077,-0.020061310858116,-0.202917964295088
"GSM8121906_athero_human_13.txt.gz","Plate_589s_A17","asymptomatic","macrophage","macrophage_S1",1.78590523050445,0.701283073170739,-0.176318720882237
"GSM8121906_athero_human_13.txt.gz","Plate_589s_A21","asymptomatic","macrophage","macrophage_S2",1.83153982824519,0.455626053712838,-0.605111308374293
"GSM8121906_athero_human_13.txt.gz","Plate_589s_B08","asymptomatic","macrophage","macrophage_S2",1.26239774170718,-0.104718295834119,-0.366008320599597
"GSM8121906_athero_human_13.txt.gz","Plate_589s_B09","asymptomatic","macrophage","macrophage_S2",1.17665148887813,0.23892340107797,-0.544998069983228
"GSM8121906_athero_human_13.txt.gz","Plate_589s_B12","asymptomatic","macrophage","macrophage_S3",1.05047275743847,0.419457737560506,0.153636553813435
"GSM8121906_athero_human_13.txt.gz","Plate_589s_B13","asymptomatic","macrophage","macrophage_S1",1.74868258019618,0.777300425185936,-0.137727019515757
"GSM8121906_athero_human_13.txt.gz","Plate_589s_B16","asymptomatic","macrophage","macrophage_S1",1.8575997290518,0.411116959600853,-0.119059011309213
"GSM8121906_athero_human_13.txt.gz","Plate_589s_B17","asymptomatic","macrophage","macrophage_S2",0.740789342609249,0.256222545225603,-0.348810173054019
"GSM8121906_athero_human_13.txt.gz","Plate_589s_B19","asymptomatic","macrophage","macrophage_S1",2.19330989257679,0.675322018772306,0.113253445682889
"GSM8121906_athero_human_13.txt.gz","Plate_589s_B23","asymptomatic","macrophage","macrophage_S1",1.60038307145421,0.67870490009963,0.102358623958392
"GSM8121906_athero_human_13.txt.gz","Plate_589s_C01","asymptomatic","macrophage","macrophage_S2",0.900753296010078,0.254189649471338,-0.309322247902396
"GSM8121906_athero_human_13.txt.gz","Plate_589s_C02","asymptomatic","macrophage","macrophage_S2",1.50997380044867,-0.0583736942026882,-0.192898660844778
"GSM8121906_athero_human_13.txt.gz","Plate_589s_C03","asymptomatic","macrophage","macrophage_S1",1.22261662402396,0.808944512819927,-0.556791808253593
"GSM8121906_athero_human_13.txt.gz","Plate_589s_C04","asymptomatic","macrophage","macrophage_S2",1.57991412757555,0.385790860468048,-0.44165891040581
"GSM8121906_athero_human_13.txt.gz","Plate_589s_C05","asymptomatic","macrophage","macrophage_S1",2.04913515101805,0.752112561212958,-0.510200881308254
"GSM8121906_athero_human_13.txt.gz","Plate_589s_C08","asymptomatic","macrophage","macrophage_S2",1.49715383378934,0.0832400433074627,-0.523106702517394
"GSM8121906_athero_human_13.txt.gz","Plate_589s_C09","asymptomatic","macrophage","macrophage_S2",1.28411577393591,0.202133443211014,-0.349730730816163
"GSM8121906_athero_human_13.txt.gz","Plate_589s_C20","asymptomatic","macrophage","macrophage_S2",2.28174646708344,0.200326785014132,-0.398580085026559
"GSM8121906_athero_human_13.txt.gz","Plate_589s_D03","asymptomatic","macrophage","macrophage_S1",1.38191561791566,0.780556254111846,-0.568127950198671
"GSM8121906_athero_human_13.txt.gz","Plate_589s_D05","asymptomatic","macrophage","macrophage_S3",2.04895400778674,-0.0392294454541901,0.163239272204942
"GSM8121906_athero_human_13.txt.gz","Plate_589s_D06","asymptomatic","macrophage","macrophage_S1",1.75726540830404,0.645520747456567,-0.267940222748315
"GSM8121906_athero_human_13.txt.gz","Plate_589s_D07","asymptomatic","macrophage","macrophage_S2",1.4891033981892,0.224894916600899,-0.335025257954931
"GSM8121906_athero_human_13.txt.gz","Plate_589s_D09","asymptomatic","macrophage","macrophage_S3",0.923169369605734,0.212468241236252,-0.046247263036353
"GSM8121906_athero_human_13.txt.gz","Plate_589s_D10","asymptomatic","macrophage","macrophage_S1",2.21867767555081,0.643052002163506,-0.339235379632929
"GSM8121906_athero_human_13.txt.gz","Plate_589s_D12","asymptomatic","macrophage","macrophage_S1",2.13692412317889,0.534201587300931,-0.407465076070118
"GSM8121906_athero_human_13.txt.gz","Plate_589s_D13","asymptomatic","macrophage","macrophage_S1",1.97903767393986,0.697074180899017,0.184976410958581
"GSM8121906_athero_human_13.txt.gz","Plate_589s_D15","asymptomatic","macrophage","macrophage_S1",1.93751487336783,0.800559595273921,0.4095300512614
"GSM8121906_athero_human_13.txt.gz","Plate_589s_D17","asymptomatic","macrophage","macrophage_S3",1.1412853244113,0.037132671063022,-0.211044255158303
"GSM8121906_athero_human_13.txt.gz","Plate_589s_D19","asymptomatic","macrophage","macrophage_S2",1.43163454829308,-0.0336018100747898,-0.197825027260274
"GSM8121906_athero_human_13.txt.gz","Plate_589s_D23","asymptomatic","macrophage","macrophage_S1",1.95358693608513,0.62933748532594,-0.12809383429372
"GSM8121906_athero_human_13.txt.gz","Plate_589s_E03","asymptomatic","macrophage","macrophage_S2",1.67086628927957,0.106217216383297,-0.301978311272397
"GSM8121906_athero_human_13.txt.gz","Plate_589s_E05","asymptomatic","macrophage","macrophage_S1",2.03180969337409,0.51083744994496,-0.183654882192082
"GSM8121906_athero_human_13.txt.gz","Plate_589s_E11","asymptomatic","macrophage","macrophage_S1",2.24805432101263,0.699375098701752,-0.395204684634141
"GSM8121906_athero_human_13.txt.gz","Plate_589s_E13","asymptomatic","macrophage","macrophage_S1",1.81359641950723,0.653228258561149,-0.585916378742014
"GSM8121906_athero_human_13.txt.gz","Plate_589s_E14","asymptomatic","macrophage","macrophage_S2",1.65236727303163,0.178813416588232,-0.428906134186403
"GSM8121906_athero_human_13.txt.gz","Plate_589s_E17","asymptomatic","macrophage","macrophage_S2",2.04936571433016,0.183494854574836,-0.493037056807101
"GSM8121906_athero_human_13.txt.gz","Plate_589s_E20","asymptomatic","macrophage","macrophage_S3",0.595635873868613,0.799190282529928,0.244219708848959
"GSM8121906_athero_human_13.txt.gz","Plate_589s_F08","asymptomatic","macrophage","macrophage_S3",1.04281277155187,0.269984975032122,-0.110247449786749
"GSM8121906_athero_human_13.txt.gz","Plate_589s_F10","asymptomatic","macrophage","macrophage_S2",1.6036812114985,0.119999445796145,-0.576215632826627
"GSM8121906_athero_human_13.txt.gz","Plate_589s_F12","asymptomatic","macrophage","macrophage_S1",2.10699955371787,0.277889657571193,-0.332765760853997
"GSM8121906_athero_human_13.txt.gz","Plate_589s_F13","asymptomatic","macrophage","macrophage_S3",0.361349279416281,0.115469126578664,0.0207406020341761
"GSM8121906_athero_human_13.txt.gz","Plate_589s_F21","asymptomatic","macrophage","macrophage_S2",2.09183586175807,0.117205911532272,-0.330907202130717
"GSM8121906_athero_human_13.txt.gz","Plate_589s_G01","asymptomatic","macrophage","macrophage_S3",1.35214571296087,0.079913556675016,-0.175360107412464
"GSM8121906_athero_human_13.txt.gz","Plate_589s_G02","asymptomatic","macrophage","macrophage_S1",1.90207538936268,0.903027973559545,0.221266807345624
"GSM8121906_athero_human_13.txt.gz","Plate_589s_G05","asymptomatic","macrophage","macrophage_S2",1.81130727059845,0.398928720248708,-0.591051533033767
"GSM8121906_athero_human_13.txt.gz","Plate_589s_G07","asymptomatic","macrophage","macrophage_S2",1.84605401965147,0.0353525902267855,-0.399886552209065
"GSM8121906_athero_human_13.txt.gz","Plate_589s_G11","asymptomatic","macrophage","macrophage_S2",2.15429575383852,0.239443707703284,-0.596468111870149
"GSM8121906_athero_human_13.txt.gz","Plate_589s_G12","asymptomatic","macrophage","macrophage_S2",1.06800477687414,-0.161382805643452,-0.498454228056246
"GSM8121906_athero_human_13.txt.gz","Plate_589s_G13","asymptomatic","macrophage","macrophage_S1",2.24799794067337,0.749764254953157,-0.3648995944367
"GSM8121906_athero_human_13.txt.gz","Plate_589s_G15","asymptomatic","macrophage","macrophage_S1",1.92990332491251,1.59717796953321,0.340264826705062
"GSM8121906_athero_human_13.txt.gz","Plate_589s_G20","asymptomatic","macrophage","macrophage_S1",2.01365865968506,0.532126664647859,-0.532314700132116
"GSM8121906_athero_human_13.txt.gz","Plate_589s_G23","asymptomatic","macrophage","macrophage_S1",1.99475334171541,1.13219856124409,0.403091787653848
"GSM8121906_athero_human_13.txt.gz","Plate_589s_H06","asymptomatic","macrophage","macrophage_S2",1.41572599521403,0.342091806428544,-0.355040859454242
"GSM8121906_athero_human_13.txt.gz","Plate_589s_H09","asymptomatic","macrophage","macrophage_S3",1.24304075806948,0.064541252140489,0.0768907801344619
"GSM8121906_athero_human_13.txt.gz","Plate_589s_H10","asymptomatic","macrophage","macrophage_S1",1.83103406444867,0.671636278143311,-0.270382181288202
"GSM8121906_athero_human_13.txt.gz","Plate_589s_H15","asymptomatic","macrophage","macrophage_S1",1.68101046951787,0.712788219878723,-0.325660339650136
"GSM8121906_athero_human_13.txt.gz","Plate_589s_H18","asymptomatic","macrophage","macrophage_S2",0.804976359658034,-0.213768014717788,-0.280223909808928
"GSM8121906_athero_human_13.txt.gz","Plate_589s_H20","asymptomatic","macrophage","macrophage_S1",2.23641798504493,0.64528437080412,-0.506406634180996
"GSM8121906_athero_human_13.txt.gz","Plate_589s_H23","asymptomatic","macrophage","macrophage_S1",1.91272638784206,0.486402801695202,-0.102899878721918
"GSM8121906_athero_human_13.txt.gz","Plate_589s_I06","asymptomatic","macrophage","macrophage_S3",1.68437087802365,0.0448027149103193,0.225831845888322
"GSM8121906_athero_human_13.txt.gz","Plate_589s_I07","asymptomatic","macrophage","macrophage_S2",0.997497655954447,0.22948675211836,-0.436539573480742
"GSM8121906_athero_human_13.txt.gz","Plate_589s_I08","asymptomatic","macrophage","macrophage_S1",1.08177709884214,0.515866554786433,-0.282393882367624
"GSM8121906_athero_human_13.txt.gz","Plate_589s_I11","asymptomatic","macrophage","macrophage_S1",1.38519672516723,0.939372478244979,-0.261697229588925
"GSM8121906_athero_human_13.txt.gz","Plate_589s_I13","asymptomatic","macrophage","macrophage_S2",0.98750513384466,0.0991173778398043,-0.320656143346497
"GSM8121906_athero_human_13.txt.gz","Plate_589s_I14","asymptomatic","macrophage","macrophage_S1",1.78280920191252,0.979314598969849,-0.314052325663482
"GSM8121906_athero_human_13.txt.gz","Plate_589s_I19","asymptomatic","macrophage","macrophage_S3",1.10795719503985,0.128070208234106,-0.111270180971496
"GSM8121906_athero_human_13.txt.gz","Plate_589s_I20","asymptomatic","macrophage","macrophage_S2",1.55094558614004,0.357699048267453,-0.349842428487743
"GSM8121906_athero_human_13.txt.gz","Plate_589s_I21","asymptomatic","macrophage","macrophage_S2",2.05380534570266,0.137536949474556,-0.623304928406819
"GSM8121906_athero_human_13.txt.gz","Plate_589s_I22","asymptomatic","macrophage","macrophage_S1",1.62222743326625,0.535088114703395,-0.531705550747882
"GSM8121906_athero_human_13.txt.gz","Plate_589s_J02","asymptomatic","macrophage","macrophage_S2",2.1556700171221,0.170589331015887,-0.420824272659148
"GSM8121906_athero_human_13.txt.gz","Plate_589s_J03","asymptomatic","macrophage","macrophage_S3",0.847533499625458,-0.0368342729342758,0.625249380844635
"GSM8121906_athero_human_13.txt.gz","Plate_589s_J12","asymptomatic","macrophage","macrophage_S2",1.45456931652429,-0.11655695409773,-0.565163358671323
"GSM8121906_athero_human_13.txt.gz","Plate_589s_J13","asymptomatic","macrophage","macrophage_S3",1.34084912996327,0.346915876380133,-0.104166035755733
"GSM8121906_athero_human_13.txt.gz","Plate_589s_J16","asymptomatic","macrophage","macrophage_S2",1.23389992958614,0.137937820700073,-0.282187279583953
"GSM8121906_athero_human_13.txt.gz","Plate_589s_J18","asymptomatic","macrophage","macrophage_S1",1.92466975561947,0.594529393575528,-0.593216153730106
"GSM8121906_athero_human_13.txt.gz","Plate_589s_J20","asymptomatic","macrophage","macrophage_S2",1.57876301597676,0.193781526072786,-0.565595659406398
"GSM8121906_athero_human_13.txt.gz","Plate_589s_J22","asymptomatic","macrophage","macrophage_S1",1.91625594531272,0.834056070521677,-0.42295021100348
"GSM8121906_athero_human_13.txt.gz","Plate_589s_J23","asymptomatic","macrophage","macrophage_S3",0.269337783647649,0.245798878337074,0.10901729584956
"GSM8121906_athero_human_13.txt.gz","Plate_589s_J24","asymptomatic","macrophage","macrophage_S2",1.58407807357312,0.280325720091405,-0.439526235847529
"GSM8121906_athero_human_13.txt.gz","Plate_589s_K04","asymptomatic","macrophage","macrophage_S3",0.580349311987302,0.467841085700697,-0.335475272567261
"GSM8121906_athero_human_13.txt.gz","Plate_589s_K12","asymptomatic","macrophage","macrophage_S1",1.72787922745782,0.722948695837976,-0.341602656097663
"GSM8121906_athero_human_13.txt.gz","Plate_589s_K14","asymptomatic","macrophage","macrophage_S1",2.05127071943366,0.41961191443057,-0.504729850663397
"GSM8121906_athero_human_13.txt.gz","Plate_589s_K17","asymptomatic","macrophage","macrophage_S2",1.72097574949439,0.169191980536538,-0.222253319955102
"GSM8121906_athero_human_13.txt.gz","Plate_589s_K21","asymptomatic","macrophage","macrophage_S1",1.85850846704004,0.449096631665995,0.0527525220454781
"GSM8121906_athero_human_13.txt.gz","Plate_589s_K22","asymptomatic","macrophage","macrophage_S1",1.77733565939141,1.09392898880516,-0.178833839342102
"GSM8121906_athero_human_13.txt.gz","Plate_589s_K23","asymptomatic","macrophage","macrophage_S1",1.78293270679754,0.509663308083392,-0.567884902671797
"GSM8121906_athero_human_13.txt.gz","Plate_589s_L04","asymptomatic","macrophage","macrophage_S1",1.70676818274719,0.911438481326961,-0.459752131139532
"GSM8121906_athero_human_13.txt.gz","Plate_589s_L07","asymptomatic","macrophage","macrophage_S1",1.46240285120904,0.888136969790385,0.721283255781915
"GSM8121906_athero_human_13.txt.gz","Plate_589s_L08","asymptomatic","macrophage","macrophage_S3",0.611495716573979,0.495291240351707,-0.05197223669814
"GSM8121906_athero_human_13.txt.gz","Plate_589s_L12","asymptomatic","macrophage","macrophage_S2",1.03471776483185,0.346076652045376,-0.377129582890823
"GSM8121906_athero_human_13.txt.gz","Plate_589s_L19","asymptomatic","macrophage","macrophage_S1",1.51123901516006,0.400710190387942,-0.139386279374277
"GSM8121906_athero_human_13.txt.gz","Plate_589s_M14","asymptomatic","macrophage","macrophage_S1",2.47456413020873,0.338093742555166,0.245015528127845
"GSM8121906_athero_human_13.txt.gz","Plate_589s_M15","asymptomatic","macrophage","macrophage_S2",1.63597733658318,0.422681685172869,-0.452907719180325
"GSM8121906_athero_human_13.txt.gz","Plate_589s_M17","asymptomatic","macrophage","macrophage_S2",2.00959829263801,-0.1824114469002,-0.168749844296698
"GSM8121906_athero_human_13.txt.gz","Plate_589s_N03","asymptomatic","macrophage","macrophage_S2",1.81120856122816,0.00792810251925795,-0.437071795185497
"GSM8121906_athero_human_13.txt.gz","Plate_589s_N09","asymptomatic","macrophage","macrophage_S1",1.53699077762347,1.25938512822502,0.474974106535179
"GSM8121906_athero_human_13.txt.gz","Plate_599s_A03","asymptomatic","macrophage","macrophage_S2",1.22227534208899,0.160988336881006,-0.299679672052726
"GSM8121906_athero_human_13.txt.gz","Plate_599s_A11","asymptomatic","macrophage","macrophage_S2",0.769390056599758,0.217285778130877,-0.539691036674324
"GSM8121906_athero_human_13.txt.gz","Plate_599s_A12","asymptomatic","macrophage","macrophage_S3",0.0207251217684749,0.19623202566569,-0.185903056579485
"GSM8121906_athero_human_13.txt.gz","Plate_599s_A14","asymptomatic","macrophage","macrophage_S2",1.59783916761552,-0.0534069075417986,-0.464015085063251
"GSM8121906_athero_human_13.txt.gz","Plate_599s_A19","asymptomatic","macrophage","macrophage_S2",1.48236109768176,0.0138535170083229,-0.36550800895265
"GSM8121906_athero_human_13.txt.gz","Plate_599s_A24","asymptomatic","macrophage","macrophage_S1",1.67325399394641,1.62276200528016,0.559159593091764
"GSM8121906_athero_human_13.txt.gz","Plate_599s_B02","asymptomatic","macrophage","macrophage_S3",0.47133584674564,0.0137907786788558,0.00231855479349637
"GSM8121906_athero_human_13.txt.gz","Plate_599s_B10","asymptomatic","macrophage","macrophage_S2",1.5257658431154,0.1520434467805,-0.439592486068211
"GSM8121906_athero_human_13.txt.gz","Plate_599s_B14","asymptomatic","macrophage","macrophage_S2",1.31059121002101,-0.37350868818703,-0.499029223192274
"GSM8121906_athero_human_13.txt.gz","Plate_599s_B17","asymptomatic","macrophage","macrophage_S1",1.99594480014892,0.507203845665407,-0.37040224462289
"GSM8121906_athero_human_13.txt.gz","Plate_599s_B18","asymptomatic","macrophage","macrophage_S1",1.58473771848476,0.498485394387387,0.185896990299434
"GSM8121906_athero_human_13.txt.gz","Plate_599s_B23","asymptomatic","macrophage","macrophage_S1",1.98719073950973,0.390833591440608,0.160176740672388
"GSM8121906_athero_human_13.txt.gz","Plate_599s_C05","asymptomatic","macrophage","macrophage_S1",2.4380080342023,0.292468060170336,-0.4581073311594
"GSM8121906_athero_human_13.txt.gz","Plate_599s_C07","asymptomatic","macrophage","macrophage_S2",1.05510798286877,0.491641730922974,-0.428418955598475
"GSM8121906_athero_human_13.txt.gz","Plate_599s_C09","asymptomatic","macrophage","macrophage_S2",1.56109251294807,0.301478127005517,-0.305789686743407
"GSM8121906_athero_human_13.txt.gz","Plate_599s_C12","asymptomatic","macrophage","macrophage_S2",0.833637035437198,-0.0491954934613017,-0.3167989870168
"GSM8121906_athero_human_13.txt.gz","Plate_599s_C15","asymptomatic","macrophage","macrophage_S3",1.02928447709623,0.469859367317546,-0.162904607254557
"GSM8121906_athero_human_13.txt.gz","Plate_599s_D07","asymptomatic","macrophage","macrophage_S1",1.08259064951556,1.01523259093235,0.350077281884174
"GSM8121906_athero_human_13.txt.gz","Plate_599s_D15","asymptomatic","macrophage","macrophage_S2",1.75488141768992,0.118815843127873,-0.170378844335997
"GSM8121906_athero_human_13.txt.gz","Plate_599s_D19","asymptomatic","macrophage","macrophage_S2",1.8520142782815,0.059091903020107,-0.637746658479359
"GSM8121906_athero_human_13.txt.gz","Plate_599s_E07","asymptomatic","macrophage","macrophage_S2",1.6698093195872,0.169492620825122,-0.539105351758205
"GSM8121906_athero_human_13.txt.gz","Plate_599s_E11","asymptomatic","macrophage","macrophage_S2",1.80204241485583,-0.00326184701257384,-0.642820920115088
"GSM8121906_athero_human_13.txt.gz","Plate_599s_E17","asymptomatic","macrophage","macrophage_S2",1.20803266409275,0.293919662046142,-0.439296676490643
"GSM8121906_athero_human_13.txt.gz","Plate_599s_E22","asymptomatic","macrophage","macrophage_S2",1.62284269525736,-0.350753062245232,-0.553861925071364
"GSM8121906_athero_human_13.txt.gz","Plate_599s_E23","asymptomatic","macrophage","macrophage_S2",1.44885802216072,-0.129351568663004,-0.287907348035048
"GSM8121906_athero_human_13.txt.gz","Plate_599s_F10","asymptomatic","macrophage","macrophage_S2",0.523769274917698,0.464993788599291,-0.598631008389386
"GSM8121906_athero_human_13.txt.gz","Plate_599s_F12","asymptomatic","macrophage","macrophage_S2",0.910700709135271,0.36248863617077,-0.480060919028902
"GSM8121906_athero_human_13.txt.gz","Plate_599s_F16","asymptomatic","macrophage","macrophage_S2",1.10128071413534,0.0570304418944636,-0.336675452693049
"GSM8121906_athero_human_13.txt.gz","Plate_599s_G02","asymptomatic","macrophage","macrophage_S2",1.46447823967704,-0.0048463844455269,-0.454595569935525
"GSM8121906_athero_human_13.txt.gz","Plate_599s_G07","asymptomatic","macrophage","macrophage_S2",1.56276360709864,-0.159632683179662,-0.564267663719258
"GSM8121906_athero_human_13.txt.gz","Plate_599s_G09","asymptomatic","macrophage","macrophage_S2",1.19034481446945,0.107435850244624,-0.217313383838119
"GSM8121906_athero_human_13.txt.gz","Plate_599s_G11","asymptomatic","macrophage","macrophage_S1",1.46740310783902,0.87818847942245,-0.641326522430346
"GSM8121906_athero_human_13.txt.gz","Plate_599s_G16","asymptomatic","macrophage","macrophage_S1",1.32487796238548,0.652460583567654,-0.418090136427703
"GSM8121906_athero_human_13.txt.gz","Plate_599s_G23","asymptomatic","macrophage","macrophage_S2",0.870488514602309,-0.1274247702379,-0.618114863182351
"GSM8121906_athero_human_13.txt.gz","Plate_599s_H03","asymptomatic","macrophage","macrophage_S2",1.85126644001764,0.441951933680865,-0.683893604721127
"GSM8121906_athero_human_13.txt.gz","Plate_599s_H07","asymptomatic","macrophage","macrophage_S1",1.56637737848971,0.822059385462595,-0.38727291327962
"GSM8121906_athero_human_13.txt.gz","Plate_599s_H13","asymptomatic","macrophage","macrophage_S2",1.61970430400153,-0.0234253041764611,-0.3367796773637
"GSM8121906_athero_human_13.txt.gz","Plate_599s_H17","asymptomatic","macrophage","macrophage_S2",1.26775501769535,-0.0204769423497009,-0.366869363379673
"GSM8121906_athero_human_13.txt.gz","Plate_599s_H23","asymptomatic","macrophage","macrophage_S2",1.43349735388316,-0.186701034619596,-0.204733669561585
"GSM8121906_athero_human_13.txt.gz","Plate_599s_I01","asymptomatic","macrophage","macrophage_S3",1.31275810331248,0.063698937627645,-0.138654355061997
"GSM8121906_athero_human_13.txt.gz","Plate_599s_I03","asymptomatic","macrophage","macrophage_S2",1.8793533067618,0.24640177258795,-0.47574182532091
"GSM8121906_athero_human_13.txt.gz","Plate_599s_I04","asymptomatic","macrophage","macrophage_S2",1.77025415199401,0.238684330546147,-0.412875808299805
"GSM8121906_athero_human_13.txt.gz","Plate_599s_I07","asymptomatic","macrophage","macrophage_S2",1.54305477100113,0.287173268738408,-0.415161289997154
"GSM8121906_athero_human_13.txt.gz","Plate_599s_I14","asymptomatic","macrophage","macrophage_S2",1.05698011287058,0.349888674826634,-0.523115842390745
"GSM8121906_athero_human_13.txt.gz","Plate_599s_I17","asymptomatic","macrophage","macrophage_S2",1.46425473264175,-0.162035423091929,-0.488058842702757
"GSM8121906_athero_human_13.txt.gz","Plate_599s_J12","asymptomatic","macrophage","macrophage_S1",1.95850867387124,0.359021686793234,0.104661802369798
"GSM8121906_athero_human_13.txt.gz","Plate_599s_J14","asymptomatic","macrophage","macrophage_S3",1.7517643456456,-0.00948494225372933,0.0364569353350989
"GSM8121906_athero_human_13.txt.gz","Plate_599s_J17","asymptomatic","macrophage","macrophage_S3",1.1479368421486,-0.0735527381616408,-0.191407376900011
"GSM8121906_athero_human_13.txt.gz","Plate_599s_K02","asymptomatic","macrophage","macrophage_S3",0.497705776142448,-0.115629660817765,0.00649015998660635
"GSM8121906_athero_human_13.txt.gz","Plate_599s_K05","asymptomatic","macrophage","macrophage_S1",1.24016072281754,0.900866964702262,0.478729366458308
"GSM8121906_athero_human_13.txt.gz","Plate_599s_K07","asymptomatic","macrophage","macrophage_S2",0.830861274237682,-0.392376953178299,-0.464064407760372
"GSM8121906_athero_human_13.txt.gz","Plate_599s_K11","asymptomatic","macrophage","macrophage_S3",-0.0595561261592487,-0.065702651851485,-0.360173336156961
"GSM8121906_athero_human_13.txt.gz","Plate_599s_K17","asymptomatic","macrophage","macrophage_S1",1.91676540543117,0.753742719996146,-0.49501011355887
"GSM8121906_athero_human_13.txt.gz","Plate_599s_K19","asymptomatic","macrophage","macrophage_S3",1.23392035496175,0.117786178388236,-0.182119023634461
"GSM8121906_athero_human_13.txt.gz","Plate_599s_K21","asymptomatic","macrophage","macrophage_S3",0.821983179916156,0.213727548903016,-0.259002780326265
"GSM8121906_athero_human_13.txt.gz","Plate_599s_K24","asymptomatic","macrophage","macrophage_S3",0.975387029698549,-0.224146644998024,0.194322760306102
"GSM8121906_athero_human_13.txt.gz","Plate_599s_L02","asymptomatic","macrophage","macrophage_S2",1.6735472490468,0.17069080029407,-0.633273122604891
"GSM8121906_athero_human_13.txt.gz","Plate_599s_L05","asymptomatic","macrophage","macrophage_S2",1.23966950503453,-0.0473418967057221,-0.437940222447441
"GSM8121906_athero_human_13.txt.gz","Plate_599s_L07","asymptomatic","macrophage","macrophage_S2",1.06718705590707,0.0840084744193706,-0.617868323858127
"GSM8121906_athero_human_13.txt.gz","Plate_599s_L10","asymptomatic","macrophage","macrophage_S1",1.95384301256321,0.947964816271778,-0.511454109301417
"GSM8121906_athero_human_13.txt.gz","Plate_599s_L12","asymptomatic","macrophage","macrophage_S2",1.46485405815607,-0.161176825360268,-0.38395472251611
"GSM8121906_athero_human_13.txt.gz","Plate_599s_L16","asymptomatic","macrophage","macrophage_S2",1.59795048138695,0.289526221664742,-0.199676608108217
"GSM8121906_athero_human_13.txt.gz","Plate_599s_L17","asymptomatic","macrophage","macrophage_S2",1.58191294554774,0.0879447856552013,-0.428269694334464
"GSM8121906_athero_human_13.txt.gz","Plate_599s_L18","asymptomatic","macrophage","macrophage_S3",0.722181413916705,0.0176303862516243,0.00619002254416689
"GSM8121906_athero_human_13.txt.gz","Plate_599s_L20","asymptomatic","macrophage","macrophage_S1",1.76879954983164,0.631579555662127,-0.452795829991127
"GSM8121906_athero_human_13.txt.gz","Plate_599s_M07","asymptomatic","macrophage","macrophage_S2",1.59416901387559,-0.131593268403183,-0.391948398594461
"GSM8121906_athero_human_13.txt.gz","Plate_599s_M11","asymptomatic","macrophage","macrophage_S2",2.04535968445298,0.264459796779392,-0.579150443463957
"GSM8121906_athero_human_13.txt.gz","Plate_599s_M17","asymptomatic","macrophage","macrophage_S3",0.550520675163452,0.0702527614493739,0.113777607338052
"GSM8121906_athero_human_13.txt.gz","Plate_599s_M21","asymptomatic","macrophage","macrophage_S2",1.61734271694961,0.277553028076441,-0.568377018982449
"GSM8121906_athero_human_13.txt.gz","Plate_599s_N01","asymptomatic","macrophage","macrophage_S1",1.67867915170679,0.6769777731907,-0.208302285207952
"GSM8121906_athero_human_13.txt.gz","Plate_599s_N03","asymptomatic","macrophage","macrophage_S1",1.10490597732041,1.03803787738687,0.241978914486216
"GSM8121906_athero_human_13.txt.gz","Plate_599s_N05","asymptomatic","macrophage","macrophage_S3",0.98245182708519,-0.00257080258921754,-0.104064636095656
"GSM8121906_athero_human_13.txt.gz","Plate_599s_N11","asymptomatic","macrophage","macrophage_S2",0.590180627517843,-0.0569529890270448,-0.544956183916928
"GSM8121906_athero_human_13.txt.gz","Plate_599s_N12","asymptomatic","macrophage","macrophage_S2",2.03229188944406,0.039968546189304,-0.582223007738486
"GSM8121906_athero_human_13.txt.gz","Plate_599s_N14","asymptomatic","macrophage","macrophage_S2",0.607266064452704,-0.164688277591633,-0.574097721754634
"GSM8121906_athero_human_13.txt.gz","Plate_599s_N16","asymptomatic","macrophage","macrophage_S2",1.89001924373471,-0.341716010979397,-0.548223995946157
"GSM8121906_athero_human_13.txt.gz","Plate_599s_N17","asymptomatic","macrophage","macrophage_S3",0.154797393003326,0.0428176157945537,-0.347878178045892
"GSM8121906_athero_human_13.txt.gz","Plate_599s_N22","asymptomatic","macrophage","macrophage_S2",1.7871193417449,0.214991964922431,-0.353456077020614
"GSM8121906_athero_human_13.txt.gz","Plate_599s_O05","asymptomatic","macrophage","macrophage_S2",1.40600252454381,-0.163426124642747,-0.375356042917286
"GSM8121906_athero_human_13.txt.gz","Plate_599s_O07","asymptomatic","macrophage","macrophage_S1",0.472324303928987,0.818505282651057,-0.455142412154663
"GSM8121906_athero_human_13.txt.gz","Plate_599s_O10","asymptomatic","macrophage","macrophage_S2",1.72374935611509,0.121260050703584,-0.271997484324918
"GSM8121906_athero_human_13.txt.gz","Plate_599s_O13","asymptomatic","macrophage","macrophage_S2",0.883007400064008,-0.129853637973156,-0.541431586015776
"GSM8121906_athero_human_13.txt.gz","Plate_599s_O21","asymptomatic","macrophage","macrophage_S2",0.88174303801291,-0.314845124127345,-0.614956870507385
"GSM8121906_athero_human_13.txt.gz","Plate_599s_O24","asymptomatic","macrophage","macrophage_S2",1.23577961909744,0.340915461854659,-0.355327663416606
"GSM8121906_athero_human_13.txt.gz","Plate_599s_P05","asymptomatic","macrophage","macrophage_S2",1.99899914540773,0.0444102977888121,-0.64405074605541
"GSM8121906_athero_human_13.txt.gz","Plate_599s_P09","asymptomatic","macrophage","macrophage_S2",1.51872814421612,-0.186072584153202,-0.540482045030158
"GSM8121906_athero_human_13.txt.gz","Plate_599s_P11","asymptomatic","macrophage","macrophage_S3",0.342015523370371,0.236495802498867,-0.273199364249765
"GSM8121907_athero_human_14.txt.gz","Plate_725s_A05","asymptomatic","macrophage","macrophage_S2",1.30343972424267,0.421544341415788,-0.352874889625619
"GSM8121907_athero_human_14.txt.gz","Plate_725s_A11","asymptomatic","macrophage","macrophage_S1",0.695263680370474,1.18088078904051,-0.249962287005746
"GSM8121907_athero_human_14.txt.gz","Plate_725s_A21","asymptomatic","macrophage","macrophage_S1",1.3265382973564,0.637357655819116,-0.383712602262064
"GSM8121907_athero_human_14.txt.gz","Plate_725s_C03","asymptomatic","macrophage","macrophage_S1",1.56682702908489,0.71969980387959,-0.0943574539092631
"GSM8121907_athero_human_14.txt.gz","Plate_725s_C11","asymptomatic","macrophage","macrophage_S1",1.03746077161578,0.757880368411238,-0.426063187844095
"GSM8121907_athero_human_14.txt.gz","Plate_725s_D01","asymptomatic","macrophage","macrophage_S1",1.60211053259107,0.679374861595213,-0.238174073484849
"GSM8121907_athero_human_14.txt.gz","Plate_725s_D13","asymptomatic","macrophage","macrophage_S1",0.98576995012532,0.974355583964762,-0.154433915003863
"GSM8121907_athero_human_14.txt.gz","Plate_725s_D22","asymptomatic","macrophage","macrophage_S1",1.43922850361457,1.12764211172219,0.409945730106214
"GSM8121907_athero_human_14.txt.gz","Plate_725s_E05","asymptomatic","macrophage","macrophage_S1",1.66751771168372,0.534856319771197,-0.441829560167344
"GSM8121907_athero_human_14.txt.gz","Plate_725s_E06","asymptomatic","macrophage","macrophage_S1",1.50697634060895,0.602195597636463,-0.181001987374594
"GSM8121907_athero_human_14.txt.gz","Plate_725s_E07","asymptomatic","macrophage","macrophage_S1",1.26726561726244,0.845102662171628,-0.437772746089472
"GSM8121907_athero_human_14.txt.gz","Plate_725s_E11","asymptomatic","macrophage","macrophage_S1",1.68811501910774,0.875722653627853,-0.283688233288613
"GSM8121907_athero_human_14.txt.gz","Plate_725s_E19","asymptomatic","macrophage","macrophage_S3",1.28341461406027,0.401932926185035,0.276661921382133
"GSM8121907_athero_human_14.txt.gz","Plate_725s_F03","asymptomatic","macrophage","macrophage_S1",1.16028812309097,0.730293601062846,-0.32849334797929
"GSM8121907_athero_human_14.txt.gz","Plate_725s_F10","asymptomatic","macrophage","macrophage_S1",1.65598243980804,1.09116219859799,-0.261516894854649
"GSM8121907_athero_human_14.txt.gz","Plate_725s_F17","asymptomatic","macrophage","macrophage_S1",1.78842828762074,0.660794903869114,-0.347174140123101
"GSM8121907_athero_human_14.txt.gz","Plate_725s_G04","asymptomatic","macrophage","macrophage_S1",1.35657182669227,0.927229764861909,-0.429489507639727
"GSM8121907_athero_human_14.txt.gz","Plate_725s_G06","asymptomatic","macrophage","macrophage_S1",1.01339213964882,0.925311025421297,-0.119639412786962
"GSM8121907_athero_human_14.txt.gz","Plate_725s_G11","asymptomatic","macrophage","macrophage_S3",1.45752559252567,0.409029937201608,0.159331372783512
"GSM8121907_athero_human_14.txt.gz","Plate_725s_H01","asymptomatic","macrophage","macrophage_S1",1.1566912087469,0.585612063538972,-0.112421852449212
"GSM8121907_athero_human_14.txt.gz","Plate_725s_H19","asymptomatic","macrophage","macrophage_S2",1.62701867344834,0.237382237848719,-0.289160852945007
"GSM8121907_athero_human_14.txt.gz","Plate_725s_H21","asymptomatic","macrophage","macrophage_S1",1.78896859559259,0.761107658887167,0.110410769090258
"GSM8121907_athero_human_14.txt.gz","Plate_725s_H22","asymptomatic","macrophage","macrophage_S2",1.54957744131698,0.148599086470234,-0.225517590212086
"GSM8121907_athero_human_14.txt.gz","Plate_725s_I09","asymptomatic","macrophage","macrophage_S2",1.17641101297661,0.372518881138312,-0.2588139682812
"GSM8121907_athero_human_14.txt.gz","Plate_725s_J02","asymptomatic","macrophage","macrophage_S3",1.26480187157259,0.493033149744909,0.0368164699171324
"GSM8121907_athero_human_14.txt.gz","Plate_726s_A01","asymptomatic","macrophage","macrophage_S3",1.40708915194924,0.777242231666489,1.12492537680452
"GSM8121907_athero_human_14.txt.gz","Plate_726s_E01","asymptomatic","macrophage","macrophage_S1",1.54121484646406,0.938957147532409,-0.473616227541861
"GSM8121907_athero_human_14.txt.gz","Plate_726s_E11","asymptomatic","macrophage","macrophage_S3",1.64635339833772,0.357981928087123,0.326838426219215
"GSM8121907_athero_human_14.txt.gz","Plate_726s_F17","asymptomatic","macrophage","macrophage_S1",1.52927512636357,0.788613092636387,-0.325861289441056
"GSM8121907_athero_human_14.txt.gz","Plate_726s_F21","asymptomatic","macrophage","macrophage_S2",1.37858975855099,-0.176629420430468,-0.15826627786032
"GSM8121907_athero_human_14.txt.gz","Plate_726s_F24","asymptomatic","macrophage","macrophage_S2",1.02670157325803,0.442998913709926,-0.371945457473649
"GSM8121907_athero_human_14.txt.gz","Plate_726s_G03","asymptomatic","macrophage","macrophage_S1",1.62921801709525,0.52565343610774,-0.292670275962794
"GSM8121907_athero_human_14.txt.gz","Plate_726s_L09","asymptomatic","macrophage","macrophage_S1",1.62093497637523,0.911836021848045,-0.2230747752422
"GSM8121907_athero_human_14.txt.gz","Plate_726s_L18","asymptomatic","macrophage","macrophage_S1",1.66528373845469,0.611868022217834,0.084858603917672
"GSM8121907_athero_human_14.txt.gz","Plate_726s_N05","asymptomatic","macrophage","macrophage_S2",1.12224798701481,0.0441738144074022,-0.265559970538355
"GSM8121907_athero_human_14.txt.gz","Plate_726s_P12","asymptomatic","macrophage","macrophage_S1",1.46186423618479,0.761689166058186,-0.338455852775398
"GSM8121907_athero_human_14.txt.gz","Plate_727s_A03","asymptomatic","macrophage","macrophage_S2",1.34842635088252,0.139096496551583,-0.507718820115257
"GSM8121907_athero_human_14.txt.gz","Plate_727s_A05","asymptomatic","macrophage","macrophage_S2",1.5581652229414,0.172255176577866,-0.438239355717384
"GSM8121907_athero_human_14.txt.gz","Plate_727s_A06","asymptomatic","macrophage","macrophage_S2",1.33600186545415,0.303112229222323,-0.4347862903611
"GSM8121907_athero_human_14.txt.gz","Plate_727s_A07","asymptomatic","macrophage","macrophage_S2",1.41989802546453,0.340934203197038,-0.522031536657765
"GSM8121907_athero_human_14.txt.gz","Plate_727s_A08","asymptomatic","macrophage","macrophage_S2",1.16846583879183,0.287582912247072,-0.352767622705806
"GSM8121907_athero_human_14.txt.gz","Plate_727s_A10","asymptomatic","macrophage","macrophage_S2",1.14788127608716,0.192317643969557,-0.269216993611625
"GSM8121907_athero_human_14.txt.gz","Plate_727s_A11","asymptomatic","macrophage","macrophage_S1",1.4008273479788,0.613005977794158,0.29728553861366
"GSM8121907_athero_human_14.txt.gz","Plate_727s_A12","asymptomatic","macrophage","macrophage_S2",1.75486676989939,0.380989525097025,-0.543246952443194
"GSM8121907_athero_human_14.txt.gz","Plate_727s_A13","asymptomatic","macrophage","macrophage_S2",0.891079697057991,-0.280753640043593,-0.497883507618797
"GSM8121907_athero_human_14.txt.gz","Plate_727s_A14","asymptomatic","macrophage","macrophage_S1",1.66313443060794,0.710364254079442,-0.480077154153607
"GSM8121907_athero_human_14.txt.gz","Plate_727s_A17","asymptomatic","macrophage","macrophage_S1",1.50849419566078,0.72015585217654,-0.476247709316511
"GSM8121907_athero_human_14.txt.gz","Plate_727s_A18","asymptomatic","macrophage","macrophage_S2",1.15769445007869,0.00945420244953934,-0.4154365746809
"GSM8121907_athero_human_14.txt.gz","Plate_727s_A20","asymptomatic","macrophage","macrophage_S2",1.77037205936003,0.316443351197135,-0.55991462575228
"GSM8121907_athero_human_14.txt.gz","Plate_727s_A21","asymptomatic","macrophage","macrophage_S3",0.895914944536304,0.565869778747633,-0.0643700529832215
"GSM8121907_athero_human_14.txt.gz","Plate_727s_A22","asymptomatic","macrophage","macrophage_S1",1.63606644915056,0.328603082082235,-0.214408822058008
"GSM8121907_athero_human_14.txt.gz","Plate_727s_A23","asymptomatic","macrophage","macrophage_S2",1.49644525681209,0.208550512688059,-0.469725255790948
"GSM8121907_athero_human_14.txt.gz","Plate_727s_B03","asymptomatic","macrophage","macrophage_S3",0.585891353275833,-0.314275614843704,-0.046247291586736
"GSM8121907_athero_human_14.txt.gz","Plate_727s_B05","asymptomatic","macrophage","macrophage_S2",0.64337426314427,-0.0964170939887474,-0.359349971862594
"GSM8121907_athero_human_14.txt.gz","Plate_727s_B08","asymptomatic","macrophage","macrophage_S2",1.38765745960247,-0.28689284816797,-0.46011216964492
"GSM8121907_athero_human_14.txt.gz","Plate_727s_B09","asymptomatic","macrophage","macrophage_S2",1.17861891754705,0.243702819401826,-0.572924194588063
"GSM8121907_athero_human_14.txt.gz","Plate_727s_B11","asymptomatic","macrophage","macrophage_S3",0.848654788435843,-0.354612622039757,-0.16045513119175
"GSM8121907_athero_human_14.txt.gz","Plate_727s_B12","asymptomatic","macrophage","macrophage_S3",0.178720488881985,-0.435711848818251,-0.244413344024654
"GSM8121907_athero_human_14.txt.gz","Plate_727s_B14","asymptomatic","macrophage","macrophage_S2",0.747462022221954,0.590974432049389,-0.547932792259677
"GSM8121907_athero_human_14.txt.gz","Plate_727s_B17","asymptomatic","macrophage","macrophage_S3",0.878018700311031,0.582427842854961,-0.154124610875805
"GSM8121907_athero_human_14.txt.gz","Plate_727s_B18","asymptomatic","macrophage","macrophage_S3",0.468529845363462,0.286937658717808,0.387503022403155
"GSM8121907_athero_human_14.txt.gz","Plate_727s_B20","asymptomatic","macrophage","macrophage_S3",0.365685779960295,0.0993938950718439,-0.23440421807111
"GSM8121907_athero_human_14.txt.gz","Plate_727s_B21","asymptomatic","macrophage","macrophage_S3",1.21193318760468,0.199564283741945,-0.159375251646723
"GSM8121907_athero_human_14.txt.gz","Plate_727s_C01","asymptomatic","macrophage","macrophage_S2",1.13374797566072,-0.0508659483095244,-0.547535799902445
"GSM8121907_athero_human_14.txt.gz","Plate_727s_C02","asymptomatic","macrophage","macrophage_S2",1.13380123675612,0.0801562391684485,-0.572529775973063
"GSM8121907_athero_human_14.txt.gz","Plate_727s_C05","asymptomatic","macrophage","macrophage_S1",1.64459563494094,0.511996837396014,-0.488120108591957
"GSM8121907_athero_human_14.txt.gz","Plate_727s_C06","asymptomatic","macrophage","macrophage_S1",1.26304445391133,1.11397487505072,-0.502518228820611
"GSM8121907_athero_human_14.txt.gz","Plate_727s_C08","asymptomatic","macrophage","macrophage_S1",1.54432027529232,1.05960133694624,-0.272440921790775
"GSM8121907_athero_human_14.txt.gz","Plate_727s_C12","asymptomatic","macrophage","macrophage_S2",1.27229576977177,0.387826288924948,-0.486041249410968
"GSM8121907_athero_human_14.txt.gz","Plate_727s_C17","asymptomatic","macrophage","macrophage_S2",1.40857154918921,0.435827737382989,-0.555999675217704
"GSM8121907_athero_human_14.txt.gz","Plate_727s_C18","asymptomatic","macrophage","macrophage_S1",1.50536070121193,0.519814522965997,-0.390302898926677
"GSM8121907_athero_human_14.txt.gz","Plate_727s_C19","asymptomatic","macrophage","macrophage_S2",1.68202220323261,0.324987632492202,-0.565796821196663
"GSM8121907_athero_human_14.txt.gz","Plate_727s_C24","asymptomatic","macrophage","macrophage_S2",1.63267427505994,-0.137404602798082,-0.36114988178122
"GSM8121907_athero_human_14.txt.gz","Plate_727s_D01","asymptomatic","macrophage","macrophage_S2",1.6885825405514,0.436655584927041,-0.55110902591204
"GSM8121907_athero_human_14.txt.gz","Plate_727s_D02","asymptomatic","macrophage","macrophage_S2",1.60840669477861,0.222016543928578,-0.494731413768586
"GSM8121907_athero_human_14.txt.gz","Plate_727s_D03","asymptomatic","macrophage","macrophage_S2",1.36899645488881,-0.0199678718731601,-0.269632989847359
"GSM8121907_athero_human_14.txt.gz","Plate_727s_D06","asymptomatic","macrophage","macrophage_S1",0.921785163536562,0.645100310993341,-0.245992962845527
"GSM8121907_athero_human_14.txt.gz","Plate_727s_D07","asymptomatic","macrophage","macrophage_S1",1.99466819244854,1.13693081496428,0.448641713408152
"GSM8121907_athero_human_14.txt.gz","Plate_727s_D08","asymptomatic","macrophage","macrophage_S1",1.26132211331776,0.550673457081483,-0.328630408044613
"GSM8121907_athero_human_14.txt.gz","Plate_727s_D12","asymptomatic","macrophage","macrophage_S2",0.774900556458898,-0.449284748604954,-0.538926947250029
"GSM8121907_athero_human_14.txt.gz","Plate_727s_D14","asymptomatic","macrophage","macrophage_S2",1.58286208323219,-0.0637314604992297,-0.541308428361491
"GSM8121907_athero_human_14.txt.gz","Plate_727s_D15","asymptomatic","macrophage","macrophage_S2",1.29072432661224,0.17327509521031,-0.396103870834811
"GSM8121907_athero_human_14.txt.gz","Plate_727s_D16","asymptomatic","macrophage","macrophage_S2",0.9296489682645,-0.0427556762670348,-0.296833099750859
"GSM8121907_athero_human_14.txt.gz","Plate_727s_D19","asymptomatic","macrophage","macrophage_S2",1.25607831474619,-0.134708370575302,-0.239847582922696
"GSM8121907_athero_human_14.txt.gz","Plate_727s_D21","asymptomatic","macrophage","macrophage_S2",1.61578896381016,0.280193222932797,-0.354416938571476
"GSM8121907_athero_human_14.txt.gz","Plate_727s_D23","asymptomatic","macrophage","macrophage_S1",1.50488599634034,0.578788716985668,-0.522045723549937
"GSM8121907_athero_human_14.txt.gz","Plate_727s_E01","asymptomatic","macrophage","macrophage_S1",1.38488466496783,0.694338877293008,-0.367009238288684
"GSM8121907_athero_human_14.txt.gz","Plate_727s_E09","asymptomatic","macrophage","macrophage_S3",0.868562746871418,0.354579112339459,-0.293376411797973
"GSM8121907_athero_human_14.txt.gz","Plate_727s_E13","asymptomatic","macrophage","macrophage_S2",1.2257339968956,0.194194070198722,-0.314883533156105
"GSM8121907_athero_human_14.txt.gz","Plate_727s_E15","asymptomatic","macrophage","macrophage_S3",0.828208348428939,0.321536597175085,0.52706132505631
"GSM8121907_athero_human_14.txt.gz","Plate_727s_E16","asymptomatic","macrophage","macrophage_S2",1.37646396809302,0.0900635817736717,-0.414971412817431
"GSM8121907_athero_human_14.txt.gz","Plate_727s_E17","asymptomatic","macrophage","macrophage_S2",0.875980562125991,-0.362270106011359,-0.543575326070352
"GSM8121907_athero_human_14.txt.gz","Plate_727s_E18","asymptomatic","macrophage","macrophage_S3",1.00191514191261,-0.426285963268503,0.0641925178321538
"GSM8121907_athero_human_14.txt.gz","Plate_727s_E20","asymptomatic","macrophage","macrophage_S2",1.43886933036093,-0.360030212103638,-0.42617407439924
"GSM8121907_athero_human_14.txt.gz","Plate_727s_E23","asymptomatic","macrophage","macrophage_S2",1.51686754523994,-0.0298188084284399,-0.186836358305778
"GSM8121907_athero_human_14.txt.gz","Plate_727s_F01","asymptomatic","macrophage","macrophage_S2",0.873145924854668,0.107445992496641,-0.487652541384445
"GSM8121907_athero_human_14.txt.gz","Plate_727s_F03","asymptomatic","macrophage","macrophage_S2",1.68814786530417,0.30327270432139,-0.564193568064382
"GSM8121907_athero_human_14.txt.gz","Plate_727s_F04","asymptomatic","macrophage","macrophage_S2",1.01509364655827,-0.11369717125623,-0.561192511279219
"GSM8121907_athero_human_14.txt.gz","Plate_727s_F05","asymptomatic","macrophage","macrophage_S1",1.68844820713464,0.427399243764159,-0.347829198511807
"GSM8121907_athero_human_14.txt.gz","Plate_727s_F06","asymptomatic","macrophage","macrophage_S2",1.08181184909626,0.295754058085094,-0.557059170363286
"GSM8121907_athero_human_14.txt.gz","Plate_727s_F10","asymptomatic","macrophage","macrophage_S2",1.13820783812777,-0.284281669543512,-0.306147395531773
"GSM8121907_athero_human_14.txt.gz","Plate_727s_F12","asymptomatic","macrophage","macrophage_S1",1.44116200821372,0.497293708553572,-0.339052566734454
"GSM8121907_athero_human_14.txt.gz","Plate_727s_F13","asymptomatic","macrophage","macrophage_S2",1.32892517246811,0.143390057496807,-0.268713937036057
"GSM8121907_athero_human_14.txt.gz","Plate_727s_F14","asymptomatic","macrophage","macrophage_S2",1.60676059152952,0.27821698235692,-0.581831249447661
"GSM8121907_athero_human_14.txt.gz","Plate_727s_F15","asymptomatic","macrophage","macrophage_S2",0.738544882992648,0.610543027740261,-0.410517909914922
"GSM8121907_athero_human_14.txt.gz","Plate_727s_F17","asymptomatic","macrophage","macrophage_S3",0.869965352036267,0.18337235482122,-0.00994920904045263
"GSM8121907_athero_human_14.txt.gz","Plate_727s_F18","asymptomatic","macrophage","macrophage_S2",1.51208478063896,0.214162186957193,-0.285323196222816
"GSM8121907_athero_human_14.txt.gz","Plate_727s_F20","asymptomatic","macrophage","macrophage_S3",0.810680546086563,-0.338730367136318,-0.245939548381332
"GSM8121907_athero_human_14.txt.gz","Plate_727s_F23","asymptomatic","macrophage","macrophage_S2",0.73830249273338,0.273625271321915,-0.410885888025715
"GSM8121907_athero_human_14.txt.gz","Plate_727s_G04","asymptomatic","macrophage","macrophage_S2",1.48481233871116,0.0948412773966233,-0.497615198760833
"GSM8121907_athero_human_14.txt.gz","Plate_727s_G05","asymptomatic","macrophage","macrophage_S2",1.31200898791489,0.228638641428705,-0.463565102037547
"GSM8121907_athero_human_14.txt.gz","Plate_727s_G06","asymptomatic","macrophage","macrophage_S1",1.4412469515593,0.915710671070852,-0.35514006360401
"GSM8121907_athero_human_14.txt.gz","Plate_727s_G07","asymptomatic","macrophage","macrophage_S1",1.87581229080568,0.373364395618716,-0.28883756974551
"GSM8121907_athero_human_14.txt.gz","Plate_727s_G08","asymptomatic","macrophage","macrophage_S1",1.55439701878846,0.618938240308949,-0.479322672702109
"GSM8121907_athero_human_14.txt.gz","Plate_727s_G12","asymptomatic","macrophage","macrophage_S1",1.41357060716729,0.702482932229614,-0.45314062333777
"GSM8121907_athero_human_14.txt.gz","Plate_727s_G14","asymptomatic","macrophage","macrophage_S2",1.38876813085885,0.127230672644781,-0.538254358959563
"GSM8121907_athero_human_14.txt.gz","Plate_727s_G19","asymptomatic","macrophage","macrophage_S1",1.62300249162218,0.569202592776229,-0.544613917048832
"GSM8121907_athero_human_14.txt.gz","Plate_727s_G20","asymptomatic","macrophage","macrophage_S3",0.588121041447069,0.15026898275063,-0.161447568509819
"GSM8121907_athero_human_14.txt.gz","Plate_727s_G21","asymptomatic","macrophage","macrophage_S1",1.59233684000076,0.401460511992,0.108338764308787
"GSM8121907_athero_human_14.txt.gz","Plate_727s_H01","asymptomatic","macrophage","macrophage_S2",1.4043070711978,0.40406406050418,-0.406974643650224
"GSM8121907_athero_human_14.txt.gz","Plate_727s_H03","asymptomatic","macrophage","macrophage_S2",1.84119718149957,0.328065708514217,-0.576759103943087
"GSM8121907_athero_human_14.txt.gz","Plate_727s_H04","asymptomatic","macrophage","macrophage_S2",1.51622538099787,0.141958183678082,-0.547895218140913
"GSM8121907_athero_human_14.txt.gz","Plate_727s_H05","asymptomatic","macrophage","macrophage_S2",1.36062590392056,0.482118438979371,-0.574809304944597
"GSM8121907_athero_human_14.txt.gz","Plate_727s_H11","asymptomatic","macrophage","macrophage_S3",1.53433581563984,-0.0202221419262193,-0.0629600438640399
"GSM8121907_athero_human_14.txt.gz","Plate_727s_H14","asymptomatic","macrophage","macrophage_S1",1.58626141014247,0.714335951513326,-0.497757256442291
"GSM8121907_athero_human_14.txt.gz","Plate_727s_H20","asymptomatic","macrophage","macrophage_S2",1.61328891439391,0.450944821611073,-0.477845873389969
"GSM8121907_athero_human_14.txt.gz","Plate_727s_H22","asymptomatic","macrophage","macrophage_S2",1.52879915468232,-0.000629338436666884,-0.339753041401165
"GSM8121907_athero_human_14.txt.gz","Plate_727s_H23","asymptomatic","macrophage","macrophage_S2",1.32508906209184,0.327197707105686,-0.48133971834514
"GSM8121907_athero_human_14.txt.gz","Plate_727s_I05","asymptomatic","macrophage","macrophage_S3",1.42065998867397,0.241835095198914,-0.137398026939718
"GSM8121907_athero_human_14.txt.gz","Plate_727s_I06","asymptomatic","macrophage","macrophage_S2",1.59292253400559,-0.284743192444709,-0.526939722057667
"GSM8121907_athero_human_14.txt.gz","Plate_727s_I09","asymptomatic","macrophage","macrophage_S2",1.45856931766467,0.16318079897559,-0.567680354736691
"GSM8121907_athero_human_14.txt.gz","Plate_727s_I12","asymptomatic","macrophage","macrophage_S3",1.36503831824839,0.156972390974508,-0.14718847831678
"GSM8121907_athero_human_14.txt.gz","Plate_727s_I13","asymptomatic","macrophage","macrophage_S1",1.50130009718614,0.547499558948238,-0.323826643504048
"GSM8121907_athero_human_14.txt.gz","Plate_727s_I16","asymptomatic","macrophage","macrophage_S2",1.44173284849731,0.268465840512043,-0.331428629226292
"GSM8121907_athero_human_14.txt.gz","Plate_727s_I23","asymptomatic","macrophage","macrophage_S2",1.02515110675991,-0.390135534532796,-0.32738277093919
"GSM8121907_athero_human_14.txt.gz","Plate_727s_I24","asymptomatic","macrophage","macrophage_S1",0.984660531902595,0.676976747677684,-0.505622546555782
"GSM8121907_athero_human_14.txt.gz","Plate_727s_J01","asymptomatic","macrophage","macrophage_S2",1.30288864918402,0.122867751502315,-0.554624936278975
"GSM8121907_athero_human_14.txt.gz","Plate_727s_J03","asymptomatic","macrophage","macrophage_S3",1.3418087811084,-0.115838815005883,-0.08922124943425
"GSM8121907_athero_human_14.txt.gz","Plate_727s_J06","asymptomatic","macrophage","macrophage_S2",1.68324674130605,-0.134393077634966,-0.575581391120718
"GSM8121907_athero_human_14.txt.gz","Plate_727s_J07","asymptomatic","macrophage","macrophage_S2",0.816769825308842,-0.308114120707682,-0.369734275502572
"GSM8121907_athero_human_14.txt.gz","Plate_727s_J09","asymptomatic","macrophage","macrophage_S2",0.576908639745557,-0.350759894926543,-0.578274394753594
"GSM8121907_athero_human_14.txt.gz","Plate_727s_J11","asymptomatic","macrophage","macrophage_S2",1.47945912568235,-0.167200916116455,-0.534783947510825
"GSM8121907_athero_human_14.txt.gz","Plate_727s_J12","asymptomatic","macrophage","macrophage_S3",0.78981105691307,-0.00165322876621719,-0.162376632907414
"GSM8121907_athero_human_14.txt.gz","Plate_727s_J14","asymptomatic","macrophage","macrophage_S2",1.8599217766827,-0.0474175913069942,-0.582519979342603
"GSM8121907_athero_human_14.txt.gz","Plate_727s_J16","asymptomatic","macrophage","macrophage_S2",1.15928735337158,-0.378957099827948,-0.276646597995323
"GSM8121907_athero_human_14.txt.gz","Plate_727s_J17","asymptomatic","macrophage","macrophage_S2",1.65696170599019,0.225352416539464,-0.533584795706001
"GSM8121907_athero_human_14.txt.gz","Plate_727s_J21","asymptomatic","macrophage","macrophage_S2",0.627287949098911,-0.293450409226105,-0.440105843991537
"GSM8121907_athero_human_14.txt.gz","Plate_727s_J22","asymptomatic","macrophage","macrophage_S2",1.13554672017683,0.37479190046445,-0.441075031472856
"GSM8121907_athero_human_14.txt.gz","Plate_727s_J23","asymptomatic","macrophage","macrophage_S2",1.73434039326912,-0.271149268046752,-0.39947127459115
"GSM8121907_athero_human_14.txt.gz","Plate_727s_K03","asymptomatic","macrophage","macrophage_S2",1.53054811200068,0.315019770107095,-0.549415376823765
"GSM8121907_athero_human_14.txt.gz","Plate_727s_K07","asymptomatic","macrophage","macrophage_S1",1.45032218910655,0.870929576346516,-0.181831956812289
"GSM8121907_athero_human_14.txt.gz","Plate_727s_K08","asymptomatic","macrophage","macrophage_S2",1.14801517919933,0.122203202291006,-0.565491609754428
"GSM8121907_athero_human_14.txt.gz","Plate_727s_K12","asymptomatic","macrophage","macrophage_S2",1.27207715151796,0.256296538631275,-0.519870087826303
"GSM8121907_athero_human_14.txt.gz","Plate_727s_L03","asymptomatic","macrophage","macrophage_S1",1.65620751218706,0.364286411391873,-0.217876597927661
"GSM8121907_athero_human_14.txt.gz","Plate_727s_L04","asymptomatic","macrophage","macrophage_S2",1.65421364268531,-0.0189133777406897,-0.46891623321107
"GSM8121907_athero_human_14.txt.gz","Plate_727s_L07","asymptomatic","macrophage","macrophage_S2",1.40395348973998,0.0880555573446294,-0.430058676618873
"GSM8121907_athero_human_14.txt.gz","Plate_727s_L08","asymptomatic","macrophage","macrophage_S2",1.25320693927305,-0.308846035479391,-0.442494787828667
"GSM8121907_athero_human_14.txt.gz","Plate_727s_L09","asymptomatic","macrophage","macrophage_S2",1.27671006617618,0.114938078685742,-0.355691624599473
"GSM8121907_athero_human_14.txt.gz","Plate_727s_L17","asymptomatic","macrophage","macrophage_S1",1.29901410515931,0.560255686987697,-0.0624278484151682
"GSM8121907_athero_human_14.txt.gz","Plate_727s_L18","asymptomatic","macrophage","macrophage_S2",1.77526904705529,-0.14594383615287,-0.567185229371786
"GSM8121907_athero_human_14.txt.gz","Plate_727s_L20","asymptomatic","macrophage","macrophage_S1",1.69622403305151,0.458925229562055,-0.406004980132713
"GSM8121907_athero_human_14.txt.gz","Plate_727s_L24","asymptomatic","macrophage","macrophage_S1",1.40925745623544,0.834165951025641,-0.384663371914721
"GSM8121907_athero_human_14.txt.gz","Plate_727s_M02","asymptomatic","macrophage","macrophage_S2",1.1993791731629,-0.0801083928743434,-0.379034925533814
"GSM8121907_athero_human_14.txt.gz","Plate_727s_M03","asymptomatic","macrophage","macrophage_S2",1.15278507106074,-0.348611406453763,-0.470555080552764
"GSM8121907_athero_human_14.txt.gz","Plate_727s_M04","asymptomatic","macrophage","macrophage_S2",1.18892327311607,-0.0287587130035886,-0.486763761784988
"GSM8121907_athero_human_14.txt.gz","Plate_727s_M08","asymptomatic","macrophage","macrophage_S3",0.525400021127623,0.118116540958012,-0.244243462971748
"GSM8121907_athero_human_14.txt.gz","Plate_727s_M09","asymptomatic","macrophage","macrophage_S1",1.12460279115326,1.62922528890854,-0.53094950513467
"GSM8121907_athero_human_14.txt.gz","Plate_727s_M12","asymptomatic","macrophage","macrophage_S2",1.34764028306331,-0.105005042941978,-0.548389817294394
"GSM8121907_athero_human_14.txt.gz","Plate_727s_M15","asymptomatic","macrophage","macrophage_S1",1.63558721878423,0.626817831387035,-0.525348582366358
"GSM8121907_athero_human_14.txt.gz","Plate_727s_M17","asymptomatic","macrophage","macrophage_S1",1.34411987583701,0.681905705545074,-0.512486228888142
"GSM8121907_athero_human_14.txt.gz","Plate_727s_M19","asymptomatic","macrophage","macrophage_S3",0.548749303716012,0.175384918123834,-0.318465179160279
"GSM8121907_athero_human_14.txt.gz","Plate_727s_M20","asymptomatic","macrophage","macrophage_S3",0.822247820150234,-0.311175873831215,0.134839743388985
"GSM8121907_athero_human_14.txt.gz","Plate_727s_M24","asymptomatic","macrophage","macrophage_S2",1.29113633315299,0.112554900784904,-0.352183266977522
"GSM8121907_athero_human_14.txt.gz","Plate_727s_N05","asymptomatic","macrophage","macrophage_S1",1.13742638964453,0.806888046715025,-0.377900834849718
"GSM8121907_athero_human_14.txt.gz","Plate_727s_N08","asymptomatic","macrophage","macrophage_S2",0.781179382515294,-0.344729465518391,-0.465970656687221
"GSM8121907_athero_human_14.txt.gz","Plate_727s_N12","asymptomatic","macrophage","macrophage_S2",1.18891145928807,0.46678016215534,-0.568711855412269
"GSM8121907_athero_human_14.txt.gz","Plate_727s_N17","asymptomatic","macrophage","macrophage_S3",1.33429173453778,-0.10440705355729,-0.13374452215177
"GSM8121907_athero_human_14.txt.gz","Plate_727s_N19","asymptomatic","macrophage","macrophage_S2",1.01253527340157,0.02786531603798,-0.417104068443
"GSM8121907_athero_human_14.txt.gz","Plate_727s_N20","asymptomatic","macrophage","macrophage_S2",1.4341987632648,-0.132803830229176,-0.502966616706791
"GSM8121907_athero_human_14.txt.gz","Plate_727s_N21","asymptomatic","macrophage","macrophage_S2",1.18694949899767,0.249690042118926,-0.366497925867067
"GSM8121907_athero_human_14.txt.gz","Plate_727s_N23","asymptomatic","macrophage","macrophage_S3",1.48122132117597,0.108952022450068,0.19953976656861
"GSM8121907_athero_human_14.txt.gz","Plate_727s_O01","asymptomatic","macrophage","macrophage_S3",0.413324436480786,-0.198772905148569,0.357279152897292
"GSM8121907_athero_human_14.txt.gz","Plate_727s_O04","asymptomatic","macrophage","macrophage_S2",0.606985317398764,-0.272606197237216,-0.453526310345484
"GSM8121907_athero_human_14.txt.gz","Plate_727s_O06","asymptomatic","macrophage","macrophage_S2",1.43103353014549,0.388022027205157,-0.506784134333864
"GSM8121907_athero_human_14.txt.gz","Plate_727s_O07","asymptomatic","macrophage","macrophage_S3",1.47855981982359,-0.109680100398433,-0.0314126836336647
"GSM8121907_athero_human_14.txt.gz","Plate_727s_O08","asymptomatic","macrophage","macrophage_S1",1.86718147135141,0.868038888419251,-0.53382459354596
"GSM8121907_athero_human_14.txt.gz","Plate_727s_O09","asymptomatic","macrophage","macrophage_S2",1.13619756239623,0.480649613957683,-0.421837987496087
"GSM8121907_athero_human_14.txt.gz","Plate_727s_O10","asymptomatic","macrophage","macrophage_S2",1.563647922909,0.272924533921313,-0.474868755277336
"GSM8121907_athero_human_14.txt.gz","Plate_727s_O11","asymptomatic","macrophage","macrophage_S2",1.55376343388941,0.285233575063406,-0.414036388576841
"GSM8121907_athero_human_14.txt.gz","Plate_727s_O13","asymptomatic","macrophage","macrophage_S3",1.52228224742287,-0.0148204262746462,0.131340541905929
"GSM8121907_athero_human_14.txt.gz","Plate_727s_O14","asymptomatic","macrophage","macrophage_S3",0.861657683604369,0.130507580211571,0.107194698183425
"GSM8121907_athero_human_14.txt.gz","Plate_727s_O16","asymptomatic","macrophage","macrophage_S2",1.4784319977949,0.452455568790456,-0.389440580560112
"GSM8121907_athero_human_14.txt.gz","Plate_727s_O17","asymptomatic","macrophage","macrophage_S1",1.44338678741467,1.5843409997305,-0.326912477656095
"GSM8121907_athero_human_14.txt.gz","Plate_727s_O18","asymptomatic","macrophage","macrophage_S1",1.81224639898593,0.827939682651527,-0.538570183854947
"GSM8121907_athero_human_14.txt.gz","Plate_727s_O22","asymptomatic","macrophage","macrophage_S3",1.29844968305475,0.545960373896027,0.178902773556452
"GSM8121907_athero_human_14.txt.gz","Plate_727s_P02","asymptomatic","macrophage","macrophage_S2",1.32644654368164,-0.0977638218182207,-0.300970424043268
"GSM8121907_athero_human_14.txt.gz","Plate_727s_P03","asymptomatic","macrophage","macrophage_S2",1.58234888560004,0.255855796894154,-0.281851739259086
"GSM8121907_athero_human_14.txt.gz","Plate_727s_P04","asymptomatic","macrophage","macrophage_S2",0.951203132576375,0.377642787356808,-0.342130540946629
"GSM8121907_athero_human_14.txt.gz","Plate_727s_P05","asymptomatic","macrophage","macrophage_S2",1.46113737123087,0.213000488738304,-0.543501269222949
"GSM8121907_athero_human_14.txt.gz","Plate_727s_P09","asymptomatic","macrophage","macrophage_S3",0.729097906059334,0.358713221361606,-0.22491331085637
"GSM8121907_athero_human_14.txt.gz","Plate_727s_P10","asymptomatic","macrophage","macrophage_S1",1.12440629575454,0.677301118715613,-0.297367203208238
"GSM8121907_athero_human_14.txt.gz","Plate_727s_P11","asymptomatic","macrophage","macrophage_S1",1.60751812444638,0.75557233383268,-0.331404377227501
"GSM8121907_athero_human_14.txt.gz","Plate_727s_P12","asymptomatic","macrophage","macrophage_S1",1.65803406678246,0.531140069944363,-0.404184358597054
"GSM8121907_athero_human_14.txt.gz","Plate_727s_P13","asymptomatic","macrophage","macrophage_S2",1.54531890999401,0.0936816484276694,-0.483286403240338
"GSM8121907_athero_human_14.txt.gz","Plate_727s_P14","asymptomatic","macrophage","macrophage_S2",0.952017368464411,-0.510945399887733,-0.55154120271453
"GSM8121907_athero_human_14.txt.gz","Plate_727s_P16","asymptomatic","macrophage","macrophage_S2",1.40603890147676,0.142950382796817,-0.542773921173554
"GSM8121907_athero_human_14.txt.gz","Plate_727s_P17","asymptomatic","macrophage","macrophage_S2",1.65953838182337,0.100193970151289,-0.534133032360208
"GSM8121907_athero_human_14.txt.gz","Plate_727s_P18","asymptomatic","macrophage","macrophage_S1",1.46503433137365,0.521138519512348,-0.477207421549599
"GSM8121907_athero_human_14.txt.gz","Plate_727s_P20","asymptomatic","macrophage","macrophage_S2",1.49579778729865,0.156890565662085,-0.477274073856432
"GSM8121907_athero_human_14.txt.gz","Plate_727s_P21","asymptomatic","macrophage","macrophage_S3",1.41758751436973,-0.059392584330005,-0.0123767690582644
"GSM8121908_athero_human_15.txt.gz","Plate_728s_A02","symptomatic","macrophage","macrophage_S3",-0.0287158735476384,0.477605851380639,0.219719161481137
"GSM8121908_athero_human_15.txt.gz","Plate_728s_A05","symptomatic","macrophage","macrophage_S3",1.00841097799551,0.14823294551722,-0.0244204885367893
"GSM8121908_athero_human_15.txt.gz","Plate_728s_A06","symptomatic","macrophage","macrophage_S3",0.242072227538279,0.527729609037095,0.16778323882039
"GSM8121908_athero_human_15.txt.gz","Plate_728s_A07","symptomatic","macrophage","macrophage_S3",0.577032712389721,0.496392508722272,-0.226620912567664
"GSM8121908_athero_human_15.txt.gz","Plate_728s_A14","symptomatic","macrophage","macrophage_S2",0.622975511324899,0.0589226533291448,-0.44068742022618
"GSM8121908_athero_human_15.txt.gz","Plate_728s_A16","symptomatic","macrophage","macrophage_S2",0.575732311601875,0.192128028893073,-0.370489642634479
"GSM8121908_athero_human_15.txt.gz","Plate_728s_B08","symptomatic","macrophage","macrophage_S3",0.724551781042179,0.086280874258362,-0.192856853506557
"GSM8121908_athero_human_15.txt.gz","Plate_728s_B13","symptomatic","macrophage","macrophage_S2",0.7322820807636,0.0469902360031394,-0.431444560656755
"GSM8121908_athero_human_15.txt.gz","Plate_728s_B15","symptomatic","macrophage","macrophage_S2",0.958268567971866,0.383522134548141,-0.57078982417633
"GSM8121908_athero_human_15.txt.gz","Plate_728s_B17","symptomatic","macrophage","macrophage_S3",0.47008898545099,0.199689330695531,0.0784919831131997
"GSM8121908_athero_human_15.txt.gz","Plate_728s_B18","symptomatic","macrophage","macrophage_S2",1.0206847450094,0.424531437170591,-0.415854801322051
"GSM8121908_athero_human_15.txt.gz","Plate_728s_B20","symptomatic","macrophage","macrophage_S3",0.476296247077772,-0.0685979173938321,-0.146329385289348
"GSM8121908_athero_human_15.txt.gz","Plate_728s_C09","symptomatic","macrophage","macrophage_S3",0.0185265718034958,-0.132470511451141,-0.230839352163828
"GSM8121908_athero_human_15.txt.gz","Plate_728s_C11","symptomatic","macrophage","macrophage_S3",0.230518859232534,0.123110038877251,0.0898703347190658
"GSM8121908_athero_human_15.txt.gz","Plate_728s_C17","symptomatic","macrophage","macrophage_S1",1.08964854497957,0.63340831265238,-0.44354712207493
"GSM8121908_athero_human_15.txt.gz","Plate_728s_C21","symptomatic","macrophage","macrophage_S3",0.275194208497696,0.205862752866956,-0.303915385495746
"GSM8121908_athero_human_15.txt.gz","Plate_728s_D01","symptomatic","macrophage","macrophage_S2",0.971102187062569,0.232610617445116,-0.453990016591904
"GSM8121908_athero_human_15.txt.gz","Plate_728s_D08","symptomatic","macrophage","macrophage_S3",0.974636180161046,0.28000252840153,-0.0504801473745777
"GSM8121908_athero_human_15.txt.gz","Plate_728s_D10","symptomatic","macrophage","macrophage_S3",0.374110705196327,0.406812569765394,0.333254883682582
"GSM8121908_athero_human_15.txt.gz","Plate_728s_D14","symptomatic","macrophage","macrophage_S3",0.625217388090614,-0.0792975802421551,-0.307429464955918
"GSM8121908_athero_human_15.txt.gz","Plate_728s_D16","symptomatic","macrophage","macrophage_S3",0.0505112083327811,0.474204642409283,-0.0163373881662319
"GSM8121908_athero_human_15.txt.gz","Plate_728s_D17","symptomatic","macrophage","macrophage_S3",0.108244883050901,0.198589185755691,0.145526139296992
"GSM8121908_athero_human_15.txt.gz","Plate_728s_D18","symptomatic","macrophage","macrophage_S3",0.148514781882995,0.252078788486983,-0.27778284185672
"GSM8121908_athero_human_15.txt.gz","Plate_728s_D23","symptomatic","macrophage","macrophage_S2",1.12089641928307,0.299643379445104,-0.598809423095468
"GSM8121908_athero_human_15.txt.gz","Plate_728s_E02","symptomatic","macrophage","macrophage_S3",0.40041931495458,0.30252315685979,-0.184213408345958
"GSM8121908_athero_human_15.txt.gz","Plate_728s_E04","symptomatic","macrophage","macrophage_S3",0.765225064946386,0.414595179028111,0.0254594837926853
"GSM8121908_athero_human_15.txt.gz","Plate_728s_E06","symptomatic","macrophage","macrophage_S3",0.908155078163421,0.0448473399158072,-0.18693843023623
"GSM8121908_athero_human_15.txt.gz","Plate_728s_E09","symptomatic","macrophage","macrophage_S3",0.0974524615661144,0.301857444175072,-0.34902348651667
"GSM8121908_athero_human_15.txt.gz","Plate_728s_E12","symptomatic","macrophage","macrophage_S2",1.06642983988118,-0.0564723989185896,-0.549611210565051
"GSM8121908_athero_human_15.txt.gz","Plate_728s_E13","symptomatic","macrophage","macrophage_S2",0.944898268057883,0.0770160175396195,-0.483614244854795
"GSM8121908_athero_human_15.txt.gz","Plate_728s_E22","symptomatic","macrophage","macrophage_S3",0.888980536050725,0.311261218868813,-0.17682541143767
"GSM8121908_athero_human_15.txt.gz","Plate_728s_F03","symptomatic","macrophage","macrophage_S3",0.64563100459447,0.208750709909501,-0.244873593199937
"GSM8121908_athero_human_15.txt.gz","Plate_728s_F06","symptomatic","macrophage","macrophage_S2",0.744661415102294,0.253385647748757,-0.450653314394314
"GSM8121908_athero_human_15.txt.gz","Plate_728s_F13","symptomatic","macrophage","macrophage_S3",0.848807588628455,0.45741095262581,0.19131780087656
"GSM8121908_athero_human_15.txt.gz","Plate_728s_G11","symptomatic","macrophage","macrophage_S3",1.2149972046909,0.171992877539029,0.120459579007234
"GSM8121908_athero_human_15.txt.gz","Plate_728s_G23","symptomatic","macrophage","macrophage_S2",1.01728749354095,0.455876898734328,-0.447428462327474
"GSM8121908_athero_human_15.txt.gz","Plate_728s_G24","symptomatic","macrophage","macrophage_S2",0.779162200075053,0.11345606138251,-0.426837948173591
"GSM8121908_athero_human_15.txt.gz","Plate_728s_H01","symptomatic","macrophage","macrophage_S2",1.06954181630437,0.341471947621132,-0.305379449767431
"GSM8121908_athero_human_15.txt.gz","Plate_728s_H16","symptomatic","macrophage","macrophage_S3",0.25657858778436,-0.064744213348261,-0.132077155405344
"GSM8121908_athero_human_15.txt.gz","Plate_728s_H18","symptomatic","macrophage","macrophage_S3",1.00556802184663,0.179300491707773,0.0201236672281537
"GSM8121908_athero_human_15.txt.gz","Plate_728s_H23","symptomatic","macrophage","macrophage_S3",0.591970662485772,0.0903584107866357,-0.194717250712993
"GSM8121908_athero_human_15.txt.gz","Plate_728s_I02","symptomatic","macrophage","macrophage_S3",0.845854403217836,0.0552089740514726,-0.0389583688941124
"GSM8121908_athero_human_15.txt.gz","Plate_728s_I04","symptomatic","macrophage","macrophage_S3",0.0423556617131401,0.22465481193914,0.421676809390432
"GSM8121908_athero_human_15.txt.gz","Plate_728s_I06","symptomatic","macrophage","macrophage_S3",0.638587706867197,0.012943581831429,-0.170988998861443
"GSM8121908_athero_human_15.txt.gz","Plate_728s_I09","symptomatic","macrophage","macrophage_S3",0.241608219524981,0.0246323722065473,-0.135650930954663
"GSM8121908_athero_human_15.txt.gz","Plate_728s_I24","symptomatic","macrophage","macrophage_S2",0.634199137837008,0.0670598650558406,-0.389065197763455
"GSM8121908_athero_human_15.txt.gz","Plate_728s_J03","symptomatic","macrophage","macrophage_S3",0.459427257050783,-0.108665699372188,-0.191148162021407
"GSM8121908_athero_human_15.txt.gz","Plate_728s_J08","symptomatic","macrophage","macrophage_S3",0.906900177594776,0.340327355596809,0.0115861189806893
"GSM8121908_athero_human_15.txt.gz","Plate_728s_J12","symptomatic","macrophage","macrophage_S2",0.980732505385285,0.329784803025998,-0.679677616744322
"GSM8121908_athero_human_15.txt.gz","Plate_728s_J14","symptomatic","macrophage","macrophage_S2",0.576273734113956,-0.299343550929375,-0.448677851920296
"GSM8121908_athero_human_15.txt.gz","Plate_728s_J17","symptomatic","macrophage","macrophage_S3",0.766352171722549,0.104376618278524,-0.272761200057799
"GSM8121908_athero_human_15.txt.gz","Plate_728s_J22","symptomatic","macrophage","macrophage_S3",0.74727004959576,0.0782375928831655,0.014596515919967
"GSM8121908_athero_human_15.txt.gz","Plate_728s_K03","symptomatic","macrophage","macrophage_S3",0.625367883518436,0.471041301446269,-0.282806654248788
"GSM8121908_athero_human_15.txt.gz","Plate_728s_K06","symptomatic","macrophage","macrophage_S2",1.13266974581792,0.131704315552102,-0.502086844921399
"GSM8121908_athero_human_15.txt.gz","Plate_728s_K08","symptomatic","macrophage","macrophage_S3",0.860578704997568,0.433708483052521,-0.0125446031232757
"GSM8121908_athero_human_15.txt.gz","Plate_728s_K11","symptomatic","macrophage","macrophage_S3",0.394291186089944,0.000783120930471466,-0.356497708251026
"GSM8121908_athero_human_15.txt.gz","Plate_728s_K12","symptomatic","macrophage","macrophage_S3",0.438629162913392,0.0697265654426812,0.0612374802631305
"GSM8121908_athero_human_15.txt.gz","Plate_728s_K13","symptomatic","macrophage","macrophage_S3",0.535217526268265,0.239180286507944,-0.186470528753814
"GSM8121908_athero_human_15.txt.gz","Plate_728s_K17","symptomatic","macrophage","macrophage_S3",0.576095806721743,0.340407885000986,-0.300968160292005
"GSM8121908_athero_human_15.txt.gz","Plate_728s_K18","symptomatic","macrophage","macrophage_S3",0.823916445678488,0.21133365679843,0.0311584136016733
"GSM8121908_athero_human_15.txt.gz","Plate_728s_K22","symptomatic","macrophage","macrophage_S3",0.862301847518186,0.088245513212569,-0.244949891806068
"GSM8121908_athero_human_15.txt.gz","Plate_728s_K23","symptomatic","macrophage","macrophage_S3",0.656532409212526,0.0161739045764911,-0.265868937090537
"GSM8121908_athero_human_15.txt.gz","Plate_728s_L02","symptomatic","macrophage","macrophage_S3",1.18471537277017,0.349563245380502,-0.16850620905065
"GSM8121908_athero_human_15.txt.gz","Plate_728s_L06","symptomatic","macrophage","macrophage_S3",0.623926682316935,0.313482105929049,0.0470657276042597
"GSM8121908_athero_human_15.txt.gz","Plate_728s_L10","symptomatic","macrophage","macrophage_S3",0.434484219682542,0.357257613327701,-0.00237229610691014
"GSM8121908_athero_human_15.txt.gz","Plate_728s_L16","symptomatic","macrophage","macrophage_S3",0.384709142737267,-0.0214849806471263,0.0206424915531772
"GSM8121908_athero_human_15.txt.gz","Plate_728s_L18","symptomatic","macrophage","macrophage_S3",0.314701755129204,0.117774034396046,-0.0769515986772997
"GSM8121908_athero_human_15.txt.gz","Plate_728s_L23","symptomatic","macrophage","macrophage_S3",0.877871140252555,0.0251584954767298,-0.250991285074349
"GSM8121908_athero_human_15.txt.gz","Plate_728s_M16","symptomatic","macrophage","macrophage_S2",0.873548083780884,0.151229539220292,-0.327764414563117
"GSM8121908_athero_human_15.txt.gz","Plate_728s_N03","symptomatic","macrophage","macrophage_S3",0.0812202703561282,0.108528415421317,0.0319533026167664
"GSM8121908_athero_human_15.txt.gz","Plate_728s_N05","symptomatic","macrophage","macrophage_S3",0.280446293875127,-0.183903878092034,0.143179666899147
"GSM8121908_athero_human_15.txt.gz","Plate_728s_N09","symptomatic","macrophage","macrophage_S3",0.42963594036447,0.124782494266397,-0.265141401029278
"GSM8121908_athero_human_15.txt.gz","Plate_728s_N10","symptomatic","macrophage","macrophage_S3",0.619458876015598,0.119408711118474,-0.233768529978812
"GSM8121908_athero_human_15.txt.gz","Plate_728s_N12","symptomatic","macrophage","macrophage_S3",0.770434640980827,0.201931992722793,0.0656589915154919
"GSM8121908_athero_human_15.txt.gz","Plate_728s_N16","symptomatic","macrophage","macrophage_S2",0.836120715776482,0.231272359856429,-0.704399441619828
"GSM8121908_athero_human_15.txt.gz","Plate_728s_N17","symptomatic","macrophage","macrophage_S2",1.0432294244142,0.314472025432437,-0.579010807640084
"GSM8121908_athero_human_15.txt.gz","Plate_728s_O02","symptomatic","macrophage","macrophage_S3",0.9383452684747,-0.160483868146891,-0.121568389812574
"GSM8121908_athero_human_15.txt.gz","Plate_728s_O06","symptomatic","macrophage","macrophage_S3",0.739210168090395,0.16489279070337,-0.202860846653412
"GSM8121908_athero_human_15.txt.gz","Plate_728s_O10","symptomatic","macrophage","macrophage_S2",0.615045662127052,-0.0335707021510007,-0.604850665389656
"GSM8121908_athero_human_15.txt.gz","Plate_728s_O11","symptomatic","macrophage","macrophage_S3",0.173895383732042,-0.134386406961952,0.0176681633717402
"GSM8121908_athero_human_15.txt.gz","Plate_728s_O17","symptomatic","macrophage","macrophage_S3",0.576903469251493,0.138204097817147,-0.262464493662142
"GSM8121908_athero_human_15.txt.gz","Plate_728s_O18","symptomatic","macrophage","macrophage_S3",0.36821629203395,0.0328539557884419,-0.367484305998986
"GSM8121908_athero_human_15.txt.gz","Plate_728s_O20","symptomatic","macrophage","macrophage_S3",0.965575801359109,0.351280298398991,-0.204769382505925
"GSM8121908_athero_human_15.txt.gz","Plate_728s_O21","symptomatic","macrophage","macrophage_S3",0.692365537876181,-0.136363844385999,-0.0785504947534863
