"file","cell","group","major_cell_type","subcluster","vsmc_score","contractile_vsmc_score","noncontractile_vsmc_score"
"GSM8121894_athero_human_1.txt.gz","Plate_730s_E08","asymptomatic","vsmc","vsmc_S2",0.962162494173407,0.688224919658616,1.22760961371033
"GSM8121894_athero_human_1.txt.gz","Plate_732s_B10","asymptomatic","vsmc","vsmc_S3",2.25773305429152,1.9040758222782,0.120229842636787
"GSM8121894_athero_human_1.txt.gz","Plate_732s_B16","asymptomatic","vsmc","vsmc_S2",1.57730076075912,1.60005556331332,0.461577719948323
"GSM8121894_athero_human_1.txt.gz","Plate_732s_C04","asymptomatic","vsmc","vsmc_S3",2.17084862309153,2.09003848724385,0.0432443131718986
"GSM8121894_athero_human_1.txt.gz","Plate_732s_C10","asymptomatic","vsmc","vsmc_S2",1.32920945065521,0.985734399269982,0.221645611845902
"GSM8121894_athero_human_1.txt.gz","Plate_732s_C15","asymptomatic","vsmc","vsmc_S2",1.65278461444282,1.66705592779316,0.432291490922328
"GSM8121894_athero_human_1.txt.gz","Plate_732s_C16","asymptomatic","vsmc","vsmc_S3",2.28982232735893,2.127615191495,0.382027716107714
"GSM8121894_athero_human_1.txt.gz","Plate_732s_D02","asymptomatic","vsmc","vsmc_S3",2.06729190815029,1.80509464248135,0.607521597867052
"GSM8121894_athero_human_1.txt.gz","Plate_732s_D05","asymptomatic","vsmc","vsmc_S3",2.09961667900452,2.01356494829047,0.347801970773119
"GSM8121894_athero_human_1.txt.gz","Plate_732s_D09","asymptomatic","vsmc","vsmc_S2",0.959470243190762,0.725551559123744,0.144439314880411
"GSM8121894_athero_human_1.txt.gz","Plate_732s_D12","asymptomatic","vsmc","vsmc_S3",2.21201257126215,2.07683614387201,0.397383996236773
"GSM8121894_athero_human_1.txt.gz","Plate_732s_D16","asymptomatic","vsmc","vsmc_S2",0.838698480405742,0.603753631508553,0.694756799345416
"GSM8121894_athero_human_1.txt.gz","Plate_732s_D22","asymptomatic","vsmc","vsmc_S2",1.5680568523707,1.48827970593981,0.137505288547332
"GSM8121894_athero_human_1.txt.gz","Plate_732s_E04","asymptomatic","vsmc","vsmc_S2",1.29572450448972,1.11954975354572,0.0949864783937302
"GSM8121894_athero_human_1.txt.gz","Plate_732s_E05","asymptomatic","vsmc","vsmc_S3",2.65208831647288,2.4352269314792,0.249648799623013
"GSM8121894_athero_human_1.txt.gz","Plate_732s_E15","asymptomatic","vsmc","vsmc_S2",1.56746995413756,1.45000988826341,0.487285828833882
"GSM8121894_athero_human_1.txt.gz","Plate_732s_E19","asymptomatic","vsmc","vsmc_S3",1.90112714392993,1.62134099982676,0.411573779357566
"GSM8121894_athero_human_1.txt.gz","Plate_732s_E22","asymptomatic","vsmc","vsmc_S3",1.99107411633265,1.74003967282655,0.305351087524459
"GSM8121894_athero_human_1.txt.gz","Plate_732s_F05","asymptomatic","vsmc","vsmc_S2",1.51427603451192,1.15409036670864,0.380411707803665
"GSM8121894_athero_human_1.txt.gz","Plate_732s_F06","asymptomatic","vsmc","vsmc_S2",1.83304454454541,1.48092343633661,0.4774124650326
"GSM8121894_athero_human_1.txt.gz","Plate_732s_F07","asymptomatic","vsmc","vsmc_S3",2.169680874453,1.8156119375664,0.037404463674954
"GSM8121894_athero_human_1.txt.gz","Plate_732s_F08","asymptomatic","vsmc","vsmc_S3",2.41518116527636,1.99903374367049,0.421550373179923
"GSM8121894_athero_human_1.txt.gz","Plate_732s_F11","asymptomatic","vsmc","vsmc_S2",1.3541070762603,1.35815782776333,0.390031435035818
"GSM8121894_athero_human_1.txt.gz","Plate_732s_F19","asymptomatic","vsmc","vsmc_S2",1.51020761009754,1.46844739465794,0.225705158308091
"GSM8121894_athero_human_1.txt.gz","Plate_732s_G09","asymptomatic","vsmc","vsmc_S3",2.19549554303483,1.87866297574707,0.0786987521072405
"GSM8121894_athero_human_1.txt.gz","Plate_732s_G10","asymptomatic","vsmc","vsmc_S3",2.37813826775141,2.12320111365709,0.272602964396389
"GSM8121894_athero_human_1.txt.gz","Plate_732s_G14","asymptomatic","vsmc","vsmc_S2",0.8542344966624,0.609612396712104,0.797333431547316
"GSM8121894_athero_human_1.txt.gz","Plate_732s_G16","asymptomatic","vsmc","vsmc_S2",1.46425666084357,1.19434480096769,0.316804396913463
"GSM8121894_athero_human_1.txt.gz","Plate_732s_H04","asymptomatic","vsmc","vsmc_S3",2.28847704433335,2.02497562505135,0.12745227971369
"GSM8121894_athero_human_1.txt.gz","Plate_732s_H14","asymptomatic","vsmc","vsmc_S3",2.57291741947753,2.33906985231216,0.207178720795924
"GSM8121894_athero_human_1.txt.gz","Plate_732s_H15","asymptomatic","vsmc","vsmc_S3",1.80197415994271,1.64700566444754,0.136209409065194
"GSM8121894_athero_human_1.txt.gz","Plate_732s_H17","asymptomatic","vsmc","vsmc_S2",1.13535754336923,0.857037113982317,0.423881158219917
"GSM8121894_athero_human_1.txt.gz","Plate_732s_H23","asymptomatic","vsmc","vsmc_S2",1.83936873235148,1.54177953760855,0.336848936914975
"GSM8121894_athero_human_1.txt.gz","Plate_732s_J04","asymptomatic","vsmc","vsmc_S2",1.49110155236617,1.53741807029331,0.433678949296714
"GSM8121894_athero_human_1.txt.gz","Plate_732s_J05","asymptomatic","vsmc","vsmc_S3",2.25152925323204,2.07364303650443,0.25849700470597
"GSM8121894_athero_human_1.txt.gz","Plate_732s_J07","asymptomatic","vsmc","vsmc_S2",1.46593215480727,1.38142900275014,-0.0540510218109602
"GSM8121894_athero_human_1.txt.gz","Plate_732s_J13","asymptomatic","vsmc","vsmc_S3",2.33176141656322,1.98018567596329,0.558471318469646
"GSM8121894_athero_human_1.txt.gz","Plate_732s_J18","asymptomatic","vsmc","vsmc_S3",2.18475159299672,2.00928054279063,-0.0309706358025952
"GSM8121894_athero_human_1.txt.gz","Plate_732s_J19","asymptomatic","vsmc","vsmc_S1",0.886922663320113,0.697224208695595,-0.0935768893989045
"GSM8121894_athero_human_1.txt.gz","Plate_732s_J21","asymptomatic","vsmc","vsmc_S3",2.36064329728958,1.80779806778255,0.355850678058471
"GSM8121894_athero_human_1.txt.gz","Plate_732s_K05","asymptomatic","vsmc","vsmc_S3",2.21183444913015,3.06214527577008,0.115904371873561
"GSM8121894_athero_human_1.txt.gz","Plate_732s_K06","asymptomatic","vsmc","vsmc_S2",1.32416550307534,1.37811785096617,0.217624400675256
"GSM8121894_athero_human_1.txt.gz","Plate_732s_K07","asymptomatic","vsmc","vsmc_S3",2.06462789730708,1.89436174273176,0.420327721012404
"GSM8121894_athero_human_1.txt.gz","Plate_732s_K12","asymptomatic","vsmc","vsmc_S2",1.33683875270489,1.01074556498424,0.354110146695088
"GSM8121894_athero_human_1.txt.gz","Plate_732s_K18","asymptomatic","vsmc","vsmc_S3",1.76053008074461,2.97967347911677,0.750904241378798
"GSM8121894_athero_human_1.txt.gz","Plate_732s_L05","asymptomatic","vsmc","vsmc_S3",2.20282283820298,1.87843697652752,0.34374412030418
"GSM8121894_athero_human_1.txt.gz","Plate_732s_L07","asymptomatic","vsmc","vsmc_S3",1.86107900426751,1.68770477960871,0.297062334283299
"GSM8121894_athero_human_1.txt.gz","Plate_732s_L11","asymptomatic","vsmc","vsmc_S3",2.43621879150634,2.10778027300699,0.189610462926549
"GSM8121894_athero_human_1.txt.gz","Plate_732s_L18","asymptomatic","vsmc","vsmc_S3",2.31258198779079,2.00806188056108,0.213769815236232
"GSM8121894_athero_human_1.txt.gz","Plate_732s_L23","asymptomatic","vsmc","vsmc_S2",0.873703303132875,0.633566281793165,0.255466739914689
"GSM8121894_athero_human_1.txt.gz","Plate_732s_M07","asymptomatic","vsmc","vsmc_S3",2.02928752673572,1.9221286009615,0.0922131011927614
"GSM8121894_athero_human_1.txt.gz","Plate_732s_M08","asymptomatic","vsmc","vsmc_S3",2.21919959767437,1.68353414717436,0.438807900591405
"GSM8121894_athero_human_1.txt.gz","Plate_732s_M09","asymptomatic","vsmc","vsmc_S1",1.11346991334812,0.815951378449626,-0.0467682042611703
"GSM8121894_athero_human_1.txt.gz","Plate_732s_M11","asymptomatic","vsmc","vsmc_S3",1.88749156754376,1.77375646058381,0.489606932065528
"GSM8121894_athero_human_1.txt.gz","Plate_732s_M14","asymptomatic","vsmc","vsmc_S2",1.75612396793274,1.51859412806801,0.391104536476551
"GSM8121894_athero_human_1.txt.gz","Plate_732s_M22","asymptomatic","vsmc","vsmc_S3",1.60736401016507,1.53419047219429,0.0404567655948566
"GSM8121894_athero_human_1.txt.gz","Plate_732s_N03","asymptomatic","vsmc","vsmc_S3",1.67840120720215,1.71328010592157,0.145181074004257
"GSM8121894_athero_human_1.txt.gz","Plate_732s_N05","asymptomatic","vsmc","vsmc_S3",2.21234696877531,1.9756452961077,0.147077505504902
"GSM8121894_athero_human_1.txt.gz","Plate_732s_N07","asymptomatic","vsmc","vsmc_S3",2.61817777974796,2.35322939929959,0.0763060386508865
"GSM8121894_athero_human_1.txt.gz","Plate_732s_N08","asymptomatic","vsmc","vsmc_S2",1.52871949709729,1.16005141447826,0.0552692885787996
"GSM8121894_athero_human_1.txt.gz","Plate_732s_N12","asymptomatic","vsmc","vsmc_S3",2.28821460128826,2.05310777037629,0.184197551985591
"GSM8121894_athero_human_1.txt.gz","Plate_732s_N16","asymptomatic","vsmc","vsmc_S3",2.32945486950483,3.27810060068305,0.0266511188531116
"GSM8121894_athero_human_1.txt.gz","Plate_732s_N18","asymptomatic","vsmc","vsmc_S2",1.23792882869622,1.2094840786972,0.156167503137659
"GSM8121894_athero_human_1.txt.gz","Plate_732s_N24","asymptomatic","vsmc","vsmc_S2",1.11879495209285,0.869685941861853,0.289509860063961
"GSM8121894_athero_human_1.txt.gz","Plate_732s_O04","asymptomatic","vsmc","vsmc_S3",2.08681608302735,1.89348993686164,0.315616566058013
"GSM8121894_athero_human_1.txt.gz","Plate_732s_O05","asymptomatic","vsmc","vsmc_S2",1.17066762862181,1.10781065888691,0.615884631075127
"GSM8121894_athero_human_1.txt.gz","Plate_732s_O06","asymptomatic","vsmc","vsmc_S2",1.18139337822182,0.872303167533713,0.376474666866481
"GSM8121894_athero_human_1.txt.gz","Plate_732s_O07","asymptomatic","vsmc","vsmc_S3",1.83923475305547,1.76300104881184,0.0859960023919413
"GSM8121894_athero_human_1.txt.gz","Plate_732s_O12","asymptomatic","vsmc","vsmc_S3",2.25157564793576,1.69110181702934,0.362682279184699
"GSM8121894_athero_human_1.txt.gz","Plate_732s_O19","asymptomatic","vsmc","vsmc_S3",2.36856360368495,2.22445804599123,-0.0685860683432147
"GSM8121894_athero_human_1.txt.gz","Plate_732s_O24","asymptomatic","vsmc","vsmc_S2",1.96411208517912,1.55238025716853,0.602530352688285
"GSM8121894_athero_human_1.txt.gz","Plate_732s_P05","asymptomatic","vsmc","vsmc_S3",2.13431680263589,1.71323718409881,0.0605704322947134
"GSM8121894_athero_human_1.txt.gz","Plate_732s_P06","asymptomatic","vsmc","vsmc_S2",0.482094729911596,0.362197967530692,0.356784174851318
"GSM8121894_athero_human_1.txt.gz","Plate_732s_P07","asymptomatic","vsmc","vsmc_S3",1.47859158104937,1.74569545939803,0.0695001989194094
"GSM8121894_athero_human_1.txt.gz","Plate_732s_P11","asymptomatic","vsmc","vsmc_S2",1.07985397089784,0.785882652730653,0.194976551072658
"GSM8121894_athero_human_1.txt.gz","Plate_732s_P13","asymptomatic","vsmc","vsmc_S2",0.886509825116798,0.643488390923312,0.20516973005948
"GSM8121894_athero_human_1.txt.gz","Plate_733s_A11","asymptomatic","vsmc","vsmc_S1",0.786524122894495,0.551617297552795,-0.191998290486403
"GSM8121894_athero_human_1.txt.gz","Plate_733s_B08","asymptomatic","vsmc","vsmc_S2",1.57330715967454,1.16820060812992,-0.0253739087133055
"GSM8121894_athero_human_1.txt.gz","Plate_733s_B13","asymptomatic","vsmc","vsmc_S3",2.1762346202705,2.18910562694259,-0.200607824073141
"GSM8121894_athero_human_1.txt.gz","Plate_733s_B19","asymptomatic","vsmc","vsmc_S3",1.37626697143983,3.52636617538674,-0.297464597971362
"GSM8121894_athero_human_1.txt.gz","Plate_733s_B20","asymptomatic","vsmc","vsmc_S3",2.32134102097307,2.14333402630269,-0.0227574428998564
"GSM8121894_athero_human_1.txt.gz","Plate_733s_G14","asymptomatic","vsmc","vsmc_S2",1.52248983861233,1.39710920064132,0.476787028561162
"GSM8121894_athero_human_1.txt.gz","Plate_733s_M02","asymptomatic","vsmc","vsmc_S2",1.37019713055294,1.42070117108697,-0.0385258109395062
"GSM8121894_athero_human_1.txt.gz","Plate_733s_O15","asymptomatic","vsmc","vsmc_S1",0.282509471219817,0.420813907938518,-0.201763675977552
"GSM8121894_athero_human_1.txt.gz","Plate_733s_P14","asymptomatic","vsmc","vsmc_S2",1.40874206479826,1.03556458570017,0.340209324025984
"GSM8121895_athero_human_2.txt.gz","Plate_170s_N08","asymptomatic","vsmc","vsmc_S1",1.09421636623583,0.758833035983537,-0.138463999514576
"GSM8121895_athero_human_2.txt.gz","Plate_171s_A05","asymptomatic","vsmc","vsmc_S1",1.12610009810793,0.78363149410628,-0.612343750963743
"GSM8121895_athero_human_2.txt.gz","Plate_171s_A07","asymptomatic","vsmc","vsmc_S2",1.00839340913137,0.955971320916275,0.224580569789365
"GSM8121895_athero_human_2.txt.gz","Plate_171s_A08","asymptomatic","vsmc","vsmc_S1",0.285287441369623,0.244966773981605,0.0120263152379062
"GSM8121895_athero_human_2.txt.gz","Plate_171s_A09","asymptomatic","vsmc","vsmc_S2",0.926413369837762,0.926694171881593,0.0860371643729319
"GSM8121895_athero_human_2.txt.gz","Plate_171s_A10","asymptomatic","vsmc","vsmc_S2",1.12426695999086,0.984768170215597,0.098881415576217
"GSM8121895_athero_human_2.txt.gz","Plate_171s_B03","asymptomatic","vsmc","vsmc_S2",0.620852002841276,0.557949819746471,0.214911452241097
"GSM8121895_athero_human_2.txt.gz","Plate_171s_B05","asymptomatic","vsmc","vsmc_S1",0.446818994253986,0.475895790724695,-0.258168926751443
"GSM8121895_athero_human_2.txt.gz","Plate_171s_B09","asymptomatic","vsmc","vsmc_S1",0.660117819942485,0.687395817868598,-0.0243667776242386
"GSM8121895_athero_human_2.txt.gz","Plate_171s_B10","asymptomatic","vsmc","vsmc_S1",0.630400490067125,0.529353910571159,-0.0735806529039799
"GSM8121895_athero_human_2.txt.gz","Plate_171s_B18","asymptomatic","vsmc","vsmc_S1",0.921548098400146,0.924604605517724,0.0645932280489766
"GSM8121895_athero_human_2.txt.gz","Plate_171s_B19","asymptomatic","vsmc","vsmc_S2",0.974205840602117,0.686886395977594,0.129997063200177
"GSM8121895_athero_human_2.txt.gz","Plate_171s_B22","asymptomatic","vsmc","vsmc_S2",1.1050171573702,0.767233651310274,0.229241998647014
"GSM8121895_athero_human_2.txt.gz","Plate_171s_B23","asymptomatic","vsmc","vsmc_S1",0.586600469411904,0.696812646931433,0.0167656258803454
"GSM8121895_athero_human_2.txt.gz","Plate_171s_C06","asymptomatic","vsmc","vsmc_S1",1.1590839805873,0.809285624923569,-0.397104305617909
"GSM8121895_athero_human_2.txt.gz","Plate_171s_C08","asymptomatic","vsmc","vsmc_S2",0.936746732649205,0.796405631819424,0.394123094429397
"GSM8121895_athero_human_2.txt.gz","Plate_171s_C09","asymptomatic","vsmc","vsmc_S1",0.851519341786853,0.972976311190318,0.031160747779366
"GSM8121895_athero_human_2.txt.gz","Plate_171s_C10","asymptomatic","vsmc","vsmc_S2",1.25605124447971,0.922234658648856,0.0815342827086353
"GSM8121895_athero_human_2.txt.gz","Plate_171s_C11","asymptomatic","vsmc","vsmc_S1",1.12656416385061,0.991574145427522,-0.135393061966628
"GSM8121895_athero_human_2.txt.gz","Plate_171s_C12","asymptomatic","vsmc","vsmc_S1",0.792913236566537,0.598688573611929,-0.139335841060509
"GSM8121895_athero_human_2.txt.gz","Plate_171s_C13","asymptomatic","vsmc","vsmc_S2",1.15644867800254,0.882046713186084,0.0952576071415689
"GSM8121895_athero_human_2.txt.gz","Plate_171s_C14","asymptomatic","vsmc","vsmc_S1",1.08295644259322,1.11242414896932,-0.362076995508612
"GSM8121895_athero_human_2.txt.gz","Plate_171s_C15","asymptomatic","vsmc","vsmc_S2",1.11679096913983,1.12780161466604,0.232807993919888
"GSM8121895_athero_human_2.txt.gz","Plate_171s_C17","asymptomatic","vsmc","vsmc_S1",0.533657791795183,0.325384875603866,-0.148642066344247
"GSM8121895_athero_human_2.txt.gz","Plate_171s_C22","asymptomatic","vsmc","vsmc_S1",0.710250337061401,0.742859211278649,-0.125451474841228
"GSM8121895_athero_human_2.txt.gz","Plate_171s_D04","asymptomatic","vsmc","vsmc_S1",0.964240028715204,0.897896001638662,0.0253386938706197
"GSM8121895_athero_human_2.txt.gz","Plate_171s_D05","asymptomatic","vsmc","vsmc_S1",0.563312378567051,0.633627293347813,-0.145670410942638
"GSM8121895_athero_human_2.txt.gz","Plate_171s_D06","asymptomatic","vsmc","vsmc_S2",0.985897073091711,0.709438731589185,0.126967661816234
"GSM8121895_athero_human_2.txt.gz","Plate_171s_D07","asymptomatic","vsmc","vsmc_S2",1.07347459142289,0.742700544462364,0.323561980843831
"GSM8121895_athero_human_2.txt.gz","Plate_171s_D09","asymptomatic","vsmc","vsmc_S1",0.466540247691486,0.270640499337938,-0.13905895629425
"GSM8121895_athero_human_2.txt.gz","Plate_171s_D11","asymptomatic","vsmc","vsmc_S1",1.21074973979271,0.849470104305559,-0.390152840854071
"GSM8121895_athero_human_2.txt.gz","Plate_171s_D14","asymptomatic","vsmc","vsmc_S2",0.912417039831549,0.758163407381675,0.146458924970518
"GSM8121895_athero_human_2.txt.gz","Plate_171s_D15","asymptomatic","vsmc","vsmc_S1",1.06828426448136,1.09131033139509,-0.255945541518853
"GSM8121895_athero_human_2.txt.gz","Plate_171s_D20","asymptomatic","vsmc","vsmc_S1",0.308381719330682,0.288349319866751,-0.0361493703694839
"GSM8121895_athero_human_2.txt.gz","Plate_171s_D23","asymptomatic","vsmc","vsmc_S1",0.636287451145643,0.470498364065685,-0.363977615269289
"GSM8121895_athero_human_2.txt.gz","Plate_171s_E02","asymptomatic","vsmc","vsmc_S2",1.11443241303246,0.935849216137018,0.280410010377404
"GSM8121895_athero_human_2.txt.gz","Plate_171s_E07","asymptomatic","vsmc","vsmc_S2",0.65897311155925,0.420310504568421,0.294741316714869
"GSM8121895_athero_human_2.txt.gz","Plate_171s_E10","asymptomatic","vsmc","vsmc_S1",0.704203077344759,0.633855310897052,-0.214893404405948
"GSM8121895_athero_human_2.txt.gz","Plate_171s_E12","asymptomatic","vsmc","vsmc_S2",1.079616230591,0.965460785088573,0.0668748464176691
"GSM8121895_athero_human_2.txt.gz","Plate_171s_E14","asymptomatic","vsmc","vsmc_S1",1.07986794313361,1.08724659553134,-0.0655782168398024
"GSM8121895_athero_human_2.txt.gz","Plate_171s_E16","asymptomatic","vsmc","vsmc_S1",1.07018883337599,0.971596692167449,0.0319304250627134
"GSM8121895_athero_human_2.txt.gz","Plate_171s_E18","asymptomatic","vsmc","vsmc_S1",0.667833603431861,0.478721075626669,-0.244076856726327
"GSM8121895_athero_human_2.txt.gz","Plate_171s_E20","asymptomatic","vsmc","vsmc_S2",1.29757253229232,0.929551722672675,0.24683648918688
"GSM8121895_athero_human_2.txt.gz","Plate_171s_F05","asymptomatic","vsmc","vsmc_S1",0.646077252069486,0.673233852662662,-0.084532959774587
"GSM8121895_athero_human_2.txt.gz","Plate_171s_F06","asymptomatic","vsmc","vsmc_S1",0.863087750500958,0.760154482212049,0.0437723117588877
"GSM8121895_athero_human_2.txt.gz","Plate_171s_F09","asymptomatic","vsmc","vsmc_S2",1.21478821253703,1.17348343314685,0.157260025633692
"GSM8121895_athero_human_2.txt.gz","Plate_171s_F12","asymptomatic","vsmc","vsmc_S2",1.2070584259886,1.181777591197,0.0397041935768215
"GSM8121895_athero_human_2.txt.gz","Plate_171s_F14","asymptomatic","vsmc","vsmc_S1",0.502568685842995,0.540454242003769,0.0803898774150959
"GSM8121895_athero_human_2.txt.gz","Plate_171s_F20","asymptomatic","vsmc","vsmc_S1",0.767824688948266,0.851600097289688,-0.163443006292856
"GSM8121895_athero_human_2.txt.gz","Plate_171s_F24","asymptomatic","vsmc","vsmc_S2",1.25427374417525,0.887374300806151,0.288286685416472
"GSM8121895_athero_human_2.txt.gz","Plate_171s_G03","asymptomatic","vsmc","vsmc_S1",0.273247778434214,0.312508304752143,0.222648900561046
"GSM8121895_athero_human_2.txt.gz","Plate_171s_G08","asymptomatic","vsmc","vsmc_S1",0.871865048500415,0.800309042766658,0.0884018257239685
"GSM8121895_athero_human_2.txt.gz","Plate_171s_G14","asymptomatic","vsmc","vsmc_S1",0.319917628302876,0.38901670403334,0.00329003898358969
"GSM8121895_athero_human_2.txt.gz","Plate_171s_G21","asymptomatic","vsmc","vsmc_S1",0.45860000752168,0.264464756983644,-0.234160675935936
"GSM8121895_athero_human_2.txt.gz","Plate_171s_G22","asymptomatic","vsmc","vsmc_S2",1.0924551015299,0.947860458850451,0.197833543977089
"GSM8121895_athero_human_2.txt.gz","Plate_171s_G23","asymptomatic","vsmc","vsmc_S1",0.859790081360875,0.807449254221536,-0.0680312967294807
"GSM8121895_athero_human_2.txt.gz","Plate_171s_H02","asymptomatic","vsmc","vsmc_S1",1.42711658902536,1.30052128065393,-0.273624877831205
"GSM8121895_athero_human_2.txt.gz","Plate_171s_H05","asymptomatic","vsmc","vsmc_S1",0.813599754746997,0.724948467929049,0.00468162260565757
"GSM8121895_athero_human_2.txt.gz","Plate_171s_H06","asymptomatic","vsmc","vsmc_S1",0.960756959588477,0.65503127525782,-0.0805269731317004
"GSM8121895_athero_human_2.txt.gz","Plate_171s_H08","asymptomatic","vsmc","vsmc_S2",0.425353350122014,1.60325315758121,0.569669614913619
"GSM8121895_athero_human_2.txt.gz","Plate_171s_H11","asymptomatic","vsmc","vsmc_S2",1.16171761404499,1.04608591508083,0.384304559196314
"GSM8121895_athero_human_2.txt.gz","Plate_171s_H15","asymptomatic","vsmc","vsmc_S1",0.649201748696446,0.412710555675129,-0.0309169357505685
"GSM8121895_athero_human_2.txt.gz","Plate_171s_H16","asymptomatic","vsmc","vsmc_S1",1.24317429282711,0.874689201110093,-0.0960476450721253
"GSM8121895_athero_human_2.txt.gz","Plate_171s_H20","asymptomatic","vsmc","vsmc_S2",0.907464677186453,0.895452968947687,0.257455635962115
"GSM8121895_athero_human_2.txt.gz","Plate_171s_H23","asymptomatic","vsmc","vsmc_S1",0.535877467401683,0.564323981774461,-0.0234168103387549
"GSM8121895_athero_human_2.txt.gz","Plate_171s_H24","asymptomatic","vsmc","vsmc_S2",0.972722629359419,0.717368479915719,0.536681767603332
"GSM8121895_athero_human_2.txt.gz","Plate_171s_I02","asymptomatic","vsmc","vsmc_S1",0.617401589351415,0.632595812278543,0.0270735650651644
"GSM8121895_athero_human_2.txt.gz","Plate_171s_I03","asymptomatic","vsmc","vsmc_S1",0.461261424912273,0.266534748287439,0.156269782027714
"GSM8121895_athero_human_2.txt.gz","Plate_171s_I06","asymptomatic","vsmc","vsmc_S1",0.555717525106828,0.601071228212235,0.0792394221573304
"GSM8121895_athero_human_2.txt.gz","Plate_171s_I07","asymptomatic","vsmc","vsmc_S2",0.802479354338198,0.650439174627988,0.59362222520583
"GSM8121895_athero_human_2.txt.gz","Plate_171s_I08","asymptomatic","vsmc","vsmc_S1",0.78523673179185,0.678050301055114,-0.204053346790725
"GSM8121895_athero_human_2.txt.gz","Plate_171s_I09","asymptomatic","vsmc","vsmc_S1",0.861332666904443,0.8778869383314,-0.143308831797154
"GSM8121895_athero_human_2.txt.gz","Plate_171s_I14","asymptomatic","vsmc","vsmc_S2",0.995122576223862,0.891846023592037,0.382410888452196
"GSM8121895_athero_human_2.txt.gz","Plate_171s_I17","asymptomatic","vsmc","vsmc_S1",0.632798841944235,0.548249760727487,-0.154537225974255
"GSM8121895_athero_human_2.txt.gz","Plate_171s_I18","asymptomatic","vsmc","vsmc_S1",0.998189876889875,0.980168517026791,-0.0704407188328971
"GSM8121895_athero_human_2.txt.gz","Plate_171s_I20","asymptomatic","vsmc","vsmc_S1",1.14663223539197,1.00179399807815,-0.0617364902246176
"GSM8121895_athero_human_2.txt.gz","Plate_171s_I21","asymptomatic","vsmc","vsmc_S1",0.865522824922255,0.935039848023004,-0.10614012716569
"GSM8121895_athero_human_2.txt.gz","Plate_171s_I22","asymptomatic","vsmc","vsmc_S1",0.188100059280462,0.0628907355686616,-0.373451122046017
"GSM8121895_athero_human_2.txt.gz","Plate_171s_I23","asymptomatic","vsmc","vsmc_S1",0.388836705926458,0.503866580298777,-0.129969946209165
"GSM8121895_athero_human_2.txt.gz","Plate_171s_J01","asymptomatic","vsmc","vsmc_S1",0.85396170977871,0.784534486642325,-0.340072685382884
"GSM8121895_athero_human_2.txt.gz","Plate_171s_J02","asymptomatic","vsmc","vsmc_S2",1.03129303051761,1.06324940159021,0.105889874684771
"GSM8121895_athero_human_2.txt.gz","Plate_171s_J03","asymptomatic","vsmc","vsmc_S1",1.12967922060379,0.786415256047511,0.0248162684002622
"GSM8121895_athero_human_2.txt.gz","Plate_171s_J04","asymptomatic","vsmc","vsmc_S1",1.23534598217359,0.86860051504624,-0.317898035175958
"GSM8121895_athero_human_2.txt.gz","Plate_171s_J08","asymptomatic","vsmc","vsmc_S1",-0.0769940862107325,-0.148196330003655,-0.238012970398617
"GSM8121895_athero_human_2.txt.gz","Plate_171s_J18","asymptomatic","vsmc","vsmc_S1",1.06670582278503,1.53959122721487,-0.157397265433302
"GSM8121895_athero_human_2.txt.gz","Plate_171s_J22","asymptomatic","vsmc","vsmc_S1",0.678298521842057,0.671105495923924,-0.171234044332091
"GSM8121895_athero_human_2.txt.gz","Plate_171s_J23","asymptomatic","vsmc","vsmc_S1",0.849939821632884,0.795762829712153,0.0960171791850295
"GSM8121895_athero_human_2.txt.gz","Plate_171s_K02","asymptomatic","vsmc","vsmc_S1",0.859831833007324,0.871688423364264,-0.137032327436356
"GSM8121895_athero_human_2.txt.gz","Plate_171s_K05","asymptomatic","vsmc","vsmc_S1",0.532542107295707,0.328633683403043,-0.17209065451137
"GSM8121895_athero_human_2.txt.gz","Plate_171s_K09","asymptomatic","vsmc","vsmc_S2",0.699414552296553,0.483691092612283,0.242108353526469
"GSM8121895_athero_human_2.txt.gz","Plate_171s_K17","asymptomatic","vsmc","vsmc_S1",0.937501168469527,1.02409612787424,-0.0626693512541832
"GSM8121895_athero_human_2.txt.gz","Plate_171s_K23","asymptomatic","vsmc","vsmc_S1",0.740912230127663,0.794530288132999,0.11015983589001
"GSM8121895_athero_human_2.txt.gz","Plate_171s_L03","asymptomatic","vsmc","vsmc_S2",1.26664310214014,1.97950469765421,0.358523859395057
"GSM8121895_athero_human_2.txt.gz","Plate_171s_L07","asymptomatic","vsmc","vsmc_S1",0.988931966941331,0.685726528509916,-0.4432342190218
"GSM8121895_athero_human_2.txt.gz","Plate_171s_L09","asymptomatic","vsmc","vsmc_S1",1.05445236241916,0.776469212024687,0.0226695779066176
"GSM8121895_athero_human_2.txt.gz","Plate_171s_L11","asymptomatic","vsmc","vsmc_S2",1.29694262966608,1.03640256533046,0.197540369466509
"GSM8121895_athero_human_2.txt.gz","Plate_171s_L12","asymptomatic","vsmc","vsmc_S2",1.21667637329911,1.10684290684238,0.0140962062691895
"GSM8121895_athero_human_2.txt.gz","Plate_171s_L20","asymptomatic","vsmc","vsmc_S1",0.629132847498744,0.681426725245133,-0.0506616367082549
"GSM8121895_athero_human_2.txt.gz","Plate_171s_L21","asymptomatic","vsmc","vsmc_S2",0.503799962153813,0.583522441892161,0.552276935532655
"GSM8121895_athero_human_2.txt.gz","Plate_171s_L23","asymptomatic","vsmc","vsmc_S2",0.923849398590634,0.88149539498046,0.13182823833129
"GSM8121895_athero_human_2.txt.gz","Plate_171s_L24","asymptomatic","vsmc","vsmc_S2",1.07809643316152,0.746295310259077,0.105356048112024
"GSM8121895_athero_human_2.txt.gz","Plate_171s_M02","asymptomatic","vsmc","vsmc_S2",1.09299889778059,0.984794782534546,0.603102783893798
"GSM8121895_athero_human_2.txt.gz","Plate_171s_M07","asymptomatic","vsmc","vsmc_S1",1.11052755839459,1.10454327673489,0.00311048105013567
"GSM8121895_athero_human_2.txt.gz","Plate_171s_M08","asymptomatic","vsmc","vsmc_S2",0.643463450696361,0.581525090009341,0.582707574864644
"GSM8121895_athero_human_2.txt.gz","Plate_171s_M10","asymptomatic","vsmc","vsmc_S2",1.15396311312096,0.934704132197281,0.433019660516815
"GSM8121895_athero_human_2.txt.gz","Plate_171s_M11","asymptomatic","vsmc","vsmc_S2",1.1804647656653,0.900747077197085,0.151272969085439
"GSM8121895_athero_human_2.txt.gz","Plate_171s_M19","asymptomatic","vsmc","vsmc_S1",1.38483235763734,1.32299820946894,-0.197706898551119
"GSM8121895_athero_human_2.txt.gz","Plate_171s_N03","asymptomatic","vsmc","vsmc_S2",0.788455568573305,0.525879234881274,0.238691639231945
"GSM8121895_athero_human_2.txt.gz","Plate_171s_N05","asymptomatic","vsmc","vsmc_S1",0.667585313279996,0.515209360097259,0.00963933080141264
"GSM8121895_athero_human_2.txt.gz","Plate_171s_N06","asymptomatic","vsmc","vsmc_S2",0.899606869952209,0.840122679309737,0.179513422341624
"GSM8121895_athero_human_2.txt.gz","Plate_171s_N08","asymptomatic","vsmc","vsmc_S1",0.874150755937785,0.606988353971737,0.0529506254214909
"GSM8121895_athero_human_2.txt.gz","Plate_171s_N09","asymptomatic","vsmc","vsmc_S2",1.17849733554919,1.06866111946733,0.109289435320582
"GSM8121895_athero_human_2.txt.gz","Plate_171s_N11","asymptomatic","vsmc","vsmc_S3",1.87627759980248,1.68268756213972,-0.279125328945814
"GSM8121895_athero_human_2.txt.gz","Plate_171s_N16","asymptomatic","vsmc","vsmc_S1",0.655617566082539,0.658887145519861,0.125278263723491
"GSM8121895_athero_human_2.txt.gz","Plate_171s_N17","asymptomatic","vsmc","vsmc_S2",1.06078375715572,0.965274232919202,0.104415097337587
"GSM8121895_athero_human_2.txt.gz","Plate_171s_N20","asymptomatic","vsmc","vsmc_S1",0.37499138960361,0.459178502533836,0.184400843141781
"GSM8121895_athero_human_2.txt.gz","Plate_171s_N21","asymptomatic","vsmc","vsmc_S1",0.759541726921599,0.501700413701044,-0.079570905213188
"GSM8121895_athero_human_2.txt.gz","Plate_171s_O01","asymptomatic","vsmc","vsmc_S1",1.04955001508977,1.08402567523867,-0.0101566186967839
"GSM8121895_athero_human_2.txt.gz","Plate_171s_O03","asymptomatic","vsmc","vsmc_S2",1.01502373126411,0.946127443585785,0.321054735903707
"GSM8121895_athero_human_2.txt.gz","Plate_171s_O06","asymptomatic","vsmc","vsmc_S1",1.00247853362792,0.690606386142438,0.0912367979387732
"GSM8121895_athero_human_2.txt.gz","Plate_171s_O07","asymptomatic","vsmc","vsmc_S1",0.643126787283703,0.662944089609396,0.101538266653832
"GSM8121895_athero_human_2.txt.gz","Plate_171s_O13","asymptomatic","vsmc","vsmc_S1",1.10267538926725,0.942623687016953,-0.169343256418905
"GSM8121895_athero_human_2.txt.gz","Plate_171s_O16","asymptomatic","vsmc","vsmc_S2",1.15220513503069,0.985338225526226,0.43827280464616
"GSM8121895_athero_human_2.txt.gz","Plate_171s_O19","asymptomatic","vsmc","vsmc_S1",0.637113869915369,0.407942378785265,0.0526570373125091
"GSM8121895_athero_human_2.txt.gz","Plate_171s_O21","asymptomatic","vsmc","vsmc_S2",0.922005049419283,0.853109658603192,0.119796607159916
"GSM8121895_athero_human_2.txt.gz","Plate_171s_P06","asymptomatic","vsmc","vsmc_S1",0.993283732626253,0.931616958961228,-0.0657642462185182
"GSM8121895_athero_human_2.txt.gz","Plate_171s_P08","asymptomatic","vsmc","vsmc_S1",0.434510206827227,0.412226312280452,-0.188460441529233
"GSM8121895_athero_human_2.txt.gz","Plate_171s_P09","asymptomatic","vsmc","vsmc_S1",1.15984675447662,0.816065682311953,-0.0860933099251793
"GSM8121895_athero_human_2.txt.gz","Plate_171s_P10","asymptomatic","vsmc","vsmc_S2",0.724940316466992,0.937507764703174,0.274467852028434
"GSM8121895_athero_human_2.txt.gz","Plate_171s_P11","asymptomatic","vsmc","vsmc_S2",0.649042555507168,0.648758670909724,0.16312514493561
"GSM8121895_athero_human_2.txt.gz","Plate_171s_P12","asymptomatic","vsmc","vsmc_S1",0.757892571053062,0.505431339332753,-0.141536518109666
"GSM8121895_athero_human_2.txt.gz","Plate_171s_P13","asymptomatic","vsmc","vsmc_S2",1.20432169837925,1.1959534352803,0.199852550023681
"GSM8121895_athero_human_2.txt.gz","Plate_171s_P14","asymptomatic","vsmc","vsmc_S2",1.33061247115665,1.13297362886625,0.187715624448543
"GSM8121895_athero_human_2.txt.gz","Plate_171s_P16","asymptomatic","vsmc","vsmc_S2",0.879880369164392,0.771497910752061,0.121234987747985
"GSM8121895_athero_human_2.txt.gz","Plate_171s_P20","asymptomatic","vsmc","vsmc_S2",0.52510325892442,1.98435762260938,0.341759695665794
"GSM8121895_athero_human_2.txt.gz","Plate_171s_P21","asymptomatic","vsmc","vsmc_S2",1.25670590579349,1.00779321874758,0.126064015848443
"GSM8121895_athero_human_2.txt.gz","Plate_171s_P22","asymptomatic","vsmc","vsmc_S1",1.24638160238168,1.19003542015406,-0.250025931738498
"GSM8121896_athero_human_3.txt.gz","Plate_546s_A03","asymptomatic","vsmc","vsmc_S3",2.24751431042705,2.07126530001861,-0.128663191691584
"GSM8121896_athero_human_3.txt.gz","Plate_546s_B01","asymptomatic","vsmc","vsmc_S3",2.10144696749564,2.02846838157304,-0.506275516813759
"GSM8121896_athero_human_3.txt.gz","Plate_546s_B08","asymptomatic","vsmc","vsmc_S2",0.845039899965368,0.600590476333092,0.278712308840715
"GSM8121896_athero_human_3.txt.gz","Plate_546s_B12","asymptomatic","vsmc","vsmc_S3",1.92613606281421,1.73235465517569,0.156971827315129
"GSM8121896_athero_human_3.txt.gz","Plate_546s_C08","asymptomatic","vsmc","vsmc_S3",1.97602514829334,3.9269061307692,0.0975712301653097
"GSM8121896_athero_human_3.txt.gz","Plate_546s_D01","asymptomatic","vsmc","vsmc_S2",1.10853992448732,0.880502280826945,0.0640362605883474
"GSM8121896_athero_human_3.txt.gz","Plate_546s_D15","asymptomatic","vsmc","vsmc_S3",1.61726024362847,1.54148818009209,0.087409239786071
"GSM8121896_athero_human_3.txt.gz","Plate_546s_D21","asymptomatic","vsmc","vsmc_S3",1.98297991239097,1.48565493044189,-0.0824545085652516
"GSM8121896_athero_human_3.txt.gz","Plate_546s_D24","asymptomatic","vsmc","vsmc_S3",2.2944163341555,2.18757967724136,0.457820226429485
"GSM8121896_athero_human_3.txt.gz","Plate_546s_E04","asymptomatic","vsmc","vsmc_S3",2.35973343855925,2.2274006379354,-0.482720060106977
"GSM8121896_athero_human_3.txt.gz","Plate_546s_E05","asymptomatic","vsmc","vsmc_S3",1.63517255098789,1.51708466920472,-0.129123808862726
"GSM8121896_athero_human_3.txt.gz","Plate_546s_F07","asymptomatic","vsmc","vsmc_S3",2.09007428611762,2.01833215355569,0.00528811059085135
"GSM8121896_athero_human_3.txt.gz","Plate_546s_G01","asymptomatic","vsmc","vsmc_S1",1.22538150007577,1.12609209160638,-0.00977970720337201
"GSM8121896_athero_human_3.txt.gz","Plate_546s_G13","asymptomatic","vsmc","vsmc_S1",1.48851758440991,1.23541139681696,-0.215387552520038
"GSM8121896_athero_human_3.txt.gz","Plate_546s_G23","asymptomatic","vsmc","vsmc_S1",1.38067688889808,1.01719702328075,-0.444458117589672
"GSM8121896_athero_human_3.txt.gz","Plate_546s_H09","asymptomatic","vsmc","vsmc_S3",1.94597719129015,1.77996580840647,0.22180271636398
"GSM8121896_athero_human_3.txt.gz","Plate_546s_I03","asymptomatic","vsmc","vsmc_S3",2.097622072173,2.04343401583688,0.394809858465431
"GSM8121896_athero_human_3.txt.gz","Plate_546s_I07","asymptomatic","vsmc","vsmc_S3",2.27800290452361,1.96557675056338,-0.309887609159829
"GSM8121896_athero_human_3.txt.gz","Plate_546s_I17","asymptomatic","vsmc","vsmc_S3",1.7921476526386,1.72849930675155,0.279024185070262
"GSM8121896_athero_human_3.txt.gz","Plate_546s_I19","asymptomatic","vsmc","vsmc_S3",2.39723168937144,2.23456378163002,-0.0446306163926838
"GSM8121896_athero_human_3.txt.gz","Plate_546s_K15","asymptomatic","vsmc","vsmc_S1",1.42606514972901,1.24518489524017,-0.1299202557704
"GSM8121896_athero_human_3.txt.gz","Plate_546s_K16","asymptomatic","vsmc","vsmc_S3",2.29576860374216,2.80926138857442,-0.123299944214023
"GSM8121896_athero_human_3.txt.gz","Plate_546s_L07","asymptomatic","vsmc","vsmc_S2",1.44569115036166,1.09592842383835,0.0212920253360653
"GSM8121896_athero_human_3.txt.gz","Plate_546s_L14","asymptomatic","vsmc","vsmc_S3",2.08418023164773,1.68320672171992,0.381331612640826
"GSM8121896_athero_human_3.txt.gz","Plate_546s_L19","asymptomatic","vsmc","vsmc_S3",2.26356949583888,2.1462129565826,0.0573724062700162
"GSM8121896_athero_human_3.txt.gz","Plate_546s_M11","asymptomatic","vsmc","vsmc_S3",2.83857958841905,2.47121834228611,-0.0877693215968079
"GSM8121896_athero_human_3.txt.gz","Plate_546s_M15","asymptomatic","vsmc","vsmc_S3",2.2569065117344,2.18171575904264,0.153297311401871
"GSM8121896_athero_human_3.txt.gz","Plate_546s_M16","asymptomatic","vsmc","vsmc_S3",1.993421990423,1.49377654668903,0.20914123513056
"GSM8121896_athero_human_3.txt.gz","Plate_546s_N15","asymptomatic","vsmc","vsmc_S2",1.38245320472971,1.02681875127444,0.284036568887727
"GSM8121896_athero_human_3.txt.gz","Plate_546s_O02","asymptomatic","vsmc","vsmc_S3",2.07249497845965,1.84285213845169,0.274097803124019
"GSM8121896_athero_human_3.txt.gz","Plate_546s_O17","asymptomatic","vsmc","vsmc_S2",1.77117943391503,1.46695842560797,0.349557774583744
"GSM8121896_athero_human_3.txt.gz","Plate_546s_P17","asymptomatic","vsmc","vsmc_S3",2.60314632734188,1.99272881807706,-8.34625005922661e-05
"GSM8121896_athero_human_3.txt.gz","Plate_546s_P22","asymptomatic","vsmc","vsmc_S3",1.76944868599355,1.54404757978248,-0.0383562557638747
"GSM8121896_athero_human_3.txt.gz","Plate_547s_A02","asymptomatic","vsmc","vsmc_S2",1.63917327896283,1.78436996021013,0.504668606310999
"GSM8121896_athero_human_3.txt.gz","Plate_547s_B01","asymptomatic","vsmc","vsmc_S1",1.34732399457988,1.1670507068378,-0.170431417715803
"GSM8121896_athero_human_3.txt.gz","Plate_547s_B16","asymptomatic","vsmc","vsmc_S3",2.22515219357763,2.1015663615886,-0.178139535149182
"GSM8121896_athero_human_3.txt.gz","Plate_547s_C11","asymptomatic","vsmc","vsmc_S2",0.799232518382977,0.621419993283403,0.188319670177462
"GSM8121896_athero_human_3.txt.gz","Plate_547s_C13","asymptomatic","vsmc","vsmc_S3",2.2109604467448,1.91768950742021,-0.258887606464584
"GSM8121896_athero_human_3.txt.gz","Plate_547s_C17","asymptomatic","vsmc","vsmc_S3",2.35481500148254,2.2542840269079,-0.264161141826797
"GSM8121896_athero_human_3.txt.gz","Plate_547s_D03","asymptomatic","vsmc","vsmc_S3",1.6432630583287,1.7046174909222,0.00771236127241022
"GSM8121896_athero_human_3.txt.gz","Plate_547s_D16","asymptomatic","vsmc","vsmc_S3",2.21076388903952,2.01391254279883,-0.0988017613540454
"GSM8121896_athero_human_3.txt.gz","Plate_547s_F02","asymptomatic","vsmc","vsmc_S3",1.74815893675449,1.64720943089393,0.0584719660793097
"GSM8121896_athero_human_3.txt.gz","Plate_547s_F06","asymptomatic","vsmc","vsmc_S2",0.862053207183131,0.685728111320092,0.282355063012783
"GSM8121896_athero_human_3.txt.gz","Plate_547s_F09","asymptomatic","vsmc","vsmc_S3",1.89683705418165,1.84692241191865,-0.0954201522940494
"GSM8121896_athero_human_3.txt.gz","Plate_547s_F11","asymptomatic","vsmc","vsmc_S3",1.88782220792622,1.85796228361579,-0.137197000100019
"GSM8121896_athero_human_3.txt.gz","Plate_547s_F21","asymptomatic","vsmc","vsmc_S2",1.66546179592599,1.40477054220784,0.128351255798785
"GSM8121896_athero_human_3.txt.gz","Plate_547s_G21","asymptomatic","vsmc","vsmc_S3",1.99664082188262,1.97841247787163,-0.177219778072502
"GSM8121896_athero_human_3.txt.gz","Plate_547s_H15","asymptomatic","vsmc","vsmc_S3",1.68121702679,1.7257330859343,-0.162474025408538
"GSM8121896_athero_human_3.txt.gz","Plate_547s_I10","asymptomatic","vsmc","vsmc_S2",1.50941960443386,1.40983508302861,0.0768396372605951
"GSM8121896_athero_human_3.txt.gz","Plate_547s_J17","asymptomatic","vsmc","vsmc_S3",2.15165726616286,2.16592293501213,-0.0966001241160502
"GSM8121896_athero_human_3.txt.gz","Plate_547s_K02","asymptomatic","vsmc","vsmc_S3",1.94417147641438,1.93302257045388,0.405690721757933
"GSM8121896_athero_human_3.txt.gz","Plate_547s_K07","asymptomatic","vsmc","vsmc_S2",1.59860716604529,1.27714664090274,0.234067665174502
"GSM8121896_athero_human_3.txt.gz","Plate_547s_K18","asymptomatic","vsmc","vsmc_S3",2.45878878053291,2.3293724927786,-0.0951221736421216
"GSM8121896_athero_human_3.txt.gz","Plate_547s_L12","asymptomatic","vsmc","vsmc_S2",1.1338906176883,0.861196304508237,0.348907092943305
"GSM8121896_athero_human_3.txt.gz","Plate_547s_L13","asymptomatic","vsmc","vsmc_S2",0.825699375405958,0.655843128042767,0.343419505606456
"GSM8121896_athero_human_3.txt.gz","Plate_547s_M12","asymptomatic","vsmc","vsmc_S2",1.25067517790898,0.997037555198325,0.125018051898882
"GSM8121896_athero_human_3.txt.gz","Plate_547s_N03","asymptomatic","vsmc","vsmc_S2",1.10595520729416,1.02931711400365,0.330524606402802
"GSM8121896_athero_human_3.txt.gz","Plate_547s_N11","asymptomatic","vsmc","vsmc_S3",2.09186815492981,1.92775418494005,-0.0618419154764042
"GSM8121896_athero_human_3.txt.gz","Plate_547s_N16","asymptomatic","vsmc","vsmc_S2",1.51873186065891,1.43387739028833,0.0785364648546188
"GSM8121896_athero_human_3.txt.gz","Plate_547s_O16","asymptomatic","vsmc","vsmc_S3",1.56960822487226,1.54574193373391,-0.0925931939985253
"GSM8121896_athero_human_3.txt.gz","Plate_547s_P11","asymptomatic","vsmc","vsmc_S2",1.64795960887713,1.3786877822024,0.396183638393737
"GSM8121897_athero_human_4.txt.gz","Plate_552s_A01","symptomatic","vsmc","vsmc_S2",0.968346993951548,0.789749101654304,0.153006504504937
"GSM8121897_athero_human_4.txt.gz","Plate_552s_A02","symptomatic","vsmc","vsmc_S2",0.93593190509554,0.752357924041461,0.159010657518371
"GSM8121897_athero_human_4.txt.gz","Plate_552s_A03","symptomatic","vsmc","vsmc_S2",0.919824642877753,0.71054656922276,0.132705963911399
"GSM8121897_athero_human_4.txt.gz","Plate_552s_A04","symptomatic","vsmc","vsmc_S1",0.792112560756702,0.633568767295606,0.0822927419386181
"GSM8121897_athero_human_4.txt.gz","Plate_552s_A05","symptomatic","vsmc","vsmc_S1",0.81064674177394,0.696751129720636,0.0314418592619953
"GSM8121897_athero_human_4.txt.gz","Plate_552s_A06","symptomatic","vsmc","vsmc_S1",0.990027145076283,0.984127318353595,-0.0390178304022685
"GSM8121897_athero_human_4.txt.gz","Plate_552s_A07","symptomatic","vsmc","vsmc_S1",1.44458034986735,1.32832940003918,-0.0743637465235963
"GSM8121897_athero_human_4.txt.gz","Plate_552s_A13","symptomatic","vsmc","vsmc_S1",0.211699910930806,1.57062106716691,-0.065259201014576
"GSM8121897_athero_human_4.txt.gz","Plate_552s_A15","symptomatic","vsmc","vsmc_S2",1.67956859779727,1.38340847118497,0.0956607477822341
"GSM8121897_athero_human_4.txt.gz","Plate_552s_A17","symptomatic","vsmc","vsmc_S1",0.485920343740914,0.292917896746622,-0.399778529394694
"GSM8121897_athero_human_4.txt.gz","Plate_552s_B01","symptomatic","vsmc","vsmc_S2",0.96534458278683,0.768909423349491,0.125382756404871
"GSM8121897_athero_human_4.txt.gz","Plate_552s_B02","symptomatic","vsmc","vsmc_S2",0.892067809131807,0.716730298544156,0.152080068217954
"GSM8121897_athero_human_4.txt.gz","Plate_552s_B03","symptomatic","vsmc","vsmc_S2",0.915994740047274,0.712506706520002,0.132805883138391
"GSM8121897_athero_human_4.txt.gz","Plate_552s_B04","symptomatic","vsmc","vsmc_S1",0.829702856764279,0.675491623674378,0.0743165633064863
"GSM8121897_athero_human_4.txt.gz","Plate_552s_B05","symptomatic","vsmc","vsmc_S1",0.798939585918973,0.793480716438493,-0.103187241256959
"GSM8121897_athero_human_4.txt.gz","Plate_552s_B06","symptomatic","vsmc","vsmc_S1",1.04268449728479,1.04296016341128,-0.064616750132718
"GSM8121897_athero_human_4.txt.gz","Plate_552s_B17","symptomatic","vsmc","vsmc_S1",1.1696555035383,1.02850119275831,0.0147423390121548
"GSM8121897_athero_human_4.txt.gz","Plate_552s_B18","symptomatic","vsmc","vsmc_S1",0.318171048273133,0.310973960544814,-0.197894514209038
"GSM8121897_athero_human_4.txt.gz","Plate_552s_B19","symptomatic","vsmc","vsmc_S1",1.33963590090352,1.22077431126889,-0.177426928816922
"GSM8121897_athero_human_4.txt.gz","Plate_552s_B24","symptomatic","vsmc","vsmc_S3",1.95311164854406,1.42699521410196,-0.10119214846271
"GSM8121897_athero_human_4.txt.gz","Plate_552s_C02","symptomatic","vsmc","vsmc_S2",0.863593003860801,0.688487151641895,0.178770966261845
"GSM8121897_athero_human_4.txt.gz","Plate_552s_C03","symptomatic","vsmc","vsmc_S2",0.899079640993305,0.693053283441111,0.120312220336324
"GSM8121897_athero_human_4.txt.gz","Plate_552s_C04","symptomatic","vsmc","vsmc_S1",0.829400177971994,0.664437342381946,0.0673542470662709
"GSM8121897_athero_human_4.txt.gz","Plate_552s_C05","symptomatic","vsmc","vsmc_S1",0.92431689960424,0.873918627756401,-0.0302339605882793
"GSM8121897_athero_human_4.txt.gz","Plate_552s_C06","symptomatic","vsmc","vsmc_S1",0.665568430085428,0.691083058805153,0.11834709685945
"GSM8121897_athero_human_4.txt.gz","Plate_552s_C18","symptomatic","vsmc","vsmc_S1",1.35207203056044,1.13529085155864,-0.177970603019091
"GSM8121897_athero_human_4.txt.gz","Plate_552s_C20","symptomatic","vsmc","vsmc_S1",0.935943399403837,0.86198750184776,-0.680131086693448
"GSM8121897_athero_human_4.txt.gz","Plate_552s_D02","symptomatic","vsmc","vsmc_S2",0.752183359834078,0.59920145390876,0.194071943356855
"GSM8121897_athero_human_4.txt.gz","Plate_552s_D03","symptomatic","vsmc","vsmc_S2",0.799908605296099,0.609817141234272,0.163929282944629
"GSM8121897_athero_human_4.txt.gz","Plate_552s_D04","symptomatic","vsmc","vsmc_S1",0.709355987559369,0.537096927401043,0.0528817758515899
"GSM8121897_athero_human_4.txt.gz","Plate_552s_D05","symptomatic","vsmc","vsmc_S1",0.78301143255573,0.751622245043345,-0.0878501166650871
"GSM8121897_athero_human_4.txt.gz","Plate_552s_D06","symptomatic","vsmc","vsmc_S1",0.426158957941607,0.44939364683242,0.127092000939565
"GSM8121897_athero_human_4.txt.gz","Plate_552s_D09","symptomatic","vsmc","vsmc_S1",0.256604236468543,0.327305034044106,-0.147017513675101
"GSM8121897_athero_human_4.txt.gz","Plate_552s_D16","symptomatic","vsmc","vsmc_S2",0.740195275298906,0.659585810819592,0.324051095015431
"GSM8121897_athero_human_4.txt.gz","Plate_552s_D18","symptomatic","vsmc","vsmc_S1",-0.283675453229255,-0.354734110846093,-0.254024622265637
"GSM8121897_athero_human_4.txt.gz","Plate_552s_D24","symptomatic","vsmc","vsmc_S1",0.928910371146335,0.885160107717275,-0.0498877369419404
"GSM8121897_athero_human_4.txt.gz","Plate_552s_E01","symptomatic","vsmc","vsmc_S2",0.787090871353187,0.646812691593013,0.214716054597932
"GSM8121897_athero_human_4.txt.gz","Plate_552s_E02","symptomatic","vsmc","vsmc_S2",0.650960598161895,0.528592085006374,0.26592184398475
"GSM8121897_athero_human_4.txt.gz","Plate_552s_E03","symptomatic","vsmc","vsmc_S2",0.635209411073928,0.486746059214657,0.198201658117455
"GSM8121897_athero_human_4.txt.gz","Plate_552s_E04","symptomatic","vsmc","vsmc_S2",0.652025317096268,0.523111633351294,0.234173230542465
"GSM8121897_athero_human_4.txt.gz","Plate_552s_E05","symptomatic","vsmc","vsmc_S1",0.652152941519412,0.659110277061309,0.130842075030392
"GSM8121897_athero_human_4.txt.gz","Plate_552s_E14","symptomatic","vsmc","vsmc_S1",0.648403781145504,0.596268601669588,0.00273939016693472
"GSM8121897_athero_human_4.txt.gz","Plate_552s_E15","symptomatic","vsmc","vsmc_S1",0.0563340801278991,0.140876348162085,-0.0513748356652361
"GSM8121897_athero_human_4.txt.gz","Plate_552s_F01","symptomatic","vsmc","vsmc_S2",0.86300576293838,0.697807825833312,0.297164384199742
"GSM8121897_athero_human_4.txt.gz","Plate_552s_F02","symptomatic","vsmc","vsmc_S2",0.687501740789493,0.553833902245917,0.193945682845421
"GSM8121897_athero_human_4.txt.gz","Plate_552s_F05","symptomatic","vsmc","vsmc_S1",0.574016154050527,0.650646481680953,-0.00224463813728395
"GSM8121897_athero_human_4.txt.gz","Plate_552s_F06","symptomatic","vsmc","vsmc_S1",0.346639149177363,0.32777366472076,-0.0104496111280198
"GSM8121897_athero_human_4.txt.gz","Plate_552s_F09","symptomatic","vsmc","vsmc_S1",1.11897129848839,1.10919610566525,-0.341362375498885
"GSM8121897_athero_human_4.txt.gz","Plate_552s_F11","symptomatic","vsmc","vsmc_S1",0.774456177866182,0.864700057694875,-0.161118207984532
"GSM8121897_athero_human_4.txt.gz","Plate_552s_F13","symptomatic","vsmc","vsmc_S1",1.26778237213124,0.851955308878739,-0.303249708741123
"GSM8121897_athero_human_4.txt.gz","Plate_552s_F22","symptomatic","vsmc","vsmc_S1",1.00051360453412,0.973266204337059,-0.691232360904369
"GSM8121897_athero_human_4.txt.gz","Plate_552s_G01","symptomatic","vsmc","vsmc_S2",0.917630742756665,0.720747816993371,0.361226309472573
"GSM8121897_athero_human_4.txt.gz","Plate_552s_G04","symptomatic","vsmc","vsmc_S2",1.16999087669375,1.19229839078522,0.187761338128627
"GSM8121897_athero_human_4.txt.gz","Plate_552s_G05","symptomatic","vsmc","vsmc_S2",0.702394470817749,0.66951271137785,0.204309497074104
"GSM8121897_athero_human_4.txt.gz","Plate_552s_G08","symptomatic","vsmc","vsmc_S1",0.785242182809104,0.657432300306163,-0.0449407269294724
"GSM8121897_athero_human_4.txt.gz","Plate_552s_H04","symptomatic","vsmc","vsmc_S3",1.76786119298256,1.88694303275726,0.0220160010537261
"GSM8121897_athero_human_4.txt.gz","Plate_552s_H05","symptomatic","vsmc","vsmc_S2",1.09605787488453,0.955720108906019,0.467407360461913
"GSM8121897_athero_human_4.txt.gz","Plate_552s_H11","symptomatic","vsmc","vsmc_S1",0.608983256196593,0.417353920478673,0.130404830220381
"GSM8121897_athero_human_4.txt.gz","Plate_552s_H17","symptomatic","vsmc","vsmc_S1",0.817535810847862,0.685869347970568,-0.0468577538567817
"GSM8121897_athero_human_4.txt.gz","Plate_552s_H18","symptomatic","vsmc","vsmc_S1",0.429933942084703,0.585082380919592,-0.647263613506377
"GSM8121897_athero_human_4.txt.gz","Plate_552s_H23","symptomatic","vsmc","vsmc_S1",0.791149920894298,0.910500409384789,-0.421997127974243
"GSM8121897_athero_human_4.txt.gz","Plate_552s_I04","symptomatic","vsmc","vsmc_S3",1.88258488728559,2.28298410903023,-0.0933182693052936
"GSM8121897_athero_human_4.txt.gz","Plate_552s_I14","symptomatic","vsmc","vsmc_S1",0.905443615598048,0.971965962789311,-0.560422388922279
"GSM8121897_athero_human_4.txt.gz","Plate_552s_I19","symptomatic","vsmc","vsmc_S3",1.95020653523371,1.81920706794061,-0.603668400206403
"GSM8121897_athero_human_4.txt.gz","Plate_552s_I21","symptomatic","vsmc","vsmc_S1",1.15496779869785,0.764210640652767,0.0343314595536696
"GSM8121897_athero_human_4.txt.gz","Plate_552s_J01","symptomatic","vsmc","vsmc_S2",0.882298267846728,0.704092336859924,0.469195263009892
"GSM8121897_athero_human_4.txt.gz","Plate_552s_J04","symptomatic","vsmc","vsmc_S3",1.66217438587038,1.85440460470292,0.00142535329532356
"GSM8121897_athero_human_4.txt.gz","Plate_552s_J07","symptomatic","vsmc","vsmc_S1",0.0368674821182148,0.142058057187057,-0.0674665792367941
"GSM8121897_athero_human_4.txt.gz","Plate_552s_J10","symptomatic","vsmc","vsmc_S1",0.794604854855025,0.681436570856029,-0.109503340022629
"GSM8121897_athero_human_4.txt.gz","Plate_552s_J16","symptomatic","vsmc","vsmc_S1",0.720432964198546,0.505134913853605,0.0238177152699436
"GSM8121897_athero_human_4.txt.gz","Plate_552s_J17","symptomatic","vsmc","vsmc_S1",1.34546425304674,1.24046529944194,-0.535654249147131
"GSM8121897_athero_human_4.txt.gz","Plate_552s_J24","symptomatic","vsmc","vsmc_S1",0.937513678315865,0.960841708854575,-0.651171558152033
"GSM8121897_athero_human_4.txt.gz","Plate_552s_K01","symptomatic","vsmc","vsmc_S2",0.945201906827862,0.807556257653636,0.567169400760037
"GSM8121897_athero_human_4.txt.gz","Plate_552s_K04","symptomatic","vsmc","vsmc_S1",1.19662676106149,1.32879733243782,-0.0872966961764674
"GSM8121897_athero_human_4.txt.gz","Plate_552s_K15","symptomatic","vsmc","vsmc_S2",0.265381866422877,0.508395897608225,0.3121097442655
"GSM8121897_athero_human_4.txt.gz","Plate_552s_K18","symptomatic","vsmc","vsmc_S1",0.854344829082264,0.823287375925844,-0.658002513771944
"GSM8121897_athero_human_4.txt.gz","Plate_552s_K20","symptomatic","vsmc","vsmc_S1",0.44844764527861,0.490909771067857,-0.272855876251004
"GSM8121897_athero_human_4.txt.gz","Plate_552s_L07","symptomatic","vsmc","vsmc_S1",0.530357612169043,0.516162917124302,-0.0629244995466128
"GSM8121897_athero_human_4.txt.gz","Plate_552s_L11","symptomatic","vsmc","vsmc_S1",1.38635879514143,1.12933804097033,-0.148396769418574
"GSM8121897_athero_human_4.txt.gz","Plate_552s_L12","symptomatic","vsmc","vsmc_S1",0.340016147715527,0.418792167753959,-0.15759369018058
"GSM8121897_athero_human_4.txt.gz","Plate_552s_L22","symptomatic","vsmc","vsmc_S2",1.443924208107,1.29392192934478,0.0508254648431245
"GSM8121897_athero_human_4.txt.gz","Plate_552s_M03","symptomatic","vsmc","vsmc_S1",1.00687634938889,0.891524180983664,0.0417537242582012
"GSM8121897_athero_human_4.txt.gz","Plate_552s_M05","symptomatic","vsmc","vsmc_S2",0.570081941595709,0.690874472363901,0.207778374146227
"GSM8121897_athero_human_4.txt.gz","Plate_552s_M11","symptomatic","vsmc","vsmc_S1",1.6575043417712,1.41093581023649,-0.921852376386297
"GSM8121897_athero_human_4.txt.gz","Plate_552s_M13","symptomatic","vsmc","vsmc_S1",0.445776233791718,0.544463805396554,-0.376615697397573
"GSM8121897_athero_human_4.txt.gz","Plate_552s_M16","symptomatic","vsmc","vsmc_S1",0.721236602937108,0.426864155061078,-0.369226423153674
"GSM8121897_athero_human_4.txt.gz","Plate_552s_M18","symptomatic","vsmc","vsmc_S1",0.398526799116104,0.382430982286832,-0.332469030637865
"GSM8121897_athero_human_4.txt.gz","Plate_552s_M21","symptomatic","vsmc","vsmc_S1",0.490309902312694,0.247254499019868,0.176543492432636
"GSM8121897_athero_human_4.txt.gz","Plate_552s_M24","symptomatic","vsmc","vsmc_S1",0.450422829930584,0.38836028748671,-0.0669692885337851
"GSM8121897_athero_human_4.txt.gz","Plate_552s_N03","symptomatic","vsmc","vsmc_S1",0.741710939855634,0.637476133181279,0.0486830674930242
"GSM8121897_athero_human_4.txt.gz","Plate_552s_N05","symptomatic","vsmc","vsmc_S1",0.408835442399524,1.03349743217907,0.131617689505571
"GSM8121897_athero_human_4.txt.gz","Plate_552s_N07","symptomatic","vsmc","vsmc_S1",0.979083240457353,0.980117165751481,-0.548222556454187
"GSM8121897_athero_human_4.txt.gz","Plate_552s_N15","symptomatic","vsmc","vsmc_S1",1.11607600827928,0.733961470327215,-0.855005434684645
"GSM8121897_athero_human_4.txt.gz","Plate_552s_N20","symptomatic","vsmc","vsmc_S2",1.16706368610796,0.823684684256284,0.166630579198803
"GSM8121897_athero_human_4.txt.gz","Plate_552s_O04","symptomatic","vsmc","vsmc_S2",0.674163725649245,0.639379724405511,0.241072253520015
"GSM8121897_athero_human_4.txt.gz","Plate_552s_O05","symptomatic","vsmc","vsmc_S1",0.294867812965024,1.25616707753715,0.0233054630125658
"GSM8121897_athero_human_4.txt.gz","Plate_552s_O06","symptomatic","vsmc","vsmc_S2",0.742777610105668,0.675595714181107,0.156735188128211
"GSM8121897_athero_human_4.txt.gz","Plate_552s_O09","symptomatic","vsmc","vsmc_S2",1.55935994605944,1.30946912713047,-0.0618449665358571
"GSM8121897_athero_human_4.txt.gz","Plate_552s_O12","symptomatic","vsmc","vsmc_S1",1.29354537728234,1.09970510440201,-0.622462539937604
"GSM8121897_athero_human_4.txt.gz","Plate_552s_O16","symptomatic","vsmc","vsmc_S1",1.46520805918475,1.36393691251332,-0.403423090954368
"GSM8121897_athero_human_4.txt.gz","Plate_552s_O17","symptomatic","vsmc","vsmc_S2",0.981984319843526,0.872383426967146,0.544840373147536
"GSM8121897_athero_human_4.txt.gz","Plate_552s_O21","symptomatic","vsmc","vsmc_S1",0.738301086432662,0.674553691037527,-0.332728092652202
"GSM8121897_athero_human_4.txt.gz","Plate_552s_O22","symptomatic","vsmc","vsmc_S1",0.191589159779637,0.0149161437163784,-0.373644536962579
"GSM8121897_athero_human_4.txt.gz","Plate_552s_P04","symptomatic","vsmc","vsmc_S2",0.717744256901547,0.64013457847665,0.283199083513461
"GSM8121897_athero_human_4.txt.gz","Plate_552s_P05","symptomatic","vsmc","vsmc_S1",0.69815238769054,1.06876417918366,-0.106495530151583
"GSM8121897_athero_human_4.txt.gz","Plate_552s_P06","symptomatic","vsmc","vsmc_S2",1.52029970390917,1.18569643038747,0.169717722381767
"GSM8121897_athero_human_4.txt.gz","Plate_552s_P08","symptomatic","vsmc","vsmc_S1",0.85855166317774,0.744115226984271,-0.814211852401284
"GSM8121897_athero_human_4.txt.gz","Plate_552s_P11","symptomatic","vsmc","vsmc_S1",0.589162526469411,0.574905185200066,-0.120862112819587
"GSM8121897_athero_human_4.txt.gz","Plate_552s_P15","symptomatic","vsmc","vsmc_S1",0.74242618521243,0.736781084966106,-0.0992258683693553
"GSM8121897_athero_human_4.txt.gz","Plate_552s_P18","symptomatic","vsmc","vsmc_S1",0.804468839190134,0.81960346693266,-0.0972189266202731
"GSM8121897_athero_human_4.txt.gz","Plate_552s_P19","symptomatic","vsmc","vsmc_S1",1.33882448461453,1.23781260556119,-0.507123194190229
"GSM8121897_athero_human_4.txt.gz","Plate_553s_C18","symptomatic","vsmc","vsmc_S1",0.423814381136985,0.413613710315522,0.094648602912792
"GSM8121898_athero_human_5.txt.gz","Plate_555s_A03","asymptomatic","vsmc","vsmc_S2",1.30034303437788,1.17012762926996,0.273055314983916
"GSM8121898_athero_human_5.txt.gz","Plate_555s_A13","asymptomatic","vsmc","vsmc_S3",2.03916514746648,1.85401201252016,-0.0136142326358442
"GSM8121898_athero_human_5.txt.gz","Plate_555s_B03","asymptomatic","vsmc","vsmc_S1",1.7203844045027,1.27605615818397,-0.186778909216018
"GSM8121898_athero_human_5.txt.gz","Plate_555s_B05","asymptomatic","vsmc","vsmc_S2",1.07823159786036,1.06514041239116,0.181444911251151
"GSM8121898_athero_human_5.txt.gz","Plate_555s_B11","asymptomatic","vsmc","vsmc_S1",0.599750252708684,0.393310694151131,-0.0424870999254384
"GSM8121898_athero_human_5.txt.gz","Plate_555s_C08","asymptomatic","vsmc","vsmc_S2",1.44390247427731,1.33780831211428,0.147305555986827
"GSM8121898_athero_human_5.txt.gz","Plate_555s_C14","asymptomatic","vsmc","vsmc_S3",1.84376637391339,1.81771417206283,-0.00565973236024239
"GSM8121898_athero_human_5.txt.gz","Plate_555s_D22","asymptomatic","vsmc","vsmc_S1",1.40120554445512,1.33173637233155,-0.295431751801264
"GSM8121898_athero_human_5.txt.gz","Plate_555s_F01","asymptomatic","vsmc","vsmc_S3",1.46031475600141,1.85184970691341,-0.101769712237074
"GSM8121898_athero_human_5.txt.gz","Plate_555s_F05","asymptomatic","vsmc","vsmc_S1",0.934010224346011,1.00141667340617,-0.215519259063636
"GSM8121898_athero_human_5.txt.gz","Plate_555s_F10","asymptomatic","vsmc","vsmc_S2",0.973929177921822,0.897272593285049,0.147597967328644
"GSM8121898_athero_human_5.txt.gz","Plate_555s_G04","asymptomatic","vsmc","vsmc_S1",0.976035121320516,0.680563180128627,-0.203602455251212
"GSM8121898_athero_human_5.txt.gz","Plate_555s_G14","asymptomatic","vsmc","vsmc_S1",0.813336140533362,0.742311842067459,-0.0758485525331656
"GSM8121898_athero_human_5.txt.gz","Plate_555s_G24","asymptomatic","vsmc","vsmc_S1",1.39948967405007,1.25092587466487,-0.309339131258341
"GSM8121898_athero_human_5.txt.gz","Plate_555s_H23","asymptomatic","vsmc","vsmc_S2",0.76724649463307,0.751350078389562,0.178488064044494
"GSM8121898_athero_human_5.txt.gz","Plate_555s_I01","asymptomatic","vsmc","vsmc_S3",1.47543715239753,2.31464280806844,0.429089391385606
"GSM8121898_athero_human_5.txt.gz","Plate_555s_J09","asymptomatic","vsmc","vsmc_S3",1.84094073995519,1.53329905021914,0.248978542150227
"GSM8121898_athero_human_5.txt.gz","Plate_555s_J21","asymptomatic","vsmc","vsmc_S2",1.68880970361089,1.23993043543931,0.492159855862609
"GSM8121898_athero_human_5.txt.gz","Plate_555s_K01","asymptomatic","vsmc","vsmc_S3",2.04846893846449,1.59935648883837,0.323438856469131
"GSM8121898_athero_human_5.txt.gz","Plate_555s_K10","asymptomatic","vsmc","vsmc_S2",1.72096746133331,1.46596806415718,0.432773345912476
"GSM8121898_athero_human_5.txt.gz","Plate_555s_K12","asymptomatic","vsmc","vsmc_S2",1.20679475633921,1.23697943302621,0.179746265041494
"GSM8121898_athero_human_5.txt.gz","Plate_555s_K20","asymptomatic","vsmc","vsmc_S2",1.29393256511797,1.05116572274233,0.283140449853206
"GSM8121898_athero_human_5.txt.gz","Plate_555s_K24","asymptomatic","vsmc","vsmc_S2",1.57139767388067,1.27798458985269,0.5272036212747
"GSM8121898_athero_human_5.txt.gz","Plate_555s_L01","asymptomatic","vsmc","vsmc_S2",0.87570470701425,0.988523628713735,0.228123893880947
"GSM8121898_athero_human_5.txt.gz","Plate_555s_L22","asymptomatic","vsmc","vsmc_S1",0.875931166769183,0.980746851450961,-0.190392668786882
"GSM8121898_athero_human_5.txt.gz","Plate_555s_L23","asymptomatic","vsmc","vsmc_S1",1.20763296904701,1.12649608932064,-0.0821089850778019
"GSM8121898_athero_human_5.txt.gz","Plate_555s_M14","asymptomatic","vsmc","vsmc_S2",1.54517443896822,1.41258556206861,-0.0428705340463497
"GSM8121898_athero_human_5.txt.gz","Plate_555s_M17","asymptomatic","vsmc","vsmc_S3",1.87687970439608,1.75503308747776,-0.259526972742815
"GSM8121898_athero_human_5.txt.gz","Plate_555s_M18","asymptomatic","vsmc","vsmc_S2",1.35726446775338,1.23646788078678,0.13730996673589
"GSM8121898_athero_human_5.txt.gz","Plate_555s_M24","asymptomatic","vsmc","vsmc_S1",1.43954108081272,1.35046320821833,-0.104370862707219
"GSM8121898_athero_human_5.txt.gz","Plate_555s_N02","asymptomatic","vsmc","vsmc_S1",0.425233313646113,0.366796690324935,0.0237032913721738
"GSM8121898_athero_human_5.txt.gz","Plate_555s_N03","asymptomatic","vsmc","vsmc_S2",1.33533415106337,1.34372653886851,0.397402946544287
"GSM8121898_athero_human_5.txt.gz","Plate_555s_N05","asymptomatic","vsmc","vsmc_S1",1.36206531558044,1.33397324536256,-0.0446155062041429
"GSM8121898_athero_human_5.txt.gz","Plate_555s_N09","asymptomatic","vsmc","vsmc_S3",1.82290833658626,1.56644052593874,-0.191532860588421
"GSM8121898_athero_human_5.txt.gz","Plate_555s_N16","asymptomatic","vsmc","vsmc_S1",0.900952501383006,0.621637715560729,-0.237591786065685
"GSM8121898_athero_human_5.txt.gz","Plate_555s_O03","asymptomatic","vsmc","vsmc_S1",1.45309897044648,1.23319484094982,-0.0444604255221262
"GSM8121898_athero_human_5.txt.gz","Plate_555s_O09","asymptomatic","vsmc","vsmc_S1",1.45911765914027,1.26145380800992,-0.0678994512686802
"GSM8121898_athero_human_5.txt.gz","Plate_555s_O10","asymptomatic","vsmc","vsmc_S1",1.01821865503846,0.901717909543551,-0.00592549278898528
"GSM8121898_athero_human_5.txt.gz","Plate_555s_O14","asymptomatic","vsmc","vsmc_S3",1.84177875836765,2.78489627302389,-0.380021252594996
"GSM8121898_athero_human_5.txt.gz","Plate_555s_O22","asymptomatic","vsmc","vsmc_S1",1.05082148943675,0.818434287203708,-0.189165723925121
"GSM8121898_athero_human_5.txt.gz","Plate_555s_P05","asymptomatic","vsmc","vsmc_S2",1.51027158581738,1.16496044969626,0.395688087356471
"GSM8121899_athero_human_6.txt.gz","Plate_096_A20","symptomatic","vsmc","vsmc_S1",0.427788501077914,0.305392144764401,-0.268322432382974
"GSM8121899_athero_human_6.txt.gz","Plate_096_A22","symptomatic","vsmc","vsmc_S1",1.13987876279274,0.859240126098151,-0.0867043460985154
"GSM8121899_athero_human_6.txt.gz","Plate_096_B08","symptomatic","vsmc","vsmc_S1",1.09317724949575,0.822916726867164,-0.0416269315134193
"GSM8121899_athero_human_6.txt.gz","Plate_096_B21","symptomatic","vsmc","vsmc_S1",0.753331991945411,0.558592637661343,-0.18013150130117
"GSM8121899_athero_human_6.txt.gz","Plate_096_C09","symptomatic","vsmc","vsmc_S1",0.0788861525404886,0.0340236514575145,-0.104677089615809
"GSM8121899_athero_human_6.txt.gz","Plate_096_F01","symptomatic","vsmc","vsmc_S1",0.203836788687312,0.178870497054364,-0.525578965781364
"GSM8121899_athero_human_6.txt.gz","Plate_096_I02","symptomatic","vsmc","vsmc_S1",1.3303782239689,1.00740637367961,-0.0386726053018939
"GSM8121899_athero_human_6.txt.gz","Plate_096_I11","symptomatic","vsmc","vsmc_S1",0.477978832139331,0.541271523573439,-0.0995759568412746
"GSM8121899_athero_human_6.txt.gz","Plate_096_I20","symptomatic","vsmc","vsmc_S3",4.02070148345313,4.24149100593371,0.833885594090687
"GSM8121899_athero_human_6.txt.gz","Plate_096_J02","symptomatic","vsmc","vsmc_S1",0.0579767049594654,0.162060338438487,-0.324403534535487
"GSM8121899_athero_human_6.txt.gz","Plate_096_J07","symptomatic","vsmc","vsmc_S1",0.568808300321216,0.415074210842524,-0.018495763106295
"GSM8121899_athero_human_6.txt.gz","Plate_096_J23","symptomatic","vsmc","vsmc_S2",1.32559232281759,1.00368400611748,0.238865044028277
"GSM8121899_athero_human_6.txt.gz","Plate_096_K07","symptomatic","vsmc","vsmc_S2",1.37854312254827,1.04486796146357,0.102677434273904
"GSM8121899_athero_human_6.txt.gz","Plate_096_K23","symptomatic","vsmc","vsmc_S1",0.823009090267004,0.612785936355915,-0.204425070345112
"GSM8121899_athero_human_6.txt.gz","Plate_096_L22","symptomatic","vsmc","vsmc_S1",-0.017222100947701,-0.0407272123666329,-0.0920151540362927
"GSM8121899_athero_human_6.txt.gz","Plate_096_N03","symptomatic","vsmc","vsmc_S1",0.13503361035362,1.52054805292266,-0.0139490105066149
"GSM8121899_athero_human_6.txt.gz","Plate_096_N06","symptomatic","vsmc","vsmc_S2",1.28144365313624,0.969346151920874,0.247512934424938
"GSM8121899_athero_human_6.txt.gz","Plate_096_N23","symptomatic","vsmc","vsmc_S1",0.044633126065681,0.00738240864377531,-0.254280799457071
"GSM8121899_athero_human_6.txt.gz","Plate_096_O20","symptomatic","vsmc","vsmc_S1",-0.125579912234588,-0.125005510034212,-0.139651855893903
"GSM8121899_athero_human_6.txt.gz","Plate_096_P01","symptomatic","vsmc","vsmc_S1",0.213211217624247,0.138498702078215,-0.0771807662534659
"GSM8121899_athero_human_6.txt.gz","Plate_096_P22","symptomatic","vsmc","vsmc_S3",7.20488823391542,6.54673249769073,2.77734953393976
"GSM8121900_athero_human_7.txt.gz","Plate_100s_A04","symptomatic","vsmc","vsmc_S2",1.01384366360025,1.00058079094402,0.162199130679394
"GSM8121900_athero_human_7.txt.gz","Plate_100s_A15","symptomatic","vsmc","vsmc_S2",1.8678914295775,1.36513131606926,0.515995004196012
"GSM8121900_athero_human_7.txt.gz","Plate_100s_A19","symptomatic","vsmc","vsmc_S2",1.07788610971549,1.05274904298425,0.257674053483442
"GSM8121900_athero_human_7.txt.gz","Plate_100s_A21","symptomatic","vsmc","vsmc_S1",0.350624977786779,0.182479847360247,-0.0398029656944312
"GSM8121900_athero_human_7.txt.gz","Plate_100s_B01","symptomatic","vsmc","vsmc_S2",0.727125136700696,0.549531592207759,0.153836035647754
"GSM8121900_athero_human_7.txt.gz","Plate_100s_B02","symptomatic","vsmc","vsmc_S1",1.18708937916527,1.17711474147414,-0.242624294533191
"GSM8121900_athero_human_7.txt.gz","Plate_100s_B03","symptomatic","vsmc","vsmc_S2",1.60142426930668,1.49926782770532,0.0685543341591393
"GSM8121900_athero_human_7.txt.gz","Plate_100s_B18","symptomatic","vsmc","vsmc_S2",0.958018547423309,0.879641593923826,0.295934479138785
"GSM8121900_athero_human_7.txt.gz","Plate_100s_B21","symptomatic","vsmc","vsmc_S2",1.05165165877591,1.11729788346894,0.14128161543451
"GSM8121900_athero_human_7.txt.gz","Plate_100s_B22","symptomatic","vsmc","vsmc_S1",1.30654703846932,1.16916363862086,-0.161449449728002
"GSM8121900_athero_human_7.txt.gz","Plate_100s_B24","symptomatic","vsmc","vsmc_S1",0.563304357447129,0.604549001753888,-0.0235839591790939
"GSM8121900_athero_human_7.txt.gz","Plate_100s_C08","symptomatic","vsmc","vsmc_S1",1.33491963363397,1.11344512715632,-0.109205839678932
"GSM8121900_athero_human_7.txt.gz","Plate_100s_C09","symptomatic","vsmc","vsmc_S2",1.33560913056222,1.16765788147341,0.402768519134675
"GSM8121900_athero_human_7.txt.gz","Plate_100s_C10","symptomatic","vsmc","vsmc_S2",1.0336674463482,0.786675567849228,0.357308769601641
"GSM8121900_athero_human_7.txt.gz","Plate_100s_C11","symptomatic","vsmc","vsmc_S2",1.24128474482748,1.20302814539672,0.0190579307436991
"GSM8121900_athero_human_7.txt.gz","Plate_100s_C12","symptomatic","vsmc","vsmc_S2",1.01474846782146,0.854919976763773,0.223862177600977
"GSM8121900_athero_human_7.txt.gz","Plate_100s_C13","symptomatic","vsmc","vsmc_S2",1.63559395352396,1.18060790667538,0.206193747730256
"GSM8121900_athero_human_7.txt.gz","Plate_100s_C14","symptomatic","vsmc","vsmc_S1",0.915385921986569,0.869437245999588,-0.0238622250264749
"GSM8121900_athero_human_7.txt.gz","Plate_100s_C20","symptomatic","vsmc","vsmc_S1",1.51415713607143,1.44884378855791,-0.23017103260275
"GSM8121900_athero_human_7.txt.gz","Plate_100s_C21","symptomatic","vsmc","vsmc_S2",1.45770707449529,1.19881510418572,0.339707435278882
"GSM8121900_athero_human_7.txt.gz","Plate_100s_C22","symptomatic","vsmc","vsmc_S3",1.96731533027141,2.75735786305783,0.0730804669405258
"GSM8121900_athero_human_7.txt.gz","Plate_100s_C23","symptomatic","vsmc","vsmc_S1",1.53117141680901,1.39542781839132,-0.227712133386517
"GSM8121900_athero_human_7.txt.gz","Plate_100s_D02","symptomatic","vsmc","vsmc_S1",1.48280293618978,1.39352868050805,-0.0946932821945807
"GSM8121900_athero_human_7.txt.gz","Plate_100s_D10","symptomatic","vsmc","vsmc_S1",0.906077158072346,1.01692783623115,0.0648912668588055
"GSM8121900_athero_human_7.txt.gz","Plate_100s_D12","symptomatic","vsmc","vsmc_S2",0.756003850925162,1.30358082692078,0.362992939759083
"GSM8121900_athero_human_7.txt.gz","Plate_100s_D14","symptomatic","vsmc","vsmc_S2",1.42725930127304,1.35228498112489,0.0433660778097339
"GSM8121900_athero_human_7.txt.gz","Plate_100s_D15","symptomatic","vsmc","vsmc_S2",1.5751171361655,1.4330576416155,0.206308469002553
"GSM8121900_athero_human_7.txt.gz","Plate_100s_D17","symptomatic","vsmc","vsmc_S2",1.33781292015285,1.20285128317332,0.126790075499366
"GSM8121900_athero_human_7.txt.gz","Plate_100s_D20","symptomatic","vsmc","vsmc_S2",0.767568928336053,0.658142797569902,0.153302277169351
"GSM8121900_athero_human_7.txt.gz","Plate_100s_D21","symptomatic","vsmc","vsmc_S1",0.50132584846326,0.550879047131377,0.0221126283829909
"GSM8121900_athero_human_7.txt.gz","Plate_100s_D22","symptomatic","vsmc","vsmc_S1",1.57549476241153,1.40154000246033,-0.129292136473218
"GSM8121900_athero_human_7.txt.gz","Plate_100s_D23","symptomatic","vsmc","vsmc_S1",0.815173817897673,0.697931808714288,0.0501132092039491
"GSM8121900_athero_human_7.txt.gz","Plate_100s_E01","symptomatic","vsmc","vsmc_S1",1.31930512392497,1.16982790131708,-0.127842517730123
"GSM8121900_athero_human_7.txt.gz","Plate_100s_E03","symptomatic","vsmc","vsmc_S3",1.68772401488686,2.21370925322201,-0.0998627299287433
"GSM8121900_athero_human_7.txt.gz","Plate_100s_E05","symptomatic","vsmc","vsmc_S2",0.140904328307234,0.0563383622575866,0.683967157672512
"GSM8121900_athero_human_7.txt.gz","Plate_100s_E09","symptomatic","vsmc","vsmc_S2",1.34875584566886,1.16332788703252,-0.0122540879767434
"GSM8121900_athero_human_7.txt.gz","Plate_100s_E16","symptomatic","vsmc","vsmc_S3",1.63755646261666,1.5207578842809,-0.125500618419953
"GSM8121900_athero_human_7.txt.gz","Plate_100s_E18","symptomatic","vsmc","vsmc_S1",1.35299846183645,1.2550500113833,-0.0863500679061043
"GSM8121900_athero_human_7.txt.gz","Plate_100s_E22","symptomatic","vsmc","vsmc_S1",0.672336825191163,0.670531511145256,-0.279698221115854
"GSM8121900_athero_human_7.txt.gz","Plate_100s_E23","symptomatic","vsmc","vsmc_S3",1.62328899417607,1.62818668309607,-0.0591506209629204
"GSM8121900_athero_human_7.txt.gz","Plate_100s_F02","symptomatic","vsmc","vsmc_S2",0.715453031869796,0.634867573926271,0.358532070869423
"GSM8121900_athero_human_7.txt.gz","Plate_100s_F03","symptomatic","vsmc","vsmc_S2",1.42932370423559,1.19208203387331,0.125577392778951
"GSM8121900_athero_human_7.txt.gz","Plate_100s_F07","symptomatic","vsmc","vsmc_S2",1.21527412043289,1.10564440991028,0.331401403672587
"GSM8121900_athero_human_7.txt.gz","Plate_100s_F14","symptomatic","vsmc","vsmc_S2",1.06482760972912,0.749197229485181,0.147808594797365
"GSM8121900_athero_human_7.txt.gz","Plate_100s_F15","symptomatic","vsmc","vsmc_S3",1.69004336412168,1.58369344476672,-0.223954237569373
"GSM8121900_athero_human_7.txt.gz","Plate_100s_F18","symptomatic","vsmc","vsmc_S1",1.37986880612486,1.31307887914672,-0.102843328828786
"GSM8121900_athero_human_7.txt.gz","Plate_100s_F20","symptomatic","vsmc","vsmc_S2",1.45253122922419,1.17939215435494,0.211683608097225
"GSM8121900_athero_human_7.txt.gz","Plate_100s_G02","symptomatic","vsmc","vsmc_S1",0.757789230507295,0.494602774158049,-0.147446542516415
"GSM8121900_athero_human_7.txt.gz","Plate_100s_G05","symptomatic","vsmc","vsmc_S1",1.62556024153428,1.35910615267302,-0.117296259602191
"GSM8121900_athero_human_7.txt.gz","Plate_100s_G10","symptomatic","vsmc","vsmc_S2",1.26027899754195,1.20351892340119,0.348235086997228
"GSM8121900_athero_human_7.txt.gz","Plate_100s_G12","symptomatic","vsmc","vsmc_S2",1.12832289281831,1.03879235713008,0.158712311624987
"GSM8121900_athero_human_7.txt.gz","Plate_100s_G13","symptomatic","vsmc","vsmc_S2",1.59939566368035,1.38802889781163,0.0934163710025415
"GSM8121900_athero_human_7.txt.gz","Plate_100s_G16","symptomatic","vsmc","vsmc_S3",1.93702886822687,1.80028954119571,-0.150269028442
"GSM8121900_athero_human_7.txt.gz","Plate_100s_G19","symptomatic","vsmc","vsmc_S2",0.53993424915473,0.371183274740855,0.340111537951031
"GSM8121900_athero_human_7.txt.gz","Plate_100s_G21","symptomatic","vsmc","vsmc_S1",1.4448207062698,1.29091814406821,-0.0639867708959144
"GSM8121900_athero_human_7.txt.gz","Plate_100s_H02","symptomatic","vsmc","vsmc_S2",1.11355506977164,0.943148133906017,0.34557529488142
"GSM8121900_athero_human_7.txt.gz","Plate_100s_H05","symptomatic","vsmc","vsmc_S1",0.414380161632432,0.359657993262133,0.107322024397848
"GSM8121900_athero_human_7.txt.gz","Plate_100s_H07","symptomatic","vsmc","vsmc_S2",1.31918904450257,1.16129890060919,0.185460609369941
"GSM8121900_athero_human_7.txt.gz","Plate_100s_H08","symptomatic","vsmc","vsmc_S1",1.17998038873889,1.18234649243635,-0.0696961140195169
"GSM8121900_athero_human_7.txt.gz","Plate_100s_H09","symptomatic","vsmc","vsmc_S1",1.50617409364274,1.46082341580583,-0.220339463232279
"GSM8121900_athero_human_7.txt.gz","Plate_100s_H12","symptomatic","vsmc","vsmc_S1",1.7194685262115,1.45136343197177,-0.299356753031172
"GSM8121900_athero_human_7.txt.gz","Plate_100s_H13","symptomatic","vsmc","vsmc_S2",1.45324871409176,1.42783037548507,0.0486164847791363
"GSM8121900_athero_human_7.txt.gz","Plate_100s_H16","symptomatic","vsmc","vsmc_S2",1.41161045701737,1.13751363935219,0.323806778274773
"GSM8121900_athero_human_7.txt.gz","Plate_100s_H20","symptomatic","vsmc","vsmc_S2",0.866003807101616,0.775401749919611,0.133492187752715
"GSM8121900_athero_human_7.txt.gz","Plate_100s_H21","symptomatic","vsmc","vsmc_S1",1.15754547195001,0.805524295280164,0.0395024586324932
"GSM8121900_athero_human_7.txt.gz","Plate_100s_H24","symptomatic","vsmc","vsmc_S1",1.4127760045627,1.29993694700952,-0.139469516121958
"GSM8121900_athero_human_7.txt.gz","Plate_100s_I04","symptomatic","vsmc","vsmc_S1",0.581530422438934,0.492610128112341,-0.0429137333730572
"GSM8121900_athero_human_7.txt.gz","Plate_100s_I07","symptomatic","vsmc","vsmc_S2",1.49347088505121,1.26452889275489,0.197279275211743
"GSM8121900_athero_human_7.txt.gz","Plate_100s_I11","symptomatic","vsmc","vsmc_S2",1.02918247652443,0.872265914323937,0.651140514864484
"GSM8121900_athero_human_7.txt.gz","Plate_100s_I21","symptomatic","vsmc","vsmc_S3",1.66415485438378,2.55617324837675,-0.083573716494913
"GSM8121900_athero_human_7.txt.gz","Plate_100s_I24","symptomatic","vsmc","vsmc_S2",1.63761373444368,1.39492184268699,0.0379405772362637
"GSM8121900_athero_human_7.txt.gz","Plate_100s_J01","symptomatic","vsmc","vsmc_S1",1.4961405738261,1.07235865988278,-0.298393749042988
"GSM8121900_athero_human_7.txt.gz","Plate_100s_J07","symptomatic","vsmc","vsmc_S1",0.515848704956161,0.403456492342748,0.117149442084431
"GSM8121900_athero_human_7.txt.gz","Plate_100s_J08","symptomatic","vsmc","vsmc_S1",1.48942710025921,1.37178485134116,-0.147899171233937
"GSM8121900_athero_human_7.txt.gz","Plate_100s_J22","symptomatic","vsmc","vsmc_S2",1.53437895217486,1.39555079797007,0.0441294876184798
"GSM8121900_athero_human_7.txt.gz","Plate_100s_J23","symptomatic","vsmc","vsmc_S2",1.29900389023731,0.962526783706757,0.465066983729888
"GSM8121900_athero_human_7.txt.gz","Plate_100s_J24","symptomatic","vsmc","vsmc_S1",1.57613925129747,1.31930766589182,-0.111487234552857
"GSM8121900_athero_human_7.txt.gz","Plate_100s_K01","symptomatic","vsmc","vsmc_S2",1.56200678278534,1.47490279254248,0.185737209581661
"GSM8121900_athero_human_7.txt.gz","Plate_100s_K06","symptomatic","vsmc","vsmc_S2",1.53971084291087,1.35781227609102,0.209978193476467
"GSM8121900_athero_human_7.txt.gz","Plate_100s_K08","symptomatic","vsmc","vsmc_S2",1.43777516885225,1.2826521726146,0.12483981240938
"GSM8121900_athero_human_7.txt.gz","Plate_100s_K10","symptomatic","vsmc","vsmc_S3",1.19129339180546,1.99699953861255,-0.142625941353522
"GSM8121900_athero_human_7.txt.gz","Plate_100s_K17","symptomatic","vsmc","vsmc_S3",1.77652573548259,1.6656651937774,-0.0753321860523054
"GSM8121900_athero_human_7.txt.gz","Plate_100s_K22","symptomatic","vsmc","vsmc_S1",0.796317556244549,0.709671460817034,-0.125785037233368
"GSM8121900_athero_human_7.txt.gz","Plate_100s_K24","symptomatic","vsmc","vsmc_S2",1.48232717971009,1.32749948968214,0.17654403664374
"GSM8121900_athero_human_7.txt.gz","Plate_100s_L05","symptomatic","vsmc","vsmc_S2",1.54496739588101,1.32757545919244,0.400385288477128
"GSM8121900_athero_human_7.txt.gz","Plate_100s_L16","symptomatic","vsmc","vsmc_S2",1.25956608112971,1.19088569273271,0.00469326975518303
"GSM8121900_athero_human_7.txt.gz","Plate_100s_L17","symptomatic","vsmc","vsmc_S1",0.78894797311881,0.685441033150846,0.124359262974625
"GSM8121900_athero_human_7.txt.gz","Plate_100s_L21","symptomatic","vsmc","vsmc_S1",0.186660148847323,0.127509152976501,-0.0384411499240681
"GSM8121900_athero_human_7.txt.gz","Plate_100s_L22","symptomatic","vsmc","vsmc_S3",1.63986041179741,1.50636319786963,0.00957160769540156
"GSM8121900_athero_human_7.txt.gz","Plate_100s_L23","symptomatic","vsmc","vsmc_S1",1.46162098354546,1.04924687717975,-0.122031643567646
"GSM8121900_athero_human_7.txt.gz","Plate_100s_L24","symptomatic","vsmc","vsmc_S3",1.66811977578666,1.51285664509566,-0.210440256253833
"GSM8121900_athero_human_7.txt.gz","Plate_100s_M04","symptomatic","vsmc","vsmc_S2",1.31741593377164,1.10179791833404,0.183265086450501
"GSM8121900_athero_human_7.txt.gz","Plate_100s_M05","symptomatic","vsmc","vsmc_S2",1.17000306410805,1.06531514674209,0.0240245882868499
"GSM8121900_athero_human_7.txt.gz","Plate_100s_M09","symptomatic","vsmc","vsmc_S2",1.61404204770806,1.34478383084853,0.189099869354651
"GSM8121900_athero_human_7.txt.gz","Plate_100s_M15","symptomatic","vsmc","vsmc_S1",0.641211969592659,0.408725932751835,0.0194011094230555
"GSM8121900_athero_human_7.txt.gz","Plate_100s_M16","symptomatic","vsmc","vsmc_S1",1.04431321144076,0.929890318104105,-0.059611612861638
"GSM8121900_athero_human_7.txt.gz","Plate_100s_M18","symptomatic","vsmc","vsmc_S1",0.695212694341383,0.668288963552706,0.0608698333810617
"GSM8121900_athero_human_7.txt.gz","Plate_100s_M19","symptomatic","vsmc","vsmc_S2",0.539081456264836,0.443866959879005,0.245710231588549
"GSM8121900_athero_human_7.txt.gz","Plate_100s_M20","symptomatic","vsmc","vsmc_S2",1.1508222883739,1.01772343986899,0.409695835186937
"GSM8121900_athero_human_7.txt.gz","Plate_100s_M24","symptomatic","vsmc","vsmc_S3",1.68065482670755,1.52154196674665,-0.162301757470442
"GSM8121900_athero_human_7.txt.gz","Plate_100s_N01","symptomatic","vsmc","vsmc_S1",1.00002418139754,1.09185200591952,-0.00641155758197377
"GSM8121900_athero_human_7.txt.gz","Plate_100s_N03","symptomatic","vsmc","vsmc_S2",0.803519940890566,0.540401882045991,0.178149693605399
"GSM8121900_athero_human_7.txt.gz","Plate_100s_N04","symptomatic","vsmc","vsmc_S2",1.35460650538996,1.22887440147932,0.0558631943384659
"GSM8121900_athero_human_7.txt.gz","Plate_100s_N12","symptomatic","vsmc","vsmc_S2",0.988941395830992,0.853722359290101,0.355588755973888
"GSM8121900_athero_human_7.txt.gz","Plate_100s_N16","symptomatic","vsmc","vsmc_S2",1.51244268897545,1.16904320145677,0.398347656772983
"GSM8121900_athero_human_7.txt.gz","Plate_100s_N17","symptomatic","vsmc","vsmc_S2",1.52069769213033,1.35216894679448,-0.0354396525247562
"GSM8121900_athero_human_7.txt.gz","Plate_100s_N18","symptomatic","vsmc","vsmc_S1",0.739213952776516,0.684090292817146,-0.268771399301964
"GSM8121900_athero_human_7.txt.gz","Plate_100s_N19","symptomatic","vsmc","vsmc_S1",1.59078047904255,1.4783503011885,-0.210566323938583
"GSM8121900_athero_human_7.txt.gz","Plate_100s_N24","symptomatic","vsmc","vsmc_S1",0.534257090638512,0.328448481764121,-0.17818446170117
"GSM8121900_athero_human_7.txt.gz","Plate_100s_O03","symptomatic","vsmc","vsmc_S2",1.3269573943728,1.8378297456656,0.240285826276848
"GSM8121900_athero_human_7.txt.gz","Plate_100s_O04","symptomatic","vsmc","vsmc_S3",1.53290338290232,2.7644933720703,0.216972879764725
"GSM8121900_athero_human_7.txt.gz","Plate_100s_O11","symptomatic","vsmc","vsmc_S1",1.30588752907461,1.26571826243449,-0.0464790346631125
"GSM8121900_athero_human_7.txt.gz","Plate_100s_O15","symptomatic","vsmc","vsmc_S2",1.41142208947706,1.13654294565849,0.202760476390768
"GSM8121900_athero_human_7.txt.gz","Plate_100s_O17","symptomatic","vsmc","vsmc_S2",0.738309581074163,0.736905136132873,0.315960313366266
"GSM8121900_athero_human_7.txt.gz","Plate_100s_O19","symptomatic","vsmc","vsmc_S2",0.678254515608279,0.654677251944195,0.176856725817785
"GSM8121900_athero_human_7.txt.gz","Plate_100s_O21","symptomatic","vsmc","vsmc_S2",1.09880506938582,0.982994281658855,0.369317784020437
"GSM8121900_athero_human_7.txt.gz","Plate_100s_O22","symptomatic","vsmc","vsmc_S3",1.70071967236094,1.51907369927438,-0.0525225954145046
"GSM8121900_athero_human_7.txt.gz","Plate_100s_P03","symptomatic","vsmc","vsmc_S2",0.878997942088653,0.61825412927615,0.16180030842362
"GSM8121900_athero_human_7.txt.gz","Plate_100s_P04","symptomatic","vsmc","vsmc_S1",1.38445283995284,1.3569043720655,-0.252566523475141
"GSM8121900_athero_human_7.txt.gz","Plate_100s_P05","symptomatic","vsmc","vsmc_S2",1.44866074301274,1.32273044648095,0.0456579674467684
"GSM8121900_athero_human_7.txt.gz","Plate_100s_P07","symptomatic","vsmc","vsmc_S2",1.38674806950113,1.14251204144345,0.239351178504175
"GSM8121900_athero_human_7.txt.gz","Plate_100s_P08","symptomatic","vsmc","vsmc_S1",1.43730992238001,1.38266552877418,-0.118912281656288
"GSM8121900_athero_human_7.txt.gz","Plate_100s_P13","symptomatic","vsmc","vsmc_S1",1.29787871718915,1.25416627913536,-0.0655821875675998
"GSM8121900_athero_human_7.txt.gz","Plate_100s_P16","symptomatic","vsmc","vsmc_S2",0.998299901552018,0.974567365990524,0.0670647420176708
"GSM8121900_athero_human_7.txt.gz","Plate_100s_P18","symptomatic","vsmc","vsmc_S1",0.865094660697662,0.83255989851685,-0.234489687368705
"GSM8121900_athero_human_7.txt.gz","Plate_100s_P19","symptomatic","vsmc","vsmc_S3",1.69853467831801,1.55020187460543,-0.318434706180146
"GSM8121900_athero_human_7.txt.gz","Plate_100s_P21","symptomatic","vsmc","vsmc_S2",1.39022272369807,1.58534000959092,0.159448585893315
"GSM8121900_athero_human_7.txt.gz","Plate_100s_P22","symptomatic","vsmc","vsmc_S1",1.21181923844488,1.11165392427452,-0.167222173527323
"GSM8121900_athero_human_7.txt.gz","Plate_20_101s_B05Plate_20_101s_B05_accepted_hits_sorted_rm_dup","symptomatic","vsmc","vsmc_S2",1.32560105979539,1.06394196655497,0.190949064043034
"GSM8121900_athero_human_7.txt.gz","Plate_20_101s_B07Plate_20_101s_B07_accepted_hits_sorted_rm_dup","symptomatic","vsmc","vsmc_S1",1.42782114100265,1.35438491962874,-0.223433831456781
"GSM8121900_athero_human_7.txt.gz","Plate_20_101s_D12Plate_20_101s_D12_accepted_hits_sorted_rm_dup","symptomatic","vsmc","vsmc_S1",0.205568246226727,0.985256977359594,-0.0971450987370628
"GSM8121900_athero_human_7.txt.gz","Plate_20_101s_H08Plate_20_101s_H08_accepted_hits_sorted_rm_dup","symptomatic","vsmc","vsmc_S1",0.309801464965733,0.146167845403501,0.250862822260933
"GSM8121900_athero_human_7.txt.gz","Plate_20_101s_L11Plate_20_101s_L11_accepted_hits_sorted_rm_dup","symptomatic","vsmc","vsmc_S2",1.13129900326875,1.09068266356076,0.0473654934259262
"GSM8121900_athero_human_7.txt.gz","Plate_20_101s_L15Plate_20_101s_L15_accepted_hits_sorted_rm_dup","symptomatic","vsmc","vsmc_S1",1.44886878404578,1.34542676963124,-0.135300346426163
"GSM8121900_athero_human_7.txt.gz","Plate_20_101s_L23Plate_20_101s_L23_accepted_hits_sorted_rm_dup","symptomatic","vsmc","vsmc_S2",1.22425307484874,1.1838772907517,0.131718818207822
"GSM8121900_athero_human_7.txt.gz","Plate_20_101s_M19Plate_20_101s_M19_accepted_hits_sorted_rm_dup","symptomatic","vsmc","vsmc_S2",1.22513061179793,1.14157956751432,0.214976979593378
"GSM8121901_athero_human_8.txt.gz","Plate_373s_A14","symptomatic","vsmc","vsmc_S3",2.3624464078368,2.01893446263581,0.00268352026269336
"GSM8121901_athero_human_8.txt.gz","Plate_373s_A21","symptomatic","vsmc","vsmc_S2",1.5551674552838,2.20761819681403,0.839948271254764
"GSM8121901_athero_human_8.txt.gz","Plate_373s_B05","symptomatic","vsmc","vsmc_S3",2.98392591025718,2.89138997233066,0.711768901284121
"GSM8121901_athero_human_8.txt.gz","Plate_373s_E23","symptomatic","vsmc","vsmc_S3",2.70341290631304,2.50608975772122,0.118805087417893
"GSM8121901_athero_human_8.txt.gz","Plate_373s_F09","symptomatic","vsmc","vsmc_S3",2.45581584027968,1.86044049146247,0.267241683377297
"GSM8121901_athero_human_8.txt.gz","Plate_373s_G02","symptomatic","vsmc","vsmc_S3",3.20506966383996,3.03605606084008,0.755508984446307
"GSM8121901_athero_human_8.txt.gz","Plate_373s_G10","symptomatic","vsmc","vsmc_S3",2.03772150578142,1.56930044338712,0.422465160467056
"GSM8121901_athero_human_8.txt.gz","Plate_373s_H17","symptomatic","vsmc","vsmc_S3",3.883467235651,3.19904803308229,-0.085320832870672
"GSM8121901_athero_human_8.txt.gz","Plate_373s_J10","symptomatic","vsmc","vsmc_S3",2.26820722284104,1.72806698342798,0.676832735644942
"GSM8121901_athero_human_8.txt.gz","Plate_373s_O04","symptomatic","vsmc","vsmc_S3",2.92178059859611,2.88158376609974,0.161147670721276
"GSM8121901_athero_human_8.txt.gz","Plate_373s_O05","symptomatic","vsmc","vsmc_S2",0.513661941223871,0.417318472440048,0.224352045532529
"GSM8121901_athero_human_8.txt.gz","Plate_373s_O09","symptomatic","vsmc","vsmc_S1",0.469296688046502,0.402794513944371,-0.0904809912558483
"GSM8121901_athero_human_8.txt.gz","Plate_373s_O10","symptomatic","vsmc","vsmc_S3",3.14638699388749,3.00816747536644,0.64601627879278
"GSM8121901_athero_human_8.txt.gz","Plate_373s_O16","symptomatic","vsmc","vsmc_S1",0.293057223445251,0.261350711141835,0.180058602484598
"GSM8121901_athero_human_8.txt.gz","Plate_373s_O20","symptomatic","vsmc","vsmc_S3",3.77376456541715,4.85127896434448,0.164525747425143
"GSM8121902_athero_human_9.txt.gz","Plate_1076s_A02","asymptomatic","vsmc","vsmc_S3",1.9391506283226,1.45866622022433,-0.0990110334334388
"GSM8121902_athero_human_9.txt.gz","Plate_1076s_A11","asymptomatic","vsmc","vsmc_S2",1.60466234742023,1.46132261765743,0.423037231873847
"GSM8121902_athero_human_9.txt.gz","Plate_1076s_D09","asymptomatic","vsmc","vsmc_S3",2.43831611800917,1.84690604553611,0.0887938839685598
"GSM8121902_athero_human_9.txt.gz","Plate_1076s_D12","asymptomatic","vsmc","vsmc_S2",1.4556249877616,1.08259072201022,0.325287362613054
"GSM8121902_athero_human_9.txt.gz","Plate_1076s_E12","asymptomatic","vsmc","vsmc_S3",2.59185074690614,1.96632186801153,0.564164293260799
"GSM8121902_athero_human_9.txt.gz","Plate_1076s_G05","asymptomatic","vsmc","vsmc_S3",2.7329409728711,2.41387509565743,0.0480181796509419
"GSM8121902_athero_human_9.txt.gz","Plate_1076s_G11","asymptomatic","vsmc","vsmc_S3",2.14481309849164,1.86530603640831,0.146418381316335
"GSM8121902_athero_human_9.txt.gz","Plate_1076s_G19","asymptomatic","vsmc","vsmc_S3",3.77592467562142,3.36720490731125,0.0508804757769213
"GSM8121902_athero_human_9.txt.gz","Plate_1076s_H14","asymptomatic","vsmc","vsmc_S3",1.78211004210757,1.69304932774896,0.221062299803966
"GSM8121902_athero_human_9.txt.gz","Plate_1076s_H17","asymptomatic","vsmc","vsmc_S3",2.37015367116134,2.20877422237129,0.399008865645356
"GSM8121902_athero_human_9.txt.gz","Plate_1076s_J11","asymptomatic","vsmc","vsmc_S2",1.47677735107524,1.2912907156471,0.217378323877846
"GSM8121902_athero_human_9.txt.gz","Plate_1076s_J15","asymptomatic","vsmc","vsmc_S3",2.55539069366363,2.2439858809873,-0.099070126071392
"GSM8121902_athero_human_9.txt.gz","Plate_1076s_J20","asymptomatic","vsmc","vsmc_S3",3.06498007618057,2.72118067537189,-0.0993811494322598
"GSM8121902_athero_human_9.txt.gz","Plate_1076s_J21","asymptomatic","vsmc","vsmc_S3",2.9159600317656,2.80681898926966,0.0217153285664924
"GSM8121902_athero_human_9.txt.gz","Plate_1076s_K08","asymptomatic","vsmc","vsmc_S3",3.0371340361049,2.889450898253,-0.228932914394771
"GSM8121902_athero_human_9.txt.gz","Plate_1076s_K13","asymptomatic","vsmc","vsmc_S3",2.63884572167734,2.51126910180497,-0.370958945455817
"GSM8121902_athero_human_9.txt.gz","Plate_1076s_L13","asymptomatic","vsmc","vsmc_S3",3.30005577339387,3.07604964502446,-0.36680279016028
"GSM8121902_athero_human_9.txt.gz","Plate_1076s_M06","asymptomatic","vsmc","vsmc_S3",2.88915788423036,5.2409425140878,-0.142216462328596
"GSM8121902_athero_human_9.txt.gz","Plate_1076s_M17","asymptomatic","vsmc","vsmc_S3",2.96741628667093,2.2584283989397,0.116442943745374
"GSM8121902_athero_human_9.txt.gz","Plate_1076s_M22","asymptomatic","vsmc","vsmc_S3",2.24341031798328,2.13544442900582,0.111642080357784
"GSM8121902_athero_human_9.txt.gz","Plate_1076s_M23","asymptomatic","vsmc","vsmc_S3",1.98155194350428,1.82191636327889,0.0281103259681592
"GSM8121902_athero_human_9.txt.gz","Plate_1076s_N06","asymptomatic","vsmc","vsmc_S2",1.26320437094864,1.28333660289661,0.319936601383718
"GSM8121902_athero_human_9.txt.gz","Plate_1076s_N09","asymptomatic","vsmc","vsmc_S3",2.75963685383262,2.6186411577954,-0.219845983224081
"GSM8121902_athero_human_9.txt.gz","Plate_1076s_N16","asymptomatic","vsmc","vsmc_S3",2.68664963315742,2.04791850120508,-0.0803615394637575
"GSM8121902_athero_human_9.txt.gz","Plate_1076s_N17","asymptomatic","vsmc","vsmc_S2",1.50898160416856,1.12409031254897,0.14158879424176
"GSM8121902_athero_human_9.txt.gz","Plate_1076s_O01","asymptomatic","vsmc","vsmc_S3",2.67965469201503,2.51203641433415,0.0176867191572244
"GSM8121902_athero_human_9.txt.gz","Plate_1076s_O03","asymptomatic","vsmc","vsmc_S3",2.08358296241014,1.98278971988458,-0.169531203597848
"GSM8121902_athero_human_9.txt.gz","Plate_1076s_P03","asymptomatic","vsmc","vsmc_S3",2.22373299423427,1.7567337387135,0.606490528612988
"GSM8121902_athero_human_9.txt.gz","Plate_1076s_P22","asymptomatic","vsmc","vsmc_S3",1.79375310072106,1.52507877924353,0.139023596864794
"GSM8121902_athero_human_9.txt.gz","Plate_1082s_A09","asymptomatic","vsmc","vsmc_S3",2.49110049448459,2.26056298753675,0.414337899095876
"GSM8121902_athero_human_9.txt.gz","Plate_1082s_A13","asymptomatic","vsmc","vsmc_S3",2.90810184175543,2.65814948307473,0.346387821959705
"GSM8121902_athero_human_9.txt.gz","Plate_1082s_B14","asymptomatic","vsmc","vsmc_S3",3.35464141311422,3.17635392555198,-0.276837004746494
"GSM8121902_athero_human_9.txt.gz","Plate_1082s_C10","asymptomatic","vsmc","vsmc_S3",2.65000192266687,2.14920451760045,0.44896631656401
"GSM8121902_athero_human_9.txt.gz","Plate_1082s_E05","asymptomatic","vsmc","vsmc_S3",1.6526751763844,1.67761748733945,-0.039893469503461
"GSM8121902_athero_human_9.txt.gz","Plate_1082s_G14","asymptomatic","vsmc","vsmc_S3",1.95221421981844,1.93208821898086,0.658548382306582
"GSM8121902_athero_human_9.txt.gz","Plate_1082s_H02","asymptomatic","vsmc","vsmc_S3",2.53915609438311,2.02003965178673,0.379881152765065
"GSM8121902_athero_human_9.txt.gz","Plate_1082s_H16","asymptomatic","vsmc","vsmc_S3",2.35155234014491,2.27066431316282,0.00108379913978753
"GSM8121902_athero_human_9.txt.gz","Plate_1082s_I11","asymptomatic","vsmc","vsmc_S3",2.63988119460101,2.22424082349292,-0.253885893763988
"GSM8121902_athero_human_9.txt.gz","Plate_1082s_I19","asymptomatic","vsmc","vsmc_S3",2.08967257925217,1.98054674843318,-0.196211596618975
"GSM8121902_athero_human_9.txt.gz","Plate_1082s_J08","asymptomatic","vsmc","vsmc_S1",1.40736945489515,1.05126007862657,-0.203038277716687
"GSM8121902_athero_human_9.txt.gz","Plate_1082s_J13","asymptomatic","vsmc","vsmc_S3",1.65306382755608,1.67322031660113,0.0187126291116806
"GSM8121902_athero_human_9.txt.gz","Plate_1082s_J17","asymptomatic","vsmc","vsmc_S3",1.8700150073844,1.78407380217946,0.24499142446525
"GSM8121902_athero_human_9.txt.gz","Plate_1082s_J18","asymptomatic","vsmc","vsmc_S2",1.51977034858526,1.4328956884257,0.178998521557504
"GSM8121902_athero_human_9.txt.gz","Plate_1082s_K20","asymptomatic","vsmc","vsmc_S3",3.23484913693921,2.95654659889033,-0.212708473231618
"GSM8121902_athero_human_9.txt.gz","Plate_1082s_K21","asymptomatic","vsmc","vsmc_S3",2.055065293525,3.50454138264473,-0.0214712113011324
"GSM8121902_athero_human_9.txt.gz","Plate_1082s_L17","asymptomatic","vsmc","vsmc_S3",2.32823354173414,2.12332856879388,0.196132404178481
"GSM8121902_athero_human_9.txt.gz","Plate_1082s_M08","asymptomatic","vsmc","vsmc_S3",2.31394551746169,2.2150688597788,-0.103612364898197
"GSM8121902_athero_human_9.txt.gz","Plate_1082s_M16","asymptomatic","vsmc","vsmc_S3",2.91561553850095,2.5935571602162,0.0470655846064331
"GSM8121902_athero_human_9.txt.gz","Plate_1082s_N19","asymptomatic","vsmc","vsmc_S2",1.74572490244445,1.30822398898577,0.780721574454884
"GSM8121902_athero_human_9.txt.gz","Plate_1082s_N20","asymptomatic","vsmc","vsmc_S3",1.63106450830827,1.65273672942011,0.0265337795645904
"GSM8121902_athero_human_9.txt.gz","Plate_1082s_O02","asymptomatic","vsmc","vsmc_S3",2.37307604562407,2.19626248755284,0.267113431525423
"GSM8121902_athero_human_9.txt.gz","Plate_1082s_O14","asymptomatic","vsmc","vsmc_S2",1.72182898474028,1.49899447465951,0.282974902146151
"GSM8121902_athero_human_9.txt.gz","Plate_1082s_O20","asymptomatic","vsmc","vsmc_S3",2.89638578603709,2.61212911363943,-0.13588313621019
"GSM8121902_athero_human_9.txt.gz","Plate_1083s_A03","asymptomatic","vsmc","vsmc_S3",2.62969655619121,2.29607258849997,0.191707879232223
"GSM8121902_athero_human_9.txt.gz","Plate_1083s_A05","asymptomatic","vsmc","vsmc_S3",2.40927059175042,1.857787849375,0.207870519381192
"GSM8121902_athero_human_9.txt.gz","Plate_1083s_A09","asymptomatic","vsmc","vsmc_S3",2.35750436094334,2.10660518438806,0.257562371235134
"GSM8121902_athero_human_9.txt.gz","Plate_1083s_A11","asymptomatic","vsmc","vsmc_S3",3.40121679469704,2.97384283324904,-0.138883029852031
"GSM8121902_athero_human_9.txt.gz","Plate_1083s_A21","asymptomatic","vsmc","vsmc_S3",2.84619214685211,2.49548077028224,-0.188148970631051
"GSM8121902_athero_human_9.txt.gz","Plate_1083s_B08","asymptomatic","vsmc","vsmc_S3",2.62827296945298,2.48808586863008,0.0264734394346147
"GSM8121902_athero_human_9.txt.gz","Plate_1083s_B22","asymptomatic","vsmc","vsmc_S3",2.21594047942779,1.69403329264934,0.199452978185496
"GSM8121902_athero_human_9.txt.gz","Plate_1083s_D16","asymptomatic","vsmc","vsmc_S2",1.30501701540985,1.06207854535257,0.627112485285419
"GSM8121902_athero_human_9.txt.gz","Plate_1083s_E14","asymptomatic","vsmc","vsmc_S3",3.30772153517503,2.67944811767954,0.00166608043892972
"GSM8121902_athero_human_9.txt.gz","Plate_1083s_F16","asymptomatic","vsmc","vsmc_S3",2.3006118888087,2.00418074775932,0.0176586593844564
"GSM8121902_athero_human_9.txt.gz","Plate_1083s_G09","asymptomatic","vsmc","vsmc_S3",2.94348724919895,2.72494222629489,0.18850188882142
"GSM8121902_athero_human_9.txt.gz","Plate_1083s_H22","asymptomatic","vsmc","vsmc_S3",1.88876873598117,1.94394832403916,0.123881774725819
"GSM8121902_athero_human_9.txt.gz","Plate_1083s_J10","asymptomatic","vsmc","vsmc_S3",2.86935156278436,2.5947716547501,0.121205089011715
"GSM8121902_athero_human_9.txt.gz","Plate_1083s_J12","asymptomatic","vsmc","vsmc_S3",2.59938173443848,2.33763479131279,-0.0457916378686533
"GSM8121902_athero_human_9.txt.gz","Plate_1083s_J13","asymptomatic","vsmc","vsmc_S3",2.8092189848843,2.57369322054081,0.198121676798403
"GSM8121902_athero_human_9.txt.gz","Plate_1083s_K06","asymptomatic","vsmc","vsmc_S3",2.87392395432531,2.40176481631766,0.351596191398729
"GSM8121902_athero_human_9.txt.gz","Plate_1083s_K10","asymptomatic","vsmc","vsmc_S3",2.81063645152287,2.46152503231778,0.253542434347651
"GSM8121902_athero_human_9.txt.gz","Plate_1083s_K14","asymptomatic","vsmc","vsmc_S3",2.2840029313521,2.11997876269765,0.226450377124991
"GSM8121902_athero_human_9.txt.gz","Plate_1083s_L21","asymptomatic","vsmc","vsmc_S3",2.39269353697395,2.20365283474441,0.335802032334137
"GSM8121902_athero_human_9.txt.gz","Plate_1083s_M13","asymptomatic","vsmc","vsmc_S2",1.43767811734217,1.31123431696665,0.46541185031122
"GSM8121902_athero_human_9.txt.gz","Plate_1083s_M24","asymptomatic","vsmc","vsmc_S3",2.49864375183162,2.26118787097929,-0.232592927370389
"GSM8121902_athero_human_9.txt.gz","Plate_1083s_O09","asymptomatic","vsmc","vsmc_S3",2.82475770969636,2.48394651165857,0.0886518952812294
"GSM8121902_athero_human_9.txt.gz","Plate_1083s_P06","asymptomatic","vsmc","vsmc_S3",1.67706158281852,1.54941864674262,0.132804304407089
"GSM8121903_athero_human_10.txt.gz","Plate_1078s_A02","symptomatic","vsmc","vsmc_S2",1.00970245021126,0.83386706366025,0.244374782951662
"GSM8121903_athero_human_10.txt.gz","Plate_1078s_A08","symptomatic","vsmc","vsmc_S1",1.1847267161286,0.908485056264802,-0.0327648190453684
"GSM8121903_athero_human_10.txt.gz","Plate_1078s_A12","symptomatic","vsmc","vsmc_S2",0.820804663067226,0.725898820378615,0.264900249903956
"GSM8121903_athero_human_10.txt.gz","Plate_1078s_A13","symptomatic","vsmc","vsmc_S1",0.728925149756237,0.66115541002935,-0.108839529740703
"GSM8121903_athero_human_10.txt.gz","Plate_1078s_A15","symptomatic","vsmc","vsmc_S1",0.45895486106348,0.321700369955282,-0.536813443269147
"GSM8121903_athero_human_10.txt.gz","Plate_1078s_A16","symptomatic","vsmc","vsmc_S1",0.428877969719651,0.235542719276148,0.179447601226131
"GSM8121903_athero_human_10.txt.gz","Plate_1078s_A18","symptomatic","vsmc","vsmc_S2",1.45335697761761,1.35585961928519,0.101330051077668
"GSM8121903_athero_human_10.txt.gz","Plate_1078s_A19","symptomatic","vsmc","vsmc_S2",1.22889196457504,1.04613036162124,0.148883963218275
"GSM8121903_athero_human_10.txt.gz","Plate_1078s_A20","symptomatic","vsmc","vsmc_S1",0.829886950039276,0.783298395706641,-0.060991484797627
"GSM8121903_athero_human_10.txt.gz","Plate_1078s_A21","symptomatic","vsmc","vsmc_S1",0.807802293171871,0.642261910978841,0.0359790773396153
"GSM8121903_athero_human_10.txt.gz","Plate_1078s_A24","symptomatic","vsmc","vsmc_S1",0.598789141578746,0.528845176819919,-0.115422598866694
"GSM8121903_athero_human_10.txt.gz","Plate_1078s_B03","symptomatic","vsmc","vsmc_S2",1.11138362039506,0.961005142737648,0.295283754141583
"GSM8121903_athero_human_10.txt.gz","Plate_1078s_B09","symptomatic","vsmc","vsmc_S1",0.989545369029809,0.990610592037404,-0.0262432110651519
"GSM8121903_athero_human_10.txt.gz","Plate_1078s_B14","symptomatic","vsmc","vsmc_S2",1.240516073056,0.928237814922817,0.233280249918108
"GSM8121903_athero_human_10.txt.gz","Plate_1078s_B20","symptomatic","vsmc","vsmc_S1",0.648797432154639,0.540102979957866,0.0507213234153212
"GSM8121903_athero_human_10.txt.gz","Plate_1078s_B21","symptomatic","vsmc","vsmc_S1",0.916977444482352,0.759258599210026,0.0602517827847625
"GSM8121903_athero_human_10.txt.gz","Plate_1078s_C03","symptomatic","vsmc","vsmc_S2",1.47310022335382,1.38128681413108,-0.0131251342759085
"GSM8121903_athero_human_10.txt.gz","Plate_1078s_C04","symptomatic","vsmc","vsmc_S2",1.07308447175056,0.916076499302938,0.400465974653415
"GSM8121903_athero_human_10.txt.gz","Plate_1078s_C19","symptomatic","vsmc","vsmc_S2",0.996775061050218,0.867736695565609,0.245600387032753
"GSM8121903_athero_human_10.txt.gz","Plate_1078s_D02","symptomatic","vsmc","vsmc_S1",1.04777448472046,0.985480848608444,-0.0540364167557257
"GSM8121903_athero_human_10.txt.gz","Plate_1078s_D04","symptomatic","vsmc","vsmc_S1",1.18129071355787,1.01077555893991,-0.166496799591048
"GSM8121903_athero_human_10.txt.gz","Plate_1078s_D10","symptomatic","vsmc","vsmc_S1",0.971927427407851,1.35350136198929,-0.0321164518898032
"GSM8121903_athero_human_10.txt.gz","Plate_1078s_D19","symptomatic","vsmc","vsmc_S2",1.02627405568593,0.796882929009258,0.07878658815434
"GSM8121903_athero_human_10.txt.gz","Plate_1078s_D20","symptomatic","vsmc","vsmc_S1",0.633866735515396,0.739309029685295,-0.334094753539671
"GSM8121903_athero_human_10.txt.gz","Plate_1078s_D23","symptomatic","vsmc","vsmc_S1",0.472864249849559,0.259475318004703,0.131862614380057
"GSM8121903_athero_human_10.txt.gz","Plate_1078s_D24","symptomatic","vsmc","vsmc_S2",0.889421249819506,0.806867153710952,0.161675778711418
"GSM8121903_athero_human_10.txt.gz","Plate_1078s_E02","symptomatic","vsmc","vsmc_S1",0.828597965735871,0.812843309753758,-0.0709096366381667
"GSM8121903_athero_human_10.txt.gz","Plate_1078s_E07","symptomatic","vsmc","vsmc_S1",0.842619380470059,0.707173215302927,0.0100355203015113
"GSM8121903_athero_human_10.txt.gz","Plate_1078s_E11","symptomatic","vsmc","vsmc_S2",1.10671796286525,1.98816951068647,0.49026620018214
"GSM8121903_athero_human_10.txt.gz","Plate_1078s_E13","symptomatic","vsmc","vsmc_S1",0.887190824529454,0.851616218359028,-0.0717588449322365
"GSM8121903_athero_human_10.txt.gz","Plate_1078s_E19","symptomatic","vsmc","vsmc_S1",1.20557145403857,1.02151466015559,-0.029765761472869
"GSM8121903_athero_human_10.txt.gz","Plate_1078s_E23","symptomatic","vsmc","vsmc_S2",0.992472248555016,0.824106462844885,0.246877039316441
"GSM8121903_athero_human_10.txt.gz","Plate_1078s_F01","symptomatic","vsmc","vsmc_S1",0.560532303018641,0.578458734188786,0.0764433584595007
"GSM8121903_athero_human_10.txt.gz","Plate_1078s_F07","symptomatic","vsmc","vsmc_S1",0.747854087864046,0.668767207211411,-0.115004273518408
"GSM8121903_athero_human_10.txt.gz","Plate_1078s_F08","symptomatic","vsmc","vsmc_S1",0.928039372053176,0.96376289886707,-0.39033677983394
"GSM8121903_athero_human_10.txt.gz","Plate_1078s_F11","symptomatic","vsmc","vsmc_S2",1.41408494007169,1.31422334814774,0.064732335147465
"GSM8121903_athero_human_10.txt.gz","Plate_1078s_F12","symptomatic","vsmc","vsmc_S2",0.489006346892751,1.11769803831055,0.462525733516581
"GSM8121903_athero_human_10.txt.gz","Plate_1078s_F20","symptomatic","vsmc","vsmc_S2",1.28510683771313,1.21950393874065,0.051210160137189
"GSM8121903_athero_human_10.txt.gz","Plate_1078s_F22","symptomatic","vsmc","vsmc_S2",1.33286499595658,1.38267743398077,0.0886547694250962
"GSM8121903_athero_human_10.txt.gz","Plate_1078s_F23","symptomatic","vsmc","vsmc_S1",0.931947402023295,0.955003807882737,-0.0294925902915273
"GSM8121903_athero_human_10.txt.gz","Plate_1078s_G06","symptomatic","vsmc","vsmc_S2",1.00460181586217,0.888830409532347,0.10688651751568
"GSM8121903_athero_human_10.txt.gz","Plate_1078s_G07","symptomatic","vsmc","vsmc_S1",0.88074184202292,0.810962012121441,0.0412338044229403
"GSM8121903_athero_human_10.txt.gz","Plate_1078s_G09","symptomatic","vsmc","vsmc_S2",0.837688405560451,0.652168616006256,0.235747960504556
"GSM8121903_athero_human_10.txt.gz","Plate_1078s_G12","symptomatic","vsmc","vsmc_S1",0.852036985794687,0.888205765176693,-0.0314766989078394
"GSM8121903_athero_human_10.txt.gz","Plate_1078s_G13","symptomatic","vsmc","vsmc_S2",1.43742607426204,1.19029545380737,0.160124008919109
"GSM8121903_athero_human_10.txt.gz","Plate_1078s_G17","symptomatic","vsmc","vsmc_S1",1.05097475755532,0.990939802849649,-0.0428241750159226
"GSM8121903_athero_human_10.txt.gz","Plate_1078s_G23","symptomatic","vsmc","vsmc_S2",1.27535286287259,1.17624982268122,0.0123746374481209
"GSM8121903_athero_human_10.txt.gz","Plate_1078s_H02","symptomatic","vsmc","vsmc_S2",1.0256466112257,0.794358455088831,0.299790365330731
"GSM8121903_athero_human_10.txt.gz","Plate_1078s_H06","symptomatic","vsmc","vsmc_S2",1.06839008108632,0.963588356074175,0.239626306622585
"GSM8121903_athero_human_10.txt.gz","Plate_1078s_H10","symptomatic","vsmc","vsmc_S1",1.05298855821214,1.00573372354905,-0.258135320311114
"GSM8121903_athero_human_10.txt.gz","Plate_1078s_H11","symptomatic","vsmc","vsmc_S1",1.06749368969063,0.915314030797872,-0.161338042142949
"GSM8121903_athero_human_10.txt.gz","Plate_1078s_H17","symptomatic","vsmc","vsmc_S2",1.25056918828564,1.4535817834372,0.261957357293349
"GSM8121903_athero_human_10.txt.gz","Plate_1078s_H20","symptomatic","vsmc","vsmc_S1",0.891077358758558,0.676657746626624,-0.126024007219093
"GSM8121903_athero_human_10.txt.gz","Plate_1078s_I07","symptomatic","vsmc","vsmc_S1",0.878586553254282,0.851683206355729,-0.0639143013070506
"GSM8121903_athero_human_10.txt.gz","Plate_1078s_I09","symptomatic","vsmc","vsmc_S1",1.01476106374052,0.88295994478102,-0.0437559513486721
"GSM8121903_athero_human_10.txt.gz","Plate_1078s_I12","symptomatic","vsmc","vsmc_S1",0.879981127764886,0.880340886172824,-0.112556008850419
"GSM8121903_athero_human_10.txt.gz","Plate_1078s_I13","symptomatic","vsmc","vsmc_S1",0.402120534900124,0.26602268273104,0.0351817366929544
"GSM8121903_athero_human_10.txt.gz","Plate_1078s_J01","symptomatic","vsmc","vsmc_S1",0.64738110180517,0.423991357995207,-0.3074008620174
"GSM8121903_athero_human_10.txt.gz","Plate_1078s_J02","symptomatic","vsmc","vsmc_S1",1.12305184984303,1.04522620744287,-0.186103957536453
"GSM8121903_athero_human_10.txt.gz","Plate_1078s_J03","symptomatic","vsmc","vsmc_S1",0.834269345590875,0.720887622031936,-0.0187360061634848
"GSM8121903_athero_human_10.txt.gz","Plate_1078s_J08","symptomatic","vsmc","vsmc_S1",0.679260769835567,0.591404222488003,0.0101350702832837
"GSM8121903_athero_human_10.txt.gz","Plate_1078s_J12","symptomatic","vsmc","vsmc_S3",1.51126122346727,2.14074065055763,-0.0894443668298695
"GSM8121903_athero_human_10.txt.gz","Plate_1078s_J13","symptomatic","vsmc","vsmc_S1",1.39056222126403,1.33237417983995,-0.0657352864676433
"GSM8121903_athero_human_10.txt.gz","Plate_1078s_J15","symptomatic","vsmc","vsmc_S2",1.00978303928139,1.01120324976297,0.210242518801176
"GSM8121903_athero_human_10.txt.gz","Plate_1078s_J16","symptomatic","vsmc","vsmc_S1",0.879564518232789,0.898516521167378,-0.479394769982341
"GSM8121903_athero_human_10.txt.gz","Plate_1078s_J20","symptomatic","vsmc","vsmc_S1",1.1423045155052,1.10520720317958,-0.0666763431447588
"GSM8121903_athero_human_10.txt.gz","Plate_1078s_K01","symptomatic","vsmc","vsmc_S1",0.14438105792094,0.0176398673001089,-0.342984356226175
"GSM8121903_athero_human_10.txt.gz","Plate_1078s_K02","symptomatic","vsmc","vsmc_S1",0.932730648869792,0.876734990018683,0.024954714815669
"GSM8121903_athero_human_10.txt.gz","Plate_1078s_K05","symptomatic","vsmc","vsmc_S1",0.944132634017991,0.706299812875058,0.0712562203696299
"GSM8121903_athero_human_10.txt.gz","Plate_1078s_K07","symptomatic","vsmc","vsmc_S2",1.252246244002,1.14027922799454,0.158701269349081
"GSM8121903_athero_human_10.txt.gz","Plate_1078s_K10","symptomatic","vsmc","vsmc_S1",1.23941087682481,1.16248991396129,-0.226720953660299
"GSM8121903_athero_human_10.txt.gz","Plate_1078s_K13","symptomatic","vsmc","vsmc_S2",1.3432397947418,1.16336978238367,0.0872832098423617
"GSM8121903_athero_human_10.txt.gz","Plate_1078s_K20","symptomatic","vsmc","vsmc_S1",0.791023424209995,0.65894745382419,-0.125178393954065
"GSM8121903_athero_human_10.txt.gz","Plate_1078s_K22","symptomatic","vsmc","vsmc_S1",0.488291417719346,0.422188532391772,-0.0787740753130034
"GSM8121903_athero_human_10.txt.gz","Plate_1078s_K24","symptomatic","vsmc","vsmc_S1",1.02927533918854,0.865279491891177,-0.312515269950823
"GSM8121903_athero_human_10.txt.gz","Plate_1078s_L06","symptomatic","vsmc","vsmc_S2",1.11826563934936,1.45497417027407,0.15093760008385
"GSM8121903_athero_human_10.txt.gz","Plate_1078s_L09","symptomatic","vsmc","vsmc_S2",1.04010394280258,0.825887943193823,0.24339498662495
"GSM8121903_athero_human_10.txt.gz","Plate_1078s_L10","symptomatic","vsmc","vsmc_S2",1.10405902701116,0.829626359130035,1.36591912291728
"GSM8121903_athero_human_10.txt.gz","Plate_1078s_L14","symptomatic","vsmc","vsmc_S2",1.48778009430417,1.33806476373962,0.0265139632880786
"GSM8121903_athero_human_10.txt.gz","Plate_1078s_L16","symptomatic","vsmc","vsmc_S1",1.04601485185657,0.96373599576319,-0.0400476617112851
"GSM8121903_athero_human_10.txt.gz","Plate_1078s_L17","symptomatic","vsmc","vsmc_S1",0.68271743309027,0.553164446778277,0.129651992238293
"GSM8121903_athero_human_10.txt.gz","Plate_1078s_L18","symptomatic","vsmc","vsmc_S1",0.475534546112121,0.455371314062977,-0.00540631163127172
"GSM8121903_athero_human_10.txt.gz","Plate_1078s_L21","symptomatic","vsmc","vsmc_S1",1.05905406136145,0.914868260894878,-0.104698559028658
"GSM8121903_athero_human_10.txt.gz","Plate_1078s_L23","symptomatic","vsmc","vsmc_S2",0.952694042678251,0.780239422861144,0.289147214677944
"GSM8121903_athero_human_10.txt.gz","Plate_1078s_M03","symptomatic","vsmc","vsmc_S1",0.721890076754469,0.67892888019116,-0.0681110210785765
"GSM8121903_athero_human_10.txt.gz","Plate_1078s_M04","symptomatic","vsmc","vsmc_S1",1.05004152157971,0.992892198798694,0.0362671127808911
"GSM8121903_athero_human_10.txt.gz","Plate_1078s_M08","symptomatic","vsmc","vsmc_S1",1.29410964677243,1.1982389258209,-0.266023100714658
"GSM8121903_athero_human_10.txt.gz","Plate_1078s_M10","symptomatic","vsmc","vsmc_S2",1.50535718888964,1.19340487296419,0.424768714898813
"GSM8121903_athero_human_10.txt.gz","Plate_1078s_M13","symptomatic","vsmc","vsmc_S2",1.37300474333534,1.04621184040609,0.345946312575844
"GSM8121903_athero_human_10.txt.gz","Plate_1078s_M14","symptomatic","vsmc","vsmc_S2",0.987261523088665,0.777906275015497,0.14783453476676
"GSM8121903_athero_human_10.txt.gz","Plate_1078s_M15","symptomatic","vsmc","vsmc_S2",0.893005802770742,0.847225972781598,0.370653065377009
"GSM8121903_athero_human_10.txt.gz","Plate_1078s_M19","symptomatic","vsmc","vsmc_S1",1.1586650283587,1.01457019193524,-0.0123316673924839
"GSM8121903_athero_human_10.txt.gz","Plate_1078s_M20","symptomatic","vsmc","vsmc_S2",0.850391241488388,0.719547862798708,0.248968063038806
"GSM8121903_athero_human_10.txt.gz","Plate_1078s_M22","symptomatic","vsmc","vsmc_S1",1.0141728390019,0.948396859250378,-0.319578189203453
"GSM8121903_athero_human_10.txt.gz","Plate_1078s_M24","symptomatic","vsmc","vsmc_S1",0.986977078260378,0.86899222139927,-0.0999549691254249
"GSM8121903_athero_human_10.txt.gz","Plate_1078s_N03","symptomatic","vsmc","vsmc_S2",1.16372112749526,1.00976155871238,0.0495916760631584
"GSM8121903_athero_human_10.txt.gz","Plate_1078s_N09","symptomatic","vsmc","vsmc_S2",1.04463502977031,0.87309494942531,0.266902946524713
"GSM8121903_athero_human_10.txt.gz","Plate_1078s_N10","symptomatic","vsmc","vsmc_S2",1.3984728527354,1.19195250279308,0.547577326289068
"GSM8121903_athero_human_10.txt.gz","Plate_1078s_N13","symptomatic","vsmc","vsmc_S1",1.1189385955787,1.53999416007133,-0.266932212685857
"GSM8121903_athero_human_10.txt.gz","Plate_1078s_N14","symptomatic","vsmc","vsmc_S1",0.74709494751576,0.791442003553525,0.00136344307040312
"GSM8121903_athero_human_10.txt.gz","Plate_1078s_N15","symptomatic","vsmc","vsmc_S1",0.454458760305212,0.415130767682185,0.0757068588738015
"GSM8121903_athero_human_10.txt.gz","Plate_1078s_N16","symptomatic","vsmc","vsmc_S1",0.953938297925028,0.802843358125052,0.0667524823693583
"GSM8121903_athero_human_10.txt.gz","Plate_1078s_N17","symptomatic","vsmc","vsmc_S2",1.32797834810955,1.07087699712586,0.250948920386016
"GSM8121903_athero_human_10.txt.gz","Plate_1078s_N20","symptomatic","vsmc","vsmc_S1",1.37978150698689,1.28299887881464,-0.263329397741525
"GSM8121903_athero_human_10.txt.gz","Plate_1078s_N22","symptomatic","vsmc","vsmc_S2",1.13401877063968,0.893593706528254,0.24099162192041
"GSM8121903_athero_human_10.txt.gz","Plate_1078s_O06","symptomatic","vsmc","vsmc_S2",1.09250047692298,0.743765043314822,0.217380880627392
"GSM8121903_athero_human_10.txt.gz","Plate_1078s_O10","symptomatic","vsmc","vsmc_S1",0.797203049946484,0.781715044108029,-0.178692678378254
"GSM8121903_athero_human_10.txt.gz","Plate_1078s_O11","symptomatic","vsmc","vsmc_S1",0.848387161070795,0.917975288485489,-0.0234986446636446
"GSM8121903_athero_human_10.txt.gz","Plate_1078s_O14","symptomatic","vsmc","vsmc_S3",1.54947487972708,1.7628688778653,-0.00327693845329523
"GSM8121903_athero_human_10.txt.gz","Plate_1078s_O15","symptomatic","vsmc","vsmc_S1",0.892731379491112,0.587675916787072,-0.483333871950532
"GSM8121903_athero_human_10.txt.gz","Plate_1078s_O18","symptomatic","vsmc","vsmc_S2",1.1695272746596,1.15062879608773,0.165718025605837
"GSM8121903_athero_human_10.txt.gz","Plate_1078s_O24","symptomatic","vsmc","vsmc_S2",1.38522476658706,1.08730973555626,0.0532016003792937
"GSM8121903_athero_human_10.txt.gz","Plate_1078s_P06","symptomatic","vsmc","vsmc_S2",0.870122656212358,0.744258861510785,0.530710658294507
"GSM8121903_athero_human_10.txt.gz","Plate_1078s_P10","symptomatic","vsmc","vsmc_S2",1.17869653174821,0.907689007329204,0.288597917353398
"GSM8121903_athero_human_10.txt.gz","Plate_1078s_P11","symptomatic","vsmc","vsmc_S1",0.851351239040398,0.899891707541261,-0.0986288288743287
"GSM8121903_athero_human_10.txt.gz","Plate_1078s_P12","symptomatic","vsmc","vsmc_S1",1.19262102176142,1.10551501984255,-0.0887296561927136
"GSM8121903_athero_human_10.txt.gz","Plate_1078s_P14","symptomatic","vsmc","vsmc_S1",1.21051264485393,1.14881260021099,-0.0346592427673137
"GSM8121903_athero_human_10.txt.gz","Plate_1078s_P15","symptomatic","vsmc","vsmc_S1",0.676656219805632,0.615155473216072,-0.31766106440167
"GSM8121903_athero_human_10.txt.gz","Plate_1078s_P16","symptomatic","vsmc","vsmc_S1",0.58603962214858,0.454630746644314,-0.0029053566202656
"GSM8121903_athero_human_10.txt.gz","Plate_1078s_P18","symptomatic","vsmc","vsmc_S2",1.19974411045577,1.01115294452083,0.222643025487704
"GSM8121903_athero_human_10.txt.gz","Plate_1078s_P19","symptomatic","vsmc","vsmc_S2",1.17920298829002,0.881373397912723,0.167937898100839
"GSM8121903_athero_human_10.txt.gz","Plate_1078s_P20","symptomatic","vsmc","vsmc_S2",1.01812199952097,0.877438940779282,0.17673329684095
"GSM8121903_athero_human_10.txt.gz","Plate_1078s_P22","symptomatic","vsmc","vsmc_S2",0.463687292727108,0.321355552045041,0.272560352045539
"GSM8121903_athero_human_10.txt.gz","Plate_1084s_E10","symptomatic","vsmc","vsmc_S1",1.46339013683469,1.35354957862425,-0.558891918520091
"GSM8121903_athero_human_10.txt.gz","Plate_1084s_G06","symptomatic","vsmc","vsmc_S1",1.27423719408658,1.06603500479548,-0.219538839183595
"GSM8121903_athero_human_10.txt.gz","Plate_1084s_J07","symptomatic","vsmc","vsmc_S2",1.09159242604014,0.808883823951773,0.442689786530156
"GSM8121904_athero_human_11.txt.gz","Plate_177s_A04","symptomatic","vsmc","vsmc_S2",1.09998802404215,0.945003673008837,0.265552186327293
"GSM8121904_athero_human_11.txt.gz","Plate_177s_A05","symptomatic","vsmc","vsmc_S2",1.34369550325692,1.14749011799059,0.10603129981798
"GSM8121904_athero_human_11.txt.gz","Plate_177s_A06","symptomatic","vsmc","vsmc_S2",1.5549915273471,1.4356837633885,0.292438592246064
"GSM8121904_athero_human_11.txt.gz","Plate_177s_A07","symptomatic","vsmc","vsmc_S1",1.51619952954078,1.12416433051404,-0.0637023739990824
"GSM8121904_athero_human_11.txt.gz","Plate_177s_A11","symptomatic","vsmc","vsmc_S3",1.98981709854744,1.83240060864558,-0.142503942076321
"GSM8121904_athero_human_11.txt.gz","Plate_177s_A19","symptomatic","vsmc","vsmc_S1",1.03739759049077,0.845679077092904,0.037941542841067
"GSM8121904_athero_human_11.txt.gz","Plate_177s_B04","symptomatic","vsmc","vsmc_S3",1.81366137882523,3.08827866848429,0.0951801508358093
"GSM8121904_athero_human_11.txt.gz","Plate_177s_B06","symptomatic","vsmc","vsmc_S2",1.374226450378,1.26015377505072,0.035395703800335
"GSM8121904_athero_human_11.txt.gz","Plate_177s_B07","symptomatic","vsmc","vsmc_S2",1.07554633990399,0.866373364969109,0.111481144946857
"GSM8121904_athero_human_11.txt.gz","Plate_177s_B13","symptomatic","vsmc","vsmc_S1",1.16533722067296,1.19265103662467,-0.162744782490382
"GSM8121904_athero_human_11.txt.gz","Plate_177s_B15","symptomatic","vsmc","vsmc_S1",1.60897078704283,1.42420529754647,-0.187494256976525
"GSM8121904_athero_human_11.txt.gz","Plate_177s_B17","symptomatic","vsmc","vsmc_S1",1.531123125567,1.43295896146532,-0.276985322321124
"GSM8121904_athero_human_11.txt.gz","Plate_177s_B19","symptomatic","vsmc","vsmc_S2",1.25140708517959,1.15791242332143,0.20433928742328
"GSM8121904_athero_human_11.txt.gz","Plate_177s_B20","symptomatic","vsmc","vsmc_S1",0.781612257240152,0.806757201939965,0.0958895656103425
"GSM8121904_athero_human_11.txt.gz","Plate_177s_B21","symptomatic","vsmc","vsmc_S2",1.6230495745885,1.2800409134121,0.154850283528157
"GSM8121904_athero_human_11.txt.gz","Plate_177s_C04","symptomatic","vsmc","vsmc_S3",1.78889504296234,3.2006015858448,-0.255789028370492
"GSM8121904_athero_human_11.txt.gz","Plate_177s_C05","symptomatic","vsmc","vsmc_S3",1.89500741986795,1.65757544072888,-0.0284672600129146
"GSM8121904_athero_human_11.txt.gz","Plate_177s_C11","symptomatic","vsmc","vsmc_S1",0.562969342656685,0.460654635439798,0.00383348794952568
"GSM8121904_athero_human_11.txt.gz","Plate_177s_C12","symptomatic","vsmc","vsmc_S2",1.56194296961277,1.34301595965319,0.0883397967698303
"GSM8121904_athero_human_11.txt.gz","Plate_177s_C18","symptomatic","vsmc","vsmc_S2",1.04940128292887,1.12263710193595,0.153359160638618
"GSM8121904_athero_human_11.txt.gz","Plate_177s_C23","symptomatic","vsmc","vsmc_S2",1.74814619510102,1.53482882172313,0.327620704361939
"GSM8121904_athero_human_11.txt.gz","Plate_177s_D02","symptomatic","vsmc","vsmc_S2",1.35746552077686,1.03555645264805,0.414280179557462
"GSM8121904_athero_human_11.txt.gz","Plate_177s_D03","symptomatic","vsmc","vsmc_S2",1.52116862934989,1.32590847617446,0.0875131404367555
"GSM8121904_athero_human_11.txt.gz","Plate_177s_D04","symptomatic","vsmc","vsmc_S2",1.47641620729103,1.26375830656799,0.105621717480459
"GSM8121904_athero_human_11.txt.gz","Plate_177s_D10","symptomatic","vsmc","vsmc_S1",1.31161055128626,1.1565688628036,-0.0628524294672222
"GSM8121904_athero_human_11.txt.gz","Plate_177s_D12","symptomatic","vsmc","vsmc_S2",1.36338866278369,1.04690013712555,0.146812301080434
"GSM8121904_athero_human_11.txt.gz","Plate_177s_D16","symptomatic","vsmc","vsmc_S2",1.01653573388169,0.707544816867906,0.28854533951901
"GSM8121904_athero_human_11.txt.gz","Plate_177s_D20","symptomatic","vsmc","vsmc_S1",0.673965992311346,0.446982260722352,-0.0635334533543096
"GSM8121904_athero_human_11.txt.gz","Plate_177s_D24","symptomatic","vsmc","vsmc_S3",2.15036112291211,1.92863641608759,-0.0485722616308587
"GSM8121904_athero_human_11.txt.gz","Plate_177s_E03","symptomatic","vsmc","vsmc_S2",1.3205489489335,1.09552042974255,0.163143801786393
"GSM8121904_athero_human_11.txt.gz","Plate_177s_E10","symptomatic","vsmc","vsmc_S3",1.84795115302597,1.711210959522,-0.260048924956104
"GSM8121904_athero_human_11.txt.gz","Plate_177s_E11","symptomatic","vsmc","vsmc_S2",1.29187145767992,1.10775139650246,0.329227569925935
"GSM8121904_athero_human_11.txt.gz","Plate_177s_E12","symptomatic","vsmc","vsmc_S3",1.77464916594133,1.51080071108348,0.0833023127047737
"GSM8121904_athero_human_11.txt.gz","Plate_177s_E18","symptomatic","vsmc","vsmc_S1",0.997672880723802,1.09243893670726,-0.236846630673763
"GSM8121904_athero_human_11.txt.gz","Plate_177s_E20","symptomatic","vsmc","vsmc_S2",0.969706245040866,0.792653262988073,0.193504518172238
"GSM8121904_athero_human_11.txt.gz","Plate_177s_E24","symptomatic","vsmc","vsmc_S3",1.93233529592701,1.68852065579881,-0.143278408658477
"GSM8121904_athero_human_11.txt.gz","Plate_177s_F01","symptomatic","vsmc","vsmc_S2",1.31894025572086,0.950291039760639,0.0722305017284641
"GSM8121904_athero_human_11.txt.gz","Plate_177s_F11","symptomatic","vsmc","vsmc_S2",1.66714894139805,1.43958863565811,0.134313208781666
"GSM8121904_athero_human_11.txt.gz","Plate_177s_F17","symptomatic","vsmc","vsmc_S2",0.885672600112466,0.760321889779661,0.477860901877631
"GSM8121904_athero_human_11.txt.gz","Plate_177s_F18","symptomatic","vsmc","vsmc_S1",0.687359880919838,0.936641455588727,-0.0752660117463819
"GSM8121904_athero_human_11.txt.gz","Plate_177s_G03","symptomatic","vsmc","vsmc_S1",0.685589736122486,0.586899930049317,0.0571558794780089
"GSM8121904_athero_human_11.txt.gz","Plate_177s_G06","symptomatic","vsmc","vsmc_S3",1.63651782702068,1.55698654323528,0.071973141853481
"GSM8121904_athero_human_11.txt.gz","Plate_177s_G08","symptomatic","vsmc","vsmc_S1",1.56070144044121,1.46949656006082,-0.307602731134143
"GSM8121904_athero_human_11.txt.gz","Plate_177s_G12","symptomatic","vsmc","vsmc_S2",1.31973020573829,1.05302905348377,0.273049655087878
"GSM8121904_athero_human_11.txt.gz","Plate_177s_G13","symptomatic","vsmc","vsmc_S2",1.29516377980646,1.06957368222892,0.273439859609974
"GSM8121904_athero_human_11.txt.gz","Plate_177s_G15","symptomatic","vsmc","vsmc_S2",1.27324120552945,0.917879763545156,0.0450501566219766
"GSM8121904_athero_human_11.txt.gz","Plate_177s_G17","symptomatic","vsmc","vsmc_S1",1.33864952598394,1.42908799096475,-0.208323329754299
"GSM8121904_athero_human_11.txt.gz","Plate_177s_G20","symptomatic","vsmc","vsmc_S2",1.28101695245765,1.07151178484573,0.357769070736995
"GSM8121904_athero_human_11.txt.gz","Plate_177s_H02","symptomatic","vsmc","vsmc_S2",1.65769259055082,1.4108879178603,0.322522457937761
"GSM8121904_athero_human_11.txt.gz","Plate_177s_H05","symptomatic","vsmc","vsmc_S1",1.20319483277725,1.13521016469489,-0.0710081823252326
"GSM8121904_athero_human_11.txt.gz","Plate_177s_H09","symptomatic","vsmc","vsmc_S1",1.55459316132301,1.28928901090479,-0.246182343894949
"GSM8121904_athero_human_11.txt.gz","Plate_177s_H11","symptomatic","vsmc","vsmc_S1",1.58513676610223,1.45098195574033,-0.140790988000758
"GSM8121904_athero_human_11.txt.gz","Plate_177s_H19","symptomatic","vsmc","vsmc_S2",1.1849268889777,0.995057077031707,0.205665939188368
"GSM8121904_athero_human_11.txt.gz","Plate_177s_I05","symptomatic","vsmc","vsmc_S2",1.69942668890831,1.46548209799835,0.316795394728893
"GSM8121904_athero_human_11.txt.gz","Plate_177s_I11","symptomatic","vsmc","vsmc_S2",1.5516357410502,1.37137434019213,0.323343506056089
"GSM8121904_athero_human_11.txt.gz","Plate_177s_I12","symptomatic","vsmc","vsmc_S2",1.30719744987291,1.37657283329821,0.664710681472662
"GSM8121904_athero_human_11.txt.gz","Plate_177s_I13","symptomatic","vsmc","vsmc_S3",1.70099799897558,1.49465261310339,-0.243142792026408
"GSM8121904_athero_human_11.txt.gz","Plate_177s_I14","symptomatic","vsmc","vsmc_S2",1.6830526192352,1.40799746253266,0.159905513289562
"GSM8121904_athero_human_11.txt.gz","Plate_177s_I15","symptomatic","vsmc","vsmc_S2",1.25733905086962,1.21566122745118,0.323269530935266
"GSM8121904_athero_human_11.txt.gz","Plate_177s_I16","symptomatic","vsmc","vsmc_S2",1.28350491967883,0.983159942887496,0.272361792460928
"GSM8121904_athero_human_11.txt.gz","Plate_177s_I24","symptomatic","vsmc","vsmc_S1",0.840235803090504,0.745228899072426,0.103004125669767
"GSM8121904_athero_human_11.txt.gz","Plate_177s_J05","symptomatic","vsmc","vsmc_S3",1.7385098940101,1.68530003109075,-0.213895037062643
"GSM8121904_athero_human_11.txt.gz","Plate_177s_J06","symptomatic","vsmc","vsmc_S2",1.76486110637256,1.44556145576077,0.326996790173386
"GSM8121904_athero_human_11.txt.gz","Plate_177s_J11","symptomatic","vsmc","vsmc_S3",1.39025698208775,1.83613896693062,-0.21708071786189
"GSM8121904_athero_human_11.txt.gz","Plate_177s_J13","symptomatic","vsmc","vsmc_S1",1.43631588007058,1.27771735991893,-0.31060754492739
"GSM8121904_athero_human_11.txt.gz","Plate_177s_J15","symptomatic","vsmc","vsmc_S3",1.64537646514101,1.90372543902555,0.309174311227687
"GSM8121904_athero_human_11.txt.gz","Plate_177s_J16","symptomatic","vsmc","vsmc_S2",1.48372259596698,1.36588628645359,0.128944499450266
"GSM8121904_athero_human_11.txt.gz","Plate_177s_J17","symptomatic","vsmc","vsmc_S2",1.0534234983758,1.06896685499621,0.260340304726227
"GSM8121904_athero_human_11.txt.gz","Plate_177s_J19","symptomatic","vsmc","vsmc_S2",1.10249311080168,0.92788041434437,0.254547033837296
"GSM8121904_athero_human_11.txt.gz","Plate_177s_K02","symptomatic","vsmc","vsmc_S1",1.65358262112533,1.42528068939001,-0.487938936370726
"GSM8121904_athero_human_11.txt.gz","Plate_177s_K03","symptomatic","vsmc","vsmc_S3",1.87570571801752,1.38954440500731,0.12034086520553
"GSM8121904_athero_human_11.txt.gz","Plate_177s_K05","symptomatic","vsmc","vsmc_S2",1.40342608396498,1.24488522581661,0.280778469095515
"GSM8121904_athero_human_11.txt.gz","Plate_177s_K07","symptomatic","vsmc","vsmc_S3",1.90193291932016,1.66060308013552,-0.291535333119085
"GSM8121904_athero_human_11.txt.gz","Plate_177s_K09","symptomatic","vsmc","vsmc_S3",1.90074313801582,1.78006931055189,-0.222537852250705
"GSM8121904_athero_human_11.txt.gz","Plate_177s_K10","symptomatic","vsmc","vsmc_S3",2.00377887436821,1.82442041132446,0.142595520472533
"GSM8121904_athero_human_11.txt.gz","Plate_177s_K11","symptomatic","vsmc","vsmc_S3",1.77609786892963,1.62216554341973,-0.325934736679529
"GSM8121904_athero_human_11.txt.gz","Plate_177s_K14","symptomatic","vsmc","vsmc_S1",1.32439138559064,1.13767484345289,-0.362983403908636
"GSM8121904_athero_human_11.txt.gz","Plate_177s_K15","symptomatic","vsmc","vsmc_S2",1.69812762037437,1.69719421032024,0.562861449324251
"GSM8121904_athero_human_11.txt.gz","Plate_177s_K18","symptomatic","vsmc","vsmc_S2",1.42277556843977,1.30334771643013,0.162431356962671
"GSM8121904_athero_human_11.txt.gz","Plate_177s_K21","symptomatic","vsmc","vsmc_S3",1.89503697757786,1.72055604934522,0.00908209920878585
"GSM8121904_athero_human_11.txt.gz","Plate_177s_K24","symptomatic","vsmc","vsmc_S1",1.38345026801185,1.25833845828904,-0.12655146571143
"GSM8121904_athero_human_11.txt.gz","Plate_177s_L04","symptomatic","vsmc","vsmc_S3",1.82350388924971,1.56855881612767,0.00521792025494911
"GSM8121904_athero_human_11.txt.gz","Plate_177s_L07","symptomatic","vsmc","vsmc_S3",1.69565463173947,1.58814547718941,-0.0245731014373858
"GSM8121904_athero_human_11.txt.gz","Plate_177s_L13","symptomatic","vsmc","vsmc_S2",1.21148783533148,0.864702613316483,0.330885794482719
"GSM8121904_athero_human_11.txt.gz","Plate_177s_L23","symptomatic","vsmc","vsmc_S2",1.62531391750195,1.23945025782272,-0.0450101661693417
"GSM8121904_athero_human_11.txt.gz","Plate_177s_M06","symptomatic","vsmc","vsmc_S2",1.54980204098454,1.30081826350791,0.317302201847949
"GSM8121904_athero_human_11.txt.gz","Plate_177s_M08","symptomatic","vsmc","vsmc_S1",0.9897242761691,0.793566252270194,-0.117660942812109
"GSM8121904_athero_human_11.txt.gz","Plate_177s_M13","symptomatic","vsmc","vsmc_S2",0.959165664727875,1.04181185187704,0.182155198838215
"GSM8121904_athero_human_11.txt.gz","Plate_177s_M16","symptomatic","vsmc","vsmc_S2",1.6148654888475,1.43575747726691,0.103683224110523
"GSM8121904_athero_human_11.txt.gz","Plate_177s_M19","symptomatic","vsmc","vsmc_S2",1.38452950143414,1.24684722859189,0.162534157304902
"GSM8121904_athero_human_11.txt.gz","Plate_177s_M20","symptomatic","vsmc","vsmc_S2",1.22662156419174,0.984931560328796,0.150347815223057
"GSM8121904_athero_human_11.txt.gz","Plate_177s_N03","symptomatic","vsmc","vsmc_S1",0.554602648786002,0.452061086247113,0.0790187966044402
"GSM8121904_athero_human_11.txt.gz","Plate_177s_N11","symptomatic","vsmc","vsmc_S2",1.40608102967325,1.23485091968722,0.204660118993669
"GSM8121904_athero_human_11.txt.gz","Plate_177s_N14","symptomatic","vsmc","vsmc_S2",1.1685903700559,1.22467442866081,0.269802907464373
"GSM8121904_athero_human_11.txt.gz","Plate_177s_N17","symptomatic","vsmc","vsmc_S2",1.64430510118906,1.45144715460289,0.165702026034621
"GSM8121904_athero_human_11.txt.gz","Plate_177s_N18","symptomatic","vsmc","vsmc_S1",1.27703620289059,1.17669251313365,-0.21139486447841
"GSM8121904_athero_human_11.txt.gz","Plate_177s_O06","symptomatic","vsmc","vsmc_S2",1.27672960569804,1.31149904832266,0.0681743367269972
"GSM8121904_athero_human_11.txt.gz","Plate_177s_O10","symptomatic","vsmc","vsmc_S2",1.38250806119693,1.30872291079349,0.158463675682337
"GSM8121904_athero_human_11.txt.gz","Plate_177s_O12","symptomatic","vsmc","vsmc_S2",1.35354214643429,1.08795801837997,0.535444282798873
"GSM8121904_athero_human_11.txt.gz","Plate_177s_O13","symptomatic","vsmc","vsmc_S2",0.356040848720489,0.38306600884929,0.252716440257036
"GSM8121904_athero_human_11.txt.gz","Plate_177s_O14","symptomatic","vsmc","vsmc_S2",1.25819953538184,1.04405413782554,0.334221056723077
"GSM8121904_athero_human_11.txt.gz","Plate_177s_O15","symptomatic","vsmc","vsmc_S2",1.32620270908261,1.16513633177863,0.0943062319648608
"GSM8121904_athero_human_11.txt.gz","Plate_177s_O16","symptomatic","vsmc","vsmc_S3",1.54172557850671,2.00939950380875,-0.0774101842944055
"GSM8121904_athero_human_11.txt.gz","Plate_177s_O18","symptomatic","vsmc","vsmc_S1",0.437376871825541,0.536456447445837,-0.155613717831383
"GSM8121904_athero_human_11.txt.gz","Plate_177s_O21","symptomatic","vsmc","vsmc_S2",0.956181712180073,0.660602799988871,0.181450428455981
"GSM8121904_athero_human_11.txt.gz","Plate_177s_P01","symptomatic","vsmc","vsmc_S3",2.13402631477821,3.28762686349282,-0.143583760428139
"GSM8121904_athero_human_11.txt.gz","Plate_177s_P02","symptomatic","vsmc","vsmc_S2",1.77455222715886,1.3890054335333,0.324999254264334
"GSM8121904_athero_human_11.txt.gz","Plate_177s_P03","symptomatic","vsmc","vsmc_S1",0.0484264844212101,-0.0415001962434875,-0.127796934593583
"GSM8121904_athero_human_11.txt.gz","Plate_177s_P04","symptomatic","vsmc","vsmc_S1",1.49001905941973,1.37413981546653,-0.430650984257453
"GSM8121904_athero_human_11.txt.gz","Plate_177s_P05","symptomatic","vsmc","vsmc_S2",1.23699800908013,1.33109885682587,-0.0185296625297463
"GSM8121904_athero_human_11.txt.gz","Plate_177s_P06","symptomatic","vsmc","vsmc_S3",1.75443059619305,1.59436359037204,-0.153683477733394
"GSM8121904_athero_human_11.txt.gz","Plate_177s_P09","symptomatic","vsmc","vsmc_S3",1.65912658741458,1.47313856940046,-0.241777505314387
"GSM8121904_athero_human_11.txt.gz","Plate_177s_P16","symptomatic","vsmc","vsmc_S2",0.848875887565907,0.623001024051026,0.153460550637472
"GSM8121904_athero_human_11.txt.gz","Plate_177s_P17","symptomatic","vsmc","vsmc_S1",1.27889129360626,1.25770195139034,-0.186255024053667
"GSM8121904_athero_human_11.txt.gz","Plate_177s_P22","symptomatic","vsmc","vsmc_S3",1.90245439486762,1.67079081999485,0.00817911701151462
"GSM8121905_athero_human_12.txt.gz","Plate_178s_A02","symptomatic","vsmc","vsmc_S3",1.83397612476044,1.78828848133563,0.0522287286130344
"GSM8121905_athero_human_12.txt.gz","Plate_178s_A04","symptomatic","vsmc","vsmc_S1",1.2195361115665,1.03576107687744,-0.0566794769573215
"GSM8121905_athero_human_12.txt.gz","Plate_178s_A07","symptomatic","vsmc","vsmc_S3",1.99213539299986,1.56178238491451,0.110416727455825
"GSM8121905_athero_human_12.txt.gz","Plate_178s_A08","symptomatic","vsmc","vsmc_S2",0.759922263740806,0.768726554594075,0.347830143553493
"GSM8121905_athero_human_12.txt.gz","Plate_178s_A15","symptomatic","vsmc","vsmc_S2",1.28453677825806,1.23848218258047,0.0856393014035717
"GSM8121905_athero_human_12.txt.gz","Plate_178s_A23","symptomatic","vsmc","vsmc_S1",0.717504937253386,0.645243057509443,0.00111889424734652
"GSM8121905_athero_human_12.txt.gz","Plate_178s_B02","symptomatic","vsmc","vsmc_S1",0.772195803632192,0.52810190238235,0.0260459274312956
"GSM8121905_athero_human_12.txt.gz","Plate_178s_B09","symptomatic","vsmc","vsmc_S2",0.703576197291267,0.724791948603587,0.158329302905776
"GSM8121905_athero_human_12.txt.gz","Plate_178s_B12","symptomatic","vsmc","vsmc_S2",0.89184861709618,0.823286693648709,0.12788504103806
"GSM8121905_athero_human_12.txt.gz","Plate_178s_B13","symptomatic","vsmc","vsmc_S2",1.01870876823407,0.977057548073825,0.204289406809513
"GSM8121905_athero_human_12.txt.gz","Plate_178s_B16","symptomatic","vsmc","vsmc_S1",0.108782601537515,0.0121138563087122,0.0701132972491371
"GSM8121905_athero_human_12.txt.gz","Plate_178s_C04","symptomatic","vsmc","vsmc_S3",1.6796550337694,1.69154720293602,-0.0844813633369614
"GSM8121905_athero_human_12.txt.gz","Plate_178s_C09","symptomatic","vsmc","vsmc_S1",0.7636326338739,0.786183273209523,0.00178422990753497
"GSM8121905_athero_human_12.txt.gz","Plate_178s_C11","symptomatic","vsmc","vsmc_S2",1.53426435603533,1.14425602753949,0.322897461536127
"GSM8121905_athero_human_12.txt.gz","Plate_178s_C18","symptomatic","vsmc","vsmc_S1",1.11611816906827,1.39458690944231,-0.0890522442474537
"GSM8121905_athero_human_12.txt.gz","Plate_178s_C23","symptomatic","vsmc","vsmc_S2",1.02745495845566,1.02506641460307,0.0900552322404306
"GSM8121905_athero_human_12.txt.gz","Plate_178s_D08","symptomatic","vsmc","vsmc_S2",0.795101749505727,0.545917638061766,0.276960889727447
"GSM8121905_athero_human_12.txt.gz","Plate_178s_D09","symptomatic","vsmc","vsmc_S2",1.59979632249333,1.41282610732162,0.403138394152925
"GSM8121905_athero_human_12.txt.gz","Plate_178s_D22","symptomatic","vsmc","vsmc_S2",1.2905457095928,0.937243812145791,0.687037391095656
"GSM8121905_athero_human_12.txt.gz","Plate_178s_E04","symptomatic","vsmc","vsmc_S3",2.51557620419872,2.31608574198476,-0.257452266263265
"GSM8121905_athero_human_12.txt.gz","Plate_178s_F01","symptomatic","vsmc","vsmc_S3",1.88409245180453,1.625148465209,0.0475673520706113
"GSM8121905_athero_human_12.txt.gz","Plate_178s_F05","symptomatic","vsmc","vsmc_S1",1.00401298126259,0.73006786981477,-0.010206599196839
"GSM8121905_athero_human_12.txt.gz","Plate_178s_F06","symptomatic","vsmc","vsmc_S1",0.662085681071018,0.781995549236727,0.133085813532919
"GSM8121905_athero_human_12.txt.gz","Plate_178s_F11","symptomatic","vsmc","vsmc_S2",1.52150645587678,1.3678285653925,0.137174307847268
"GSM8121905_athero_human_12.txt.gz","Plate_178s_F14","symptomatic","vsmc","vsmc_S2",1.17879841686354,1.2273314894223,0.0776853897926002
"GSM8121905_athero_human_12.txt.gz","Plate_178s_F16","symptomatic","vsmc","vsmc_S2",0.999004078056692,0.969771044625636,0.254388859428941
"GSM8121905_athero_human_12.txt.gz","Plate_178s_G02","symptomatic","vsmc","vsmc_S3",2.20902740052371,1.91095256928387,0.47857817733217
"GSM8121905_athero_human_12.txt.gz","Plate_178s_G09","symptomatic","vsmc","vsmc_S3",1.80912788812368,1.7978640249719,0.0252074138529447
"GSM8121905_athero_human_12.txt.gz","Plate_178s_G10","symptomatic","vsmc","vsmc_S2",1.15517669979886,1.05590966847961,0.32999588842032
"GSM8121905_athero_human_12.txt.gz","Plate_178s_G20","symptomatic","vsmc","vsmc_S2",1.42370121701454,1.30506721535673,0.063112163118811
"GSM8121905_athero_human_12.txt.gz","Plate_178s_H01","symptomatic","vsmc","vsmc_S2",1.74435011770481,1.34180735522124,0.747595607646891
"GSM8121905_athero_human_12.txt.gz","Plate_178s_H02","symptomatic","vsmc","vsmc_S3",1.74148318617213,2.38562974129975,0.114003084273796
"GSM8121905_athero_human_12.txt.gz","Plate_178s_H04","symptomatic","vsmc","vsmc_S1",0.98313649864251,0.940461749774313,-0.150208312185735
"GSM8121905_athero_human_12.txt.gz","Plate_178s_H05","symptomatic","vsmc","vsmc_S1",0.875712165628136,0.997016374979117,-0.00841028786152963
"GSM8121905_athero_human_12.txt.gz","Plate_178s_H10","symptomatic","vsmc","vsmc_S1",0.64246213200925,0.427197935564506,0.053412885919071
"GSM8121905_athero_human_12.txt.gz","Plate_178s_H15","symptomatic","vsmc","vsmc_S2",1.6379665240581,1.20147912938028,0.312588885156478
"GSM8121905_athero_human_12.txt.gz","Plate_178s_H16","symptomatic","vsmc","vsmc_S3",1.97828006251866,1.78102986604964,0.024450465422331
"GSM8121905_athero_human_12.txt.gz","Plate_178s_H20","symptomatic","vsmc","vsmc_S1",0.884918721624713,0.647994812243125,0.0122526108764245
"GSM8121905_athero_human_12.txt.gz","Plate_178s_I01","symptomatic","vsmc","vsmc_S2",1.36620587433942,1.37848784936461,0.324263817474721
"GSM8121905_athero_human_12.txt.gz","Plate_178s_I04","symptomatic","vsmc","vsmc_S1",0.579342391662166,0.704870780688296,-0.204715622348204
"GSM8121905_athero_human_12.txt.gz","Plate_178s_I09","symptomatic","vsmc","vsmc_S3",1.96129501529212,1.70091621411542,0.450341270412925
"GSM8121905_athero_human_12.txt.gz","Plate_178s_I10","symptomatic","vsmc","vsmc_S3",1.91230803896303,1.64934186136412,0.368241070915959
"GSM8121905_athero_human_12.txt.gz","Plate_178s_I12","symptomatic","vsmc","vsmc_S1",0.865751327458611,0.753680093635553,-0.152003314611286
"GSM8121905_athero_human_12.txt.gz","Plate_178s_I15","symptomatic","vsmc","vsmc_S2",0.577062220947693,0.376331338072184,0.336690782585283
"GSM8121905_athero_human_12.txt.gz","Plate_178s_J01","symptomatic","vsmc","vsmc_S2",0.757313436233032,0.759607858831926,0.191793065247929
"GSM8121905_athero_human_12.txt.gz","Plate_178s_J09","symptomatic","vsmc","vsmc_S3",2.30185349135077,1.74498757207854,0.350348456915861
"GSM8121905_athero_human_12.txt.gz","Plate_178s_J13","symptomatic","vsmc","vsmc_S1",1.37122379472631,1.34629134896824,-0.110067993246447
"GSM8121905_athero_human_12.txt.gz","Plate_178s_J14","symptomatic","vsmc","vsmc_S3",0.971313973745914,2.52229934936926,0.113533175555778
"GSM8121905_athero_human_12.txt.gz","Plate_178s_J15","symptomatic","vsmc","vsmc_S1",0.624082145474705,0.595287401266212,-0.025560938128702
"GSM8121905_athero_human_12.txt.gz","Plate_178s_J20","symptomatic","vsmc","vsmc_S2",1.08118405941071,1.25819069750175,0.111131334517294
"GSM8121905_athero_human_12.txt.gz","Plate_178s_J23","symptomatic","vsmc","vsmc_S3",1.73498749372383,1.46963138063692,0.0797846924744083
"GSM8121905_athero_human_12.txt.gz","Plate_178s_K01","symptomatic","vsmc","vsmc_S3",1.78480257511173,1.64791579109734,-0.107470433439214
"GSM8121905_athero_human_12.txt.gz","Plate_178s_K07","symptomatic","vsmc","vsmc_S1",0.63099018454908,0.444257411225952,0.0591129607074891
"GSM8121905_athero_human_12.txt.gz","Plate_178s_K10","symptomatic","vsmc","vsmc_S2",1.44314587364855,1.06853193123042,0.247583191419546
"GSM8121905_athero_human_12.txt.gz","Plate_178s_K13","symptomatic","vsmc","vsmc_S1",1.42983472902503,1.38999602486095,-0.257880042454141
"GSM8121905_athero_human_12.txt.gz","Plate_178s_K20","symptomatic","vsmc","vsmc_S3",1.9365014227501,1.92812946330625,-0.0659227204005863
"GSM8121905_athero_human_12.txt.gz","Plate_178s_K21","symptomatic","vsmc","vsmc_S1",1.02465962304983,0.804802354032829,-0.0725284649565983
"GSM8121905_athero_human_12.txt.gz","Plate_178s_L02","symptomatic","vsmc","vsmc_S2",1.03574282397688,0.733082918205995,0.624341603248078
"GSM8121905_athero_human_12.txt.gz","Plate_178s_L04","symptomatic","vsmc","vsmc_S2",1.12582421717219,1.20060836486301,0.119531008351871
"GSM8121905_athero_human_12.txt.gz","Plate_178s_L05","symptomatic","vsmc","vsmc_S3",1.92682454184529,1.82352001097692,0.165427025319797
"GSM8121905_athero_human_12.txt.gz","Plate_178s_L10","symptomatic","vsmc","vsmc_S3",1.78631989745718,1.67202590574842,0.00418938034279224
"GSM8121905_athero_human_12.txt.gz","Plate_178s_M07","symptomatic","vsmc","vsmc_S1",0.325164230042184,0.401205763708134,-0.164381811021932
"GSM8121905_athero_human_12.txt.gz","Plate_178s_M22","symptomatic","vsmc","vsmc_S1",0.938495699898596,0.663241091373696,-0.0260118730255296
"GSM8121905_athero_human_12.txt.gz","Plate_178s_N03","symptomatic","vsmc","vsmc_S2",1.0895693388744,0.897703747198711,0.239594090196302
"GSM8121905_athero_human_12.txt.gz","Plate_178s_N09","symptomatic","vsmc","vsmc_S1",0.712318315866604,0.481530523009115,-0.172657607955854
"GSM8121905_athero_human_12.txt.gz","Plate_178s_N11","symptomatic","vsmc","vsmc_S1",0.198075122273738,0.420217203694524,-0.208448371879663
"GSM8121905_athero_human_12.txt.gz","Plate_178s_N13","symptomatic","vsmc","vsmc_S2",1.26876358590188,1.39927818041213,0.0113297685697101
"GSM8121905_athero_human_12.txt.gz","Plate_178s_N18","symptomatic","vsmc","vsmc_S2",0.978528174342063,0.887483383201268,0.0924771023405422
"GSM8121905_athero_human_12.txt.gz","Plate_178s_N22","symptomatic","vsmc","vsmc_S2",1.60233438509412,1.36625533627362,0.331094038644856
"GSM8121905_athero_human_12.txt.gz","Plate_178s_N24","symptomatic","vsmc","vsmc_S2",0.949231798870872,0.928932994319076,0.386462190935079
"GSM8121905_athero_human_12.txt.gz","Plate_178s_O06","symptomatic","vsmc","vsmc_S2",1.74307058375532,1.31342570191812,0.201337616652991
"GSM8121905_athero_human_12.txt.gz","Plate_178s_O09","symptomatic","vsmc","vsmc_S2",1.55903509267557,1.19113180248294,0.126510932932346
"GSM8121905_athero_human_12.txt.gz","Plate_178s_O11","symptomatic","vsmc","vsmc_S1",0.828407291344652,0.583475300409216,0.0757116429375755
"GSM8121905_athero_human_12.txt.gz","Plate_178s_O20","symptomatic","vsmc","vsmc_S3",1.92913607447817,1.50396890387281,-0.0833257612983
"GSM8121905_athero_human_12.txt.gz","Plate_178s_O24","symptomatic","vsmc","vsmc_S2",1.04938436045382,1.2120409143384,0.313625732519562
"GSM8121905_athero_human_12.txt.gz","Plate_178s_P01","symptomatic","vsmc","vsmc_S1",0.540836771019169,0.411099240644909,-0.103611640113855
"GSM8121905_athero_human_12.txt.gz","Plate_178s_P03","symptomatic","vsmc","vsmc_S1",0.667861662885319,0.456699923970186,0.0786438579303143
"GSM8121905_athero_human_12.txt.gz","Plate_178s_P06","symptomatic","vsmc","vsmc_S3",1.75977738904343,1.638232149582,0.133375115694418
"GSM8121905_athero_human_12.txt.gz","Plate_178s_P12","symptomatic","vsmc","vsmc_S3",2.0084919454542,2.01951566239644,0.0185082356848176
"GSM8121905_athero_human_12.txt.gz","Plate_178s_P14","symptomatic","vsmc","vsmc_S3",1.98241807860599,3.07903941098971,0.330608964625312
"GSM8121905_athero_human_12.txt.gz","Plate_178s_P19","symptomatic","vsmc","vsmc_S2",1.72198698074227,1.44863401078076,0.266943485007192
"GSM8121906_athero_human_13.txt.gz","Plate_588s_A01","asymptomatic","vsmc","vsmc_S2",1.04559506102378,0.943301165540391,0.190965357239658
"GSM8121906_athero_human_13.txt.gz","Plate_588s_A02","asymptomatic","vsmc","vsmc_S1",0.746718670167975,1.01994428479972,-0.140823934585881
"GSM8121906_athero_human_13.txt.gz","Plate_588s_A05","asymptomatic","vsmc","vsmc_S1",1.05034867375839,1.00787494574012,-0.223782769598703
"GSM8121906_athero_human_13.txt.gz","Plate_588s_A06","asymptomatic","vsmc","vsmc_S1",0.605816342322136,0.343930538124788,-0.0644219884418094
"GSM8121906_athero_human_13.txt.gz","Plate_588s_A07","asymptomatic","vsmc","vsmc_S2",1.00325369564847,0.941889668971767,0.0727387558955976
"GSM8121906_athero_human_13.txt.gz","Plate_588s_A09","asymptomatic","vsmc","vsmc_S2",1.01487269166653,0.947636437049845,0.252331450431984
"GSM8121906_athero_human_13.txt.gz","Plate_588s_A10","asymptomatic","vsmc","vsmc_S1",1.20186159525483,1.08693622509494,-0.176505173005644
"GSM8121906_athero_human_13.txt.gz","Plate_588s_A13","asymptomatic","vsmc","vsmc_S1",0.923560320079319,0.858413696370429,-0.224957770085321
"GSM8121906_athero_human_13.txt.gz","Plate_588s_A15","asymptomatic","vsmc","vsmc_S1",1.05001491763165,0.90571925029521,-0.152657559565416
"GSM8121906_athero_human_13.txt.gz","Plate_588s_A18","asymptomatic","vsmc","vsmc_S1",0.904164822718076,0.857059866749156,0.0674760394353851
"GSM8121906_athero_human_13.txt.gz","Plate_588s_A24","asymptomatic","vsmc","vsmc_S2",0.875734415734774,0.820368196762749,0.180204354721784
"GSM8121906_athero_human_13.txt.gz","Plate_588s_B01","asymptomatic","vsmc","vsmc_S1",0.992889968550992,0.926900404086781,-0.207704672283167
"GSM8121906_athero_human_13.txt.gz","Plate_588s_B04","asymptomatic","vsmc","vsmc_S3",1.38669338712534,2.09034343920419,-0.544423261957011
"GSM8121906_athero_human_13.txt.gz","Plate_588s_B05","asymptomatic","vsmc","vsmc_S1",0.818612639319055,0.672629269080311,-0.279021320070294
"GSM8121906_athero_human_13.txt.gz","Plate_588s_B07","asymptomatic","vsmc","vsmc_S1",1.06839828243656,0.963582725239113,-0.30948764540021
"GSM8121906_athero_human_13.txt.gz","Plate_588s_B08","asymptomatic","vsmc","vsmc_S1",0.86160293216743,0.725681756410644,-0.137519797698455
"GSM8121906_athero_human_13.txt.gz","Plate_588s_B11","asymptomatic","vsmc","vsmc_S1",0.726561190074113,0.754400890337439,-0.13106913227368
"GSM8121906_athero_human_13.txt.gz","Plate_588s_B12","asymptomatic","vsmc","vsmc_S1",0.918328308642915,0.616714461781437,-0.109531525521313
"GSM8121906_athero_human_13.txt.gz","Plate_588s_B14","asymptomatic","vsmc","vsmc_S1",1.09568015030853,0.786496943246379,0.0464337757513197
"GSM8121906_athero_human_13.txt.gz","Plate_588s_B15","asymptomatic","vsmc","vsmc_S1",1.09989100795512,1.00343988671178,-0.0770509080252276
"GSM8121906_athero_human_13.txt.gz","Plate_588s_B16","asymptomatic","vsmc","vsmc_S1",1.33965322450335,1.6055209996221,-0.37944047412754
"GSM8121906_athero_human_13.txt.gz","Plate_588s_B19","asymptomatic","vsmc","vsmc_S1",0.87422985600226,0.735147939281765,0.0272434398649743
"GSM8121906_athero_human_13.txt.gz","Plate_588s_B21","asymptomatic","vsmc","vsmc_S1",0.829749142726672,0.652828578046927,-0.22125756992244
"GSM8121906_athero_human_13.txt.gz","Plate_588s_B22","asymptomatic","vsmc","vsmc_S1",1.08170662814958,0.959248232874719,-0.419093670299626
"GSM8121906_athero_human_13.txt.gz","Plate_588s_C01","asymptomatic","vsmc","vsmc_S1",0.744207122911088,0.669130395335321,-0.288032910459914
"GSM8121906_athero_human_13.txt.gz","Plate_588s_C05","asymptomatic","vsmc","vsmc_S1",1.07021058962369,0.96120496848156,0.014312055263652
"GSM8121906_athero_human_13.txt.gz","Plate_588s_C07","asymptomatic","vsmc","vsmc_S1",1.04658463101134,0.884768460221471,-0.116944184405696
"GSM8121906_athero_human_13.txt.gz","Plate_588s_C08","asymptomatic","vsmc","vsmc_S1",0.636054083278904,0.697535980280167,-0.16830277771276
"GSM8121906_athero_human_13.txt.gz","Plate_588s_C11","asymptomatic","vsmc","vsmc_S1",0.626191199423882,0.609697393058715,-0.400250770535138
"GSM8121906_athero_human_13.txt.gz","Plate_588s_C15","asymptomatic","vsmc","vsmc_S1",0.895145192135383,1.25888497795945,-0.0171540433497522
"GSM8121906_athero_human_13.txt.gz","Plate_588s_C16","asymptomatic","vsmc","vsmc_S2",0.912349540849144,0.758360660936409,0.354332015179809
"GSM8121906_athero_human_13.txt.gz","Plate_588s_C18","asymptomatic","vsmc","vsmc_S1",1.0006039548101,0.915170058919717,-0.427277029847411
"GSM8121906_athero_human_13.txt.gz","Plate_588s_C21","asymptomatic","vsmc","vsmc_S1",0.276247954811613,0.190538204831674,0.0654880785771908
"GSM8121906_athero_human_13.txt.gz","Plate_588s_C22","asymptomatic","vsmc","vsmc_S1",0.502371806964179,0.376404849847821,0.0430970037941879
"GSM8121906_athero_human_13.txt.gz","Plate_588s_C23","asymptomatic","vsmc","vsmc_S1",0.513639246141511,0.7992263585251,-0.0349048653210923
"GSM8121906_athero_human_13.txt.gz","Plate_588s_D01","asymptomatic","vsmc","vsmc_S1",1.06046548132641,0.931999148087242,-0.24551401676857
"GSM8121906_athero_human_13.txt.gz","Plate_588s_D04","asymptomatic","vsmc","vsmc_S1",0.805490462006359,0.764990137694246,-0.249929910242975
"GSM8121906_athero_human_13.txt.gz","Plate_588s_D05","asymptomatic","vsmc","vsmc_S1",0.874266868799723,0.736310290574133,-0.156086136462712
"GSM8121906_athero_human_13.txt.gz","Plate_588s_D06","asymptomatic","vsmc","vsmc_S1",0.788975482951733,1.41642309998136,0.0123990976975627
"GSM8121906_athero_human_13.txt.gz","Plate_588s_D07","asymptomatic","vsmc","vsmc_S1",0.799588039996038,0.559115013470615,-0.32512406318618
"GSM8121906_athero_human_13.txt.gz","Plate_588s_D08","asymptomatic","vsmc","vsmc_S1",1.0139530632447,1.25663445016628,-0.116174423333577
"GSM8121906_athero_human_13.txt.gz","Plate_588s_D10","asymptomatic","vsmc","vsmc_S1",1.02260635334354,0.910958073952252,-0.345849618943268
"GSM8121906_athero_human_13.txt.gz","Plate_588s_D11","asymptomatic","vsmc","vsmc_S1",0.829061028266524,0.753160790129024,-0.10688172049378
"GSM8121906_athero_human_13.txt.gz","Plate_588s_D16","asymptomatic","vsmc","vsmc_S1",1.09042611275564,1.02427092313774,-0.236117676669688
"GSM8121906_athero_human_13.txt.gz","Plate_588s_D17","asymptomatic","vsmc","vsmc_S1",1.07580314410031,0.918481897150814,-0.0603106676675834
"GSM8121906_athero_human_13.txt.gz","Plate_588s_D19","asymptomatic","vsmc","vsmc_S2",1.0659523782055,0.901709480224379,0.119350793924183
"GSM8121906_athero_human_13.txt.gz","Plate_588s_D23","asymptomatic","vsmc","vsmc_S2",0.944057894141126,1.22869846923488,0.0696636084546623
"GSM8121906_athero_human_13.txt.gz","Plate_588s_D24","asymptomatic","vsmc","vsmc_S1",1.37266973688926,1.20674682092736,-0.332704694545323
"GSM8121906_athero_human_13.txt.gz","Plate_588s_E01","asymptomatic","vsmc","vsmc_S2",0.827647488867056,0.762420737428708,0.35968354677077
"GSM8121906_athero_human_13.txt.gz","Plate_588s_E02","asymptomatic","vsmc","vsmc_S2",0.844770434580398,0.619879387105134,0.154865116305686
"GSM8121906_athero_human_13.txt.gz","Plate_588s_E06","asymptomatic","vsmc","vsmc_S1",0.633043525145734,0.596977758300535,-0.373394566849887
"GSM8121906_athero_human_13.txt.gz","Plate_588s_E08","asymptomatic","vsmc","vsmc_S1",1.12846296566866,0.98592597481433,-0.219017679874722
"GSM8121906_athero_human_13.txt.gz","Plate_588s_E09","asymptomatic","vsmc","vsmc_S1",0.913909328122118,0.847836549875701,-0.391601736929681
"GSM8121906_athero_human_13.txt.gz","Plate_588s_E11","asymptomatic","vsmc","vsmc_S1",0.854342553412197,0.808354826970521,-0.419960806953361
"GSM8121906_athero_human_13.txt.gz","Plate_588s_E15","asymptomatic","vsmc","vsmc_S1",0.964695534092649,0.630243802309454,-0.180153208875007
"GSM8121906_athero_human_13.txt.gz","Plate_588s_E18","asymptomatic","vsmc","vsmc_S1",0.803707072026808,0.694598998101643,-0.0672215911997425
"GSM8121906_athero_human_13.txt.gz","Plate_588s_E19","asymptomatic","vsmc","vsmc_S1",0.661932803855733,0.670275586652633,-0.204883305739382
"GSM8121906_athero_human_13.txt.gz","Plate_588s_E20","asymptomatic","vsmc","vsmc_S1",0.837418895563614,0.78143975023165,-0.00636613134364099
"GSM8121906_athero_human_13.txt.gz","Plate_588s_E21","asymptomatic","vsmc","vsmc_S1",0.905407823230445,1.28121863902027,-0.27365848072238
"GSM8121906_athero_human_13.txt.gz","Plate_588s_E22","asymptomatic","vsmc","vsmc_S1",0.667929307522494,0.599566148631122,0.000859701604500362
"GSM8121906_athero_human_13.txt.gz","Plate_588s_E23","asymptomatic","vsmc","vsmc_S1",0.819901128265343,0.781922758616761,-0.146503573222252
"GSM8121906_athero_human_13.txt.gz","Plate_588s_F01","asymptomatic","vsmc","vsmc_S1",0.952075932671861,0.835401884768909,-0.328472855015342
"GSM8121906_athero_human_13.txt.gz","Plate_588s_F03","asymptomatic","vsmc","vsmc_S2",1.05686101449287,0.688865171445812,0.212322070337404
"GSM8121906_athero_human_13.txt.gz","Plate_588s_F06","asymptomatic","vsmc","vsmc_S1",1.05519204847138,0.880930976018292,-0.428895604995652
"GSM8121906_athero_human_13.txt.gz","Plate_588s_F08","asymptomatic","vsmc","vsmc_S2",0.745707155353868,0.670432871182659,0.170417647948133
"GSM8121906_athero_human_13.txt.gz","Plate_588s_F09","asymptomatic","vsmc","vsmc_S1",0.730651263830419,0.714360069447958,0.0738069762305364
"GSM8121906_athero_human_13.txt.gz","Plate_588s_F13","asymptomatic","vsmc","vsmc_S1",0.981660329244003,0.788160435563468,0.0130546069604849
"GSM8121906_athero_human_13.txt.gz","Plate_588s_F14","asymptomatic","vsmc","vsmc_S3",1.31827309555776,2.1907624947728,-0.423196586420722
"GSM8121906_athero_human_13.txt.gz","Plate_588s_F17","asymptomatic","vsmc","vsmc_S1",0.862224643971498,0.829614258608442,-0.0378656235974598
"GSM8121906_athero_human_13.txt.gz","Plate_588s_F18","asymptomatic","vsmc","vsmc_S1",1.22277280445629,1.05720025776988,-0.289413533101693
"GSM8121906_athero_human_13.txt.gz","Plate_588s_F19","asymptomatic","vsmc","vsmc_S1",0.774240292238566,0.68165592131809,-0.149517448432017
"GSM8121906_athero_human_13.txt.gz","Plate_588s_F20","asymptomatic","vsmc","vsmc_S2",0.908032648268447,0.806948917869567,0.170954271033808
"GSM8121906_athero_human_13.txt.gz","Plate_588s_F21","asymptomatic","vsmc","vsmc_S1",0.753195942160265,0.582327745227134,0.0541767552618828
"GSM8121906_athero_human_13.txt.gz","Plate_588s_F22","asymptomatic","vsmc","vsmc_S1",1.01849885519484,0.958566641619421,-0.355752819371422
"GSM8121906_athero_human_13.txt.gz","Plate_588s_F23","asymptomatic","vsmc","vsmc_S2",1.13923304430478,0.985904217241665,0.0636948961681645
"GSM8121906_athero_human_13.txt.gz","Plate_588s_F24","asymptomatic","vsmc","vsmc_S1",1.25376510454984,1.1490271147813,-0.316766253700124
"GSM8121906_athero_human_13.txt.gz","Plate_588s_G02","asymptomatic","vsmc","vsmc_S1",0.348253926765159,0.345154692643523,-0.0797314663250056
"GSM8121906_athero_human_13.txt.gz","Plate_588s_G04","asymptomatic","vsmc","vsmc_S1",0.553881217092777,0.532082281893336,0.179673360417506
"GSM8121906_athero_human_13.txt.gz","Plate_588s_G05","asymptomatic","vsmc","vsmc_S1",0.875256659812743,0.858460607548185,-0.240616988731539
"GSM8121906_athero_human_13.txt.gz","Plate_588s_G07","asymptomatic","vsmc","vsmc_S1",0.402879928438463,0.346121165203011,0.000424714076990159
"GSM8121906_athero_human_13.txt.gz","Plate_588s_G09","asymptomatic","vsmc","vsmc_S1",0.908099975686334,0.806720040340645,-0.0258694427245705
"GSM8121906_athero_human_13.txt.gz","Plate_588s_G10","asymptomatic","vsmc","vsmc_S1",0.887958195188048,0.840292051380815,-0.221623561658247
"GSM8121906_athero_human_13.txt.gz","Plate_588s_G13","asymptomatic","vsmc","vsmc_S1",1.03883283300716,0.986683055565659,-0.124777451748307
"GSM8121906_athero_human_13.txt.gz","Plate_588s_G14","asymptomatic","vsmc","vsmc_S1",0.876281705960498,0.792162135405926,-0.30355273574684
"GSM8121906_athero_human_13.txt.gz","Plate_588s_G18","asymptomatic","vsmc","vsmc_S1",0.698903437570513,0.509992616903173,-0.131786926602285
"GSM8121906_athero_human_13.txt.gz","Plate_588s_G20","asymptomatic","vsmc","vsmc_S1",1.00798863737659,0.837996038408207,-0.0076319625562785
"GSM8121906_athero_human_13.txt.gz","Plate_588s_G23","asymptomatic","vsmc","vsmc_S1",0.842767144531138,1.1225653620456,0.0218654161589718
"GSM8121906_athero_human_13.txt.gz","Plate_588s_G24","asymptomatic","vsmc","vsmc_S1",0.856134305671805,0.795850940063719,-0.0955601837333508
"GSM8121906_athero_human_13.txt.gz","Plate_588s_H04","asymptomatic","vsmc","vsmc_S1",0.915870863632283,0.804144522425009,-0.211930258542722
"GSM8121906_athero_human_13.txt.gz","Plate_588s_H06","asymptomatic","vsmc","vsmc_S1",0.621102565340771,0.60891959896221,-0.371406792375838
"GSM8121906_athero_human_13.txt.gz","Plate_588s_H08","asymptomatic","vsmc","vsmc_S1",0.66102155342473,0.685595747572242,-0.36494608633724
"GSM8121906_athero_human_13.txt.gz","Plate_588s_H10","asymptomatic","vsmc","vsmc_S1",0.852220895584887,0.73638147682954,0.059431468826398
"GSM8121906_athero_human_13.txt.gz","Plate_588s_H11","asymptomatic","vsmc","vsmc_S1",0.477528762590994,0.491542073199731,-0.173392866812189
"GSM8121906_athero_human_13.txt.gz","Plate_588s_H12","asymptomatic","vsmc","vsmc_S1",1.13578312336448,1.02812971981595,-0.355377250975162
"GSM8121906_athero_human_13.txt.gz","Plate_588s_H13","asymptomatic","vsmc","vsmc_S1",0.511484446569942,0.377740602964773,-0.118343578408733
"GSM8121906_athero_human_13.txt.gz","Plate_588s_H14","asymptomatic","vsmc","vsmc_S1",1.15897967078622,1.04169755067362,-0.304357385754008
"GSM8121906_athero_human_13.txt.gz","Plate_588s_H15","asymptomatic","vsmc","vsmc_S1",0.841083204699561,0.678973507118096,0.0975732219931245
"GSM8121906_athero_human_13.txt.gz","Plate_588s_H19","asymptomatic","vsmc","vsmc_S1",0.566779599293656,0.449482608880882,-0.211190465048677
"GSM8121906_athero_human_13.txt.gz","Plate_588s_H23","asymptomatic","vsmc","vsmc_S1",0.782457679066604,0.988508285054695,-0.276192351293506
"GSM8121906_athero_human_13.txt.gz","Plate_588s_H24","asymptomatic","vsmc","vsmc_S1",0.910132151891184,0.870809018825235,-0.06395839417255
"GSM8121906_athero_human_13.txt.gz","Plate_588s_I01","asymptomatic","vsmc","vsmc_S1",0.832293056299479,0.720495207286246,-0.217593691712203
"GSM8121906_athero_human_13.txt.gz","Plate_588s_I06","asymptomatic","vsmc","vsmc_S1",0.862048195652496,0.820031917209815,-0.110502576639345
"GSM8121906_athero_human_13.txt.gz","Plate_588s_I08","asymptomatic","vsmc","vsmc_S1",0.426283683049499,0.422714399638627,0.0915785370021193
"GSM8121906_athero_human_13.txt.gz","Plate_588s_I10","asymptomatic","vsmc","vsmc_S1",1.18572221758222,1.01322133633032,-0.322197209004971
"GSM8121906_athero_human_13.txt.gz","Plate_588s_I12","asymptomatic","vsmc","vsmc_S1",0.852494314578213,0.818081732430103,0.0420643981572882
"GSM8121906_athero_human_13.txt.gz","Plate_588s_I13","asymptomatic","vsmc","vsmc_S1",1.06764008385429,1.02969527183642,-0.448299618554047
"GSM8121906_athero_human_13.txt.gz","Plate_588s_I14","asymptomatic","vsmc","vsmc_S2",0.989619772648726,0.779081156842712,0.0966896187847667
"GSM8121906_athero_human_13.txt.gz","Plate_588s_I15","asymptomatic","vsmc","vsmc_S1",0.919691916062217,0.85623148792597,-0.224511480625402
"GSM8121906_athero_human_13.txt.gz","Plate_588s_I16","asymptomatic","vsmc","vsmc_S1",0.965755472793131,0.868303300193076,-0.158449245118505
"GSM8121906_athero_human_13.txt.gz","Plate_588s_I19","asymptomatic","vsmc","vsmc_S1",0.725586756331192,0.575964841784015,-0.094726243246401
"GSM8121906_athero_human_13.txt.gz","Plate_588s_I21","asymptomatic","vsmc","vsmc_S1",0.86481779280973,0.757116508890294,-0.214942666216904
"GSM8121906_athero_human_13.txt.gz","Plate_588s_I23","asymptomatic","vsmc","vsmc_S1",0.66324667928287,0.70557809537681,-0.288641001358612
"GSM8121906_athero_human_13.txt.gz","Plate_588s_I24","asymptomatic","vsmc","vsmc_S1",0.899439958808417,0.880032640888312,-0.352980124784452
"GSM8121906_athero_human_13.txt.gz","Plate_588s_J02","asymptomatic","vsmc","vsmc_S1",1.01321112785788,0.949547884225895,-0.112064999695821
"GSM8121906_athero_human_13.txt.gz","Plate_588s_J05","asymptomatic","vsmc","vsmc_S2",0.915058115079412,1.01902356211337,0.304206162544767
"GSM8121906_athero_human_13.txt.gz","Plate_588s_J06","asymptomatic","vsmc","vsmc_S1",1.2860833049422,1.19234105777922,-0.383350680639805
"GSM8121906_athero_human_13.txt.gz","Plate_588s_J07","asymptomatic","vsmc","vsmc_S1",1.15633650784947,1.04079352924963,-0.312968742651375
"GSM8121906_athero_human_13.txt.gz","Plate_588s_J09","asymptomatic","vsmc","vsmc_S1",0.907801121521953,0.836625474381583,-0.13512632065914
"GSM8121906_athero_human_13.txt.gz","Plate_588s_J10","asymptomatic","vsmc","vsmc_S1",1.18587357753358,0.903643197503628,-0.166567375314893
"GSM8121906_athero_human_13.txt.gz","Plate_588s_J14","asymptomatic","vsmc","vsmc_S2",1.14506192258573,0.969505639937299,0.192886931709569
"GSM8121906_athero_human_13.txt.gz","Plate_588s_J15","asymptomatic","vsmc","vsmc_S2",0.89037875459913,0.642319436910986,0.153650706144743
"GSM8121906_athero_human_13.txt.gz","Plate_588s_J16","asymptomatic","vsmc","vsmc_S2",1.07164299805996,0.90850581745396,0.197203839544083
"GSM8121906_athero_human_13.txt.gz","Plate_588s_J18","asymptomatic","vsmc","vsmc_S2",1.075695045651,1.25625381260758,0.0298211243300034
"GSM8121906_athero_human_13.txt.gz","Plate_588s_J19","asymptomatic","vsmc","vsmc_S1",0.711054294369103,0.683409171345912,-0.00184099393546068
"GSM8121906_athero_human_13.txt.gz","Plate_588s_J20","asymptomatic","vsmc","vsmc_S1",1.22753766895532,1.37978062363643,-0.130792318021935
"GSM8121906_athero_human_13.txt.gz","Plate_588s_J21","asymptomatic","vsmc","vsmc_S1",1.20560548842145,1.00401936599853,-0.277817456166873
"GSM8121906_athero_human_13.txt.gz","Plate_588s_J23","asymptomatic","vsmc","vsmc_S1",0.797464853927213,0.852771629418983,-0.408619993827206
"GSM8121906_athero_human_13.txt.gz","Plate_588s_K02","asymptomatic","vsmc","vsmc_S1",1.06602295493791,0.877035313566169,-0.174815469080053
"GSM8121906_athero_human_13.txt.gz","Plate_588s_K03","asymptomatic","vsmc","vsmc_S2",1.1877228511576,1.38748066247055,0.214508573257478
"GSM8121906_athero_human_13.txt.gz","Plate_588s_K06","asymptomatic","vsmc","vsmc_S1",0.9694921295535,0.830285204210139,-0.223425416611878
"GSM8121906_athero_human_13.txt.gz","Plate_588s_K08","asymptomatic","vsmc","vsmc_S1",1.09307742473215,0.972370520793961,-0.282668862208972
"GSM8121906_athero_human_13.txt.gz","Plate_588s_K09","asymptomatic","vsmc","vsmc_S1",0.538303898857506,0.309584597301086,0.150036308672621
"GSM8121906_athero_human_13.txt.gz","Plate_588s_K11","asymptomatic","vsmc","vsmc_S2",0.947318752148253,1.34669329443617,0.0260521779231337
"GSM8121906_athero_human_13.txt.gz","Plate_588s_K14","asymptomatic","vsmc","vsmc_S1",1.12586988497513,0.990486089076202,-0.224130572527307
"GSM8121906_athero_human_13.txt.gz","Plate_588s_K15","asymptomatic","vsmc","vsmc_S1",0.712245303099853,0.634320811567793,-0.160145899042032
"GSM8121906_athero_human_13.txt.gz","Plate_588s_K17","asymptomatic","vsmc","vsmc_S1",0.743578421016089,0.660452933483252,-0.0307120329625806
"GSM8121906_athero_human_13.txt.gz","Plate_588s_K18","asymptomatic","vsmc","vsmc_S1",0.789637861328797,0.730723768367911,-0.00809940056225447
"GSM8121906_athero_human_13.txt.gz","Plate_588s_K19","asymptomatic","vsmc","vsmc_S1",0.433501580897308,0.340036147453061,-0.0844767108497636
"GSM8121906_athero_human_13.txt.gz","Plate_588s_K21","asymptomatic","vsmc","vsmc_S2",0.991508743282639,0.837779883632322,0.171400565572219
"GSM8121906_athero_human_13.txt.gz","Plate_588s_K23","asymptomatic","vsmc","vsmc_S1",0.96644683595765,0.841140826218534,-0.127797295955496
"GSM8121906_athero_human_13.txt.gz","Plate_588s_K24","asymptomatic","vsmc","vsmc_S1",0.648332059048245,0.598065444630217,0.103265424472224
"GSM8121906_athero_human_13.txt.gz","Plate_588s_L04","asymptomatic","vsmc","vsmc_S1",0.98752911914746,0.876889342397112,-0.272123957609135
"GSM8121906_athero_human_13.txt.gz","Plate_588s_L05","asymptomatic","vsmc","vsmc_S1",0.460260415652149,0.3774612900187,-0.0271782510654786
"GSM8121906_athero_human_13.txt.gz","Plate_588s_L08","asymptomatic","vsmc","vsmc_S1",0.890168699430582,0.851799487643241,-0.187901373479702
"GSM8121906_athero_human_13.txt.gz","Plate_588s_L09","asymptomatic","vsmc","vsmc_S1",0.587432965299078,0.396046865885406,-0.292716256753004
"GSM8121906_athero_human_13.txt.gz","Plate_588s_L10","asymptomatic","vsmc","vsmc_S2",1.08183783300331,0.799830185361851,0.174302120090877
"GSM8121906_athero_human_13.txt.gz","Plate_588s_L12","asymptomatic","vsmc","vsmc_S1",0.796637918458206,0.632672462320048,-0.331156423918988
"GSM8121906_athero_human_13.txt.gz","Plate_588s_L14","asymptomatic","vsmc","vsmc_S1",1.05460115621173,0.930401113355615,-0.133360363711463
"GSM8121906_athero_human_13.txt.gz","Plate_588s_L15","asymptomatic","vsmc","vsmc_S1",0.79296312823786,0.707807017337875,-0.500338517199019
"GSM8121906_athero_human_13.txt.gz","Plate_588s_L18","asymptomatic","vsmc","vsmc_S1",0.467078195780572,0.351442892416043,-0.221545721373626
"GSM8121906_athero_human_13.txt.gz","Plate_588s_L20","asymptomatic","vsmc","vsmc_S1",1.08317167474734,1.5240876853684,-0.395619172592484
"GSM8121906_athero_human_13.txt.gz","Plate_588s_L21","asymptomatic","vsmc","vsmc_S2",1.09031990211786,0.95312859259707,0.0753681494329495
"GSM8121906_athero_human_13.txt.gz","Plate_588s_L22","asymptomatic","vsmc","vsmc_S1",1.11388607878428,1.00514119937311,-0.178201868520934
"GSM8121906_athero_human_13.txt.gz","Plate_588s_L23","asymptomatic","vsmc","vsmc_S1",0.937552872601063,0.798437279346287,0.0751210087935491
"GSM8121906_athero_human_13.txt.gz","Plate_588s_L24","asymptomatic","vsmc","vsmc_S1",0.70391942536717,0.603163394857403,-0.538908818722729
"GSM8121906_athero_human_13.txt.gz","Plate_588s_M02","asymptomatic","vsmc","vsmc_S1",1.02367361271367,1.00228693437451,-0.0985125772370068
"GSM8121906_athero_human_13.txt.gz","Plate_588s_M03","asymptomatic","vsmc","vsmc_S1",0.96472274833993,0.87820553540506,-0.0712135127635482
"GSM8121906_athero_human_13.txt.gz","Plate_588s_M06","asymptomatic","vsmc","vsmc_S1",0.928727275174444,0.863796624753761,-0.273195739343625
"GSM8121906_athero_human_13.txt.gz","Plate_588s_M07","asymptomatic","vsmc","vsmc_S1",0.927056723041158,1.31646890839573,-0.301925338577032
"GSM8121906_athero_human_13.txt.gz","Plate_588s_M09","asymptomatic","vsmc","vsmc_S1",0.839881095538889,0.736567354961187,-0.131439764951793
"GSM8121906_athero_human_13.txt.gz","Plate_588s_M10","asymptomatic","vsmc","vsmc_S1",0.47707571123205,0.501742185654501,-0.0717254641456849
"GSM8121906_athero_human_13.txt.gz","Plate_588s_M14","asymptomatic","vsmc","vsmc_S1",1.14548182808976,0.984462577523388,-0.0605558687108722
"GSM8121906_athero_human_13.txt.gz","Plate_588s_M15","asymptomatic","vsmc","vsmc_S2",0.714802822142382,0.52602595327908,0.269351681174873
"GSM8121906_athero_human_13.txt.gz","Plate_588s_M18","asymptomatic","vsmc","vsmc_S1",1.23741878834783,1.12889694092841,-0.372567903098404
"GSM8121906_athero_human_13.txt.gz","Plate_588s_M19","asymptomatic","vsmc","vsmc_S2",0.686321516850247,0.618942033496515,0.248025692143609
"GSM8121906_athero_human_13.txt.gz","Plate_588s_M20","asymptomatic","vsmc","vsmc_S1",1.22647859614683,1.13399434306199,-0.11979838939245
"GSM8121906_athero_human_13.txt.gz","Plate_588s_M22","asymptomatic","vsmc","vsmc_S1",0.802739756541499,0.741584159777778,-0.193219300550917
"GSM8121906_athero_human_13.txt.gz","Plate_588s_N01","asymptomatic","vsmc","vsmc_S1",0.593977850564217,0.443460158697605,-0.214210228486181
"GSM8121906_athero_human_13.txt.gz","Plate_588s_N02","asymptomatic","vsmc","vsmc_S1",0.88336556329329,0.763608381825862,0.0501130073758928
"GSM8121906_athero_human_13.txt.gz","Plate_588s_N06","asymptomatic","vsmc","vsmc_S1",0.992830418134102,0.742383094541712,-0.232920574595437
"GSM8121906_athero_human_13.txt.gz","Plate_588s_N07","asymptomatic","vsmc","vsmc_S1",1.11397017495354,0.798625435994492,-0.375348669310043
"GSM8121906_athero_human_13.txt.gz","Plate_588s_N10","asymptomatic","vsmc","vsmc_S2",0.986016773897805,0.852956307522465,0.151903709700586
"GSM8121906_athero_human_13.txt.gz","Plate_588s_N12","asymptomatic","vsmc","vsmc_S1",1.1956733281885,1.88783184519875,-0.32012243774377
"GSM8121906_athero_human_13.txt.gz","Plate_588s_N13","asymptomatic","vsmc","vsmc_S1",0.939643515037093,0.74317245335097,-0.257060237998599
"GSM8121906_athero_human_13.txt.gz","Plate_588s_N14","asymptomatic","vsmc","vsmc_S1",1.00715961004474,0.932897854698913,-0.453165640077499
"GSM8121906_athero_human_13.txt.gz","Plate_588s_N18","asymptomatic","vsmc","vsmc_S1",0.993025828845221,0.99014022570208,-0.51776381686995
"GSM8121906_athero_human_13.txt.gz","Plate_588s_N20","asymptomatic","vsmc","vsmc_S1",0.390317033069451,0.431006094677915,0.0442249674909516
"GSM8121906_athero_human_13.txt.gz","Plate_588s_N22","asymptomatic","vsmc","vsmc_S2",1.07147044594645,0.919913425167274,0.280266846610207
"GSM8121906_athero_human_13.txt.gz","Plate_588s_N23","asymptomatic","vsmc","vsmc_S1",0.994537099219885,0.943218535004092,-0.174142061285742
"GSM8121906_athero_human_13.txt.gz","Plate_588s_N24","asymptomatic","vsmc","vsmc_S1",1.04494326497826,0.782797861856677,-0.327330169197425
"GSM8121906_athero_human_13.txt.gz","Plate_588s_O05","asymptomatic","vsmc","vsmc_S2",0.843354748134336,0.548177582150878,0.244449349203839
"GSM8121906_athero_human_13.txt.gz","Plate_588s_O06","asymptomatic","vsmc","vsmc_S2",0.816819426249832,0.505575164243593,0.160026534108684
"GSM8121906_athero_human_13.txt.gz","Plate_588s_O07","asymptomatic","vsmc","vsmc_S1",0.867117103365153,0.779011723012585,-0.253216741784118
"GSM8121906_athero_human_13.txt.gz","Plate_588s_O08","asymptomatic","vsmc","vsmc_S2",0.919973982776993,0.801889825080493,0.252657018361618
"GSM8121906_athero_human_13.txt.gz","Plate_588s_O10","asymptomatic","vsmc","vsmc_S1",0.965944378319073,0.823320934178713,-0.120943089857231
"GSM8121906_athero_human_13.txt.gz","Plate_588s_O11","asymptomatic","vsmc","vsmc_S1",1.16672039720792,1.01530406011453,-0.415198029289917
"GSM8121906_athero_human_13.txt.gz","Plate_588s_O12","asymptomatic","vsmc","vsmc_S1",0.466891858080028,0.226667883002013,0.118097102987623
"GSM8121906_athero_human_13.txt.gz","Plate_588s_O15","asymptomatic","vsmc","vsmc_S1",0.585125149601243,0.514646756127691,-0.0269890866608788
"GSM8121906_athero_human_13.txt.gz","Plate_588s_O16","asymptomatic","vsmc","vsmc_S1",0.854300107183568,0.681547617154328,-0.0195493376973854
"GSM8121906_athero_human_13.txt.gz","Plate_588s_O18","asymptomatic","vsmc","vsmc_S1",0.857576511661297,0.730603305258397,0.0569633326026639
"GSM8121906_athero_human_13.txt.gz","Plate_588s_O22","asymptomatic","vsmc","vsmc_S1",0.536626973674768,0.633721558852876,-0.108688001900675
"GSM8121906_athero_human_13.txt.gz","Plate_588s_O24","asymptomatic","vsmc","vsmc_S1",1.12633820001972,1.04867726639904,-0.281483980415281
"GSM8121906_athero_human_13.txt.gz","Plate_588s_P03","asymptomatic","vsmc","vsmc_S1",1.13250847762452,1.02950932367299,-0.23638104880116
"GSM8121906_athero_human_13.txt.gz","Plate_588s_P15","asymptomatic","vsmc","vsmc_S1",0.374046783930663,0.323789848275731,-0.0802652530441699
"GSM8121906_athero_human_13.txt.gz","Plate_588s_P17","asymptomatic","vsmc","vsmc_S1",1.1560336602693,1.05544820225891,-0.325591857669861
"GSM8121906_athero_human_13.txt.gz","Plate_588s_P18","asymptomatic","vsmc","vsmc_S1",1.02114886323023,0.925119690788223,-0.155696317084862
"GSM8121906_athero_human_13.txt.gz","Plate_588s_P20","asymptomatic","vsmc","vsmc_S1",0.347978861772399,0.352954321303997,-0.158497726655087
"GSM8121906_athero_human_13.txt.gz","Plate_589s_A01","asymptomatic","vsmc","vsmc_S1",0.714271623853289,0.890458629287975,0.0140222617183668
"GSM8121906_athero_human_13.txt.gz","Plate_589s_A05","asymptomatic","vsmc","vsmc_S1",1.01765761042641,0.872934321172249,-0.0774214932764036
"GSM8121906_athero_human_13.txt.gz","Plate_589s_A08","asymptomatic","vsmc","vsmc_S1",0.600347632679755,0.574145279365065,0.0616435875564201
"GSM8121906_athero_human_13.txt.gz","Plate_589s_A15","asymptomatic","vsmc","vsmc_S1",0.736372203382809,0.679853848954643,-0.0363256208431371
"GSM8121906_athero_human_13.txt.gz","Plate_589s_A16","asymptomatic","vsmc","vsmc_S1",0.636997438112839,0.533679993451789,0.0584177526406443
"GSM8121906_athero_human_13.txt.gz","Plate_589s_B02","asymptomatic","vsmc","vsmc_S1",0.705130351729773,0.668836159451634,0.0390717866291313
"GSM8121906_athero_human_13.txt.gz","Plate_589s_B03","asymptomatic","vsmc","vsmc_S2",1.04308388116604,0.877567515677742,0.146124789457151
"GSM8121906_athero_human_13.txt.gz","Plate_589s_B05","asymptomatic","vsmc","vsmc_S1",0.762709946141969,0.667606778208357,-0.133404542907037
"GSM8121906_athero_human_13.txt.gz","Plate_589s_B14","asymptomatic","vsmc","vsmc_S1",1.10869570822274,1.08010548365939,-0.0953955037963917
"GSM8121906_athero_human_13.txt.gz","Plate_589s_B15","asymptomatic","vsmc","vsmc_S1",0.462816442606531,0.419532135758855,0.114834651552113
"GSM8121906_athero_human_13.txt.gz","Plate_589s_B18","asymptomatic","vsmc","vsmc_S1",0.334002891719119,0.279217677019235,-0.0896119198835282
"GSM8121906_athero_human_13.txt.gz","Plate_589s_C07","asymptomatic","vsmc","vsmc_S1",1.03537736710097,0.948552132288103,-0.0410239163770077
"GSM8121906_athero_human_13.txt.gz","Plate_589s_C10","asymptomatic","vsmc","vsmc_S3",1.29014651010681,2.21781413950942,-0.377477984167409
"GSM8121906_athero_human_13.txt.gz","Plate_589s_C12","asymptomatic","vsmc","vsmc_S1",0.774487455955428,0.63391068618176,-0.0900660475143214
"GSM8121906_athero_human_13.txt.gz","Plate_589s_C13","asymptomatic","vsmc","vsmc_S1",0.803495121330788,0.731724326775338,0.1001929584893
"GSM8121906_athero_human_13.txt.gz","Plate_589s_C14","asymptomatic","vsmc","vsmc_S2",1.02798021294139,1.14529714318094,0.135453743060562
"GSM8121906_athero_human_13.txt.gz","Plate_589s_C18","asymptomatic","vsmc","vsmc_S1",0.906403555562982,0.800447698572454,-0.116188540484141
"GSM8121906_athero_human_13.txt.gz","Plate_589s_C19","asymptomatic","vsmc","vsmc_S1",0.781745805139888,0.727054467964822,-0.240405281312792
"GSM8121906_athero_human_13.txt.gz","Plate_589s_C22","asymptomatic","vsmc","vsmc_S1",0.95258769335707,0.808523299504963,0.0832502594507394
"GSM8121906_athero_human_13.txt.gz","Plate_589s_D01","asymptomatic","vsmc","vsmc_S1",0.579097213831927,0.51714156753173,-0.00841350229205179
"GSM8121906_athero_human_13.txt.gz","Plate_589s_D08","asymptomatic","vsmc","vsmc_S1",1.0234930710182,0.833887067106032,-0.0553003790914386
"GSM8121906_athero_human_13.txt.gz","Plate_589s_D11","asymptomatic","vsmc","vsmc_S1",0.743233290376152,0.868300674128626,-0.163960291335336
"GSM8121906_athero_human_13.txt.gz","Plate_589s_D20","asymptomatic","vsmc","vsmc_S1",0.803759221758369,0.730985075701669,-0.0909084587538603
"GSM8121906_athero_human_13.txt.gz","Plate_589s_D21","asymptomatic","vsmc","vsmc_S1",0.903517243364556,0.770588465758829,-0.0771392791766719
"GSM8121906_athero_human_13.txt.gz","Plate_589s_E01","asymptomatic","vsmc","vsmc_S1",1.16754755098342,1.13154422408458,-0.345644552078607
"GSM8121906_athero_human_13.txt.gz","Plate_589s_E02","asymptomatic","vsmc","vsmc_S1",0.90816773786992,0.803169606030504,-0.121621270434959
"GSM8121906_athero_human_13.txt.gz","Plate_589s_E06","asymptomatic","vsmc","vsmc_S1",1.22284441319165,1.89454515492861,-0.44910298368995
"GSM8121906_athero_human_13.txt.gz","Plate_589s_E12","asymptomatic","vsmc","vsmc_S1",0.914666261414381,0.805595179294519,0.0373974637277299
"GSM8121906_athero_human_13.txt.gz","Plate_589s_E16","asymptomatic","vsmc","vsmc_S1",0.705895934543714,0.843163802054519,0.00251941215568502
"GSM8121906_athero_human_13.txt.gz","Plate_589s_E18","asymptomatic","vsmc","vsmc_S1",0.510823153605602,0.413762244541674,0.11876718683398
"GSM8121906_athero_human_13.txt.gz","Plate_589s_E23","asymptomatic","vsmc","vsmc_S1",0.959665132893426,0.828591745921504,-0.0961146365435065
"GSM8121906_athero_human_13.txt.gz","Plate_589s_F02","asymptomatic","vsmc","vsmc_S2",0.930413977427436,0.786859974949969,0.219489036874897
"GSM8121906_athero_human_13.txt.gz","Plate_589s_F04","asymptomatic","vsmc","vsmc_S1",0.774742116113293,0.630327563097703,-0.105868973454825
"GSM8121906_athero_human_13.txt.gz","Plate_589s_F06","asymptomatic","vsmc","vsmc_S1",0.697215807020969,0.652141130209588,-0.188240712764649
"GSM8121906_athero_human_13.txt.gz","Plate_589s_F09","asymptomatic","vsmc","vsmc_S1",0.800521135328205,0.782946985317371,-0.195935504542694
"GSM8121906_athero_human_13.txt.gz","Plate_589s_F17","asymptomatic","vsmc","vsmc_S2",0.929453506655261,0.833972029865835,0.250923605200797
"GSM8121906_athero_human_13.txt.gz","Plate_589s_F19","asymptomatic","vsmc","vsmc_S1",0.822056965776013,0.508226271887505,0.016417713882158
"GSM8121906_athero_human_13.txt.gz","Plate_589s_F20","asymptomatic","vsmc","vsmc_S1",0.849160475551007,0.616919899683481,0.074404917334605
"GSM8121906_athero_human_13.txt.gz","Plate_589s_F23","asymptomatic","vsmc","vsmc_S2",1.12446787614976,0.925921377586555,0.181949540682759
"GSM8121906_athero_human_13.txt.gz","Plate_589s_G03","asymptomatic","vsmc","vsmc_S2",1.16945857622187,0.852956003466323,0.134581917067664
"GSM8121906_athero_human_13.txt.gz","Plate_589s_G04","asymptomatic","vsmc","vsmc_S1",0.763651834946423,0.681086075676102,-0.457442852512025
"GSM8121906_athero_human_13.txt.gz","Plate_589s_G14","asymptomatic","vsmc","vsmc_S2",0.829289131029197,0.798602361831013,0.133765665421937
"GSM8121906_athero_human_13.txt.gz","Plate_589s_G17","asymptomatic","vsmc","vsmc_S2",0.897152126570387,0.754221922709263,0.223823482886367
"GSM8121906_athero_human_13.txt.gz","Plate_589s_G18","asymptomatic","vsmc","vsmc_S1",0.785640395849601,0.745191918051438,-0.101606016805946
"GSM8121906_athero_human_13.txt.gz","Plate_589s_G21","asymptomatic","vsmc","vsmc_S1",0.94910472607907,0.81630894800216,-0.0913040482058724
"GSM8121906_athero_human_13.txt.gz","Plate_589s_G24","asymptomatic","vsmc","vsmc_S1",1.03330205227642,0.846017555898447,-0.0374195472567192
"GSM8121906_athero_human_13.txt.gz","Plate_589s_H01","asymptomatic","vsmc","vsmc_S1",1.07585345484338,1.12629261909155,-0.158435225432883
"GSM8121906_athero_human_13.txt.gz","Plate_589s_H02","asymptomatic","vsmc","vsmc_S2",0.943637805155583,0.990137934914061,0.0767538947685938
"GSM8121906_athero_human_13.txt.gz","Plate_589s_H05","asymptomatic","vsmc","vsmc_S1",1.0180519711898,0.961586563665272,-0.0716059593008748
"GSM8121906_athero_human_13.txt.gz","Plate_589s_H12","asymptomatic","vsmc","vsmc_S1",0.774454563869721,0.771714742163997,-0.298909095764351
"GSM8121906_athero_human_13.txt.gz","Plate_589s_H13","asymptomatic","vsmc","vsmc_S1",1.24299545382191,0.860675886914666,-0.00399325031288965
"GSM8121906_athero_human_13.txt.gz","Plate_589s_H17","asymptomatic","vsmc","vsmc_S1",0.874254237235345,0.790591847867077,-0.0896972633402215
"GSM8121906_athero_human_13.txt.gz","Plate_589s_I01","asymptomatic","vsmc","vsmc_S1",0.938939983201956,1.33157800855695,-0.141265205621141
"GSM8121906_athero_human_13.txt.gz","Plate_589s_I05","asymptomatic","vsmc","vsmc_S2",1.07450539487006,0.882164033262482,0.33914418385634
"GSM8121906_athero_human_13.txt.gz","Plate_589s_I09","asymptomatic","vsmc","vsmc_S1",1.25730338304217,1.32388663486462,-0.222974089067827
"GSM8121906_athero_human_13.txt.gz","Plate_589s_I12","asymptomatic","vsmc","vsmc_S1",0.743862104475942,0.799203604265777,0.0644453791396454
"GSM8121906_athero_human_13.txt.gz","Plate_589s_J10","asymptomatic","vsmc","vsmc_S1",0.752226526200994,0.709812068290313,0.00387056016331597
"GSM8121906_athero_human_13.txt.gz","Plate_589s_K02","asymptomatic","vsmc","vsmc_S1",1.0365392930332,0.894203731390999,-0.189350020115186
"GSM8121906_athero_human_13.txt.gz","Plate_589s_K05","asymptomatic","vsmc","vsmc_S1",0.933435838548379,0.785135641168442,0.0533608732882706
"GSM8121906_athero_human_13.txt.gz","Plate_589s_K06","asymptomatic","vsmc","vsmc_S1",1.08014073277992,0.911645657538528,-0.158217605866957
"GSM8121906_athero_human_13.txt.gz","Plate_589s_K07","asymptomatic","vsmc","vsmc_S1",0.79702898559924,0.721964989997533,-0.0438019040851658
"GSM8121906_athero_human_13.txt.gz","Plate_589s_K09","asymptomatic","vsmc","vsmc_S1",0.596639299902581,0.493401680545672,0.000991464642061494
"GSM8121906_athero_human_13.txt.gz","Plate_589s_K11","asymptomatic","vsmc","vsmc_S1",0.406911455577146,0.317746464132687,0.106259314561408
"GSM8121906_athero_human_13.txt.gz","Plate_589s_K13","asymptomatic","vsmc","vsmc_S2",0.976676738886244,0.720753619829822,0.141887185462135
"GSM8121906_athero_human_13.txt.gz","Plate_589s_K19","asymptomatic","vsmc","vsmc_S1",0.937248116574841,0.761613759440476,-0.0504244308669484
"GSM8121906_athero_human_13.txt.gz","Plate_589s_L06","asymptomatic","vsmc","vsmc_S1",0.910486301283182,0.569001931426931,0.0646247548971276
"GSM8121906_athero_human_13.txt.gz","Plate_589s_L09","asymptomatic","vsmc","vsmc_S1",0.351282863705758,0.224772222000793,0.122086130388678
"GSM8121906_athero_human_13.txt.gz","Plate_589s_L13","asymptomatic","vsmc","vsmc_S1",0.574159760166635,0.536802168113195,0.0787202998662934
"GSM8121906_athero_human_13.txt.gz","Plate_589s_L22","asymptomatic","vsmc","vsmc_S1",0.945001224202127,0.783177402297182,-0.45229741040871
"GSM8121906_athero_human_13.txt.gz","Plate_589s_M04","asymptomatic","vsmc","vsmc_S1",0.574824213058233,0.499199262241709,-0.188357613524455
"GSM8121906_athero_human_13.txt.gz","Plate_589s_M05","asymptomatic","vsmc","vsmc_S2",0.948586270009294,0.664924120391045,0.123256028444761
"GSM8121906_athero_human_13.txt.gz","Plate_589s_M06","asymptomatic","vsmc","vsmc_S1",0.822504220456068,0.675363929873055,0.00508200926262015
"GSM8121906_athero_human_13.txt.gz","Plate_589s_M09","asymptomatic","vsmc","vsmc_S2",0.937142075205027,0.591921210526185,0.297604054988042
"GSM8121906_athero_human_13.txt.gz","Plate_589s_M10","asymptomatic","vsmc","vsmc_S1",1.00372473265745,0.833593455635434,0.0634085808814085
"GSM8121906_athero_human_13.txt.gz","Plate_589s_M23","asymptomatic","vsmc","vsmc_S1",0.810156939025487,0.622466727099521,0.0506209242140573
"GSM8121906_athero_human_13.txt.gz","Plate_589s_M24","asymptomatic","vsmc","vsmc_S2",0.983350864630346,0.791267370347528,0.173340680061249
"GSM8121906_athero_human_13.txt.gz","Plate_589s_N01","asymptomatic","vsmc","vsmc_S1",0.994552453425007,0.840726202636536,-0.134305784910788
"GSM8121906_athero_human_13.txt.gz","Plate_589s_N04","asymptomatic","vsmc","vsmc_S1",0.727115698659003,0.723295092485218,0.0151105739269452
"GSM8121906_athero_human_13.txt.gz","Plate_589s_N06","asymptomatic","vsmc","vsmc_S2",0.807982903358551,0.701757442722122,0.360214523449616
"GSM8121906_athero_human_13.txt.gz","Plate_589s_N08","asymptomatic","vsmc","vsmc_S1",0.92584848827754,0.837471819623177,-0.284500602699378
"GSM8121906_athero_human_13.txt.gz","Plate_599s_A02","asymptomatic","vsmc","vsmc_S1",0.915165883032516,0.825474528934688,0.0107054339742769
"GSM8121906_athero_human_13.txt.gz","Plate_599s_A06","asymptomatic","vsmc","vsmc_S1",0.902694280242651,0.843379029674099,-0.366204616027328
"GSM8121906_athero_human_13.txt.gz","Plate_599s_A07","asymptomatic","vsmc","vsmc_S1",1.08508493195425,1.37674671370383,-0.114792683080991
"GSM8121906_athero_human_13.txt.gz","Plate_599s_A10","asymptomatic","vsmc","vsmc_S1",1.15915711035804,1.04427263774907,-0.237646294145611
"GSM8121906_athero_human_13.txt.gz","Plate_599s_A15","asymptomatic","vsmc","vsmc_S1",0.959453278154552,1.39095882892849,-0.253312042489357
"GSM8121906_athero_human_13.txt.gz","Plate_599s_A16","asymptomatic","vsmc","vsmc_S2",0.987281472348392,1.05880398335663,0.0901895113159308
"GSM8121906_athero_human_13.txt.gz","Plate_599s_A20","asymptomatic","vsmc","vsmc_S1",0.942210164138596,0.853403269481633,-0.0568046538016153
"GSM8121906_athero_human_13.txt.gz","Plate_599s_A21","asymptomatic","vsmc","vsmc_S1",0.776907470900391,0.709132835315907,-0.340966291497381
"GSM8121906_athero_human_13.txt.gz","Plate_599s_A22","asymptomatic","vsmc","vsmc_S1",0.848185901218818,0.825656511340328,-0.331165907504474
"GSM8121906_athero_human_13.txt.gz","Plate_599s_A23","asymptomatic","vsmc","vsmc_S1",0.729604974270909,0.601486724941883,-0.11175940415497
"GSM8121906_athero_human_13.txt.gz","Plate_599s_B05","asymptomatic","vsmc","vsmc_S1",1.09863906501034,1.0355958900965,-0.370055164472489
"GSM8121906_athero_human_13.txt.gz","Plate_599s_B09","asymptomatic","vsmc","vsmc_S1",0.793433844587026,0.720517711707672,-0.327688131622314
"GSM8121906_athero_human_13.txt.gz","Plate_599s_B12","asymptomatic","vsmc","vsmc_S1",1.00199038342376,0.902442894842098,0.0364998229281643
"GSM8121906_athero_human_13.txt.gz","Plate_599s_B16","asymptomatic","vsmc","vsmc_S1",1.00639395509391,0.914221538188405,-0.224311114906056
"GSM8121906_athero_human_13.txt.gz","Plate_599s_B22","asymptomatic","vsmc","vsmc_S2",0.968747533658605,1.48395317990999,0.140736211198809
"GSM8121906_athero_human_13.txt.gz","Plate_599s_C10","asymptomatic","vsmc","vsmc_S1",0.814296292559526,0.74754481030449,0.11390000907359
"GSM8121906_athero_human_13.txt.gz","Plate_599s_C19","asymptomatic","vsmc","vsmc_S1",0.883145578150178,0.786238671362448,-0.246544879019317
"GSM8121906_athero_human_13.txt.gz","Plate_599s_C21","asymptomatic","vsmc","vsmc_S1",0.782043120193963,0.727959745640763,-0.35835187015542
"GSM8121906_athero_human_13.txt.gz","Plate_599s_C22","asymptomatic","vsmc","vsmc_S1",0.613487436939195,0.344914059025129,0.0542960717969239
"GSM8121906_athero_human_13.txt.gz","Plate_599s_C23","asymptomatic","vsmc","vsmc_S1",0.704805559525903,0.649970316322756,-0.0860020974760911
"GSM8121906_athero_human_13.txt.gz","Plate_599s_D05","asymptomatic","vsmc","vsmc_S1",1.13065276583219,1.0073380760087,-0.224087321470689
"GSM8121906_athero_human_13.txt.gz","Plate_599s_D06","asymptomatic","vsmc","vsmc_S1",0.895644617677124,0.552189879486529,-0.314349840211572
"GSM8121906_athero_human_13.txt.gz","Plate_599s_D10","asymptomatic","vsmc","vsmc_S1",1.00289757436195,0.878566244394489,-0.303803850610963
"GSM8121906_athero_human_13.txt.gz","Plate_599s_D11","asymptomatic","vsmc","vsmc_S1",0.706388579169463,0.662803081259909,-0.0444332117508581
"GSM8121906_athero_human_13.txt.gz","Plate_599s_E03","asymptomatic","vsmc","vsmc_S1",1.03307387840093,0.887151566162324,-0.00728847174709695
"GSM8121906_athero_human_13.txt.gz","Plate_599s_E13","asymptomatic","vsmc","vsmc_S1",1.07773288409363,1.38073509735268,-0.381218995388961
"GSM8121906_athero_human_13.txt.gz","Plate_599s_E16","asymptomatic","vsmc","vsmc_S1",0.907016689435747,0.804716582666101,0.0423887511291239
"GSM8121906_athero_human_13.txt.gz","Plate_599s_F05","asymptomatic","vsmc","vsmc_S1",0.884338952924897,0.817127724081904,-0.00398567485399245
"GSM8121906_athero_human_13.txt.gz","Plate_599s_F22","asymptomatic","vsmc","vsmc_S1",1.03126927802996,0.812855268521366,-0.406045029026291
"GSM8121906_athero_human_13.txt.gz","Plate_599s_G03","asymptomatic","vsmc","vsmc_S1",1.10550545923369,1.01261461766033,-0.369387324192102
"GSM8121906_athero_human_13.txt.gz","Plate_599s_G12","asymptomatic","vsmc","vsmc_S1",0.967736632127033,0.855195139811766,-0.0493565018746254
"GSM8121906_athero_human_13.txt.gz","Plate_599s_G14","asymptomatic","vsmc","vsmc_S1",0.614583980366861,0.63356875108573,-0.277456438382631
"GSM8121906_athero_human_13.txt.gz","Plate_599s_G17","asymptomatic","vsmc","vsmc_S1",0.999974467977407,0.86938890556212,-0.0550097100740746
"GSM8121906_athero_human_13.txt.gz","Plate_599s_G18","asymptomatic","vsmc","vsmc_S1",0.885575183151521,0.69309823194448,-0.330463412585959
"GSM8121906_athero_human_13.txt.gz","Plate_599s_H02","asymptomatic","vsmc","vsmc_S1",0.932952965505284,0.819451272454496,0.0333122115603184
"GSM8121906_athero_human_13.txt.gz","Plate_599s_I05","asymptomatic","vsmc","vsmc_S1",1.08937593372721,0.958734591209367,-0.433779746982908
"GSM8121906_athero_human_13.txt.gz","Plate_599s_I09","asymptomatic","vsmc","vsmc_S1",0.616930620709041,0.5781447787112,-0.168523745061411
"GSM8121906_athero_human_13.txt.gz","Plate_599s_I10","asymptomatic","vsmc","vsmc_S1",0.940707635326677,0.796840233481301,-0.267131688792189
"GSM8121906_athero_human_13.txt.gz","Plate_599s_I12","asymptomatic","vsmc","vsmc_S1",0.814486226041518,0.724628996135448,-0.16067062827094
"GSM8121906_athero_human_13.txt.gz","Plate_599s_I15","asymptomatic","vsmc","vsmc_S1",0.959675952681081,0.784245925592777,-0.179651316020452
"GSM8121906_athero_human_13.txt.gz","Plate_599s_I16","asymptomatic","vsmc","vsmc_S1",0.87775051815529,0.799536073767503,-0.413866594550072
"GSM8121906_athero_human_13.txt.gz","Plate_599s_I24","asymptomatic","vsmc","vsmc_S1",0.690803005374251,0.625377456397414,-0.191054721649475
"GSM8121906_athero_human_13.txt.gz","Plate_599s_J02","asymptomatic","vsmc","vsmc_S1",0.664083569782389,0.662708376534967,-0.209636680556018
"GSM8121906_athero_human_13.txt.gz","Plate_599s_J03","asymptomatic","vsmc","vsmc_S1",0.459935812207949,0.424854902455091,-0.262759251667152
"GSM8121906_athero_human_13.txt.gz","Plate_599s_J07","asymptomatic","vsmc","vsmc_S1",1.00724458821116,0.860668844049176,-0.0681904610318907
"GSM8121906_athero_human_13.txt.gz","Plate_599s_J13","asymptomatic","vsmc","vsmc_S1",0.937293347583549,0.931401017639676,-0.456111652193089
"GSM8121906_athero_human_13.txt.gz","Plate_599s_J21","asymptomatic","vsmc","vsmc_S3",1.38680137527257,2.24365560601211,-0.22555637827007
"GSM8121906_athero_human_13.txt.gz","Plate_599s_J22","asymptomatic","vsmc","vsmc_S1",0.784136114931224,0.70142878536705,-0.1661831495958
"GSM8121906_athero_human_13.txt.gz","Plate_599s_J24","asymptomatic","vsmc","vsmc_S1",1.05446388328611,0.932596695547851,-0.280156627580465
"GSM8121906_athero_human_13.txt.gz","Plate_599s_K03","asymptomatic","vsmc","vsmc_S1",0.996717762281489,0.902088302173457,-0.38937602683448
"GSM8121906_athero_human_13.txt.gz","Plate_599s_K10","asymptomatic","vsmc","vsmc_S1",1.07438402837847,0.975562092246526,-0.216346873619616
"GSM8121906_athero_human_13.txt.gz","Plate_599s_K16","asymptomatic","vsmc","vsmc_S1",0.823277389270608,0.753100668771167,0.0340928651625418
"GSM8121906_athero_human_13.txt.gz","Plate_599s_K18","asymptomatic","vsmc","vsmc_S1",0.969281774086396,0.817088544579991,-0.202897981836002
"GSM8121906_athero_human_13.txt.gz","Plate_599s_L14","asymptomatic","vsmc","vsmc_S1",0.746548110724244,0.723062901201112,-0.198612745873382
"GSM8121906_athero_human_13.txt.gz","Plate_599s_L21","asymptomatic","vsmc","vsmc_S1",1.25163475304789,1.14163794224913,-0.30063393718676
"GSM8121906_athero_human_13.txt.gz","Plate_599s_L23","asymptomatic","vsmc","vsmc_S1",0.909392605964202,0.799451818096106,-0.286240598543993
"GSM8121906_athero_human_13.txt.gz","Plate_599s_M14","asymptomatic","vsmc","vsmc_S1",0.824992896919057,0.509313006788625,-0.377700860427312
"GSM8121906_athero_human_13.txt.gz","Plate_599s_M15","asymptomatic","vsmc","vsmc_S1",1.21697864814093,1.09298617646942,-0.392521299448574
"GSM8121906_athero_human_13.txt.gz","Plate_599s_M19","asymptomatic","vsmc","vsmc_S1",0.851532126560268,0.738907204966904,-0.362512345538395
"GSM8121906_athero_human_13.txt.gz","Plate_599s_M22","asymptomatic","vsmc","vsmc_S1",0.858580817582359,0.756157840893317,0.00742171552176239
"GSM8121906_athero_human_13.txt.gz","Plate_599s_M23","asymptomatic","vsmc","vsmc_S1",0.961984883898772,0.850036511867855,-0.160677358394397
"GSM8121906_athero_human_13.txt.gz","Plate_599s_M24","asymptomatic","vsmc","vsmc_S1",0.781985225319258,0.698084577129376,-0.287953241243899
"GSM8121906_athero_human_13.txt.gz","Plate_599s_N09","asymptomatic","vsmc","vsmc_S1",0.878296429744135,0.732379889257932,-0.0152731129344023
"GSM8121906_athero_human_13.txt.gz","Plate_599s_N10","asymptomatic","vsmc","vsmc_S1",0.449510037705022,0.420569776060202,-0.0829828913738618
"GSM8121906_athero_human_13.txt.gz","Plate_599s_N15","asymptomatic","vsmc","vsmc_S1",1.05155117983306,0.866467284788749,-0.0547537145319408
"GSM8121906_athero_human_13.txt.gz","Plate_599s_N19","asymptomatic","vsmc","vsmc_S1",1.02061884495394,0.918138297765247,-0.279728997940267
"GSM8121906_athero_human_13.txt.gz","Plate_599s_N21","asymptomatic","vsmc","vsmc_S1",0.515444445051718,0.552220888975476,-0.217352936900144
"GSM8121906_athero_human_13.txt.gz","Plate_599s_O20","asymptomatic","vsmc","vsmc_S1",0.690890168312743,0.571565396369103,-0.142210646130072
"GSM8121906_athero_human_13.txt.gz","Plate_599s_O22","asymptomatic","vsmc","vsmc_S1",0.973080903994199,0.937871732261518,-0.276758637835519
"GSM8121907_athero_human_14.txt.gz","Plate_725s_B14","asymptomatic","vsmc","vsmc_S2",1.53672654587944,1.33659799150619,0.276777715144396
"GSM8121907_athero_human_14.txt.gz","Plate_725s_G14","asymptomatic","vsmc","vsmc_S2",1.49204943870805,1.29624782924784,0.210624474850381
"GSM8121907_athero_human_14.txt.gz","Plate_725s_G17","asymptomatic","vsmc","vsmc_S2",1.48026392149442,1.30970410854244,0.496402025472064
"GSM8121907_athero_human_14.txt.gz","Plate_725s_I24","asymptomatic","vsmc","vsmc_S1",0.0262273241557941,0.963223378681448,-0.0395347960418633
"GSM8121907_athero_human_14.txt.gz","Plate_726s_A03","asymptomatic","vsmc","vsmc_S2",1.57719179538883,1.42537874163241,0.882450235920142
"GSM8121907_athero_human_14.txt.gz","Plate_726s_A04","asymptomatic","vsmc","vsmc_S1",0.207427379496705,0.242157877355901,0.241473722072934
"GSM8121907_athero_human_14.txt.gz","Plate_726s_A09","asymptomatic","vsmc","vsmc_S3",1.89438405353328,1.70528494259291,0.0813127476725942
"GSM8121907_athero_human_14.txt.gz","Plate_726s_A11","asymptomatic","vsmc","vsmc_S1",1.16369815809836,1.0063237596127,-0.102626170998581
"GSM8121907_athero_human_14.txt.gz","Plate_726s_A13","asymptomatic","vsmc","vsmc_S2",1.2325459019794,1.01057851447999,0.385584199479301
"GSM8121907_athero_human_14.txt.gz","Plate_726s_A15","asymptomatic","vsmc","vsmc_S3",1.64277663984635,1.51383267959257,-0.0108393356416527
"GSM8121907_athero_human_14.txt.gz","Plate_726s_A16","asymptomatic","vsmc","vsmc_S2",0.975259906597934,0.961744191003705,0.298829061509937
"GSM8121907_athero_human_14.txt.gz","Plate_726s_A18","asymptomatic","vsmc","vsmc_S2",1.22295045156618,1.0308071761263,0.504188281887991
"GSM8121907_athero_human_14.txt.gz","Plate_726s_A19","asymptomatic","vsmc","vsmc_S1",1.3949621530172,1.33732898989171,-0.0910610409061993
"GSM8121907_athero_human_14.txt.gz","Plate_726s_A21","asymptomatic","vsmc","vsmc_S2",0.98569982333788,0.965482146306829,0.359411640645891
"GSM8121907_athero_human_14.txt.gz","Plate_726s_B01","asymptomatic","vsmc","vsmc_S2",1.77566080905695,1.32417007482118,0.280051271729874
"GSM8121907_athero_human_14.txt.gz","Plate_726s_B08","asymptomatic","vsmc","vsmc_S2",1.2394325798316,1.0863384856701,0.0688381254325667
"GSM8121907_athero_human_14.txt.gz","Plate_726s_B10","asymptomatic","vsmc","vsmc_S3",1.79448340885522,1.88836800884703,0.0269850975887225
"GSM8121907_athero_human_14.txt.gz","Plate_726s_B12","asymptomatic","vsmc","vsmc_S2",1.69575456050593,1.65523984568283,0.37451682343827
"GSM8121907_athero_human_14.txt.gz","Plate_726s_B14","asymptomatic","vsmc","vsmc_S3",1.59201972561357,1.72168056399166,0.0768810526244434
"GSM8121907_athero_human_14.txt.gz","Plate_726s_B15","asymptomatic","vsmc","vsmc_S3",1.80900142385995,1.61588428932322,-0.10059175981629
"GSM8121907_athero_human_14.txt.gz","Plate_726s_B17","asymptomatic","vsmc","vsmc_S2",1.62783333116708,1.3827361373333,0.242242940771901
"GSM8121907_athero_human_14.txt.gz","Plate_726s_B18","asymptomatic","vsmc","vsmc_S2",1.19019922451649,0.859160454139276,0.098563623995687
"GSM8121907_athero_human_14.txt.gz","Plate_726s_B23","asymptomatic","vsmc","vsmc_S3",1.74499719441484,1.55513072356192,0.0377687286670677
"GSM8121907_athero_human_14.txt.gz","Plate_726s_C03","asymptomatic","vsmc","vsmc_S2",1.40435752268329,1.18142624386747,0.404592344236236
"GSM8121907_athero_human_14.txt.gz","Plate_726s_C04","asymptomatic","vsmc","vsmc_S1",0.509180733888555,0.547479778158294,0.156557078379996
"GSM8121907_athero_human_14.txt.gz","Plate_726s_C05","asymptomatic","vsmc","vsmc_S2",1.49767763830666,1.40423374046686,0.214481927488668
"GSM8121907_athero_human_14.txt.gz","Plate_726s_C07","asymptomatic","vsmc","vsmc_S3",1.91363822955415,1.71112359848739,0.0811963157697315
"GSM8121907_athero_human_14.txt.gz","Plate_726s_C10","asymptomatic","vsmc","vsmc_S3",1.80632915259224,1.47359807338472,0.192929914504651
"GSM8121907_athero_human_14.txt.gz","Plate_726s_C11","asymptomatic","vsmc","vsmc_S2",1.27430152797185,1.10286874328245,0.245608301824863
"GSM8121907_athero_human_14.txt.gz","Plate_726s_C17","asymptomatic","vsmc","vsmc_S2",1.2925724584537,1.22396230420517,0.242803824424831
"GSM8121907_athero_human_14.txt.gz","Plate_726s_C20","asymptomatic","vsmc","vsmc_S2",0.814515390974584,0.69856993050312,0.203507997735906
"GSM8121907_athero_human_14.txt.gz","Plate_726s_C22","asymptomatic","vsmc","vsmc_S2",1.34188719526944,1.18217298467084,0.1734831476156
"GSM8121907_athero_human_14.txt.gz","Plate_726s_D04","asymptomatic","vsmc","vsmc_S3",1.83443823845029,1.67266159271056,0.0730812548633442
"GSM8121907_athero_human_14.txt.gz","Plate_726s_D09","asymptomatic","vsmc","vsmc_S2",1.52898155092198,1.32875345839965,0.206639358753225
"GSM8121907_athero_human_14.txt.gz","Plate_726s_D10","asymptomatic","vsmc","vsmc_S2",1.283963208737,1.01100476776111,0.248702874338443
"GSM8121907_athero_human_14.txt.gz","Plate_726s_D11","asymptomatic","vsmc","vsmc_S3",1.84969884835454,1.63412513196793,0.161985128404635
"GSM8121907_athero_human_14.txt.gz","Plate_726s_D21","asymptomatic","vsmc","vsmc_S3",1.35674661917177,1.67587126931329,-0.0690914023291805
"GSM8121907_athero_human_14.txt.gz","Plate_726s_D23","asymptomatic","vsmc","vsmc_S2",0.826287768759203,0.664688277015465,0.132004676475234
"GSM8121907_athero_human_14.txt.gz","Plate_726s_D24","asymptomatic","vsmc","vsmc_S2",1.5626172300182,1.45269624757662,0.116986304407516
"GSM8121907_athero_human_14.txt.gz","Plate_726s_E02","asymptomatic","vsmc","vsmc_S2",1.6277714102687,1.41495183338249,0.148243643038073
"GSM8121907_athero_human_14.txt.gz","Plate_726s_E06","asymptomatic","vsmc","vsmc_S2",1.44675267388285,1.34180964418848,0.149310729874887
"GSM8121907_athero_human_14.txt.gz","Plate_726s_E07","asymptomatic","vsmc","vsmc_S3",1.76906514873778,1.68866462145173,0.0144994565448784
"GSM8121907_athero_human_14.txt.gz","Plate_726s_E12","asymptomatic","vsmc","vsmc_S2",1.73719301094697,1.52152630604443,0.418849162264053
"GSM8121907_athero_human_14.txt.gz","Plate_726s_E16","asymptomatic","vsmc","vsmc_S3",1.84240664303256,1.61665821846749,0.217297115212554
"GSM8121907_athero_human_14.txt.gz","Plate_726s_E18","asymptomatic","vsmc","vsmc_S1",1.47380036875485,1.4983843498655,-0.141032622010305
"GSM8121907_athero_human_14.txt.gz","Plate_726s_E22","asymptomatic","vsmc","vsmc_S2",1.52087203471211,1.24491132687927,0.253637219900514
"GSM8121907_athero_human_14.txt.gz","Plate_726s_E23","asymptomatic","vsmc","vsmc_S3",1.70502060444594,1.59848452268978,-0.236211446237278
"GSM8121907_athero_human_14.txt.gz","Plate_726s_F03","asymptomatic","vsmc","vsmc_S3",1.78584848052043,1.63117320000823,0.211891072319916
"GSM8121907_athero_human_14.txt.gz","Plate_726s_F04","asymptomatic","vsmc","vsmc_S2",1.75531657608862,1.49581783533594,0.389071413903681
"GSM8121907_athero_human_14.txt.gz","Plate_726s_F05","asymptomatic","vsmc","vsmc_S3",1.79690515621335,2.65279368191772,-0.273368502785313
"GSM8121907_athero_human_14.txt.gz","Plate_726s_F06","asymptomatic","vsmc","vsmc_S2",1.21030813891254,0.926391077869042,0.339104501355852
"GSM8121907_athero_human_14.txt.gz","Plate_726s_F11","asymptomatic","vsmc","vsmc_S2",1.45423309304518,1.36621767927855,0.0572573396566978
"GSM8121907_athero_human_14.txt.gz","Plate_726s_F12","asymptomatic","vsmc","vsmc_S2",1.30038055080233,1.18862492313857,0.353320341880535
"GSM8121907_athero_human_14.txt.gz","Plate_726s_F13","asymptomatic","vsmc","vsmc_S3",1.79896361183952,1.64646124822022,-0.0292517333364069
"GSM8121907_athero_human_14.txt.gz","Plate_726s_F14","asymptomatic","vsmc","vsmc_S2",1.17338658149756,0.926735637859093,0.134732165307298
"GSM8121907_athero_human_14.txt.gz","Plate_726s_F18","asymptomatic","vsmc","vsmc_S2",1.59660391471725,1.34439100985239,0.161445055899284
"GSM8121907_athero_human_14.txt.gz","Plate_726s_F19","asymptomatic","vsmc","vsmc_S3",1.75293285869053,1.30668503748296,-0.0264775062784743
"GSM8121907_athero_human_14.txt.gz","Plate_726s_G01","asymptomatic","vsmc","vsmc_S2",1.477346747647,1.29074748837063,0.254933361358177
"GSM8121907_athero_human_14.txt.gz","Plate_726s_G04","asymptomatic","vsmc","vsmc_S2",0.909360403103853,0.776331001733501,0.235124105055046
"GSM8121907_athero_human_14.txt.gz","Plate_726s_G05","asymptomatic","vsmc","vsmc_S2",0.273180086895875,1.65849201398328,0.204634338251879
"GSM8121907_athero_human_14.txt.gz","Plate_726s_G07","asymptomatic","vsmc","vsmc_S3",1.96816561450782,1.80279255540583,-0.0934786363250225
"GSM8121907_athero_human_14.txt.gz","Plate_726s_G08","asymptomatic","vsmc","vsmc_S2",1.66473626574463,1.53131696564842,0.142857651914442
"GSM8121907_athero_human_14.txt.gz","Plate_726s_G12","asymptomatic","vsmc","vsmc_S2",1.20960297844021,0.977077874638738,0.60181234073371
"GSM8121907_athero_human_14.txt.gz","Plate_726s_G14","asymptomatic","vsmc","vsmc_S2",1.43339125240202,1.12342125173549,0.315662337675357
"GSM8121907_athero_human_14.txt.gz","Plate_726s_G15","asymptomatic","vsmc","vsmc_S1",1.49210425307147,1.46529569255012,-0.193024306394368
"GSM8121907_athero_human_14.txt.gz","Plate_726s_G18","asymptomatic","vsmc","vsmc_S3",1.77607186056812,1.63592880630978,0.12657864043507
"GSM8121907_athero_human_14.txt.gz","Plate_726s_G24","asymptomatic","vsmc","vsmc_S2",1.5450909131002,1.55350872806105,0.0584911815485854
"GSM8121907_athero_human_14.txt.gz","Plate_726s_H01","asymptomatic","vsmc","vsmc_S2",1.503524101025,1.29353507804562,0.379132556401985
"GSM8121907_athero_human_14.txt.gz","Plate_726s_H02","asymptomatic","vsmc","vsmc_S2",1.48037308727517,1.27543836895368,0.314625012714189
"GSM8121907_athero_human_14.txt.gz","Plate_726s_H05","asymptomatic","vsmc","vsmc_S2",1.49230718782447,1.08686129875622,0.26533804921835
"GSM8121907_athero_human_14.txt.gz","Plate_726s_H11","asymptomatic","vsmc","vsmc_S3",1.66633706995773,1.51855479799005,0.0917919566613159
"GSM8121907_athero_human_14.txt.gz","Plate_726s_H13","asymptomatic","vsmc","vsmc_S2",1.0991972882135,1.05447357315952,0.288847171675959
"GSM8121907_athero_human_14.txt.gz","Plate_726s_H15","asymptomatic","vsmc","vsmc_S3",1.93613885508789,1.79190103972837,0.059528345890472
"GSM8121907_athero_human_14.txt.gz","Plate_726s_H16","asymptomatic","vsmc","vsmc_S2",1.64155073295579,1.47256288253427,0.175007283174673
"GSM8121907_athero_human_14.txt.gz","Plate_726s_H17","asymptomatic","vsmc","vsmc_S2",1.69438550470444,1.47638049340924,0.105861921929372
"GSM8121907_athero_human_14.txt.gz","Plate_726s_H18","asymptomatic","vsmc","vsmc_S2",1.27897568417907,0.984440240533244,0.336666634996762
"GSM8121907_athero_human_14.txt.gz","Plate_726s_H20","asymptomatic","vsmc","vsmc_S1",1.34582502206355,1.20678800285916,-0.190355701776797
"GSM8121907_athero_human_14.txt.gz","Plate_726s_H22","asymptomatic","vsmc","vsmc_S3",1.7207313571016,1.46005443191217,-0.107033387274144
"GSM8121907_athero_human_14.txt.gz","Plate_726s_I13","asymptomatic","vsmc","vsmc_S2",1.4580801152952,1.20144258079142,0.511838409644148
"GSM8121907_athero_human_14.txt.gz","Plate_726s_I16","asymptomatic","vsmc","vsmc_S3",1.90667882506027,2.68894623578503,0.19468914988097
"GSM8121907_athero_human_14.txt.gz","Plate_726s_I19","asymptomatic","vsmc","vsmc_S2",1.66525076919878,1.48720990309989,0.259141438824753
"GSM8121907_athero_human_14.txt.gz","Plate_726s_I23","asymptomatic","vsmc","vsmc_S3",1.89253495398038,1.64307207174747,0.112805458162124
"GSM8121907_athero_human_14.txt.gz","Plate_726s_I24","asymptomatic","vsmc","vsmc_S3",1.77341102640791,1.61572871563607,0.251681243601618
"GSM8121907_athero_human_14.txt.gz","Plate_726s_J14","asymptomatic","vsmc","vsmc_S1",1.53295198656357,1.42794238831689,-0.14625306274247
"GSM8121907_athero_human_14.txt.gz","Plate_726s_J15","asymptomatic","vsmc","vsmc_S3",1.87530524819083,2.8251179983723,0.0368542813443824
"GSM8121907_athero_human_14.txt.gz","Plate_726s_J18","asymptomatic","vsmc","vsmc_S2",1.79763291968733,1.45423167033542,0.438284448997416
"GSM8121907_athero_human_14.txt.gz","Plate_726s_J21","asymptomatic","vsmc","vsmc_S2",1.17167905610098,1.08827453574154,0.422292884898994
"GSM8121907_athero_human_14.txt.gz","Plate_726s_J22","asymptomatic","vsmc","vsmc_S2",1.5534457424137,1.41910455147575,0.176549299146184
"GSM8121907_athero_human_14.txt.gz","Plate_726s_K02","asymptomatic","vsmc","vsmc_S2",1.20722043328486,1.12742959333151,0.179828612728683
"GSM8121907_athero_human_14.txt.gz","Plate_726s_K04","asymptomatic","vsmc","vsmc_S1",0.832787479239374,0.567554692615643,0.119797462027278
"GSM8121907_athero_human_14.txt.gz","Plate_726s_K09","asymptomatic","vsmc","vsmc_S2",1.68680648606072,1.46968457504871,0.124071057366682
"GSM8121907_athero_human_14.txt.gz","Plate_726s_K13","asymptomatic","vsmc","vsmc_S2",1.60930836225626,1.26939271666641,0.617667036187439
"GSM8121907_athero_human_14.txt.gz","Plate_726s_K14","asymptomatic","vsmc","vsmc_S2",0.381390047839236,1.02311134769679,0.225044298491806
"GSM8121907_athero_human_14.txt.gz","Plate_726s_K15","asymptomatic","vsmc","vsmc_S3",1.80588696718693,1.54641643539734,-0.164914595923612
"GSM8121907_athero_human_14.txt.gz","Plate_726s_K16","asymptomatic","vsmc","vsmc_S2",1.20829774984163,1.05363671297337,0.431663718919916
"GSM8121907_athero_human_14.txt.gz","Plate_726s_K22","asymptomatic","vsmc","vsmc_S1",1.33790028188091,1.25238040740439,-0.17246492065721
"GSM8121907_athero_human_14.txt.gz","Plate_726s_K24","asymptomatic","vsmc","vsmc_S3",1.77991037379492,1.5959921567696,0.0938626678691804
"GSM8121907_athero_human_14.txt.gz","Plate_726s_L01","asymptomatic","vsmc","vsmc_S3",1.91672184935056,1.71587110107088,0.513619769740764
"GSM8121907_athero_human_14.txt.gz","Plate_726s_L02","asymptomatic","vsmc","vsmc_S3",1.79405501244428,1.47941183873432,0.0917264810090205
"GSM8121907_athero_human_14.txt.gz","Plate_726s_L04","asymptomatic","vsmc","vsmc_S3",1.75779125965037,1.70366331137265,0.0775891398646833
"GSM8121907_athero_human_14.txt.gz","Plate_726s_L06","asymptomatic","vsmc","vsmc_S1",1.58490072713191,1.352313767069,-0.139618418243179
"GSM8121907_athero_human_14.txt.gz","Plate_726s_L07","asymptomatic","vsmc","vsmc_S2",1.71827136516488,1.46863546367819,0.142725273014851
"GSM8121907_athero_human_14.txt.gz","Plate_726s_L08","asymptomatic","vsmc","vsmc_S2",1.37183480636074,1.26635363785965,0.146669303392991
"GSM8121907_athero_human_14.txt.gz","Plate_726s_L11","asymptomatic","vsmc","vsmc_S1",1.62134779836864,1.50910139789055,-0.274015727219547
"GSM8121907_athero_human_14.txt.gz","Plate_726s_L19","asymptomatic","vsmc","vsmc_S2",1.27087950276539,1.24125774172656,0.370743564146018
"GSM8121907_athero_human_14.txt.gz","Plate_726s_L21","asymptomatic","vsmc","vsmc_S2",1.01561902768309,1.02885281374025,0.527456566691905
"GSM8121907_athero_human_14.txt.gz","Plate_726s_M01","asymptomatic","vsmc","vsmc_S3",2.11746790114223,1.71415579551585,-0.254430526380246
"GSM8121907_athero_human_14.txt.gz","Plate_726s_M04","asymptomatic","vsmc","vsmc_S3",1.74357827135444,1.60667714803193,0.0734794942268449
"GSM8121907_athero_human_14.txt.gz","Plate_726s_M05","asymptomatic","vsmc","vsmc_S2",0.547258692539396,0.345476747404549,0.23081609426559
"GSM8121907_athero_human_14.txt.gz","Plate_726s_M07","asymptomatic","vsmc","vsmc_S1",0.788553632940903,0.648720759954781,-0.0498463886074374
"GSM8121907_athero_human_14.txt.gz","Plate_726s_M13","asymptomatic","vsmc","vsmc_S2",1.47690294160039,1.32438895802706,0.0805447037243606
"GSM8121907_athero_human_14.txt.gz","Plate_726s_M19","asymptomatic","vsmc","vsmc_S3",1.6115558168981,1.56969006812183,-0.0586486592206666
"GSM8121907_athero_human_14.txt.gz","Plate_726s_M20","asymptomatic","vsmc","vsmc_S3",2.09882990518791,1.82082039049972,0.0620189438943556
"GSM8121907_athero_human_14.txt.gz","Plate_726s_M21","asymptomatic","vsmc","vsmc_S2",1.52116620043449,1.28551763209276,0.311648913449588
"GSM8121907_athero_human_14.txt.gz","Plate_726s_M22","asymptomatic","vsmc","vsmc_S2",1.50535232643084,1.37917942589171,0.17659730551614
"GSM8121907_athero_human_14.txt.gz","Plate_726s_N04","asymptomatic","vsmc","vsmc_S1",1.55326959441826,1.33167952307577,-0.110818215847117
"GSM8121907_athero_human_14.txt.gz","Plate_726s_N07","asymptomatic","vsmc","vsmc_S2",1.53519333531807,1.29352744532433,0.363261319076971
"GSM8121907_athero_human_14.txt.gz","Plate_726s_N09","asymptomatic","vsmc","vsmc_S3",1.86845596557235,1.68652228191318,0.324127789601391
"GSM8121907_athero_human_14.txt.gz","Plate_726s_N11","asymptomatic","vsmc","vsmc_S2",1.43731863891502,1.28260353706821,0.192396403776329
"GSM8121907_athero_human_14.txt.gz","Plate_726s_N13","asymptomatic","vsmc","vsmc_S2",0.931346638702927,0.787598586313026,0.267278478138994
"GSM8121907_athero_human_14.txt.gz","Plate_726s_N14","asymptomatic","vsmc","vsmc_S2",1.47914867605037,1.4530633096252,-0.0562905649033989
"GSM8121907_athero_human_14.txt.gz","Plate_726s_N18","asymptomatic","vsmc","vsmc_S3",1.75282841659533,1.60356548586889,0.113948733914358
"GSM8121907_athero_human_14.txt.gz","Plate_726s_N20","asymptomatic","vsmc","vsmc_S3",1.80985786241728,2.45669402760229,-0.128693932710792
"GSM8121907_athero_human_14.txt.gz","Plate_726s_N21","asymptomatic","vsmc","vsmc_S3",1.92799213638961,3.14149392061554,0.0724479551652889
"GSM8121907_athero_human_14.txt.gz","Plate_726s_N22","asymptomatic","vsmc","vsmc_S2",1.59825046860763,1.90310591246801,0.496051792571841
"GSM8121907_athero_human_14.txt.gz","Plate_726s_N24","asymptomatic","vsmc","vsmc_S3",1.80840920344174,1.58624497286484,0.248170000595595
"GSM8121907_athero_human_14.txt.gz","Plate_726s_O03","asymptomatic","vsmc","vsmc_S2",1.34164191377562,1.28525796782158,0.120514296299438
"GSM8121907_athero_human_14.txt.gz","Plate_726s_O04","asymptomatic","vsmc","vsmc_S2",1.50307719261411,1.42558674125978,0.0647574119888968
"GSM8121907_athero_human_14.txt.gz","Plate_726s_O05","asymptomatic","vsmc","vsmc_S2",1.39182387581155,1.31930810786515,0.381521388340188
"GSM8121907_athero_human_14.txt.gz","Plate_726s_O06","asymptomatic","vsmc","vsmc_S2",1.46260866004475,1.24210249067832,0.438846899429875
"GSM8121907_athero_human_14.txt.gz","Plate_726s_O08","asymptomatic","vsmc","vsmc_S3",2.25220714639547,2.54877128336638,-0.108913259083705
"GSM8121907_athero_human_14.txt.gz","Plate_726s_O10","asymptomatic","vsmc","vsmc_S3",1.70693390906678,1.51647359992577,-0.0811247350986729
"GSM8121907_athero_human_14.txt.gz","Plate_726s_O14","asymptomatic","vsmc","vsmc_S3",1.82485800861816,1.59957708766774,0.301778925038964
"GSM8121907_athero_human_14.txt.gz","Plate_726s_O15","asymptomatic","vsmc","vsmc_S2",1.39150251857577,1.24853651070193,0.453040593416873
"GSM8121907_athero_human_14.txt.gz","Plate_726s_O16","asymptomatic","vsmc","vsmc_S2",1.56718778400693,1.32751575954566,-0.00797940899001651
"GSM8121907_athero_human_14.txt.gz","Plate_726s_O17","asymptomatic","vsmc","vsmc_S2",1.39839769275873,1.29381561182102,0.412038703923926
"GSM8121907_athero_human_14.txt.gz","Plate_726s_O18","asymptomatic","vsmc","vsmc_S3",1.8987437431512,1.74961682291193,-0.0187069264569885
"GSM8121907_athero_human_14.txt.gz","Plate_726s_O19","asymptomatic","vsmc","vsmc_S2",1.69475053016938,1.39484199177684,0.513401513486423
"GSM8121907_athero_human_14.txt.gz","Plate_726s_O20","asymptomatic","vsmc","vsmc_S3",1.58205797215267,1.54669653052357,-0.0342617854577658
"GSM8121907_athero_human_14.txt.gz","Plate_726s_P04","asymptomatic","vsmc","vsmc_S3",1.74531215432964,1.59506643631302,-0.0875469290111818
"GSM8121907_athero_human_14.txt.gz","Plate_726s_P05","asymptomatic","vsmc","vsmc_S2",1.49063863443282,1.32770502442711,0.290746803562555
"GSM8121907_athero_human_14.txt.gz","Plate_726s_P10","asymptomatic","vsmc","vsmc_S2",1.4749934829887,1.16148018215441,0.301402069187078
"GSM8121907_athero_human_14.txt.gz","Plate_726s_P13","asymptomatic","vsmc","vsmc_S2",1.49553516507583,1.21452086978206,0.589187110725295
"GSM8121907_athero_human_14.txt.gz","Plate_726s_P17","asymptomatic","vsmc","vsmc_S2",1.29745408501658,1.20619960636905,0.128473136079156
"GSM8121907_athero_human_14.txt.gz","Plate_726s_P18","asymptomatic","vsmc","vsmc_S2",1.71032267257032,1.59028177600122,0.29871348662601
"GSM8121907_athero_human_14.txt.gz","Plate_726s_P19","asymptomatic","vsmc","vsmc_S3",1.76315287520829,1.57423682485422,-0.0373108952901143
"GSM8121907_athero_human_14.txt.gz","Plate_726s_P20","asymptomatic","vsmc","vsmc_S2",1.39610352101614,1.23163465769892,0.427713973608715
"GSM8121907_athero_human_14.txt.gz","Plate_726s_P22","asymptomatic","vsmc","vsmc_S2",1.23229029537634,1.09965395419073,0.604620065855185
"GSM8121907_athero_human_14.txt.gz","Plate_727s_A02","asymptomatic","vsmc","vsmc_S1",1.50183321838024,1.3635169419124,-0.11618486402028
"GSM8121907_athero_human_14.txt.gz","Plate_727s_B07","asymptomatic","vsmc","vsmc_S1",0.706759201218995,0.714537770591386,-0.0709464798490407
"GSM8121907_athero_human_14.txt.gz","Plate_727s_D10","asymptomatic","vsmc","vsmc_S1",0.970876913483911,0.958310519937713,0.0215107142572524
"GSM8121907_athero_human_14.txt.gz","Plate_727s_D22","asymptomatic","vsmc","vsmc_S2",1.12365924802923,0.850874449185929,0.984026983073872
"GSM8121907_athero_human_14.txt.gz","Plate_727s_J05","asymptomatic","vsmc","vsmc_S3",1.8445119187659,1.8031897778323,0.0703701680139081
"GSM8121907_athero_human_14.txt.gz","Plate_727s_M22","asymptomatic","vsmc","vsmc_S2",1.49632761809326,1.42746662317471,0.0176158175416773
"GSM8121907_athero_human_14.txt.gz","Plate_727s_O24","asymptomatic","vsmc","vsmc_S1",1.13122783789414,0.996760691160756,-0.0119527584158685
"GSM8121908_athero_human_15.txt.gz","Plate_728s_A15","symptomatic","vsmc","vsmc_S1",0.662218169998122,0.492750487063871,-0.328911286426309
"GSM8121908_athero_human_15.txt.gz","Plate_728s_F09","symptomatic","vsmc","vsmc_S3",3.20462667959841,3.24193555378156,0.644136229526098
"GSM8121908_athero_human_15.txt.gz","Plate_728s_G19","symptomatic","vsmc","vsmc_S1",-0.234689737509875,-0.204844552109016,-0.078036987614491
"GSM8121908_athero_human_15.txt.gz","Plate_728s_N20","symptomatic","vsmc","vsmc_S3",5.94118607774887,5.93923397920519,1.16148867706365
